id_da rua,Id_ponto,metragem,logradouro,numero,numero original,Data inicial,Data_final,fonte,autor_da_alimentação,Data
78,78-42,41,rua araujo,42,42,15/05/1936,,"Livro de Emplacamento. n,21. p,122",Cintia,8/10/2018
78,78-42,41,rua araujo,55,55,19/09/1908,14/05/1936,"Livro de Emplacamento. n,21. p,122",Cintia,8/10/2018
78,78-42,41,rua araujo,61,61,18/09/1908,18/09/1908,"Livro de Emplacamento. n,1. p,2",Cintia,8/10/2018
78,78-276,"276,4",rua araujo,276,276,15/05/1936,,"Livro de Emplacamento. n,21. p,122",Cintia,8/10/2018
78,78-276,"276,4",rua araujo,21,21,08/08/1930,14/05/1936,"Livro de Emplacamento. n,21. p,122",Cintia,8/10/2018
78,78-276,"276,4",rua araujo,19,19,19/09/1908,08/07/1930,"Livro de Emplacamento. n,21. p,122",Cintia,8/10/2018
78,78-392,"391,5",rua araujo,392,392,15/05/1936,,"Livro de Emplacamento. n,21. p,122",Cintia,8/10/2018
78,78-392,"391,5",rua araujo,1,1,19/09/1908,14/05/1936,"Livro de Emplacamento. n,21. p,122",Cintia,8/10/2018
78,78-73,"74,1",rua araujo,73,73,15/05/1936,,"Livro de Emplacamento. n,21. p,121",Cintia,8/10/2018
78,78-73,"74,1",rua araujo,42,42,08/08/1930,14/05/1936,"Livro de Emplacamento. n,21. p,121",Cintia,8/10/2018
78,78-73,"74,1",rua araujo,44,44,19/09/1908,08/08/1930,"Livro de Emplacamento. n,21. p,121",Cintia,8/10/2018
78,78-73,"74,1",rua araujo,60,60,18/09/1908,18/09/1908,"Livro de Emplacamento. n,21. p,121",Cintia,8/10/2018
78,78-281,"281,8",rua araujo,281,281,15/05/1936,,"Livro de Emplacamento. n,21. p,121",Cintia,8/10/2018
78,78-281,"281,8",rua araujo,10,10,19/09/1908,14/05/1936,"Livro de Emplacamento. n,21. p,122",Cintia,8/10/2018
78,78-399,"399,6",rua araujo,399,399,15/05/1936,,"Livro de Emplacamento. n,21. p,121",Cintia,8/10/2018
78,78-399,"399,6",rua araujo,2,2,19/09/1908,14/05/1936,"Livro de Emplacamento. n,21. p,122",Cintia,8/10/2018
11,11-18,18,rua senador feijó,18,18,11/05/1936,,"Livro de Emplacamento. n,21. p,342",Cintia,8/10/2018
11,11-18,18,rua senador feijó,2,2,11/04/1936,11/04/1936,"Livro de Emplacamento. n,21. p,342",Cintia,8/10/2018
11,11-82,82,rua senador feijó,82,82,11/05/1936,,"Livro de Emplacamento. n,21. p,342",Cintia,8/10/2018
11,11-82,82,rua senador feijó,16,16,11/04/1936,11/04/1936,"Livro de Emplacamento. n,21. p,342",Cintia,8/10/2018
11,11-158,158,rua senador feijó,158,158,11/05/1936,,"Livro de Emplacamento. n,21. p,342",Cintia,8/10/2018
11,11-158,158,rua senador feijó,26,26,11/04/1936,11/04/1936,"Livro de Emplacamento. n,21. p,341",Cintia,8/10/2018
11,11-29,29,rua senador feijó,29,29,11/05/1936,,"Livro de Emplacamento. n,21. p,341",Cintia,8/10/2018
11,11-29,29,rua senador feijó,1,1,11/04/1936,11/04/1936,"Livro de Emplacamento. n,21. p,341",Cintia,8/10/2018
11,11-109,109,rua senador feijó,109,109,11/05/1936,,"Livro de Emplacamento. n,21. p,341",Cintia,8/10/2018
11,11-109,109,rua senador feijó,3,3,11/04/1936,11/04/1936,"Livro de Emplacamento. n,21. p,341",Cintia,8/10/2018
11,11-205,205,rua senador feijó,205,205,11/05/1936,,"Livro de Emplacamento. n,21. p,341",Cintia,8/10/2018
11,11-205,205,rua senador feijó,27,27,11/04/1936,11/04/1936,"Livro de Emplacamento. n,21. p,341",Cintia,8/10/2018
12,12-37,37,rua santa theresa,37,37,09/12/1940,,"Livro de Emplacamento. n,27. p,269",Cintia,8/10/2018
12,12-37,37,rua santa theresa,17,17,09/11/1940,09/11/1940,"Livro de Emplacamento. n,27. p,269",Cintia,8/10/2018
12,12-61,61,rua santa theresa,61,61,09/12/1940,,"Livro de Emplacamento. n,27. p,269",Cintia,8/10/2018
12,12-61,61,rua santa theresa,25,25,09/11/1940,09/11/1940,"Livro de Emplacamento. n,27. p,269",Cintia,8/10/2018
12,12-93,93,rua santa theresa,93,93,09/12/1940,,"Livro de Emplacamento. n,27. p,269",Cintia,8/10/2018
12,12-93,93,rua santa theresa,31,31,09/11/1940,09/11/1940,"Livro de Emplacamento. n,27. p,269",Cintia,8/10/2018
12,12-70,70,rua santa theresa,70,70,09/12/1940,,"Livro de Emplacamento. n,27. p,269",Cintia,8/10/2018
12,12-70,70,rua santa theresa,28,28,09/11/1940,09/11/1940,"Livro de Emplacamento. n,27. p,269",Cintia,8/10/2018
12,12-76,76,rua santa theresa,76,76,09/12/1940,,"Livro de Emplacamento. n,27. p,269",Cintia,8/10/2018
12,12-76,76,rua santa theresa,28,28A,09/11/1940,09/11/1940,"Livro de Emplacamento. n,27. p,269",Cintia,8/10/2018
12,12-86,86,rua santa theresa,86,86,09/12/1940,,"Livro de Emplacamento. n,27. p,269",Cintia,8/10/2018
12,12-86,86,rua santa theresa,32,32,09/11/1940,09/11/1940,"Livro de Emplacamento. n,27. p,269",Cintia,8/10/2018
13,13-8,8,rua wenceslau braz,8,8,05/06/1940,,"Livro de Emplacamento. n,27. p,123",Cintia,8/10/2018
13,13-8,8,rua wenceslau braz,4,4,09/05/1908,05/05/1940,"Livro de Emplacamento. n,27. p,123",Cintia,8/10/2018
13,13-8,8,rua wenceslau braz,2,2 tinta,09/04/1908,09/04/1908,"Livro de Emplacamento. n,27. p,123",Cintia,8/10/2018
13,13-104,104,rua wenceslau braz,104,104,05/06/1940,,"Livro de Emplacamento. n,27. p,123",Cintia,8/10/2018
13,13-104,104,rua wenceslau braz,32,32,09/05/1908,05/05/1940,"Livro de Emplacamento. n,27. p,123",Cintia,8/10/2018
13,13-104,104,rua wenceslau braz,18,18,09/04/1908,09/04/1908,"Livro de Emplacamento. n,27. p,123",Cintia,8/10/2018
13,13-200,200,rua wenceslau braz,200,200,05/06/1940,,"Livro de Emplacamento. n,27. p,123",Cintia,8/10/2018
13,13-200,200,rua wenceslau braz,210,210,05/05/1940,05/05/1940,"Livro de Emplacamento. n,27. p,123",Cintia,8/10/2018
13,13-47,47,rua wenceslau braz,47,47,05/06/1940,,"Livro de Emplacamento. n,27. p,123",Cintia,8/10/2018
13,13-47,47,rua wenceslau braz,7,7,09/05/1908,05/05/1940,"Livro de Emplacamento. n,27. p,123",Cintia,8/10/2018
13,13-47,47,rua wenceslau braz,5,5 tinta,09/04/1908,09/04/1908,"Livro de Emplacamento. n,27. p,123",Cintia,8/10/2018
13,13-67,67,rua wenceslau braz,67,67,05/06/1940,,"Livro de Emplacamento. n,27. p,123",Cintia,8/10/2018
13,13-67,67,rua wenceslau braz,11,11,09/05/1908,05/05/1940,"Livro de Emplacamento. n,27. p,123",Cintia,8/10/2018
13,13-93,93,rua wenceslau braz,93,93,05/06/1940,,"Livro de Emplacamento. n,27. p,123",Cintia,8/10/2018
13,13-93,93,rua wenceslau braz,19,19,09/05/1908,05/05/1940,"Livro de Emplacamento. n,27. p,123",Cintia,8/10/2018
14,14-21,21,rua onze de agosto,21,21,12/07/1939,,"Livro de Emplacamento. n,26. p,356",Cintia,8/10/2018
14,14-21,21,rua onze de agosto,3,3,02/08/1909,12/06/1939,"Livro de Emplacamento. n,21. p,356",Cintia,8/10/2018
14,14-21,21,rua onze de agosto,1,1B Tinta,02/07/1909,02/07/1909,"Livro de Emplacamento. n,21. p,356",Cintia,8/10/2018
14,14-109,109,rua onze de agosto,109,109,12/07/1939,,"Livro de Emplacamento. n,21. p,356",Cintia,8/10/2018
14,14-109,109,rua onze de agosto,23,23,02/08/1909,12/06/1939,"Livro de Emplacamento. n,21. p,356",Cintia,8/10/2018
14,14-109,109,rua onze de agosto,7,7,02/07/1909,02/07/1909,"Livro de Emplacamento. n,21. p,356",Cintia,8/10/2018
14,14-357,357,rua onze de agosto,357,357,12/07/1939,,"Livro de Emplacamento. n,21. p,356",Cintia,8/10/2018
14,14-357,357,rua onze de agosto,55,55,02/08/1909,12/06/1939,"Livro de Emplacamento. n,21. p,357",Cintia,8/10/2018
14,14-357,357,rua onze de agosto,35,35,02/07/1909,02/07/1909,"Livro de Emplacamento. n,21. p,356",Cintia,8/10/2018
14,14-98,98,rua onze de agosto,98,98,12/07/1939,,"Livro de Emplacamento. n,21. p,357",Cintia,8/10/2018
14,14-98,98,rua onze de agosto,16,16,02/08/1909,12/06/1939,"Livro de Emplacamento. n,21. p,357",Cintia,8/10/2018
14,14-98,98,rua onze de agosto,8,8,02/07/1909,02/07/1909,"Livro de Emplacamento. n,21. p,357",Cintia,8/10/2018
14,14-224,224,rua onze de agosto,224,224,12/07/1939,,"Livro de Emplacamento. n,21. p,357",Cintia,8/10/2018
14,14-224,224,rua onze de agosto,50,50,02/08/1909,12/06/1939,"Livro de Emplacamento. n,21. p,357",Cintia,8/10/2018
14,14-224,224,rua onze de agosto,40,40,02/07/1909,02/07/1909,"Livro de Emplacamento. n,21. p,357",Cintia,8/10/2018
14,14-360,360,rua onze de agosto,360,360,12/07/1939,,"Livro de Emplacamento. n,21. p,357",Cintia,8/10/2018
14,14-360,360,rua onze de agosto,84,84,12/06/1939,12/06/1939,"Livro de Emplacamento. n,21. p,357",Cintia,8/10/2018
14,14-348,348,rua onze de agosto,348,348,7/12/1939,,"Livro de Emplacamento. n,21. p,357",Cintia,8/10/2018
14,14-348,348,rua onze de agosto,80,80,02/08/1909,6/12/1939,"Livro de Emplacamento. n,21. p,357",Cintia,8/10/2018
16,16-41,41,rua alvares penteado,41,41,13/09/1939,,"Livro de Emplacamento. n,26. p,199",Cintia,8/10/2018
16,16-41,41,rua alvares penteado,5,5,16/07/1928,08/12/1939,"Livro de Emplacamento. n,26. p,199.",Cintia,8/10/2018
16,16-41,41,rua alvares penteado,7,7,21/06/1912,15/07/1928,"Livro de Emplacamento. n,26. p,199.",Cintia,8/10/2018
16,16-121,121,rua alvares penteado,121,121,13/09/1939,,"Livro de Emplacamento. n,26. p,199.",Cintia,8/10/2018
16,16-121,121,rua alvares penteado,17,17,16/07/1928,08/12/1939,"Livro de Emplacamento. n,26. p,199.",Cintia,8/10/2018
16,16-121,121,rua alvares penteado,19,19,15/07/1928,15/07/1928,"Livro de Emplacamento. n,26. p,199.",Cintia,8/10/2018
16,16-221,221,rua alvares penteado,221,221,13/09/1939,,"Livro de Emplacamento. n,26. p,199.",Cintia,8/10/2018
16,16-221,221,rua alvares penteado,31,31A,16/07/1928,08/12/1939,"Livro de Emplacamento. n,26. p,199.",Cintia,8/10/2018
16,16-221,221,rua alvares penteado,43,43 E/T,21/06/1912,15/07/1928,"Livro de Emplacamento. n,26. p,199.",Cintia,8/10/2018
16,16-18,18,rua alvares penteado,18,18,13/09/1939,,"Livro de Emplacamento. n,26. p,199.",Cintia,8/10/2018
16,16-18,18,rua alvares penteado,2,2B,16/07/1928,08/12/1939,"Livro de Emplacamento. n,26. p,199.",Cintia,8/10/2018
16,16-18,18,rua alvares penteado,8,8A E/T,15/07/1928,15/07/1928,"Livro de Emplacamento. n,26. p,199.",Cintia,8/10/2018
16,16-112,112,rua alvares penteado,112,112,13/09/1939,,"Livro de Emplacamento. n,26. p,199.",Cintia,8/10/2018
16,16-112,112,rua alvares penteado,12,12,16/07/1928,08/12/1939,"Livro de Emplacamento. n,26. p,199.",Cintia,8/10/2018
16,16-112,112,rua alvares penteado,24,24,21/06/1912,15/07/1928,"Livro de Emplacamento. n,26. p,199.",Cintia,8/10/2018
16,16-218,218,rua alvares penteado,218,218,13/09/1939,,"Livro de Emplacamento. n,26. p,199.",Cintia,8/10/2018
16,16-218,218,rua alvares penteado,26,26 sob,16/07/1928,08/12/1939,"Livro de Emplacamento. n,26. p,199.",Cintia,8/10/2018
16,16-218,218,rua alvares penteado,44,44 E/S,15/07/1928,15/07/1928,"Livro de Emplacamento. n,26. p,199.",Cintia,8/10/2018
17,17-19,19,rua do comercio,19,19,11/06/1936,,"Livro de Emplacamento n,21. p,343",Cintia,8/10/2018
17,17-19,19,rua do comercio,1,1,16/06/1928,11/05/1936,"Livro de Emplacamento n,21. p,343",Cintia,8/10/2018
17,17-19,19,rua do comercio,1,1 E/T Tinta,15/06/1928,15/06/1928,"Livro de Emplacamento n,21. p,343",Cintia,8/10/2018
17,17-39,39,rua do comercio,39,39,11/06/1936,,"Livro de Emplacamento n,21. p,343",Cintia,8/10/2018
17,17-39,39,rua do comercio,3,3 sob,16/06/1928,11/05/1936,"Livro de Emplacamento n,21. p,343",Cintia,8/10/2018
17,17-39,39,rua do comercio,9,9 E/S,15/06/1928,15/06/1928,"Livro de Emplacamento n,21. p,343",Cintia,8/10/2018
17,17-14,14,rua do comercio,14,14,11/06/1936,,"Livro de Emplacamento n,21. p,343",Cintia,8/10/2018
17,17-14,14,rua do comercio,2,2,16/06/1928,11/05/1936,"Livro de Emplacamento n,21. p,343",Cintia,8/10/2018
17,17-14,14,rua do comercio,2,2 E/T,15/06/1928,15/06/1928,"Livro de Emplacamento n,21. p,343",Cintia,8/10/2018
17,17-58,58,rua do comercio,58,58,11/06/1936,,"Livro de Emplacamento n,21. p,343",Cintia,8/10/2018
17,17-58,58,rua do comercio,6,6,16/06/1928,11/05/1936,"Livro de Emplacamento n,21. p,343",Cintia,8/10/2018
17,17-58,58,rua do comercio,10,10 E/T,15/06/1928,15/06/1928,"Livro de Emplacamento n,21. p,343",Cintia,8/10/2018
19,19-63,63,rua da quitanda,63,63,01/02/1935,,"Livro de Emplacamento. n,19. p,222",Cintia,8/10/2018
19,19-63,63,rua da quitanda,1,1,22/06/1928,01/01/1935,"Livro de Emplacamento. n,19. p,222",Cintia,8/10/2018
19,19-63,63,rua da quitanda,1,1 E/T,21/06/1928,21/06/1928,"Livro de Emplacamento. n,19. p,222",Cintia,8/10/2018
19,19-113,113,rua da quitanda,113,113,01/02/1935,,"Livro de Emplacamento. n,19. p,222",Cintia,8/10/2018
19,19-113,113,rua da quitanda,13,13 s°,22/06/1928,01/01/1935,"Livro de Emplacamento. n,19. p,222",Cintia,8/10/2018
19,19-113,113,rua da quitanda,13,13 E/S,21/06/1928,21/06/1928,"Livro de Emplacamento. n,19. p,222",Cintia,8/10/2018
19,19-161,161,rua da quitanda,161,161,01/02/1935,,"Livro de Emplacamento. n,19. p,222",Cintia,8/10/2018
19,19-161,161,rua da quitanda,23,23,22/06/1928,01/01/1935,"Livro de Emplacamento. n,19. p,222",Cintia,8/10/2018
19,19-161,161,rua da quitanda,23,23 tinta,21/06/1928,21/06/1928,"Livro de Emplacamento. n,19. p,222",Cintia,8/10/2018
19,19-18,18,rua da quitanda,18,18,01/02/1935,,"Livro de Emplacamento. n,19. p,222",Cintia,8/10/2018
19,19-18,18,rua da quitanda,2,2 s°,22/06/1928,01/01/1935,"Livro de Emplacamento. n,19. p,222",Cintia,8/10/2018
19,19-18,18,rua da quitanda,2,2 E/S,21/06/1928,21/06/1928,"Livro de Emplacamento. n,19. p,222",Cintia,8/10/2018
19,19-114,114,rua da quitanda,114,114,01/02/1935,,"Livro de Emplacamento. n,19. p,222",Cintia,8/10/2018
19,19-114,114,rua da quitanda,12,12,22/06/1928,01/01/1935,"Livro de Emplacamento. n,19. p,222",Cintia,8/10/2018
19,19-114,114,rua da quitanda,10,10 E/T,21/06/1928,21/06/1928,"Livro de Emplacamento. n,19. p,222",Cintia,8/10/2018
19,19-162,162,rua da quitanda,162,162,01/02/1935,,"Livro de Emplacamento. n,19. p,222",Cintia,8/10/2018
19,19-162,162,rua da quitanda,20,20 sob,22/06/1928,01/01/1935,"Livro de Emplacamento. n,19. p,222",Cintia,8/10/2018
19,19-162,162,rua da quitanda,18,18 E/S,21/06/1928,21/06/1928,"Livro de Emplacamento. n,19. p,222",Cintia,8/10/2018
20,20-11,11,rua direita,11,11,02/05/1938,,"Livro de Emplacamento. n,24. p,205",Cintia,8/10/2018
20,20-11,11,rua direita,1,1,03/01/1928,02/04/1938,"Livro de Emplacamento. n,24. p,205",Cintia,8/10/2018
20,20-141,141,rua direita,141,141,02/05/1938,,"Livro de Emplacamento. n,24. p,205",Cintia,8/10/2018
20,20-141,141,rua direita,15,15,13/03/1928,02/04/1938,"Livro de Emplacamento. n,24. p,205",Cintia,8/10/2018
20,20-141,141,rua direita,27,27 E/T,03/12/1928,03/12/1928,"Livro de Emplacamento. n,24. p,205",Cintia,8/10/2018
20,20-271,271,rua direita,271,271,02/05/1938,,"Livro de Emplacamento. n,24. p,205",Cintia,8/10/2018
20,20-271,271,rua direita,39,39C,13/03/1928,02/04/1938,"Livro de Emplacamento. n,24. p,205",Cintia,8/10/2018
20,20-271,271,rua direita,51,51,03/12/1928,03/12/1928,"Livro de Emplacamento. n,24. p,205",Cintia,8/10/2018
20,20-22,22,rua direita,22,22,02/05/1938,,"Livro de Emplacamento. n,24. p,205",Cintia,8/10/2018
20,20-22,22,rua direita,2,2,13/03/1928,02/04/1938,"Livro de Emplacamento. n,24. p,205",Cintia,8/10/2018
20,20-22,22,rua direita,2,2 E/T,03/12/1928,03/12/1928,"Livro de Emplacamento. n,24. p,205",Cintia,8/10/2018
20,20-120,120,rua direita,120,120,02/05/1938,,"Livro de Emplacamento. n,24. p,205",Cintia,8/10/2018
20,20-120,120,rua direita,10,10,13/03/1928,02/04/1938,"Livro de Emplacamento. n,24. p,205",Cintia,8/10/2018
20,20-120,120,rua direita,10,10A,03/12/1928,03/12/1928,"Livro de Emplacamento. n,24. p,205",Cintia,8/10/2018
20,20-246,246,rua direita,246,246,02/05/1938,,"Livro de Emplacamento. n,24. p,205",Cintia,8/10/2018
20,20-246,246,rua direita,"28,1",28 sob,13/03/1928,02/04/1938,"Livro de Emplacamento. n,24. p,205",Cintia,8/10/2018
20,20-246,246,rua direita,28,28 E/S,03/12/1928,03/12/1928,"Livro de Emplacamento. n,24. p,205",Cintia,8/10/2018
51,51-366,366,rua formosa,366,366,10/06/1936,,"Livro de Emplacamento. n,21.p,307",Cintia,8/10/2018
51,51-366,366,rua formosa,11,11,10/05/1936,10/05/1936,"Livro de Emplacamento. n,21.p,307",Cintia,8/10/2018
51,51-410,410,rua formosa,410,410,10/06/1936,,"Livro de Emplacamento. n,21.p,307",Cintia,8/10/2018
51,51-410,410,rua formosa,1,1,23/02/1909,10/05/1936,"Livro de Emplacamento. n,21.p,307",Cintia,8/10/2018
51,51-19,19,rua formosa,19,19,10/06/1936,,"Livro de Emplacamento. n,21.p,307",Cintia,8/10/2018
51,51-19,19,rua formosa,72,72,23/02/1909,10/05/1936,"Livro de Emplacamento. n,21.p,307",Cintia,8/10/2018
51,51-19,19,rua formosa,"82,3",82C,22/02/1909,22/02/1909,"Livro de Emplacamento. n,21.p,307",Cintia,8/10/2018
51,51-197,197,rua formosa,197,197,10/06/1936,,"Livro de Emplacamento. n,21.p,307",Cintia,8/10/2018
51,51-197,197,rua formosa,26,26,23/02/1909,10/05/1936,"Livro de Emplacamento. n,21.p,307",Cintia,8/10/2018
51,51-197,197,rua formosa,44,44 tinta,22/02/1909,22/02/1909,"Livro de Emplacamento. n,21.p,307",Cintia,8/10/2018
51,51-449,449,rua formosa,449,449,10/06/1936,,"Livro de Emplacamento. n,21.p,307",Cintia,8/10/2018
51,51-449,449,rua formosa,4,4,23/02/1909,10/05/1936,"Livro de Emplacamento. n,21.p,307",Cintia,8/10/2018
54,54-15,15,rua vinte e quatro de maio,15,15,11/06/1935,,"Livro de Emplacamento n,20. p,154",Cintia,8/10/2018
54,54-15,15,rua vinte e quatro de maio,1,1,20/02/1909,11/05/1935,"Livro de Emplacamento n,20. p,154",Cintia,8/10/2018
54,54-113,113,rua vinte e quatro de maio,113,113,11/06/1935,,"Livro de Emplacamento n,20. p,154",Cintia,8/10/2018
54,54-113,113,rua vinte e quatro de maio,27,27,20/02/1909,11/05/1935,"Livro de Emplacamento n,20. p,154",Cintia,8/10/2018
54,54-281,281,rua vinte e quatro de maio,281,281,11/06/1935,,"Livro de Emplacamento n,20. p,154",Cintia,8/10/2018
54,54-281,281,rua vinte e quatro de maio,69,69,11/05/1935,11/05/1935,"Livro de Emplacamento n,20. p,154",Cintia,8/10/2018
54,54-32,32,rua vinte e quatro de maio,32,32,11/06/1935,,"Livro de Emplacamento n,20. p,154",Cintia,8/10/2018
54,54-32,32,rua vinte e quatro de maio,4,4,20/02/1909,11/05/1935,"Livro de Emplacamento n,20. p,154",Cintia,8/10/2018
54,54-196,196,rua vinte e quatro de maio,196,196,11/06/1935,,"Livro de Emplacamento n,20. p,154",Cintia,8/10/2018
54,54-196,196,rua vinte e quatro de maio,42,42,20/02/1909,11/05/1935,"Livro de Emplacamento n,20. p,154",Cintia,8/10/2018
54,54-196,196,rua vinte e quatro de maio,44,44,19/02/1909,19/02/1909,"Livro de Emplacamento n,20. p,154",Cintia,8/10/2018
54,54-262,262,rua vinte e quatro de maio,262,262,11/06/1935,,"Livro de Emplacamento n,20. p,154",Cintia,8/10/2018
54,54-262,262,rua vinte e quatro de maio,"50,2",50 sob,20/02/1909,11/05/1935,"Livro de Emplacamento n,20. p,154",Cintia,8/10/2018
55,55-11,11,rua são francisco,11,11,21/09/1938,,"Livro de Emplacamento n,25. p,120",Cintia,8/10/2018
55,55-11,11,rua são francisco,3,3,19/03/1909,20/09/1938,"Livro de Emplacamento n,25. p,120",Cintia,8/10/2018
55,55-49,49,rua são francisco,49,49,21/09/1938,,"Livro de Emplacamento n,25. p,120",Cintia,8/10/2018
55,55-49,49,rua são francisco,"11,3",11B,20/09/1938,20/09/1938,"Livro de Emplacamento n,25. p,120",Cintia,8/10/2018
55,55-115,115,rua são francisco,115,115,21/09/1938,,"Livro de Emplacamento n,25. p,120",Cintia,8/10/2018
55,55-115,115,rua são francisco,27,27,19/03/1909,20/09/1938,"Livro de Emplacamento n,25. p,120",Cintia,8/10/2018
55,55-52,52,rua são francisco,52,52,21/09/1938,,"Livro de Emplacamento n,25. p,120",Cintia,8/10/2018
55,55-52,52,rua são francisco,20,20,19/03/1909,20/09/1938,"Livro de Emplacamento n,25. p,120",Cintia,8/10/2018
55,55-92,92,rua são francisco,92,92,21/09/1938,,"Livro de Emplacamento n,25. p,120",Cintia,8/10/2018
55,55-92,92,rua são francisco,24,24,20/09/1938,20/09/1938,"Livro de Emplacamento n,25. p,120",Cintia,8/10/2018
55,55-118,118,rua são francisco,118,118,21/09/1938,,"Livro de Emplacamento n,25. p,120",Cintia,8/10/2018
55,55-118,118,rua são francisco,32,32,20/09/1938,20/09/1938,"Livro de Emplacamento n,25. p,120",Cintia,8/10/2018
56,56-7,7,rua senador paulo egydio,7,7,22/08/1934,,"Livro de Emplacamento. n,19. p,171",Cintia,8/10/2018
56,56-61,61,rua senador paulo egydio,61,61,22/08/1934,,"Livro de Emplacamento. n,19. p,171",Cintia,8/10/2018
56,56-18,18,rua senador paulo egydio,18,18,22/08/1934,,"Livro de Emplacamento. n,19. p,171",Cintia,8/10/2018
56,56-18,18,rua senador paulo egydio,2,2,21/08/1934,21/08/1934,"Livro de Emplacamento. n,19. p,171",Cintia,8/10/2018
56,56-44,44,rua senador paulo egydio,44,44,22/08/1934,,"Livro de Emplacamento. n,19. p,171",Cintia,8/10/2018
56,56-44,44,rua senador paulo egydio,10,10,21/08/1934,21/08/1934,"Livro de Emplacamento. n,19. p,171",Cintia,8/10/2018
59,59-33,33,rua cristavão colombo,33,33,14/03/1941,,"Livro de Emplacamento. n,28. p,127",Cintia,8/10/2018
59,59-51,51,rua cristavão colombo,51,51,14/03/1941,,"Livro de Emplacamento. n,28. p,127",Cintia,8/10/2018
59,59-51,51,rua cristavão colombo,1,1,13/03/1941,13/03/1941,"Livro de Emplacamento. n,28. p,127",Cintia,8/10/2018
59,59-63,63,rua cristavão colombo,63,63,14/03/1941,,"Livro de Emplacamento. n,28. p,127",Cintia,8/10/2018
59,59-63,63,rua cristavão colombo,3,3s°,13/03/1941,13/03/1941,"Livro de Emplacamento. n,28. p,127",Cintia,8/10/2018
65,65-48,48,rua alvaro de carvalho,48,48,08/07/1940,,"Livro de Emplacamento n,27. p,182",Cintia,8/10/2018
65,65-48,48,rua alvaro de carvalho,2,2,07/12/1928,08/06/1940,"Livro de Emplacamento n,27. p,182",Cintia,8/10/2018
65,65-48,48,rua alvaro de carvalho,59,59,17/06/1908,07/11/1928,"Livro de Emplacamento n,27. p,182",Cintia,8/10/2018
65,65-48,48,rua alvaro de carvalho,51,51,16/06/1908,16/06/1908,"Livro de Emplacamento n,27. p,182",Cintia,8/10/2018
65,65-146,146,rua alvaro de carvalho,136,136,08/07/1940,,"Livro de Emplacamento n,27. p,182",Cintia,8/10/2018
65,65-136,136,rua alvaro de carvalho,34,34,07/12/1928,08/06/1940,"Livro de Emplacamento n,27. p,182",Cintia,8/10/2018
65,65-136,136,rua alvaro de carvalho,29,29,17/06/1928,07/11/1928,"Livro de Emplacamento n,27. p,182",Cintia,8/10/2018
65,65-272,272,rua alvaro de carvalho,272,272,08/07/1940,,"Livro de Emplacamento n,27. p,182",Cintia,8/10/2018
65,65-272,272,rua alvaro de carvalho,"64,1",64A,07/12/1928,08/06/1940,"Livro de Emplacamento n,27. p,182",Cintia,8/10/2018
65,65-272,272,rua alvaro de carvalho,1,1 E/T,07/11/1928,07/11/1928,"Livro de Emplacamento n,27. p,182",Cintia,8/10/2018
65,65-246,246,rua alvaro de carvalho,246,246,08/07/1940,,"Livro de Emplacamento n,27. p,182",Cintia,8/10/2018
65,65-246,246,rua alvaro de carvalho,62,62,07/12/1928,08/06/1940,"Livro de Emplacamento n,27. p,182",Cintia,8/10/2018
65,65-246,246,rua alvaro de carvalho,3,3,17/06/1908,07/11/1928,"Livro de Emplacamento n,27. p,182",Cintia,8/10/2018
65,65-75,75,rua alvaro de carvalho,75,75,08/07/1940,,"Livro de Emplacamento n,27. p,182",Cintia,8/10/2018
65,65-75,75,rua alvaro de carvalho,1,1,07/12/1928,08/06/1940,"Livro de Emplacamento n,27. p,182",Cintia,8/10/2018
65,65-75,75,rua alvaro de carvalho,52,52,07/11/1928,07/11/1928,"Livro de Emplacamento n,27. p,182",Cintia,8/10/2018
65,65-111,111,rua alvaro de carvalho,111,111,08/07/1940,,"Livro de Emplacamento n,27. p,182",Cintia,8/10/2018
65,65-111,111,rua alvaro de carvalho,7,7,07/12/1928,08/06/1940,"Livro de Emplacamento n,27. p,182",Cintia,8/10/2018
65,65-111,111,rua alvaro de carvalho,48,48,22/05/1912,07/11/1928,"Livro de Emplacamento n,27. p,182",Cintia,8/10/2018
65,65-111,111,rua alvaro de carvalho,28,28,21/05/1912,21/05/1912,"Livro de Emplacamento n,27. p,182",Cintia,8/10/2018
65,65-219,219,rua alvaro de carvalho,219,219,08/07/1940,,"Livro de Emplacamento n,27. p,182",Cintia,8/10/2018
65,65-219,219,rua alvaro de carvalho,35,35,07/12/1928,08/06/1940,"Livro de Emplacamento n,27. p,182",Cintia,8/10/2018
65,65-219,219,rua alvaro de carvalho,18,18,22/03/1912,07/11/1928,"Livro de Emplacamento n,27. p,182",Cintia,8/10/2018
69,69-44,44,rua braulio gomes,44,44,14/01/1936,,"Livro de Emplacamento. n,20. p,297",Cintia,8/10/2018
69,69-44,44,rua braulio gomes,2,2,08/08/1930,13/01/1936,"Livro de Emplacamento. n,20. p,297",Cintia,8/10/2018
69,69-50,50,rua braulio gomes,50,50,14/01/1936,,"Livro de Emplacamento. n,20. p,297",Cintia,8/10/2018
69,69-50,50,rua braulio gomes,"2,1",2A,08/08/1930,13/01/1936,"Livro de Emplacamento. n,20. p,297",Cintia,8/10/2018
69,69-50,50,rua braulio gomes,2,2,08/08/1930,08/07/1930,"Livro de Emplacamento. n,20. p,297",Cintia,8/10/2018
69,69-96,96,rua braulio gomes,96,96,14/01/1936,,"Livro de Emplacamento. n,20. p,297",Cintia,8/10/2018
69,69-96,96,rua braulio gomes,18,18,08/08/1930,13/01/1936,"Livro de Emplacamento. n,20. p,297",Cintia,8/10/2018
69,69-186,186,rua braulio gomes,186,186,14/01/1936,,"Livro de Emplacamento. n,20. p,297",Cintia,8/10/2018
69,69-186,186,rua braulio gomes,"44,1",44-A,08/08/1930,13/01/1936,"Livro de Emplacamento. n,20. p,297",Cintia,8/10/2018
69,69-186,186,rua braulio gomes,"44,1",46ª,20/02/1908,08/07/1930,"Livro de Emplacamento. n,20. p,297",Cintia,8/10/2018
69,69-33,33,rua braulio gomes,33,33,14/01/1936,,"Livro de Emplacamento. n,20. p,297",Cintia,8/10/2018
69,69-33,33,rua braulio gomes,1,1,20/02/1908,13/01/1936,"Livro de Emplacamento. n,20. p,297",Cintia,8/10/2018
69,69-125,125,rua braulio gomes,125,125,14/01/1936,,"Livro de Emplacamento. n,20. p,297",Cintia,8/10/2018
69,69-125,125,rua braulio gomes,15,15,20/02/1908,13/01/1936,"Livro de Emplacamento. n,20. p,297",Cintia,8/10/2018
69,69-183,183,rua braulio gomes,183,183,14/01/1936,,"Livro de Emplacamento. n,20. p,297",Cintia,8/10/2018
69,69-183,183,rua braulio gomes,31,31,08/08/1930,13/01/1936,"Livro de Emplacamento. n,20. p,297",Cintia,8/10/2018
69,69-183,183,rua braulio gomes,27,27,20/02/1909,08/07/1930,"Livro de Emplacamento. n,20. p,297",Cintia,8/10/2018
69,69-183,183,rua braulio gomes,25,25,19/02/1909,19/02/1909,"Livro de Emplacamento. n,20. p,297",Cintia,8/10/2018
73,73-94,94,rua da consolação,94,94,14/07/1939,,"Livro de Emplacamento. n,25. p,195",Cintia,8/10/2018
73,73-94,94,rua da consolação,16,16,20/02/1909,13/07/1939,"Livro de Emplacamento. n,25. p,195",Cintia,8/10/2018
73,73-1258,1258,rua da consolação,1258,1258,14/07/1939,,"Livro de Emplacamento. n,25. p,197",Cintia,8/10/2018
73,73-1258,1258,rua da consolação,240,240,13/07/1939,13/07/1939,"Livro de Emplacamento. n,25. p,197",Cintia,8/10/2018
73,73-1414,"1413,6",rua da consolação,1414,1414,14/07/1939,,"Livro de Emplacamento. n,25. p,197",Cintia,8/10/2018
73,73-1414,"1413,6",rua da consolação,280,280,13/07/1939,13/07/1939,"Livro de Emplacamento. n,25. p,197",Cintia,8/10/2018
73,73-1,1,rua da consolação,1,1,14/07/1939,,"Livro de Emplacamento. n,25. p,203",Cintia,8/10/2018
73,73-1,1,rua da consolação,3,3,13/07/1939,13/07/1939,"Livro de Emplacamento. n,25. p,203",Cintia,8/10/2018
73,73-813,"813,5",rua da consolação,813,813,14/07/1939,,"Livro de Emplacamento. n,25. p,204",Cintia,8/10/2018
73,73-813,"813,5",rua da consolação,125,125,13/07/1939,13/07/1939,"Livro de Emplacamento. n,25. p,204",Cintia,8/10/2018
73,73-1581,"1581,5",rua da consolação,1581,1581,14/07/1939,,"Livro de Emplacamento. n,25. p,205",Cintia,8/10/2018
73,73-1581,"1581,5",rua da consolação,281,281,13/07/1939,13/07/1939,"Livro de Emplacamento. n,25. p,205",Cintia,8/10/2018
74,74-57,57,rua do ouvidor,57,57,28/09/1933,,"Livro de Emplacamento. n,19. p,95",Cintia,8/10/2018
74,74-57,57,rua do ouvidor,1,1,27/09/1933,27/09/1933,"Livro de Emplacamento. n,19. p,95",Cintia,8/10/2018
74,74-81,81,rua do ouvidor,81,81,28/09/1933,,"Livro de Emplacamento. n,19. p,95",Cintia,8/10/2018
74,74-81,81,rua do ouvidor,"7,1",7A,27/09/1933,27/09/1933,"Livro de Emplacamento. n,19. p,95",Cintia,8/10/2018
74,74-95,95,rua do ouvidor,95,95,28/09/1933,,"Livro de Emplacamento. n,19. p,95",Cintia,8/10/2018
90,90-87,87,rua dr. villa nova,87,87,10/10/1935,,"Livro de Emplacamento. n,20. p,74",Cintia,8/10/2018
90,90-87,87,rua dr. villa nova,1,1,17/02/1907,10/09/1935,"Livro de Emplacamento. n,20. p,74",Cintia,8/10/2018
90,90-225,225,rua dr. villa nova,225,225,10/10/1935,,"Livro de Emplacamento. n,20. p,74",Cintia,8/10/2018
90,90-225,225,rua dr. villa nova,3,3,17/02/1907,10/09/1935,"Livro de Emplacamento. n,20. p,74",Cintia,8/10/2018
90,90-225,225,rua dr. villa nova,5,5,16/02/1907,16/02/1907,"Livro de Emplacamento. n,20. p,74",Cintia,8/10/2018
90,90-327,327,rua dr. villa nova,327,327,10/10/1935,,"Livro de Emplacamento. n,20. p,74",Cintia,8/10/2018
90,90-327,327,rua dr. villa nova,29,29,07/05/1911,10/09/1935,"Livro de Emplacamento. n,20. p,74",Cintia,8/10/2018
90,90-321,321,rua dr. villa nova,321,321,10/10/1935,,"Livro de Emplacamento. n,20. p,74",Cintia,8/10/2018
90,90-321,321,rua dr. villa nova,27,27,17/02/1907,10/09/1935,"Livro de Emplacamento. n,20. p,74",Cintia,8/10/2018
90,90-24,24,rua dr. villa nova,24,24,10/10/1935,,"Livro de Emplacamento. n,20. p,74",Cintia,8/10/2018
90,90-24,24,rua dr. villa nova,2,2A,10/09/1935,10/09/1935,"Livro de Emplacamento. n,20. p,74",Cintia,8/10/2018
90,90-150,150,rua dr. villa nova,150,150,10/10/1935,,"Livro de Emplacamento. n,20. p,74",Cintia,8/10/2018
90,90-150,150,rua dr. villa nova,2,2,17/02/1907,10/09/1935,"Livro de Emplacamento. n,20. p,74",Cintia,8/10/2018
90,90-150,150,rua dr. villa nova,2,2 tinta,16/02/1907,16/02/1907,"Livro de Emplacamento. n,20. p,74",Cintia,8/10/2018
90,90-314,314,rua dr. villa nova,314,314,10/10/1935,,"Livro de Emplacamento. n,20. p,74",Cintia,8/10/2018
90,90-300,300,rua dr. villa nova,300,300,10/10/1935,,"Livro de Emplacamento. n,20. p,74",Cintia,8/10/2018
90,90-300,300,rua dr. villa nova,26,26,17/09/1934,10/09/1935,"Livro de Emplacamento. n,20. p,74",Cintia,8/10/2018
91,91-45,45,rua cunha horta,45,45,10/04/1935,,"Livro de Emplacamento. n,20. p,84",Cintia,8/10/2018
91,91-45,45,rua cunha horta,3,3t,10/03/1935,10/03/1935,"Livro de Emplacamento. n,20. p,84",Cintia,8/10/2018
91,91-67,67,rua cunha horta,67,67,10/04/1935,,"Livro de Emplacamento. n,20. p,84",Cintia,8/10/2018
91,91-67,67,rua cunha horta,11,11,10/03/1935,10/03/1935,"Livro de Emplacamento. n,20. p,84",Cintia,8/10/2018
91,91-83,83,rua cunha horta,83,83,10/04/1935,,"Livro de Emplacamento. n,20. p,84",Cintia,8/10/2018
91,91-83,83,rua cunha horta,17,17,10/03/1935,10/03/1935,"Livro de Emplacamento. n,20. p,84",Cintia,8/10/2018
92,92-37,37,rua maria borba,37,37,10/04/1935,,"Livro de Emplacamento. n,20. p,83A",Cintia,8/10/2018
92,92-37,37,rua maria borba,3,3,09/12/1908,10/03/1935,"Livro de Emplacamento. n,20. p,83A",Cintia,8/10/2018
92,92-55,55,rua maria borba,55,55,10/04/1935,,"Livro de Emplacamento. n,20. p,83A",Cintia,8/10/2018
92,92-55,55,rua maria borba,9,9,09/12/1908,10/03/1935,"Livro de Emplacamento. n,20. p,83A",Cintia,8/10/2018
92,92-55,55,rua maria borba,5,5,09/11/1908,09/11/1908,"Livro de Emplacamento. n,20. p,83A",Cintia,8/10/2018
92,92-87,87,rua maria borba,87,87,10/04/1935,,"Livro de Emplacamento. n,20. p,83A",Cintia,8/10/2018
92,92-87,87,rua maria borba,17,17,09/12/1908,10/03/1935,"Livro de Emplacamento. n,20. p,83A",Cintia,8/10/2018
92,92-44,44,rua maria borba,44,44,10/04/1935,,"Livro de Emplacamento. n,20. p,83A",Cintia,8/10/2018
92,92-44,44,rua maria borba,2,2,10/03/1935,10/03/1935,"Livro de Emplacamento. n,20. p,83A",Cintia,8/10/2018
92,92-64,64,rua maria borba,64,64,10/04/1935,,"Livro de Emplacamento. n,20. p,83A",Cintia,8/10/2018
92,92-64,64,rua maria borba,6,6,10/03/1935,10/03/1935,"Livro de Emplacamento. n,20. p,83A",Cintia,8/10/2018
95,95-19,19,rua caio prado,19,19,18/02/1936,,"Livro de Emplacamento n,20. p,357",Cintia,8/10/2018
95,95-19,19,rua caio prado,1,1,19/08/1911,17/02/1936,"Livro de Emplacamento n,20. p,357",Cintia,8/10/2018
95,95-79,79,rua caio prado,79,79,18/02/1936,,"Livro de Emplacamento n,20. p,357",Cintia,8/10/2018
95,95-79,79,rua caio prado,15,15,20/09/1930,17/02/1936,"Livro de Emplacamento n,20. p,357",Cintia,8/10/2018
95,95-383,383,rua caio prado,383,383,18/02/1936,,"Livro de Emplacamento n,20. p,357",Cintia,8/10/2018
95,95-383,383,rua caio prado,63,63,20/09/1930,17/02/1936,"Livro de Emplacamento n,20. p,357",Cintia,8/10/2018
95,95-383,383,rua caio prado,65,65,19/09/1930,19/09/1930,"Livro de Emplacamento n,20. p,357",Cintia,8/10/2018
95,95-50,50,rua caio prado,50,50,18/02/1936,,"Livro de Emplacamento n,20. p,358",Cintia,8/10/2018
95,95-50,50,rua caio prado,2,2,20/09/1930,17/02/1936,"Livro de Emplacamento n,20. p,358",Cintia,8/10/2018
95,95-370,370,rua caio prado,370,370,18/02/1936,,"Livro de Emplacamento n,20. p,358",Cintia,8/10/2018
95,95-370,370,rua caio prado,34,34,20/09/1930,17/02/1936,"Livro de Emplacamento n,20. p,358",Cintia,8/10/2018
95,95-370,370,rua caio prado,48,48 tinta,19/09/1930,19/09/1930,"Livro de Emplacamento n,20. p,358",Cintia,8/10/2018
98,98-37,37,rua augusta,37,37,21/02/1936,,"Livro de Emplacamento. n,20. p,378",Cintia,8/10/2018
98,98-37,37,rua augusta,3,3,01/03/1925,20/02/1936,"Livro de Emplacamento. n,20. p,378",Cintia,8/10/2018
98,98-615,"615,5",rua augusta,615,615,21/02/1936,,"Livro de Emplacamento. n,20. p,378",Cintia,8/10/2018
98,98-615,"615,5",rua augusta,123,123,27/07/1927,20/02/1936,"Livro de Emplacamento. n,20. p,378",Cintia,8/10/2018
98,98-615,"615,5",rua augusta,97,97,18/02/1914,26/07/1927,"Livro de Emplacamento. n,20. p,378",Cintia,8/10/2018
98,98-66,66,rua augusta,66,66,21/02/1936,,"Livro de Emplacamento. n,20. p,378",Cintia,8/10/2018
98,98-66,66,rua augusta,8,8,27/06/1927,20/02/1936,"Livro de Emplacamento. n,20. p,378",Cintia,8/10/2018
98,98-66,66,rua augusta,2,2,18/02/1914,26/06/1927,"Livro de Emplacamento. n,20. p,378",Cintia,8/10/2018
98,98-534,"534,6",rua augusta,534,534,21/02/1936,,"Livro de Emplacamento. n,20. p,378",Cintia,8/10/2018
98,98-534,"534,6",rua augusta,90,90,27/06/1927,20/02/1936,"Livro de Emplacamento. n,20. p,378",Cintia,8/10/2018
98,98-534,"534,6",rua augusta,52,52,18/02/1914,26/06/1927,"Livro de Emplacamento. n,20. p,378",Cintia,8/10/2018
98,98-534,"534,6",rua augusta,28,28,17/02/1914,17/02/1914,"Livro de Emplacamento. n,20. p,378",Cintia,8/10/2018
98,98-1062,1062,rua augusta,1062,1062,21/02/1936,,"Livro de Emplacamento. n,20. p,378",Cintia,8/10/2018
98,98-1062,1062,rua augusta,202,202,27/06/1927,20/02/1936,"Livro de Emplacamento. n,20. p,378",Cintia,8/10/2018
98,98-1062,1062,rua augusta,166,166,18/02/1914,26/06/1927,"Livro de Emplacamento. n,20. p,378",Cintia,8/10/2018
98,98-1062,1062,rua augusta,112,112,13/04/1908,17/02/1914,"Livro de Emplacamento. n,20. p,378",Cintia,8/10/2018
98,98-1062,1062,rua augusta,104,104,04/12/1908,04/12/1908,"Livro de Emplacamento. n,20. p,378",Cintia,8/10/2018
101,101-48,48,rua olinda,48,48,01/10/1936,,"Livro de Emplacamento. n,20. p,286",Cintia,8/10/2018
101,101-48,48,rua olinda,10,10,26/01/1911,01/09/1936,"Livro de Emplacamento. n,20. p,286",Cintia,8/10/2018
101,101-48,48,rua olinda,2,2 tinta,25/01/1911,25/01/1911,"Livro de Emplacamento. n,20. p,286",Cintia,8/10/2018
101,101-92,92,rua olinda,92,92,01/10/1936,,"Livro de Emplacamento. n,20. p,286",Cintia,8/10/2018
101,101-92,92,rua olinda,26,26,26/01/1911,01/09/1936,"Livro de Emplacamento. n,20. p,286",Cintia,8/10/2018
101,101-92,92,rua olinda,10,10,25/01/1911,25/01/1911,"Livro de Emplacamento. n,20. p,286",Cintia,8/10/2018
101,101-152,152,rua olinda,152,152,01/10/1936,,"Livro de Emplacamento. n,20. p,286",Cintia,8/10/2018
101,101-152,152,rua olinda,40,40,26/01/1911,01/09/1936,"Livro de Emplacamento. n,20. p,286",Cintia,8/10/2018
101,101-152,152,rua olinda,24,24,25/01/1911,25/01/1911,"Livro de Emplacamento. n,20. p,286",Cintia,8/10/2018
101,101-252,252,rua olinda,252,252,01/10/1936,,"Livro de Emplacamento. n,20. p,286",Cintia,8/10/2018
101,101-252,252,rua olinda,52,52,01/09/1936,01/09/1936,"Livro de Emplacamento. n,20. p,286",Cintia,8/10/2018
101,101-39,39,rua olinda,39,39,01/10/1936,,"Livro de Emplacamento. n,20. p,286",Cintia,8/10/2018
101,101-39,39,rua olinda,1,1,26/01/1911,01/09/1936,"Livro de Emplacamento. n,20. p,286",Cintia,8/10/2018
101,101-59,59,rua olinda,59,59,01/10/1936,,"Livro de Emplacamento. n,20. p,286",Cintia,8/10/2018
101,101-59,59,rua olinda,9,9,26/01/1911,01/09/1936,"Livro de Emplacamento. n,20. p,286",Cintia,8/10/2018
113,113-45,"45,4",rua são miguel,45,45,26/10/1937,,"Livro de Emplacamento. n,24. p,49",Cintia,8/10/2018
113,113-85,"85,8",rua são miguel,85,85,26/10/1937,,"Livro de Emplacamento. n,24. p,49",Cintia,8/10/2018
113,113-85,"85,8",rua são miguel,11,11,06/03/1922,25/10/1937,"Livro de Emplacamento. n,24. p,49",Cintia,8/10/2018
113,113-121,"120,2",rua são miguel,121,121,26/10/1937,,"Livro de Emplacamento. n,24. p,49",Cintia,8/10/2018
113,113-121,"120,2",rua são miguel,19,19,06/03/1922,25/10/1937,"Livro de Emplacamento. n,24. p,49",Cintia,8/10/2018
113,113-36,"35,7",rua são miguel,36,36,26/10/1937,,"Livro de Emplacamento. n,24. p,49",Cintia,8/10/2018
113,113-36,"35,7",rua são miguel,4,4,06/03/1922,25/10/1937,"Livro de Emplacamento. n,24. p,49",Cintia,8/10/2018
113,113-110,"110,7",rua são miguel,110,110,26/10/1937,,"Livro de Emplacamento. n,24. p,49",Cintia,8/10/2018
113,113-110,"110,7",rua são miguel,16,16,06/03/1922,25/10/1937,"Livro de Emplacamento. n,24. p,49",Cintia,8/10/2018
113,113-110,"110,7",rua são miguel,14,14,06/02/1922,06/02/1922,"Livro de Emplacamento. n,24. p,49",Cintia,8/10/2018
117,117-19,"19,2",rua aureliano coutinho,19,19,30/06/1936,,"Livro de Emplacamento. n,21. p,177",Cintia,8/10/2018
117,117-19,"19,2",rua aureliano coutinho,1,1,17/09/1928,29/06/1936,"Livro de Emplacamento. n,21. p,177",Cintia,8/10/2018
117,117-109,"108,3",rua aureliano coutinho,109,109,30/06/1936,,"Livro de Emplacamento. n,21. p,177",Cintia,8/10/2018
117,117-109,"108,3",rua aureliano coutinho,23,23,17/09/1928,29/06/1936,"Livro de Emplacamento. n,21. p,177",Cintia,8/10/2018
117,117-109,"108,3",rua aureliano coutinho,21,21,16/09/1928,16/09/1928,"Livro de Emplacamento. n,21. p,177",Cintia,8/10/2018
117,117-245,"244,8",rua aureliano coutinho,245,245,30/06/1936,,"Livro de Emplacamento. n,21. p,177",Cintia,8/10/2018
117,117-245,"244,8",rua aureliano coutinho,41,41,17/09/1928,29/06/1936,"Livro de Emplacamento. n,21. p,177",Cintia,8/10/2018
117,117-245,"244,8",rua aureliano coutinho,43,43,16/09/1928,16/09/1928,"Livro de Emplacamento. n,21. p,177",Cintia,8/10/2018
117,117-52,"52,2",rua aureliano coutinho,52,52,30/06/1936,,"Livro de Emplacamento. n,21. p,178",Cintia,8/10/2018
117,117-52,"52,2",rua aureliano coutinho,2,2,17/09/1928,29/06/1936,"Livro de Emplacamento. n,21. p,178",Cintia,8/10/2018
117,117-164,"163,9",rua aureliano coutinho,164,164,30/06/1936,,"Livro de Emplacamento. n,21. p,178",Cintia,8/10/2018
117,117-164,"163,9",rua aureliano coutinho,20,20,17/09/1928,29/06/1936,"Livro de Emplacamento. n,21. p,178",Cintia,8/10/2018
117,117-164,"163,9",rua aureliano coutinho,22,22,16/09/1928,16/09/1928,"Livro de Emplacamento. n,21. p,178",Cintia,8/10/2018
117,117-456,"456,8",rua aureliano coutinho,456,456,30/06/1936,,"Livro de Emplacamento. n,21. p,178",Cintia,8/10/2018
117,117-456,"456,8",rua aureliano coutinho,38,38,17/09/1928,29/06/1936,"Livro de Emplacamento. n,21. p,178",Cintia,8/10/2018
118,118-15,"15,7",rua alagoas,15,15,13/11/1936,,"Livro de Emplacamento. n,20. p,182",Cintia,8/10/2018
118,118-15,"15,7",rua alagoas,1,1,30/06/1927,12/11/1936,"Livro de Emplacamento. n,20. p,182",Cintia,8/10/2018
118,118-12,"11,5",rua alagoas,12,12,13/11/1936,,"Livro de Emplacamento. n,20. p,183",Cintia,8/10/2018
118,118-12,"11,5",rua alagoas,2,2,30/06/1927,12/11/1936,"Livro de Emplacamento. n,20. p,183",Cintia,8/10/2018
136,136-245,"245,6",rua santa rosa,245,245,28/05/1936,,"Livro de Emplacamento. n,21. p,150",Cintia,8/10/2018
136,136-245,"246,6",rua santa rosa,1,1,15/01/1909,27/05/1936,"Livro de Emplacamento. n,21. p,150",Cintia,8/10/2018
136,136-365,365,rua santa rosa,365,365,28/05/1936,,"Livro de Emplacamento. n,21. p,150",Cintia,8/10/2018
136,136-365,365,rua santa rosa,35,35,15/01/1909,27/05/1936,"Livro de Emplacamento. n,21. p,150",Cintia,8/10/2018
136,136-495,"494,9",rua santa rosa,495,495,28/05/1936,,"Livro de Emplacamento. n,21. p,150",Cintia,8/10/2018
136,136-495,"494,9",rua santa rosa,77,77,15/01/1909,27/05/1936,"Livro de Emplacamento. n,21. p,150",Cintia,8/10/2018
136,136-24,"24,4",rua santa rosa,24,24,28/05/1936,,"Livro de Emplacamento. n,21. p,151",Cintia,8/10/2018
136,136-24,"24,4",rua santa rosa,2,2,27/05/1936,27/05/1936,"Livro de Emplacamento. n,21. p,151",Cintia,8/10/2018
136,136-258,"257,7",rua santa rosa,258,258,28/05/1936,,"Livro de Emplacamento. n,21. p,151",Cintia,8/10/2018
136,136-258,"257,7",rua santa rosa,48,48,15/01/1909,27/05/1936,"Livro de Emplacamento. n,21. p,151",Cintia,8/10/2018
136,136-258,"257,7",rua santa rosa,38,38,14/01/1909,14/01/1909,"Livro de Emplacamento. n,21. p,151",Cintia,8/10/2018
136,136-518,517,rua santa rosa,518,518,28/05/1936,,"Livro de Emplacamento. n,21. p,151",Cintia,8/10/2018
136,136-518,517,rua santa rosa,110,110,15/01/1909,27/05/1936,"Livro de Emplacamento. n,21. p,151",Cintia,8/10/2018
136,136-518,517,rua santa rosa,100,100,14/01/1909,14/01/1909,"Livro de Emplacamento. n,21. p,151",Cintia,8/10/2018
142,142-20,20,rua wandenkoik,20,20,31/07/1942,,"Livro de Emplacamento. n,29. p,385",Cintia,8/10/2018
142,142-20,20,rua wandenkoik,133,133,30/07/1942,30/07/1942,"Livro de Emplacamento. n,29. p,385",Cintia,8/10/2018
142,142-262,"262,8",rua wandenkoik,262,262,31/07/1942,,"Livro de Emplacamento. n,29. p,385",Cintia,8/10/2018
142,142-262,"262,8",rua wandenkoik,79,79,22/09/1921,30/07/1942,"Livro de Emplacamento. n,29. p,385",Cintia,8/10/2018
142,142-262,"262,8",rua wandenkoik,75,75,21/09/1921,21/09/1921,"Livro de Emplacamento. n,29. p,385",Cintia,8/10/2018
142,142-21,"20,2",rua wandenkoik,21,21,31/07/1942,,"Livro de Emplacamento. n,29. p,387",Cintia,8/10/2018
142,142-21,"20,2",rua wandenkoik,102,102,30/07/1942,30/07/1942,"Livro de Emplacamento. n,29. p,387",Cintia,8/10/2018
142,142-145,"141,1",rua wandenkoik,145,145,31/07/1942,,"Livro de Emplacamento. n,29. p,387",Cintia,8/10/2018
142,142-145,"141,1",rua wandenkoik,92,92,03/04/1926,30/07/1942,"Livro de Emplacamento. n,29. p,387",Cintia,8/10/2018
142,142-395,"394,9",rua wandenkoik,395,395,31/07/1942,,"Livro de Emplacamento. n,29. p,387",Cintia,8/10/2018
142,142-395,"394,9",rua wandenkoik,44,44,03/04/1926,30/07/1942,"Livro de Emplacamento. n,29. p,387",Cintia,8/10/2018
142,142-395,"394,9",rua wandenkoik,24,24,10/08/1907,03/03/1926,"Livro de Emplacamento. n,29. p,387",Cintia,8/10/2018
142,142-395,"394,9",rua wandenkoik,"20,2",20 tinta,10/07/1907,10/07/1907,"Livro de Emplacamento. n,29. p,387",Cintia,8/10/2018
144,144-37,"37,9",rua jairo goés,37,37,06/03/1937,,"Livro de Emplacamento. n,22. p,208",Cintia,8/10/2018
144,144-37,"37,9",rua jairo goés,1,1,06/02/1937,06/02/1937,"Livro de Emplacamento. n,22. p,208",Cintia,8/10/2018
144,144-80,"79,4",rua jairo goés,80,80,06/03/1937,,"Livro de Emplacamento. n,22. p,208",Cintia,8/10/2018
144,144-80,"79,4",rua jairo goés,"12,1",12A,06/02/1937,06/02/1937,"Livro de Emplacamento. n,22. p,208",Cintia,8/10/2018
144,144-166,"165,6",rua jairo goés,166,166,06/03/1937,,"Livro de Emplacamento. n,22. p,208",Cintia,8/10/2018
144,144-166,"165,6",rua jairo goés,46,46,06/02/1937,06/02/1937,"Livro de Emplacamento. n,22. p,208",Cintia,8/10/2018
145,145-51,"51,3",rua piraitininga,51,51,29/04/1936,,"Livro de Emplacamento. n,89",Cintia,8/10/2018
145,145-51,"51,3",rua piraitininga,1,1,25/04/1908,28/04/1936,"Livro de Emplacamento. n,89",Cintia,8/10/2018
145,145-581,581,rua piraitininga,581,581,29/04/1936,,"Livro de Emplacamento. n,89",Cintia,8/10/2018
145,145-581,581,rua piraitininga,103,103,08/11/1928,28/04/1936,"Livro de Emplacamento. n,90",Cintia,8/10/2018
145,145-581,581,rua piraitininga,105,105,25/04/1908,08/10/1928,"Livro de Emplacamento. n,90",Cintia,8/10/2018
145,145-581,581,rua piraitininga,"53,2",53B,24/04/1908,24/04/1908,"Livro de Emplacamento. n,90",Cintia,8/10/2018
145,145-20,"20,1",rua piraitininga,20,20,29/04/1936,,"Livro de Emplacamento. n,92",Cintia,8/10/2018
145,145-20,"20,1",rua piraitininga,2,2,25/04/1908,28/04/1936,"Livro de Emplacamento. n,92",Cintia,8/10/2018
145,145-582,"582,6",rua piraitininga,582,582,29/04/1936,,"Livro de Emplacamento. n,93",Cintia,8/10/2018
145,145-582,"582,6",rua piraitininga,124,124,08/11/1928,28/04/1936,"Livro de Emplacamento. n,93",Cintia,8/10/2018
145,145-582,"582,6",rua piraitininga,110,110,08/10/1928,08/10/1928,"Livro de Emplacamento. n,93",Cintia,8/10/2018
145,145-1078,"1078,7",rua piraitininga,1078,1078,29/04/1936,,"Livro de Emplacamento. n,94",Cintia,8/10/2018
145,145-1078,"1078,7",rua piraitininga,248,248,08/11/1928,28/04/1936,"Livro de Emplacamento. n,94",Cintia,8/10/2018
145,145-1078,"1078,7",rua piraitininga,234,234,18/12/1913,08/10/1928,"Livro de Emplacamento. n,94",Cintia,8/10/2018
147,147-16,"16,1",rua paulo affonso,16,16,13/06/1939,,"Livro de Emplacamento. n,25. p,291",Cintia,8/10/2018
147,147-16,"16,1",rua paulo affonso,2,2,04/01/1909,06/12/1939,"Livro de Emplacamento. n,25. p,291",Cintia,8/10/2018
147,147-68,68,rua paulo affonso,68,68,13/06/1939,,"Livro de Emplacamento. n,25. p,291",Cintia,8/10/2018
147,147-68,68,rua paulo affonso,10,10,23/08/1929,06/12/1939,"Livro de Emplacamento. n,25. p,291",Cintia,8/10/2018
147,147-68,68,rua paulo affonso,6,6,04/01/1909,22/08/1929,"Livro de Emplacamento. n,25. p,291",Cintia,8/10/2018
147,147-45,"44,6",rua paulo affonso,45,45,13/06/1939,,"Livro de Emplacamento. n,25. p,292",Cintia,8/10/2018
147,147-45,"44,6",rua paulo affonso,1,1,04/01/1909,06/12/1939,"Livro de Emplacamento. n,25. p,292",Cintia,8/10/2018
147,147-65,"63,5",rua paulo affonso,65,65,13/06/1939,,"Livro de Emplacamento. n,25. p,292",Cintia,8/10/2018
147,147-65,"63,5",rua paulo affonso,11,11,04/01/1909,06/12/1939,"Livro de Emplacamento. n,25. p,292",Cintia,8/10/2018
177,177-118,118,rua barra funda,118,118,21/01/1936,,"Livro de Emplacamento. n,20. p,316",Cintia,8/10/2018
177,177-118,118,rua barra funda,4,4,08/06/1929,20/01/1936,"Livro de Emplacamento. n,20. p,316",Cintia,8/10/2018
177,177-118,118,rua barra funda,8,8,26/11/1911,08/05/1929,"Livro de Emplacamento. n,20. p,316",Cintia,8/10/2018
177,177-460,461,rua barra funda,460,460,21/01/1936,,"Livro de Emplacamento. n,20. p,316",Cintia,8/10/2018
177,177-460,461,rua barra funda,88,88,08/06/1929,20/01/1936,"Livro de Emplacamento. n,20. p,316",Cintia,8/10/2018
177,177-460,461,rua barra funda,92,92,26/07/1911,08/05/1929,"Livro de Emplacamento. n,20. p,316",Cintia,8/10/2018
177,177-67,"66,3",rua barra funda,67,67,21/01/1936,,"Livro de Emplacamento. n,20. p,316",Cintia,8/10/2018
177,177-67,"66,3",rua barra funda,1,1,08/06/1929,20/01/1936,"Livro de Emplacamento. n,20. p,316",Cintia,8/10/2018
177,177-67,"66,3",rua barra funda,9,9,04/03/1908,08/05/1929,"Livro de Emplacamento. n,20. p,318",Cintia,8/10/2018
177,177-257,257,rua barra funda,257,257,21/01/1936,,"Livro de Emplacamento. n,20. p,318",Cintia,8/10/2018
177,177-257,257,rua barra funda,41,41,08/06/1929,20/01/1936,"Livro de Emplacamento. n,20. p,316",Cintia,8/10/2018
177,177-257,257,rua barra funda,53,53,04/03/1908,08/05/1929,"Livro de Emplacamento. n,20. p,316",Cintia,8/10/2018
177,177-257,257,rua barra funda,39,39,04/02/1908,04/02/1908,"Livro de Emplacamento. n,20. p,316",Cintia,8/10/2018
177,177-501,502,rua barra funda,501,501,21/01/1936,,"Livro de Emplacamento. n,20. p,318",Cintia,8/10/2018
177,177-501,502,rua barra funda,101,101,08/06/1929,20/01/1936,"Livro de Emplacamento. n,20. p,318",Cintia,8/10/2018
177,177-501,502,rua barra funda,105,105,04/03/1908,08/05/1929,"Livro de Emplacamento. n,20. p,318",Cintia,8/10/2018
177,177-501,502,rua barra funda,87,87,04/02/1908,04/02/1908,"Livro de Emplacamento. n,20. p,318",Cintia,8/10/2018
183,183-19,"18,5",alameda dino bueno,19,19,26/09/1935,,"Livro de Emplacamento. n,20. p,60",Cintia,8/10/2018
183,183-19,"18,5",alameda dino bueno,1,1,16/08/1930,25/09/1935,"Livro de Emplacamento. n,20. p,60",Cintia,8/10/2018
183,183-601,"601,4",alameda dino bueno,601,601,26/09/1935,,"Livro de Emplacamento. n,20. p,60",Cintia,8/10/2018
183,183-601,"601,4",alameda dino bueno,41,41,16/08/1930,25/09/1935,"Livro de Emplacamento. n,20. p,60",Cintia,8/10/2018
183,183-601,"601,4",alameda dino bueno,37,37,15/08/1930,15/08/1930,"Livro de Emplacamento. n,20. p,60",Cintia,8/10/2018
183,183-899,"898,6",alameda dino bueno,899,899,26/09/1935,,"Livro de Emplacamento. n,20. p,60",Cintia,8/10/2018
183,183-899,"898,6",alameda dino bueno,101,101,16/08/1930,25/09/1935,"Livro de Emplacamento. n,20. p,60",Cintia,8/10/2018
183,183-899,"898,6",alameda dino bueno,95,95,15/08/1930,15/08/1930,"Livro de Emplacamento. n,20. p,60",Cintia,8/10/2018
183,183-16,"16,4",alameda dino bueno,16,16,26/09/1935,,"Livro de Emplacamento. n,20. p,61",Cintia,8/10/2018
183,183-16,"16,4",alameda dino bueno,2,2,16/08/1930,25/09/1935,"Livro de Emplacamento. n,20. p,61",Cintia,8/10/2018
183,183-350,"350,6",alameda dino bueno,350,350,26/09/1935,,"Livro de Emplacamento. n,20. p,61",Cintia,8/10/2018
183,183-350,"350,6",alameda dino bueno,60,60,16/08/1930,25/09/1935,"Livro de Emplacamento. n,20. p,61",Cintia,8/10/2018
183,183-350,"350,6",alameda dino bueno,50,50,15/08/1930,15/08/1930,"Livro de Emplacamento. n,20. p,61",Cintia,8/10/2018
183,183-886,"886,7",alameda dino bueno,886,886,26/09/1935,,"Livro de Emplacamento. n,20. p,62",Cintia,8/10/2018
183,183-886,"886,7",alameda dino bueno,148,148,16/08/1930,25/09/1935,"Livro de Emplacamento. n,20. p,62",Cintia,8/10/2018
183,183-886,"886,7",alameda dino bueno,134,134,15/08/1930,15/08/1930,"Livro de Emplacamento. n,20. p,61",Cintia,8/10/2018
184,184-15,"14,5",rua visconde do rio branco,15,15,09/05/1935,,"Livro de Emplacamento. n,19. p,391",Cintia,8/10/2018
184,184-15,"14,5",rua visconde do rio branco,1,1,01/05/1909,09/04/1935,"Livro de Emplacamento. n,19. p,391",Cintia,8/10/2018
184,184-15,"14,5",rua visconde do rio branco,3,3,01/04/1909,01/04/1909,"Livro de Emplacamento. n,19. p,391",Cintia,8/10/2018
184,184-329,"329,1",rua visconde do rio branco,329,329,09/05/1935,,"Livro de Emplacamento. n,19. p,391",Cintia,8/10/2018
184,184-329,"329,1",rua visconde do rio branco,47,47,20/04/1928,09/04/1935,"Livro de Emplacamento. n,19. p,391",Cintia,8/10/2018
184,184-329,"329,1",rua visconde do rio branco,39,39,01/05/1909,19/04/1928,"Livro de Emplacamento. n,19. p,391",Cintia,8/10/2018
184,184-329,"329,1",rua visconde do rio branco,45,45,01/04/1909,01/04/1909,"Livro de Emplacamento. n,19. p,391",Cintia,8/10/2018
184,184-781,"781,3",rua visconde do rio branco,781,781,09/05/1935,,"Livro de Emplacamento. n,19. p,391",Cintia,8/10/2018
184,184-781,"781,3",rua visconde do rio branco,109,109,20/04/1928,09/04/1935,"Livro de Emplacamento. n,19. p,391",Cintia,8/10/2018
184,184-781,"781,3",rua visconde do rio branco,97,97,01/05/1909,19/04/1928,"Livro de Emplacamento. n,19. p,391",Cintia,8/10/2018
184,184-781,"781,3",rua visconde do rio branco,103,103,01/04/1909,01/04/1909,"Livro de Emplacamento. n,19. p,391",Cintia,8/10/2018
184,184-20,"19,9",rua visconde do rio branco,20,20,09/05/1935,,"Livro de Emplacamento. n,19. p,393",Cintia,8/10/2018
184,184-20,"19,9",rua visconde do rio branco,2,2,20/04/1928,09/04/1935,"Livro de Emplacamento. n,19. p,393",Cintia,8/10/2018
184,184-20,"19,9",rua visconde do rio branco,8,8,01/05/1909,19/04/1928,"Livro de Emplacamento. n,19. p,393",Cintia,8/10/2018
184,184-326,"325,3",rua visconde do rio branco,326,326,09/05/1935,,"Livro de Emplacamento. n,19. p,393",Cintia,8/10/2018
184,184-326,"325,3",rua visconde do rio branco,54,54,20/04/1928,09/04/1935,"Livro de Emplacamento. n,19. p,393",Cintia,8/10/2018
184,184-326,"325,3",rua visconde do rio branco,48,48,01/05/1909,19/04/1928,"Livro de Emplacamento. n,19. p,393",Cintia,8/10/2018
184,184-326,"325,3",rua visconde do rio branco,50,50,01/04/1909,01/04/1909,"Livro de Emplacamento. n,19. p,393",Cintia,8/10/2018
184,184-774,"774,1",rua visconde do rio branco,774,774,09/05/1935,,"Livro de Emplacamento. n,19. p,393",Cintia,8/10/2018
184,184-774,"774,1",rua visconde do rio branco,128,128,20/04/1928,09/04/1935,"Livro de Emplacamento. n,19. p,393",Cintia,8/10/2018
184,184-774,"774,1",rua visconde do rio branco,116,116,01/05/1909,19/04/1928,"Livro de Emplacamento. n,19. p,393",Cintia,8/10/2018
184,184-774,"774,1",rua visconde do rio branco,120,120,01/04/1909,01/04/1909,"Livro de Emplacamento. n,19. p,393",Cintia,8/10/2018
188,188-37,"36,9",rua joão monteiro,37,37,20/06/1936,,"Livro de Emplacamento. n,21. p,172",Cintia,8/10/2018
188,188-37,"36,9",rua joão monteiro,3,3,19/06/1936,19/06/1936,"Livro de Emplacamento. n,21. p,172",Cintia,8/10/2018
188,188-73,"72,3",rua joão monteiro,73,73,20/06/1936,,"Livro de Emplacamento. n,21. p,172",Cintia,8/10/2018
188,188-73,"72,3",rua joão monteiro,9,9,19/06/1936,19/06/1936,"Livro de Emplacamento. n,21. p,172",Cintia,8/10/2018
188,188-56,56,rua joão monteiro,56,56,20/06/1936,,"Livro de Emplacamento. n,21. p,172",Cintia,8/10/2018
188,188-56,56,rua joão monteiro,4,4,19/06/1936,19/06/1936,"Livro de Emplacamento. n,21. p,172",Cintia,8/10/2018
188,188-72,72,rua joão monteiro,72,72,20/06/1936,,"Livro de Emplacamento. n,21. p,172",Cintia,8/10/2018
188,188-72,72,rua joão monteiro,10,10,19/06/1936,19/06/1936,"Livro de Emplacamento. n,21. p,172",Cintia,8/10/2018
185,185-9,9,rua cleveland,9,9,11/11/1935,,"Livro de Emplacamento. n,20. p,169",Cintia,8/10/2018
185,185-9,9,rua cleveland,1,1,11/07/1908,10/11/1935,"Livro de Emplacamento. n,20. p,169",Cintia,8/10/2018
185,185-307,"307,8",rua cleveland,307,307,11/11/1935,,"Livro de Emplacamento. n,20. p,169",Cintia,8/10/2018
185,185-307,"307,8",rua cleveland,43,43,11/07/1908,10/11/1935,"Livro de Emplacamento. n,20. p,169",Cintia,8/10/2018
185,185-307,"307,8",rua cleveland,35,35,11/06/1908,11/06/1908,"Livro de Emplacamento. n,20. p,169",Cintia,8/10/2018
185,185-737,"736,5",rua cleveland,737,737,11/11/1935,,"Livro de Emplacamento. n,20. p,169",Cintia,8/10/2018
185,185-737,"736,5",rua cleveland,93,93,14/10/1916,10/11/1935,"Livro de Emplacamento. n,20. p,170",Cintia,8/10/2018
185,185-737,"736,5",rua cleveland,99,99,11/07/1908,13/10/1916,"Livro de Emplacamento. n,20. p,170",Cintia,8/10/2018
185,185-737,"736,5",rua cleveland,81,81,11/06/1908,11/06/1908,"Livro de Emplacamento. n,20. p,170",Cintia,8/10/2018
185,185-412,"412,2",rua cleveland,412,412,11/11/1935,,"Livro de Emplacamento. n,20. p,171",Cintia,8/10/2018
185,185-412,"412,2",rua cleveland,26,26,14/10/1916,10/11/1935,"Livro de Emplacamento. n,20. p,171",Cintia,8/10/2018
185,185-412,"412,2",rua cleveland,38,38,11/07/1908,13/10/1916,"Livro de Emplacamento. n,20. p,171",Cintia,8/10/2018
185,185-412,"412,2",rua cleveland,28,28,11/06/1908,11/06/1908,"Livro de Emplacamento. n,20. p,171",Cintia,8/10/2018
185,185-546,"546,8",rua cleveland,546,546,11/11/1935,,"Livro de Emplacamento. n,20. p,171",Cintia,8/10/2018
185,185-546,"546,8",rua cleveland,38,38,14/10/1916,10/11/1935,"Livro de Emplacamento. n,20. p,171",Cintia,8/10/2018
185,185-546,"546,8",rua cleveland,60,60,11/07/1908,13/10/1916,"Livro de Emplacamento. n,20. p,171",Cintia,8/10/2018
185,185-546,"546,8",rua cleveland,44,44 tinta,11/06/1908,11/06/1908,"Livro de Emplacamento. n,20. p,171",Cintia,8/10/2018
185,185-762,"762,3",rua cleveland,762,762,11/11/1935,,"Livro de Emplacamento. n,20. p,171",Cintia,8/10/2018
185,185-762,"762,3",rua cleveland,78,78,14/10/1916,10/11/1935,"Livro de Emplacamento. n,20. p,171",Cintia,8/10/2018
185,185-762,"762,3",rua cleveland,106,106,11/07/1908,13/10/1916,"Livro de Emplacamento. n,20. p,171",Cintia,8/10/2018
185,185-762,"762,3",rua cleveland,80,80,11/06/1908,11/06/1908,"Livro de Emplacamento. n,20. p,171",Cintia,8/10/2018
186,186-23,"22,4",alameda barão de piracicaba,23,23,19/09/1935,,"Livro de Emplacamento. n,20. p,37",Cintia,8/10/2018
186,186-23,"22,4",alameda barão de piracicaba,1,1,16/05/1908,18/09/1935,"Livro de Emplacamento. n,20. p,37",Cintia,8/10/2018
186,186-415,"415,8",alameda barão de piracicaba,415,415,19/09/1935,,"Livro de Emplacamento. n,20. p,37",Cintia,8/10/2018
186,186-415,"415,8",alameda barão de piracicaba,79,79,23/07/1930,18/09/1935,"Livro de Emplacamento. n,20. p,37",Cintia,8/10/2018
186,186-415,"415,8",alameda barão de piracicaba,65,65,18/10/1911,22/07/1930,"Livro de Emplacamento. n,20. p,37",Cintia,8/10/2018
186,186-415,"415,8",alameda barão de piracicaba,67,67,16/05/1908,17/10/1911,"Livro de Emplacamento. n,20. p,37",Cintia,8/10/2018
186,186-415,"415,8",alameda barão de piracicaba,59,59,15/05/1908,15/05/1908,"Livro de Emplacamento. n,20. p,37",Cintia,8/10/2018
186,186-903,"902,7",alameda barão de piracicaba,903,903,19/09/1935,,"Livro de Emplacamento. n,20. p,37",Cintia,8/10/2018
186,186-903,"902,7",alameda barão de piracicaba,161,161,23/07/1930,18/09/1935,"Livro de Emplacamento. n,20. p,37",Cintia,8/10/2018
186,186-903,"902,7",alameda barão de piracicaba,149,149,18/10/1911,22/07/1930,"Livro de Emplacamento. n,20. p,37",Cintia,8/10/2018
186,186-32,"32,4",alameda barão de piracicaba,32,32,19/09/1935,,"Livro de Emplacamento. n,20. p,37",Cintia,8/10/2018
186,186-32,"32,4",alameda barão de piracicaba,4,4,23/07/1930,18/09/1935,"Livro de Emplacamento. n,20. p,37",Cintia,8/10/2018
186,186-32,"32,4",alameda barão de piracicaba,2,2,16/05/1908,22/07/1930,"Livro de Emplacamento. n,20. p,37",Cintia,8/10/2018
186,186-304,"303,8",alameda barão de piracicaba,304,304,19/09/1935,,"Livro de Emplacamento. n,20. p,37",Cintia,8/10/2018
186,186-304,"303,8",alameda barão de piracicaba,46,46,23/07/1930,18/09/1935,"Livro de Emplacamento. n,20. p,37",Cintia,8/10/2018
186,186-304,"303,8",alameda barão de piracicaba,36,36,18/10/1911,22/07/1930,"Livro de Emplacamento. n,20. p,37",Cintia,8/10/2018
186,186-304,"303,8",alameda barão de piracicaba,46,46,16/05/1908,17/10/1911,"Livro de Emplacamento. n,20. p,37",Cintia,8/10/2018
186,186-304,"303,8",alameda barão de piracicaba,34,34,15/05/1908,15/05/1908,"Livro de Emplacamento. n,20. p,37",Cintia,8/10/2018
186,186-914,"914,8",alameda barão de piracicaba,914,914,19/09/1935,,"Livro de Emplacamento. n,20. p,37",Cintia,8/10/2018
186,186-914,"914,8",alameda barão de piracicaba,100,100,23/07/1930,18/09/1935,"Livro de Emplacamento. n,20. p,37",Cintia,8/10/2018
186,186-914,"914,8",alameda barão de piracicaba,88,88,18/10/1911,22/07/1930,"Livro de Emplacamento. n,20. p,37",Cintia,8/10/2018
186,186-914,"914,8",alameda barão de piracicaba,104,104,16/05/1908,17/10/1911,"Livro de Emplacamento. n,20. p,37",Cintia,8/10/2018
186,186-914,"914,8",alameda barão de piracicaba,88,88,15/05/1908,15/05/1908,"Livro de Emplacamento. n,20. p,37",Cintia,8/10/2018
216,216-291,"291,7",rua alfredo maia,291,291,04/11/1938,,"Livro de Emplacamento. n,24. p,276",Cintia,8/10/2018
216,216-291,"291,7",rua alfredo maia,53,53,09/08/1930,04/10/1938,"Livro de Emplacamento. n,24. p,276",Cintia,8/10/2018
216,216-291,"291,7",rua alfredo maia,84,84,25/02/1911,09/07/1930,"Livro de Emplacamento. n,24. p,276",Cintia,8/10/2018
216,216-291,"291,7",rua alfredo maia,72,72,24/02/1911,24/02/1911,"Livro de Emplacamento. n,24. p,276",Cintia,8/10/2018
216,216-411,"411,6",rua alfredo maia,411,411,04/11/1938,,"Livro de Emplacamento. n,24. p,276",Cintia,8/10/2018
216,216-411,"411,6",rua alfredo maia,89,89,09/08/1930,04/10/1938,"Livro de Emplacamento. n,24. p,276",Cintia,8/10/2018
216,216-411,"411,6",rua alfredo maia,44,44,25/02/1911,09/07/1930,"Livro de Emplacamento. n,24. p,276",Cintia,8/10/2018
216,216-268,"268,4",rua alfredo maia,268,268,04/11/1938,,"Livro de Emplacamento. n,24. p,276",Cintia,8/10/2018
216,216-268,"268,4",rua alfredo maia,36,36,09/08/1930,04/10/1938,"Livro de Emplacamento. n,24. p,276",Cintia,8/10/2018
216,216-268,"268,4",rua alfredo maia,83,83,25/02/1911,09/07/1930,"Livro de Emplacamento. n,24. p,276",Cintia,8/10/2018
216,216-268,"268,4",rua alfredo maia,59,59,24/02/1911,24/02/1911,"Livro de Emplacamento. n,24. p,276",Cintia,8/10/2018
216,216-410,409,rua alfredo maia,410,410,04/11/1938,,"Livro de Emplacamento. n,24. p,276",Cintia,8/10/2018
216,216-410,409,rua alfredo maia,80,80,09/08/1930,04/10/1938,"Livro de Emplacamento. n,24. p,276",Cintia,8/10/2018
216,216-410,409,rua alfredo maia,41,41,25/02/1911,09/07/1930,"Livro de Emplacamento. n,24. p,276",Cintia,8/10/2018
216,216-410,409,rua alfredo maia,33,33,24/02/1911,24/02/1911,"Livro de Emplacamento. n,24. p,276",Cintia,8/10/2018
222,222-33,"32,8",rua conde do pinhal,33,33,20/12/1933,,"Livro de Emplacamento. n,19. p,107",Cintia,8/10/2018
222,222-33,"32,8",rua conde do pinhal,36,36,19/12/1933,19/12/1933,"Livro de Emplacamento. n,19. p,107",Cintia,8/10/2018
222,222-107,"107,1",rua conde do pinhal,107,107,20/12/1933,,"Livro de Emplacamento. n,19. p,107",Cintia,8/10/2018
222,222-107,"107,1",rua conde do pinhal,12,12,19/12/1933,19/12/1933,"Livro de Emplacamento. n,19. p,107",Cintia,8/10/2018
222,222-163,"162,8",rua conde do pinhal,162,162,20/12/1933,,"Livro de Emplacamento. n,19. p,107",Cintia,8/10/2018
222,222-163,"162,8",rua conde do pinhal,2,2A,19/12/1933,19/12/1933,"Livro de Emplacamento. n,19. p,107",Cintia,8/10/2018
222,222-8,"7,8",rua conde do pinhal,8,8,20/12/1933,,"Livro de Emplacamento. n,19. p,107",Cintia,8/10/2018
222,222-8,"7,8",rua conde do pinhal,25,25,19/12/1933,19/12/1933,"Livro de Emplacamento. n,19. p,107",Cintia,8/10/2018
222,222-102,"102,5",rua conde do pinhal,102,102,20/12/1933,,"Livro de Emplacamento. n,19. p,107",Cintia,8/10/2018
222,222-102,"102,5",rua conde do pinhal,11,11,19/12/1933,19/12/1933,"Livro de Emplacamento. n,19. p,107",Cintia,8/10/2018
227,227-24,"24,1",rua irman simpliciana,24,24,07/11/1939,,"Livro de Emplacamento. n,25. p,252",Cintia,8/10/2018
227,227-24,"24,1",rua irman simpliciana,6,6,07/10/1939,07/10/1939,"Livro de Emplacamento. n,25. p,252",Cintia,8/10/2018
227,227-78,"77,3",rua irman simpliciana,78,78,07/11/1939,,"Livro de Emplacamento. n,25. p,252",Cintia,8/10/2018
227,227-78,"77,3",rua irman simpliciana,22,22,07/10/1939,07/10/1939,"Livro de Emplacamento. n,25. p,252",Cintia,8/10/2018
227,227-156,"155,7",rua irman simpliciana,156,156,07/11/1939,,"Livro de Emplacamento. n,25. p,252",Cintia,8/10/2018
227,227-156,"155,7",rua irman simpliciana,56,56,07/10/1939,07/10/1939,"Livro de Emplacamento. n,25. p,252",Cintia,8/10/2018
227,227-19,"18,7",rua irman simpliciana,19,19,07/11/1939,,"Livro de Emplacamento. n,25. p,252",Cintia,8/10/2018
227,227-19,"18,7",rua irman simpliciana,15,15,07/10/1939,07/10/1939,"Livro de Emplacamento. n,25. p,252",Cintia,8/10/2018
227,227-39,"39,9",rua irman simpliciana,39,39,07/11/1939,,"Livro de Emplacamento. n,25. p,252",Cintia,8/10/2018
227,227-39,"39,9",rua irman simpliciana,"17,1",17B,07/10/1939,07/10/1939,"Livro de Emplacamento. n,25. p,252",Cintia,8/10/2018
220,220-39,"38,6",rua brigadeiro tobias,39,39,09/03/1936,,"Livro de Emplacamento. n,21. p,275",Cintia,8/10/2018
220,220-39,"38,6",rua brigadeiro tobias,1,1,02/08/1909,09/02/1936,"Livro de Emplacamento. n,21. p,275",Cintia,8/10/2018
220,220-463,"462,6",rua brigadeiro tobias,463,463,09/03/1936,,"Livro de Emplacamento. n,21. p,275",Cintia,8/10/2018
220,220-463,"462,6",rua brigadeiro tobias,47,47,02/08/1909,09/02/1936,"Livro de Emplacamento. n,21. p,275",Cintia,8/10/2018
220,220-809,"808,4",rua brigadeiro tobias,809,809,09/03/1936,,"Livro de Emplacamento. n,21. p,276",Cintia,8/10/2018
220,220-809,"808,4",rua brigadeiro tobias,105,105,02/08/1909,09/02/1936,"Livro de Emplacamento. n,21. p,275",Cintia,8/10/2018
220,220-12,"12,3",rua brigadeiro tobias,12,12,09/03/1936,,"Livro de Emplacamento. n,21. p,277",Cintia,8/10/2018
220,220-12,"12,3",rua brigadeiro tobias,6,6,02/08/1909,09/02/1936,"Livro de Emplacamento. n,21. p,277",Cintia,8/10/2018
220,220-12,"12,3",rua brigadeiro tobias,8,8,02/07/1909,02/07/1909,"Livro de Emplacamento. n,21. p,277",Cintia,8/10/2018
220,220-366,"366,5",rua brigadeiro tobias,366,366,09/03/1936,,"Livro de Emplacamento. n,21. p,277",Cintia,8/10/2018
220,220-366,"366,5",rua brigadeiro tobias,70,70,02/08/1909,09/02/1936,"Livro de Emplacamento. n,21. p,277",Cintia,8/10/2018
220,220-366,"366,5",rua brigadeiro tobias,68,68,02/07/1909,02/07/1909,"Livro de Emplacamento. n,21. p,277",Cintia,8/10/2018
220,220-792,"792,7",rua brigadeiro tobias,792,792,09/03/1936,,"Livro de Emplacamento. n,21. p,277",Cintia,8/10/2018
220,220-792,"792,7",rua brigadeiro tobias,146,149,09/02/1936,09/02/1936,"Livro de Emplacamento. n,21. p,277",Cintia,8/10/2018
220,220-776,767,rua brigadeiro tobias,776,776,09/03/1936,,"Livro de Emplacamento. n,21. p,277",Cintia,8/10/2018
220,220-776,767,rua brigadeiro tobias,128,128,02/08/1909,09/02/1936,"Livro de Emplacamento. n,21. p,277",Cintia,8/10/2018
262,262-12,"13,1",rua itariry,12,12,18/04/1937,,"Livro de Emplacamento. n,22. p,188",Cintia,8/10/2018
262,262-12,"13,1",rua itariry,2,2,14/06/1917,17/04/1937,"Livro de Emplacamento. n,22. p,188",Cintia,8/10/2018
262,262-100,99,rua itariry,100,100,18/04/1937,,"Livro de Emplacamento. n,22. p,188",Cintia,8/10/2018
262,262-100,99,rua itariry,26,26,14/06/1917,17/04/1937,"Livro de Emplacamento. n,22. p,188",Cintia,8/10/2018
262,262-242,"242,1",rua itariry,242,242,18/04/1937,,"Livro de Emplacamento. n,22. p,188",Cintia,8/10/2018
262,262-242,"242,1",rua itariry,62,62,14/06/1917,17/04/1937,"Livro de Emplacamento. n,22. p,188",Cintia,8/10/2018
262,262-17,"17,1",rua itariry,17,17,18/04/1937,,"Livro de Emplacamento. n,22. p,188",Cintia,8/10/2018
262,262-17,"17,1",rua itariry,1,1,14/06/1917,17/04/1937,"Livro de Emplacamento. n,22. p,188",Cintia,8/10/2018
262,262-129,"128,5",rua itariry,129,129,18/04/1937,,"Livro de Emplacamento. n,22. p,188",Cintia,8/10/2018
262,262-129,"128,5",rua itariry,25,25,14/06/1917,17/04/1937,"Livro de Emplacamento. n,22. p,188",Cintia,8/10/2018
262,262-213,"214,1",rua itariry,213,213,18/04/1937,,"Livro de Emplacamento. n,22. p,188",Cintia,8/10/2018
262,262-213,"214,1",rua itariry,61,61,14/06/1917,17/04/1937,"Livro de Emplacamento. n,22. p,188",Cintia,8/10/2018
262,262-213,"214,1",rua itariry,57,57,13/06/1917,13/06/1917,"Livro de Emplacamento. n,22. p,188",Cintia,8/10/2018
263,263-39,"38,3",rua pasteur,39,39,22/07/1938,,"Livro de Emplacamento. n,25. p,35",Cintia,8/10/2018
263,263-39,"38,3",rua pasteur,3,3,06/08/1917,21/07/1938,"Livro de Emplacamento. n,25. p,35",Cintia,8/10/2018
263,263-53,"51,8",rua pasteur,53,53,22/07/1938,,"Livro de Emplacamento. n,25. p,35",Cintia,8/10/2018
263,263-53,"51,8",rua pasteur,11,11,06/08/1917,21/07/1938,"Livro de Emplacamento. n,25. p,35",Cintia,8/10/2018
263,263-169,"168,8",rua pasteur,169,169,22/07/1938,,"Livro de Emplacamento. n,25. p,35",Cintia,8/10/2018
263,263-169,"168,8",rua pasteur,25,25,06/08/1917,21/07/1938,"Livro de Emplacamento. n,25. p,35",Cintia,8/10/2018
273,273-13,"13,6",rua paganini,13,13,22/07/1938,,"Livro de Emplacamento. n,25. p,59",Cintia,8/10/2018
273,273-13,"13,6",rua paganini,1,1,21/07/1938,21/07/1938,"Livro de Emplacamento. n,25. p,59",Cintia,8/10/2018
273,273-135,"135,6",rua paganini,135,135,22/07/1938,,"Livro de Emplacamento. n,25. p,59",Cintia,8/10/2018
273,273-135,"135,6",rua paganini,23,23,21/07/1938,21/07/1938,"Livro de Emplacamento. n,25. p,59",Cintia,8/10/2018
273,273-193,"193,8",rua paganini,193,193,22/07/1938,,"Livro de Emplacamento. n,25. p,59",Cintia,8/10/2018
273,273-193,"193,8",rua paganini,35,35,21/07/1938,21/07/1938,"Livro de Emplacamento. n,25. p,59",Cintia,8/10/2018
273,273-16,"16,1",rua paganini,16,16,22/07/1938,,"Livro de Emplacamento. n,25. p,59",Cintia,8/10/2018
273,273-16,"16,1",rua paganini,2,2,21/07/1938,21/07/1938,"Livro de Emplacamento. n,25. p,59",Cintia,8/10/2018
273,273-60,"59,9",rua paganini,60,60,22/07/1938,,"Livro de Emplacamento. n,25. p,59",Cintia,8/10/2018
273,273-60,"59,9",rua paganini,6,6,21/07/1938,21/07/1938,"Livro de Emplacamento. n,25. p,59",Cintia,8/10/2018
273,273-148,"148,8",rua paganini,148,148,22/07/1938,,"Livro de Emplacamento. n,25. p,59",Cintia,8/10/2018
273,273-148,"148,8",rua paganini,14,14,21/07/1938,21/07/1938,"Livro de Emplacamento. n,25. p,59",Cintia,8/10/2018
277,277-29,"29,7",rua dr. ornellas,29,29,08/10/1933,,"Livro de Emplacamento. n,19. p,84",Cintia,8/10/2018
277,277-29,"29,7",rua dr. ornellas,1,1,08/09/1933,08/09/1933,"Livro de Emplacamento. n,19. p,84",Cintia,8/10/2018
227,227-127,"127,8",rua dr. ornellas,127,127,08/10/1933,,"Livro de Emplacamento. n,19. p,84",Cintia,8/10/2018
227,227-127,"127,8",rua dr. ornellas,11,11,08/09/1933,08/09/1933,"Livro de Emplacamento. n,19. p,84",Cintia,8/10/2018
227,227-46,51,rua dr. ornellas,46,46,08/10/1933,,"Livro de Emplacamento. n,19. p,84",Cintia,8/10/2018
227,227-46,51,rua dr. ornellas,2,2,08/09/1933,08/09/1933,"Livro de Emplacamento. n,19. p,84",Cintia,8/10/2018
227,227-128,"128,5",rua dr. ornellas,128,128,08/10/1933,,"Livro de Emplacamento. n,19. p,84",Cintia,8/10/2018
227,227-128,"128,5",rua dr. ornellas,12,12,08/09/1933,08/09/1933,"Livro de Emplacamento. n,19. p,84",Cintia,8/10/2018
276,276-193,"192,8",rua rodrigues dos santos,193,193,31/05/1937,,"Livro de Emplacamento. n,22. p,214",Cintia,8/10/2018
276,276-193,"192,8",rua rodrigues dos santos,5,5,31/08/1927,30/05/1937,"Livro de Emplacamento. n,22. p,214",Cintia,8/10/2018
276,276-193,"192,8",rua rodrigues dos santos,"1,3",1N,30/08/1927,30/08/1927,"Livro de Emplacamento. n,22. p,214",Cintia,8/10/2018
276,276-429,"428,9",rua rodrigues dos santos,429,429,31/05/1937,,"Livro de Emplacamento. n,22. p,214",Cintia,8/10/2018
276,276-429,"428,9",rua rodrigues dos santos,47,47,31/08/1927,30/05/1937,"Livro de Emplacamento. n,22. p,214",Cintia,8/10/2018
276,276-429,"428,9",rua rodrigues dos santos,39,39,10/06/1908,30/08/1927,"Livro de Emplacamento. n,22. p,214",Cintia,8/10/2018
276,276-429,"428,9",rua rodrigues dos santos,17,17,10/05/1908,10/05/1908,"Livro de Emplacamento. n,22. p,214",Cintia,8/10/2018
276,276-821,"820,9",rua rodrigues dos santos,821,821,31/05/1937,,"Livro de Emplacamento. n,22. p,214",Cintia,8/10/2018
276,276-821,"820,9",rua rodrigues dos santos,113,113,31/08/1927,30/05/1937,"Livro de Emplacamento. n,22. p,214",Cintia,8/10/2018
276,276-821,"820,9",rua rodrigues dos santos,105,105,30/08/1927,30/08/1927,"Livro de Emplacamento. n,22. p,214",Cintia,8/10/2018
276,276-6,6,rua rodrigues dos santos,6,6,31/05/1937,,"Livro de Emplacamento. n,22. p,215",Cintia,8/10/2018
276,276-6,6,rua rodrigues dos santos,2,2,10/06/1908,30/05/1937,"Livro de Emplacamento. n,22. p,215",Cintia,8/10/2018
276,276-436,"436,4",rua rodrigues dos santos,436,436,31/05/1937,,"Livro de Emplacamento. n,22. p,215",Cintia,8/10/2018
276,276-436,"436,4",rua rodrigues dos santos,66,66,31/08/1927,30/05/1937,"Livro de Emplacamento. n,22. p,215",Cintia,8/10/2018
276,276-436,"436,4",rua rodrigues dos santos,60,60,10/06/1908,30/08/1927,"Livro de Emplacamento. n,22. p,215",Cintia,8/10/2018
276,276-768,"768,6",rua rodrigues dos santos,768,768,31/05/1937,,"Livro de Emplacamento. n,22. p,216",Cintia,8/10/2018
276,276-768,"768,6",rua rodrigues dos santos,150,150,31/08/1927,30/05/1937,"Livro de Emplacamento. n,22. p,216",Cintia,8/10/2018
276,276-768,"768,6",rua rodrigues dos santos,128,128,24/09/1924,30/08/1927,"Livro de Emplacamento. n,22. p,216",Cintia,8/10/2018
276,276-768,"768,6",rua rodrigues dos santos,110,110,10/06/1908,23/09/1924,"Livro de Emplacamento. n,22. p,216",Cintia,8/10/2018
276,276-768,"768,6",rua rodrigues dos santos,100,100 tinta,10/05/1908,10/05/1908,"Livro de Emplacamento. n,22. p,216",Cintia,8/10/2018
266,266-20,"20,5",rua thiers,20,20,19/05/1937,,"Livro de Emplacamento. n,22. p,123. n,28. p,101",Cintia,8/10/2018
266,266-20,"20,5",rua thiers,2,2,06/01/1920,18/05/1937,"Livro de Emplacamento. n,22. p,123. n,28. p,101",Cintia,8/10/2018
226,266-106,"105,6",rua thiers,106,106,19/05/1937,,"Livro de Emplacamento. n,22. p,123. n,28. p,101",Cintia,8/10/2018
226,266-106,"105,6",rua thiers,30,30,06/01/1920,18/05/1937,"Livro de Emplacamento. n,22. p,123. n,28. p,101",Cintia,8/10/2018
226,266-106,"105,6",rua thiers,28,28,31/05/1920,31/05/1920,"Livro de Emplacamento. n,22. p,123. n,28. p,101",Cintia,8/10/2018
226,226-47,"46,8",rua thiers,47,47,19/05/1937,,"Livro de Emplacamento. n,22. p,124. n,28. p,101",Cintia,8/10/2018
226,226-47,"46,8",rua thiers,3,3,06/01/1920,18/05/1937,"Livro de Emplacamento. n,22. p,124. n,28. p,101",Cintia,8/10/2018
226,226-107,"106,2",rua thiers,107,107,19/05/1937,,"Livro de Emplacamento. n,22. p,124. n,28. p,101",Cintia,8/10/2018
226,226-107,"106,2",rua thiers,21,21,06/01/1920,18/05/1937,"Livro de Emplacamento. n,22. p,125. n,28. p,101",Cintia,8/10/2018
275,275-92,"91,7",rua rio bonito,92,92,30/01/1942,,"Livro de Emplacamento. n,28. p,144",Cintia,8/10/2018
275,275-92,"91,7",rua rio bonito,12,12,06/12/1927,29/01/1942,"Livro de Emplacamento. n,28. p,144",Cintia,8/10/2018
275,275-92,"91,7",rua rio bonito,10,10,04/07/1917,06/11/1927,"Livro de Emplacamento. n,28. p,144",Cintia,8/10/2018
275,275-613,"613,9",rua rio bonito,613,613,30/01/1942,,"Livro de Emplacamento. n,28. p,144",Cintia,8/10/2018
275,275-613,"613,9",rua rio bonito,95,95,06/12/1927,29/01/1942,"Livro de Emplacamento. n,28. p,144",Cintia,8/10/2018
275,275-613,"613,9",rua rio bonito,81,81,23/12/1921,06/11/1927,"Livro de Emplacamento. n,28. p,144",Cintia,8/10/2018
275,275-613,"613,9",rua rio bonito,53,53,04/07/1917,22/12/1921,"Livro de Emplacamento. n,28. p,144",Cintia,8/10/2018
275,275-67,"67,7",rua rio bonito,67,67,30/01/1942,,"Livro de Emplacamento. n,28. p,144",Cintia,8/10/2018
275,275-67,"67,7",rua rio bonito,7,7,04/07/1917,29/01/1942,"Livro de Emplacamento. n,28. p,144",Cintia,8/10/2018
275,275-616,"615,6",rua rio bonito,616,616,30/01/1942,,"Livro de Emplacamento. n,28. p,144",Cintia,8/10/2018
275,275-616,"615,6",rua rio bonito,114,114,06/12/1927,29/01/1942,"Livro de Emplacamento. n,28. p,144",Cintia,8/10/2018
275,275-616,"615,6",rua rio bonito,104,104,29/09/1922,06/11/1927,"Livro de Emplacamento. n,28. p,144",Cintia,8/10/2018
275,275-616,"615,6",rua rio bonito,82,82,28/09/1922,28/09/1922,"Livro de Emplacamento. n,28. p,144",Cintia,8/10/2018
284,284-24,"24,5",rua capitão mor passos,24,24,16/09/1938,,"Livro de Emplacamento. n,26. p,103",Cintia,8/10/2018
284,284-24,"24,5",rua capitão mor passos,6,6,15/09/1938,15/09/1938,"Livro de Emplacamento. n,26. p,103",Cintia,8/10/2018
284,284-51,50,rua capitão mor passos,51,51,16/09/1938,,"Livro de Emplacamento. n,26. p,104",Cintia,8/10/2018
284,284-51,50,rua capitão mor passos,3,3 Ta,15/09/1938,15/09/1938,"Livro de Emplacamento. n,26. p,104",Cintia,8/10/2018
283,283-15,"15,7",rua dr. pacheco e silva,15,15,07/05/1938,,"Livro de Emplacamento. n,24. p,398",Cintia,8/10/2018
283,283-15,"15,7",rua dr. pacheco e silva,1,1,15/08/1929,07/04/1938,"Livro de Emplacamento. n,24. p,398",Cintia,8/10/2018
283,283-211,"211,4",rua dr. pacheco e silva,211,211,07/05/1938,,"Livro de Emplacamento. n,24. p,398",Cintia,8/10/2018
283,283-211,"211,4",rua dr. pacheco e silva,"19,1",19 Sob,15/08/1929,07/04/1938,"Livro de Emplacamento. n,24. p,398",Cintia,8/10/2018
283,283-44,"43,2",rua dr. pacheco e silva,44,44,07/05/1938,,"Livro de Emplacamento. n,24. p,398",Cintia,8/10/2018
283,283-44,"43,2",rua dr. pacheco e silva,2,2,15/08/1929,07/04/1938,"Livro de Emplacamento. n,24. p,398",Cintia,8/10/2018
283,283-44,"43,2",rua dr. pacheco e silva,206,206,07/05/1938,,"Livro de Emplacamento. n,24. p,398",Cintia,8/10/2018
283,283-44,"43,2",rua dr. pacheco e silva,22,22,15/08/1929,07/04/1938,"Livro de Emplacamento. n,24. p,398",Cintia,8/10/2018
285,285-53,"52,7",rua coronel moraes,53,53,19/10/1935,,"Livro de Emplacamento. n,20. p,106",Cintia,8/10/2018
285,285-53,"52,7",rua coronel moraes,7,7,17/05/1929,18/10/1935,"Livro de Emplacamento. n,20. p,106",Cintia,8/10/2018
285,285-53,"52,7",rua coronel moraes,1,1,18/05/1927,16/05/1929,"Livro de Emplacamento. n,20. p,106",Cintia,8/10/2018
285,285-53,"52,7",rua coronel moraes,3,3,17/05/1927,17/05/1927,"Livro de Emplacamento. n,20. p,106",Cintia,8/10/2018
285,285-317,"316,5",rua coronel moraes,317,317,19/10/1935,,"Livro de Emplacamento. n,20. p,106",Cintia,8/10/2018
285,285-317,"316,5",rua coronel moraes,59,59,17/05/1929,18/10/1935,"Livro de Emplacamento. n,20. p,106",Cintia,8/10/2018
285,285-317,"316,5",rua coronel moraes,53,53,18/05/1927,16/05/1929,"Livro de Emplacamento. n,20. p,106",Cintia,8/10/2018
285,285-317,"316,5",rua coronel moraes,57,57 tinta,17/05/1927,17/05/1927,"Livro de Emplacamento. n,20. p,106",Cintia,8/10/2018
285,285-587,587,rua coronel moraes,587,587,19/10/1935,,"Livro de Emplacamento. n,20. p,106",Cintia,8/10/2018
285,285-587,587,rua coronel moraes,115,115,18/10/1935,18/10/1935,"Livro de Emplacamento. n,20. p,106",Cintia,8/10/2018
285,285-553,"552,3",rua coronel moraes,553,553,19/10/1935,,"Livro de Emplacamento. n,20. p,106",Cintia,8/10/2018
285,285-553,"552,3",rua coronel moraes,111,111,17/05/1929,18/10/1935,"Livro de Emplacamento. n,20. p,106",Cintia,8/10/2018
285,285-553,"552,3",rua coronel moraes,89,89,16/05/1929,16/05/1929,"Livro de Emplacamento. n,20. p,106",Cintia,8/10/2018
285,285-489,"489,6",rua coronel moraes,489,489,19/10/1935,,"Livro de Emplacamento. n,20. p,106",Cintia,8/10/2018
285,285-489,"489,6",rua coronel moraes,101,101,17/05/1929,18/10/1935,"Livro de Emplacamento. n,20. p,106",Cintia,8/10/2018
285,285-489,"489,6",rua coronel moraes,83,83,18/05/1927,16/05/1929,"Livro de Emplacamento. n,20. p,106",Cintia,8/10/2018
285,285-50,50,rua coronel moraes,50,50,19/10/1935,,"Livro de Emplacamento. n,20. p,106",Cintia,8/10/2018
285,285-50,50,rua coronel moraes,4,4,17/05/1929,18/10/1935,"Livro de Emplacamento. n,20. p,106",Cintia,8/10/2018
285,285-50,50,rua coronel moraes,2,2,18/05/1927,16/05/1929,"Livro de Emplacamento. n,20. p,106",Cintia,8/10/2018
285,285-354,"353,3",rua coronel moraes,354,354,19/10/1935,,"Livro de Emplacamento. n,20. p,106",Cintia,8/10/2018
285,285-354,"353,3",rua coronel moraes,68,68,17/05/1929,18/10/1935,"Livro de Emplacamento. n,20. p,106",Cintia,8/10/2018
285,285-354,"353,3",rua coronel moraes,54,54,18/05/1927,16/05/1929,"Livro de Emplacamento. n,20. p,106",Cintia,8/10/2018
285,285-538,"537,6",rua coronel moraes,538,538,19/10/1935,,"Livro de Emplacamento. n,20. p,106",Cintia,8/10/2018
285,285-538,"537,6",rua coronel moraes,112,112,17/05/1929,18/10/1935,"Livro de Emplacamento. n,20. p,106",Cintia,8/10/2018
285,285-538,"537,6",rua coronel moraes,82,82,16/05/1929,16/05/1929,"Livro de Emplacamento. n,20. p,106",Cintia,8/10/2018
278,278-16,16,rua barão de ladario,16,16,21/06/1937,,"Livro de Emplacamento. n,22. p,259",Cintia,8/10/2018
278,278-16,16,rua barão de ladario,2,2,27/04/1928,20/06/1937,"Livro de Emplacamento. n,22. p,259",Cintia,8/10/2018
278,278-326,"325,4",rua barão de ladario,326,326,21/06/1937,,"Livro de Emplacamento. n,22. p,259",Cintia,8/10/2018
278,278-326,"325,4",rua barão de ladario,78,78,24/09/1908,20/06/1937,"Livro de Emplacamento. n,22. p,259",Cintia,8/10/2018
278,278-876,"876,3",rua barão de ladario,876,876,21/06/1937,,"Livro de Emplacamento. n,22. p,259",Cintia,8/10/2018
278,278-876,"876,3",rua barão de ladario,188,188,27/04/1928,20/06/1937,"Livro de Emplacamento. n,22. p,259",Cintia,8/10/2018
278,278-876,"876,3",rua barão de ladario,178,178,13/03/1917,26/04/1928,"Livro de Emplacamento. n,22. p,259",Cintia,8/10/2018
278,278-876,"876,3",rua barão de ladario,154,154,24/09/1908,03/12/1917,"Livro de Emplacamento. n,22. p,259",Cintia,8/10/2018
278,278-1002,"1001,2",rua barão de ladario,1002,1002,21/06/1937,,"Livro de Emplacamento. n,22. p,259",Cintia,8/10/2018
278,278-1002,"1001,2",rua barão de ladario,216,216,20/06/1937,20/06/1937,"Livro de Emplacamento. n,22. p,259",Cintia,8/10/2018
278,278-337,"336,5",rua barão de ladario,337,337,21/06/1937,,"Livro de Emplacamento. n,22. p,259",Cintia,8/10/2018
278,278-337,"336,5",rua barão de ladario,5,5,27/04/1928,20/06/1937,"Livro de Emplacamento. n,22. p,259",Cintia,8/10/2018
278,278-337,"336,5",rua barão de ladario,25,25,26/04/1928,26/04/1928,"Livro de Emplacamento. n,22. p,259",Cintia,8/10/2018
278,278-707,"708,5",rua barão de ladario,707,707,21/06/1937,,"Livro de Emplacamento. n,22. p,259",Cintia,8/10/2018
278,278-707,"708,5",rua barão de ladario,61,61,27/04/1928,20/06/1937,"Livro de Emplacamento. n,22. p,259",Cintia,8/10/2018
278,278-707,"708,5",rua barão de ladario,75,75,24/09/1908,26/04/1928,"Livro de Emplacamento. n,22. p,259",Cintia,8/10/2018
278,278-707,"708,5",rua barão de ladario,65,65,23/09/1908,23/09/1908,"Livro de Emplacamento. n,22. p,259",Cintia,8/10/2018
278,278-943,"942,4",rua barão de ladario,943,943,21/06/1937,,"Livro de Emplacamento. n,22. p,259",Cintia,8/10/2018
278,278-943,"942,4",rua barão de ladario,117,117,27/04/1928,20/06/1937,"Livro de Emplacamento. n,22. p,259",Cintia,8/10/2018
278,278-943,"942,4",rua barão de ladario,125,125,13/03/1917,26/04/1928,"Livro de Emplacamento. n,22. p,259",Cintia,8/10/2018
278,278-943,"942,4",rua barão de ladario,121,121,25/09/1911,03/12/1917,"Livro de Emplacamento. n,22. p,259",Cintia,8/10/2018
315,315-57,"56,3",rua joaquim gustavo,57,57,14/09/1935,,"Livro de Emplacamento. n,20. p,18",Cintia,8/10/2018
315,315-57,"56,3",rua joaquim gustavo,3,3t,13/09/1935,13/09/1935,"Livro de Emplacamento. n,20. p,18",Cintia,8/10/2018
315,315-54,"49,7",rua joaquim gustavo,54,54,14/09/1935,,"Livro de Emplacamento. n,20. p,18",Cintia,8/10/2018
315,315-54,"49,7",rua joaquim gustavo,4,4,13/09/1935,13/09/1935,"Livro de Emplacamento. n,20. p,18",Cintia,8/10/2018
313,313-21,"20,2",rua dos gusmões,21,21,09/05/1935,,"Livro de Emplacamento. n,19. p,395",Cintia,8/10/2018
313,313-21,"20,2",rua dos gusmões,1,1,22/11/1908,09/04/1935,"Livro de Emplacamento. n,19. p,395",Cintia,8/10/2018
313,313-351,"350,3",rua dos gusmões,351,351,09/05/1935,,"Livro de Emplacamento. n,19. p,395",Cintia,8/10/2018
313,313-351,"350,3",rua dos gusmões,73,73,22/11/1908,09/04/1935,"Livro de Emplacamento. n,19. p,395",Cintia,8/10/2018
313,313-351,"350,3",rua dos gusmões,49,49,21/11/1908,21/11/1908,"Livro de Emplacamento. n,19. p,395",Cintia,8/10/2018
313,313-701,"701,2",rua dos gusmões,701,701,09/05/1935,,"Livro de Emplacamento. n,19. p,395",Cintia,8/10/2018
313,313-701,"701,2",rua dos gusmões,135,135,22/11/1908,09/04/1935,"Livro de Emplacamento. n,19. p,395",Cintia,8/10/2018
313,313-701,"701,2",rua dos gusmões,113,113,21/11/1908,21/11/1908,"Livro de Emplacamento. n,19. p,395",Cintia,8/10/2018
313,313-18,"18,8",rua dos gusmões,18,18,09/05/1935,,"Livro de Emplacamento. n,19. p,395",Cintia,8/10/2018
313,313-18,"18,8",rua dos gusmões,2,2,22/11/1908,09/04/1935,"Livro de Emplacamento. n,19. p,395",Cintia,8/10/2018
313,313-324,"323,7",rua dos gusmões,324,324,09/05/1935,,"Livro de Emplacamento. n,19. p,395",Cintia,8/10/2018
313,313-324,"323,7",rua dos gusmões,72,72,22/11/1908,09/04/1935,"Livro de Emplacamento. n,19. p,395",Cintia,8/10/2018
313,313-324,"323,7",rua dos gusmões,70,70,21/11/1908,21/11/1908,"Livro de Emplacamento. n,19. p,395",Cintia,8/10/2018
313,313-702,"701,4",rua dos gusmões,702,702,09/05/1935,,"Livro de Emplacamento. n,19. p,395",Cintia,8/10/2018
313,313-702,"701,4",rua dos gusmões,144,144,22/11/1908,09/04/1935,"Livro de Emplacamento. n,19. p,395",Cintia,8/10/2018
313,313-702,"701,4",rua dos gusmões,142,142,21/11/1908,21/11/1908,"Livro de Emplacamento. n,19. p,395",Cintia,8/10/2018
318,318-33,33,rua amador bueno,33,33,20/09/1935,,"Livro de Emplacamento. n,20. p,44",Cintia,8/10/2018
318,318-33,33,rua amador bueno,5,5,05/04/1909,19/09/1935,"Livro de Emplacamento. n,20. p,44",Cintia,8/10/2018
318,318-79,"78,5",rua amador bueno,79,79,20/09/1935,,"Livro de Emplacamento. n,20. p,44",Cintia,8/10/2018
318,318-79,"78,5",rua amador bueno,17,17,05/04/1909,19/09/1935,"Livro de Emplacamento. n,20. p,44",Cintia,8/10/2018
318,318-209,209,rua amador bueno,209,209,20/09/1935,,"Livro de Emplacamento. n,20. p,44",Cintia,8/10/2018
318,318-209,209,rua amador bueno,29,29,05/04/1909,19/09/1935,"Livro de Emplacamento. n,20. p,44",Cintia,8/10/2018
318,318-12,"11,9",rua amador bueno,12,12,20/09/1935,,"Livro de Emplacamento. n,20. p,44",Cintia,8/10/2018
318,318-12,"11,9",rua amador bueno,2,2,05/04/1909,19/09/1935,"Livro de Emplacamento. n,20. p,44",Cintia,8/10/2018
318,318-80,"79,9",rua amador bueno,80,80,20/09/1935,,"Livro de Emplacamento. n,20. p,44",Cintia,8/10/2018
318,318-80,"79,9",rua amador bueno,20,20,05/04/1909,19/09/1935,"Livro de Emplacamento. n,20. p,44",Cintia,8/10/2018
318,318-224,"224,8",rua amador bueno,224,224,20/09/1935,,"Livro de Emplacamento. n,20. p,44",Cintia,8/10/2018
318,318-224,"224,8",rua amador bueno,32,32,19/09/1935,19/09/1935,"Livro de Emplacamento. n,20. p,44",Cintia,8/10/2018
317,317-25,26,rua dos tymbiras,25,25,20/10/1935,,"Livro de Emplacamento. n,20. p,44",Cintia,8/10/2018
317,317-25,26,rua dos tymbiras,1,1,01/10/1909,19/10/1935,"Livro de Emplacamento. n,20. p,44",Cintia,8/10/2018
317,317-319,"318,7",rua dos tymbiras,319,319,20/10/1935,,"Livro de Emplacamento. n,20. p,44",Cintia,8/10/2018
317,317-319,"318,7",rua dos tymbiras,19,19,01/10/1909,19/10/1935,"Livro de Emplacamento. n,20. p,44",Cintia,8/10/2018
317,317-319,"318,7",rua dos tymbiras,17,17,01/09/1909,01/09/1909,"Livro de Emplacamento. n,20. p,44",Cintia,8/10/2018
317,317-216,"216,5",rua dos tymbiras,216,216,20/10/1935,,"Livro de Emplacamento. n,20. p,44",Cintia,8/10/2018
317,317-216,"216,5",rua dos tymbiras,2,2,01/10/1909,19/10/1935,"Livro de Emplacamento. n,20. p,44",Cintia,8/10/2018
312,312-87,"87,8",rua conselheiro nebias,87,87,06/07/1934,,"Livro de Emplacamento. n,19. p,151",Cintia,8/10/2018
312,312-87,"87,8",rua conselheiro nebias,1,1,10/12/1908,06/06/1934,"Livro de Emplacamento. n,19. p,151",Cintia,8/10/2018
312,312-653,653,rua conselheiro nebias,653,653,06/07/1934,,"Livro de Emplacamento. n,19. p,151",Cintia,8/10/2018
312,312-653,653,rua conselheiro nebias,73,73,04/12/1928,06/06/1934,"Livro de Emplacamento. n,19. p,151",Cintia,8/10/2018
312,312-653,653,rua conselheiro nebias,63,63,10/12/1908,04/11/1928,"Livro de Emplacamento. n,19. p,151",Cintia,8/10/2018
312,312-1509,"1509,4",rua conselheiro nebias,1509,1509,06/07/1934,,"Livro de Emplacamento. n,19. p,151",Cintia,8/10/2018
312,312-1509,"1509,4",rua conselheiro nebias,175,175,04/12/1928,06/06/1934,"Livro de Emplacamento. n,19. p,151",Cintia,8/10/2018
312,312-1509,"1509,4",rua conselheiro nebias,167,167,10/12/1908,04/11/1928,"Livro de Emplacamento. n,19. p,151",Cintia,8/10/2018
312,312-1737,"1736,3",rua conselheiro nebias,1737,1737,06/07/1934,,"Livro de Emplacamento. n,19. p,151",Cintia,8/10/2018
312,312-1737,"1736,3",rua conselheiro nebias,181,181,04/12/1928,06/06/1934,"Livro de Emplacamento. n,19. p,151",Cintia,8/10/2018
312,312-1737,"1736,3",rua conselheiro nebias,174,174 tinta,04/11/1928,04/11/1928,"Livro de Emplacamento. n,19. p,151",Cintia,8/10/2018
312,312-66,66,rua conselheiro nebias,66,66,06/07/1934,,"Livro de Emplacamento. n,19. p,151",Cintia,8/10/2018
312,312-66,66,rua conselheiro nebias,2,2,10/12/1908,06/06/1934,"Livro de Emplacamento. n,19. p,151",Cintia,8/10/2018
312,312-436,436,rua conselheiro nebias,436,436,06/07/1934,,"Livro de Emplacamento. n,19. p,151",Cintia,8/10/2018
312,312-436,436,rua conselheiro nebias,74,74,04/12/1928,06/06/1934,"Livro de Emplacamento. n,19. p,151",Cintia,8/10/2018
312,312-436,436,rua conselheiro nebias,68,68,10/12/1908,04/11/1928,"Livro de Emplacamento. n,19. p,151",Cintia,8/10/2018
312,312-1328,"1328,5",rua conselheiro nebias,1328,1328,06/07/1934,,"Livro de Emplacamento. n,19. p,151",Cintia,8/10/2018
312,312-1328,"1328,5",rua conselheiro nebias,168,168,04/12/1928,06/06/1934,"Livro de Emplacamento. n,19. p,151",Cintia,8/10/2018
312,312-1328,"1328,5",rua conselheiro nebias,156,156,10/12/1908,04/11/1928,"Livro de Emplacamento. n,19. p,151",Cintia,8/10/2018
312,312-1328,"1328,5",rua conselheiro nebias,132,132,12/09/1908,12/09/1908,"Livro de Emplacamento. n,19. p,151",Cintia,8/10/2018
312,312-1740,"1739,1",rua conselheiro nebias,1740,1740,06/07/1934,,"Livro de Emplacamento. n,19. p,151",Cintia,8/10/2018
312,312-1740,"1739,1",rua conselheiro nebias,212,212,04/12/1928,06/06/1934,"Livro de Emplacamento. n,19. p,151",Cintia,8/10/2018
312,312-1740,"1739,1",rua conselheiro nebias,200,200 tinta,04/11/1928,04/11/1928,"Livro de Emplacamento. n,19. p,151",Cintia,8/10/2018
323,323-29,"29,2",rua cel. baptista de luz,29,29,23/07/1936,,"Livro de Emplacamento. n,21. p,190",Cintia,8/10/2018
323,323-29,"29,2",rua cel. baptista de luz,1,1,22/07/1936,22/07/1936,"Livro de Emplacamento. n,21. p,190",Cintia,8/10/2018
323,323-67,67,rua cel. baptista de luz,67,67,23/07/1936,,"Livro de Emplacamento. n,21. p,190",Cintia,8/10/2018
323,323-42,42,rua cel. baptista de luz,42,42,23/07/1936,,"Livro de Emplacamento. n,21. p,190",Cintia,8/10/2018
323,323-42,42,rua cel. baptista de luz,2,2,22/07/1936,22/07/1936,"Livro de Emplacamento. n,21. p,190",Cintia,8/10/2018
323,323-64,"64,6",rua cel. baptista de luz,64,64,23/07/1936,,"Livro de Emplacamento. n,21. p,190",Cintia,8/10/2018
324,324-23,"24,1",rua capitão mor jeronymo leitao,23,23,25/05/1936,,"Livro de Emplacamento. n,21. p,134",Cintia,8/10/2018
324,324-23,"24,1",rua capitão mor jeronymo leitao,2,2 at,24/05/1936,24/05/1936,"Livro de Emplacamento. n,21. p,134",Cintia,8/10/2018
324,324-141,"140,8",rua capitão mor jeronymo leitao,141,141,25/05/1936,,"Livro de Emplacamento. n,21. p,134",Cintia,8/10/2018
324,324-141,"140,8",rua capitão mor jeronymo leitao,36,36,24/05/1936,24/05/1936,"Livro de Emplacamento. n,21. p,134",Cintia,8/10/2018
324,324-74,"74,2",rua capitão mor jeronymo leitao,74,74,25/05/1936,,"Livro de Emplacamento. n,21. p,134",Cintia,8/10/2018
324,324-142,"142,9",rua capitão mor jeronymo leitao,142,142,25/05/1936,,"Livro de Emplacamento. n,21. p,134",Cintia,8/10/2018
324,324-142,"142,9",rua capitão mor jeronymo leitao,1,1,24/05/1936,24/05/1936,"Livro de Emplacamento. n,21. p,134",Cintia,8/10/2018
336,336-35,"34,5",rua miguel carlos,35,35,18/06/1936,,"Livro de Emplacamento. n,21. p,170",Cintia,8/10/2018
336,336-35,"34,5",rua miguel carlos,1,1,17/06/1936,17/06/1936,"Livro de Emplacamento. n,21. p,170",Cintia,8/10/2018
336,336-125,"124,4",rua miguel carlos,125,125,18/06/1936,,"Livro de Emplacamento. n,21. p,170",Cintia,8/10/2018
336,336-125,"124,4",rua miguel carlos,19,19,17/06/1936,17/06/1936,"Livro de Emplacamento. n,21. p,170",Cintia,8/10/2018
336,336-44,"45,2",rua miguel carlos,44,44,18/06/1936,,"Livro de Emplacamento. n,21. p,170",Cintia,8/10/2018
336,336-44,"45,2",rua miguel carlos,2,2,17/06/1936,17/06/1936,"Livro de Emplacamento. n,21. p,170",Cintia,8/10/2018
336,336-132,"131,6",rua miguel carlos,132,132,18/06/1936,,"Livro de Emplacamento. n,21. p,170",Cintia,8/10/2018
336,336-132,"131,6",rua miguel carlos,20,20,17/06/1936,17/06/1936,"Livro de Emplacamento. n,21. p,170",Cintia,8/10/2018
346,346-12,"11,9",rua dos clerigos,12,12,31/05/1937,,"Livro de Emplacamento. n,22. p,199",Cintia,8/10/2018
346,346-12,"11,9",rua dos clerigos,2,2,30/05/1937,30/05/1937,"Livro de Emplacamento. n,22. p,199",Cintia,8/10/2018
346,346-82,"82,2",rua dos clerigos,82,82,31/05/1937,,"Livro de Emplacamento. n,22. p,199",Cintia,8/10/2018
346,346-82,"82,2",rua dos clerigos,22,22,30/05/1937,30/05/1937,"Livro de Emplacamento. n,22. p,199",Cintia,8/10/2018
346,346-23,"24,4",rua dos clerigos,23,23,31/05/1937,,"Livro de Emplacamento. n,22. p,199",Cintia,8/10/2018
346,346-23,"24,4",rua dos clerigos,1,1,30/05/1937,30/05/1937,"Livro de Emplacamento. n,22. p,199",Cintia,8/10/2018
346,346-83,83,rua dos clerigos,83,83,31/05/1937,,"Livro de Emplacamento. n,22. p,199",Cintia,8/10/2018
346,346-83,83,rua dos clerigos,7,7,30/05/1937,30/05/1937,"Livro de Emplacamento. n,22. p,199",Cintia,8/10/2018
352,352-161,"161,2",rua vinte e cinco de janeiro,161,161,07/05/1938,,"Livro de Emplacamento. n,24. p,399",Cintia,8/10/2018
352,352-339,"339,3",rua vinte e cinco de janeiro,339,339,07/05/1938,,"Livro de Emplacamento. n,24. p,399",Cintia,8/10/2018
352,352-34,"33,8",rua vinte e cinco de janeiro,34,34,07/05/1938,,"Livro de Emplacamento. n,24. p,399",Cintia,8/10/2018
352,352-342,"342,5",rua vinte e cinco de janeiro,342,342,07/05/1938,,"Livro de Emplacamento. n,24. p,399",Cintia,8/10/2018
353,353-1,"1,3",rua luiz de camões,1,1,29/03/1933,,"Livro de Emplacamento. n,19. p,96",Cintia,8/10/2018
353,353-1,"1,3",rua luiz de camões,3,3,28/03/1933,28/03/1933,"Livro de Emplacamento. n,19. p,96",Cintia,8/10/2018
353,353-43,42,rua luiz de camões,43,43,29/03/1933,,"Livro de Emplacamento. n,19. p,96",Cintia,8/10/2018
353,353-43,42,rua luiz de camões,7,7,28/03/1933,28/03/1933,"Livro de Emplacamento. n,19. p,96",Cintia,8/10/2018
353,353-32,33,rua luiz de camões,32,32,29/03/1933,,"Livro de Emplacamento. n,19. p,96",Cintia,8/10/2018
353,353-32,33,rua luiz de camões,8,8,28/03/1933,28/03/1933,"Livro de Emplacamento. n,19. p,96",Cintia,8/10/2018
353,353-74,"74,9",rua luiz de camões,74,74,29/03/1933,,"Livro de Emplacamento. n,19. p,96",Cintia,8/10/2018
353,353-74,"74,9",rua luiz de camões,20,20 T,28/03/1933,28/03/1933,"Livro de Emplacamento. n,19. p,96",Cintia,8/10/2018
345,345-27,"27,7",rua possidonio ignacio,27,27,27/07/1936,,"Livro de Emplacamento. n,21. p,199",Cintia,8/10/2018
345,345-27,"27,7",rua possidonio ignacio,1,1,14/05/1929,26/07/1936,"Livro de Emplacamento. n,21. p,199",Cintia,8/10/2018
345,345-27,"27,7",rua possidonio ignacio,9,9,13/05/1929,13/05/1929,"Livro de Emplacamento. n,21. p,199",Cintia,8/10/2018
345,345-83,"83,1",rua possidonio ignacio,83,83,27/07/1936,,"Livro de Emplacamento. n,21. p,199",Cintia,8/10/2018
345,345-83,"83,1",rua possidonio ignacio,27,27,14/05/1929,26/07/1936,"Livro de Emplacamento. n,21. p,199",Cintia,8/10/2018
345,345-83,"83,1",rua possidonio ignacio,37,37,13/05/1929,13/05/1929,"Livro de Emplacamento. n,21. p,199",Cintia,8/10/2018
345,345-163,"162,4",rua possidonio ignacio,163,163,27/07/1936,,"Livro de Emplacamento. n,21. p,199",Cintia,8/10/2018
345,345-163,"162,4",rua possidonio ignacio,59,59,14/05/1929,26/07/1936,"Livro de Emplacamento. n,21. p,199",Cintia,8/10/2018
345,345-163,"162,4",rua possidonio ignacio,69,69,13/05/1929,13/05/1929,"Livro de Emplacamento. n,21. p,199",Cintia,8/10/2018
345,345-20,"20,9",rua possidonio ignacio,20,20,27/07/1936,,"Livro de Emplacamento. n,21. p,200",Cintia,8/10/2018
345,345-20,"20,9",rua possidonio ignacio,2,2 sob,14/05/1929,26/07/1936,"Livro de Emplacamento. n,21. p,200",Cintia,8/10/2018
345,345-60,"59,8",rua possidonio ignacio,60,60,27/07/1936,,"Livro de Emplacamento. n,21. p,200",Cintia,8/10/2018
345,345-60,"59,8",rua possidonio ignacio,16,16,14/05/1929,26/07/1936,"Livro de Emplacamento. n,21. p,200",Cintia,8/10/2018
345,345-132,"132,5",rua possidonio ignacio,132,132,27/07/1936,,"Livro de Emplacamento. n,21. p,200",Cintia,8/10/2018
345,345-132,"132,5",rua possidonio ignacio,34,34,14/05/1929,26/07/1936,"Livro de Emplacamento. n,21. p,200",Cintia,8/10/2018
339,339-22,"21,6",rua pagé,22,22,20/12/1939,,"Livro de Emplacamento. n,26. p,367",Cintia,8/10/2018
339,339-22,"21,6",rua pagé,2,2,06/08/1928,19/12/1939,"Livro de Emplacamento. n,26. p,367",Cintia,8/10/2018
339,339-126,"125,7",rua pagé,126,126,20/12/1939,,"Livro de Emplacamento. n,26. p,367",Cintia,8/10/2018
339,339-126,"125,7",rua pagé,16,16,06/08/1928,19/12/1939,"Livro de Emplacamento. n,26. p,367",Cintia,8/10/2018
339,339-126,"125,7",rua pagé,14,14,06/07/1928,06/07/1928,"Livro de Emplacamento. n,26. p,367",Cintia,8/10/2018
339,339-198,"198,2",rua pagé,198,198,20/12/1939,,"Livro de Emplacamento. n,26. p,367",Cintia,8/10/2018
339,339-198,"198,2",rua pagé,24,24,19/12/1939,19/12/1939,"Livro de Emplacamento. n,26. p,367",Cintia,8/10/2018
339,339-23,"22,9",rua pagé,23,23,20/12/1939,,"Livro de Emplacamento. n,26. p,367",Cintia,8/10/2018
339,339-23,"22,9",rua pagé,1,1,06/08/1928,19/12/1939,"Livro de Emplacamento. n,26. p,367",Cintia,8/10/2018
339,339-67,67,rua pagé,67,67,20/12/1939,,"Livro de Emplacamento. n,26. p,367",Cintia,8/10/2018
339,339-67,67,rua pagé,"13,1",13 E/S,06/08/1928,19/12/1939,"Livro de Emplacamento. n,26. p,367",Cintia,8/10/2018
339,339-67,67,rua pagé,"11,1",11 E/S,06/07/1928,06/07/1928,"Livro de Emplacamento. n,26. p,367",Cintia,8/10/2018
339,339-133,"132,1",rua pagé,133,133,20/12/1939,,"Livro de Emplacamento. n,26. p,367",Cintia,8/10/2018
339,339-133,"132,1",rua pagé,31,31,06/08/1928,19/12/1939,"Livro de Emplacamento. n,26. p,367",Cintia,8/10/2018
339,339-133,"132,1",rua pagé,33,33 e/t,06/07/1928,06/07/1928,"Livro de Emplacamento. n,26. p,367",Cintia,8/10/2018
341,341-101,"101,6",rua cantareira,101,101,08/10/1933,,"Livro de Emplacamento. n,19. p,80",Cintia,8/10/2018
341,341-225,"224,7",rua cantareira,225,225,08/10/1933,,"Livro de Emplacamento. n,19. p,80",Cintia,8/10/2018
341,341-225,"224,7",rua cantareira,27,27,27/04/1928,08/09/1933,"Livro de Emplacamento. n,19. p,80",Cintia,8/10/2018
341,341-225,"224,7",rua cantareira,21,21,08/02/1907,26/04/1928,"Livro de Emplacamento. n,19. p,80",Cintia,8/10/2018
341,341-399,"399,7",rua cantareira,399,399,08/10/1933,,"Livro de Emplacamento. n,19. p,80",Cintia,8/10/2018
341,341-399,"399,7",rua cantareira,59,59,27/04/1928,08/09/1933,"Livro de Emplacamento. n,19. p,80",Cintia,8/10/2018
341,341-399,"399,7",rua cantareira,49,49,23/11/1908,26/04/1928,"Livro de Emplacamento. n,19. p,80",Cintia,8/10/2018
341,341-399,"399,7",rua cantareira,19,19,22/11/1908,22/11/1908,"Livro de Emplacamento. n,19. p,80",Cintia,8/10/2018
341,341-98,"99,2",rua cantareira,98,98,08/10/1933,,"Livro de Emplacamento. n,19. p,80",Cintia,8/10/2018
341,341-98,"99,2",rua cantareira,2,2,27/04/1928,08/09/1933,"Livro de Emplacamento. n,19. p,80",Cintia,8/10/2018
341,341-138,137,rua cantareira,138,138,08/10/1933,,"Livro de Emplacamento. n,19. p,80",Cintia,8/10/2018
341,341-138,137,rua cantareira,14,14,27/04/1928,08/09/1933,"Livro de Emplacamento. n,19. p,80",Cintia,8/10/2018
341,341-138,137,rua cantareira,12,12,26/04/1928,26/04/1928,"Livro de Emplacamento. n,19. p,80",Cintia,8/10/2018
363,363-37,"37,6",rua carlos garcia,37,37,15/04/1936,,"Livro de Empĺacamento. n,21. p,33",Cintia,8/10/2018
363,363-37,"37,6",rua carlos garcia,7,7,19/01/1909,14/04/1936,"Livro de Empĺacamento. n,21. p,33",Cintia,8/10/2018
363,363-37,"37,6",rua carlos garcia,1,1,18/01/1909,18/01/1909,"Livro de Empĺacamento. n,21. p,33",Cintia,8/10/2018
363,363-105,"104,4",rua carlos garcia,105,105,15/04/1936,,"Livro de Empĺacamento. n,21. p,33",Cintia,8/10/2018
363,363-105,"104,4",rua carlos garcia,25,25,14/10/1926,14/04/1936,"Livro de Empĺacamento. n,21. p,33",Cintia,8/10/2018
363,363-105,"104,4",rua carlos garcia,23,23,19/01/1909,13/10/1926,"Livro de Empĺacamento. n,21. p,33",Cintia,8/10/2018
363,363-105,"104,4",rua carlos garcia,5,5 tinta,18/01/1909,18/01/1909,"Livro de Empĺacamento. n,21. p,33",Cintia,8/10/2018
363,363-149,149,rua carlos garcia,149,149,15/04/1936,,"Livro de Empĺacamento. n,21. p,33",Cintia,8/10/2018
363,363-149,149,rua carlos garcia,39,39,19/01/1909,14/04/1936,"Livro de Empĺacamento. n,21. p,33",Cintia,8/10/2018
363,363-149,149,rua carlos garcia,29,29,18/01/1909,18/01/1909,"Livro de Empĺacamento. n,21. p,33",Cintia,8/10/2018
364,364-76,"75,9",rua americo brasiliense,76,76,03/02/1936,,"Livro de Emplacamento. n,20. p,392. n,1. p,46",Cintia,8/10/2018
364,364-76,"75,9",rua americo brasiliense,2,2,08/07/1908,03/01/1936,"Livro de Emplacamento. n,20. p,392. n,1. p,46",Cintia,8/10/2018
364,364-322,"321,5",rua americo brasiliense,322,322,03/02/1936,,"Livro de Emplacamento. n,20. p,392. n,1. p,46",Cintia,8/10/2018
364,364-322,"321,5",rua americo brasiliense,54,54,08/07/1908,03/01/1936,"Livro de Emplacamento. n,20. p,392. n,1. p,46",Cintia,8/10/2018
364,364-322,"321,5",rua americo brasiliense,40,40,08/06/1908,08/06/1908,"Livro de Emplacamento. n,20. p,392. n,1. p,46",Cintia,8/10/2018
364,364-624,"624,4",rua americo brasiliense,624,624,03/02/1936,,"Livro de Emplacamento. n,20. p,392. n,1. p,46",Cintia,8/10/2018
364,364-624,"624,4",rua americo brasiliense,116,116,08/07/1908,03/01/1936,"Livro de Emplacamento. n,20. p,392. n,1. p,46",Cintia,8/10/2018
364,364-624,"624,4",rua americo brasiliense,84,84,08/06/1908,08/06/1908,"Livro de Emplacamento. n,20. p,392. n,1. p,46",Cintia,8/10/2018
364,364-61,"61,1",rua americo brasiliense,61,61,03/02/1936,,"Livro de Emplacamento. n,20. p,392. n,1. p,46",Cintia,8/10/2018
364,364-61,"61,1",rua americo brasiliense,3,3,08/07/1908,03/01/1936,"Livro de Emplacamento. n,20. p,392. n,1. p,46",Cintia,8/10/2018
364,364-105,"104,5",rua americo brasiliense,105,105,03/02/1936,,"Livro de Emplacamento. n,20. p,392. n,1. p,46",Cintia,8/10/2018
364,364-105,"104,5",rua americo brasiliense,21,21,08/07/1908,03/01/1936,"Livro de Emplacamento. n,20. p,392. n,1. p,46",Cintia,8/10/2018
364,364-287,"287,9",rua americo brasiliense,287,287,03/02/1936,,"Livro de Emplacamento. n,20. p,392. n,1. p,46",Cintia,8/10/2018
364,364-287,"287,9",rua americo brasiliense,39,39,03/01/1936,03/01/1936,"Livro de Emplacamento. n,20. p,392. n,1. p,46",Cintia,8/10/2018
364,364-191,"191,2",rua americo brasiliense,191,191,03/02/1936,,"Livro de Emplacamento. n,20. p,392. n,1. p,46",Cintia,8/10/2018
364,364-191,"191,2",rua americo brasiliense,37,37,05/04/1909,03/01/1936,"Livro de Emplacamento. n,20. p,392. n,1. p,46",Cintia,8/10/2018
364,364-191,"191,2",rua americo brasiliense,35,35,08/07/1908,05/03/1909,"Livro de Emplacamento. n,20. p,392. n,1. p,46",Cintia,8/10/2018
364,364-191,"191,2",rua americo brasiliense,17,17,08/06/1908,08/06/1908,"Livro de Emplacamento. n,20. p,392. n,1. p,46",Cintia,8/10/2018
365,365-41,"40,4",rua alvares de azevedo,41,41,27/04/1936,,"Livro de Emplacamento. n,21. p,83",Cintia,8/10/2018
365,365-41,"40,4",rua alvares de azevedo,1,1,18/01/1909,26/04/1936,"Livro de Emplacamento. n,21. p,83",Cintia,8/10/2018
365,365-97,"96,6",rua alvares de azevedo,97,97,27/04/1936,,"Livro de Emplacamento. n,21. p,83",Cintia,8/10/2018
365,365-97,"96,6",rua alvares de azevedo,13,13,09/08/1930,26/04/1936,"Livro de Emplacamento. n,21. p,83",Cintia,8/10/2018
365,365-97,"96,6",rua alvares de azevedo,15,15,28/09/1911,09/07/1930,"Livro de Emplacamento. n,21. p,83",Cintia,8/10/2018
365,365-97,"96,6",rua alvares de azevedo,11,11,18/01/1909,27/09/1911,"Livro de Emplacamento. n,21. p,83",Cintia,8/10/2018
365,365-255,"254,5",rua alvares de azevedo,255,255,27/04/1936,,"Livro de Emplacamento. n,21. p,83",Cintia,8/10/2018
365,365-255,"254,5",rua alvares de azevedo,21,21,09/08/1930,26/04/1936,"Livro de Emplacamento. n,21. p,83",Cintia,8/10/2018
365,365-255,"254,5",rua alvares de azevedo,29,29,18/01/1909,09/07/1930,"Livro de Emplacamento. n,21. p,83",Cintia,8/10/2018
365,365-42,"41,1",rua alvares de azevedo,42,42,27/04/1936,,"Livro de Emplacamento. n,21. p,83",Cintia,8/10/2018
365,365-42,"41,1",rua alvares de azevedo,2,2,28/09/1911,26/04/1936,"Livro de Emplacamento. n,21. p,83",Cintia,8/10/2018
365,365-146,"145,7",rua alvares de azevedo,145,145,27/04/1936,,"Livro de Emplacamento. n,21. p,83",Cintia,8/10/2018
365,365-146,"145,7",rua alvares de azevedo,30,30,09/08/1930,26/04/1936,"Livro de Emplacamento. n,21. p,83",Cintia,8/10/2018
365,365-146,"145,7",rua alvares de azevedo,28,28,18/01/1909,09/07/1930,"Livro de Emplacamento. n,21. p,83",Cintia,8/10/2018
365,365-254,"253,4",rua alvares de azevedo,254,254,27/04/1936,,"Livro de Emplacamento. n,21. p,83",Cintia,8/10/2018
365,365-254,"253,4",rua alvares de azevedo,46,46,28/09/1911,26/04/1936,"Livro de Emplacamento. n,21. p,83",Cintia,8/10/2018
368,368-149,"149,1",rua sampaio moreira,149,149,20/02/1936,,"Livro de Emplacamento. n,20. p,376",Cintia,8/10/2018
368,368-149,"149,1",rua sampaio moreira,11,11,13/08/1928,19/02/1936,"Livro de Emplacamento. n,20. p,376",Cintia,8/10/2018
368,368-149,"149,1",rua sampaio moreira,1,1,13/07/1908,08/12/1928,"Livro de Emplacamento. n,20. p,376",Cintia,8/10/2018
368,368-193,"193,2",rua sampaio moreira,193,193,20/02/1936,,"Livro de Emplacamento. n,20. p,376",Cintia,8/10/2018
368,368-193,"193,2",rua sampaio moreira,29,29,13/07/1908,19/02/1936,"Livro de Emplacamento. n,20. p,376",Cintia,8/10/2018
368,368-193,"193,2",rua sampaio moreira,5,5,07/12/1908,07/12/1908,"Livro de Emplacamento. n,20. p,376",Cintia,8/10/2018
368,368-247,"246,2",rua sampaio moreira,247,247,20/02/1936,,"Livro de Emplacamento. n,20. p,376",Cintia,8/10/2018
368,368-247,"246,2",rua sampaio moreira,39,39,19/02/1936,19/02/1936,"Livro de Emplacamento. n,20. p,376",Cintia,8/10/2018
368,368-34,"34,6",rua sampaio moreira,34,34,20/02/1936,,"Livro de Emplacamento. n,20. p,376",Cintia,8/10/2018
368,368-34,"34,6",rua sampaio moreira,4,4,13/07/1908,19/02/1936,"Livro de Emplacamento. n,20. p,376",Cintia,8/10/2018
368,368-34,"34,6",rua sampaio moreira,2,2,07/12/1908,07/12/1908,"Livro de Emplacamento. n,20. p,376",Cintia,8/10/2018
368,368-104,"104,9",rua sampaio moreira,104,104,20/02/1936,,"Livro de Emplacamento. n,20. p,376",Cintia,8/10/2018
368,368-104,"104,9",rua sampaio moreira,28,28,13/07/1908,19/02/1936,"Livro de Emplacamento. n,20. p,376",Cintia,8/10/2018
368,368-104,"104,9",rua sampaio moreira,12,12,07/12/1908,07/12/1908,"Livro de Emplacamento. n,20. p,376",Cintia,8/10/2018
368,368-206,"205,9",rua sampaio moreira,206,206,20/02/1936,,"Livro de Emplacamento. n,20. p,376",Cintia,8/10/2018
368,368-206,"205,9",rua sampaio moreira,60,60,13/07/1908,19/02/1936,"Livro de Emplacamento. n,20. p,376",Cintia,8/10/2018
368,368-206,"205,9",rua sampaio moreira,44,44,07/12/1908,07/12/1908,"Livro de Emplacamento. n,20. p,376",Cintia,8/10/2018
361,361-27,27,becco da fábrica,27,27,06/10/1937,,"Livro de Emplacamento. n,22. p,201",Cintia,8/10/2018
361,361-27,27,becco da fábrica,3,3,21/08/1916,06/09/1937,"Livro de Emplacamento. n,22. p,201",Cintia,8/10/2018
361,361-35,"35,6",becco da fábrica,35,35,06/10/1937,,"Livro de Emplacamento. n,22. p,201",Cintia,8/10/2018
361,361-35,"35,6",becco da fábrica,7,7,21/08/1916,06/09/1937,"Livro de Emplacamento. n,22. p,201",Cintia,8/10/2018
361,361-35,"35,6",becco da fábrica,25,25,21/08/1908,20/08/1916,"Livro de Emplacamento. n,22. p,201",Cintia,8/10/2018
361,361-63,"62,2",becco da fábrica,63,63,06/10/1937,,"Livro de Emplacamento. n,22. p,201",Cintia,8/10/2018
361,361-63,"62,2",becco da fábrica,19,19,14/09/1922,06/09/1937,"Livro de Emplacamento. n,22. p,201",Cintia,8/10/2018
361,361-48,48,becco da fábrica,48,48,06/10/1937,,"Livro de Emplacamento. n,22. p,201",Cintia,8/10/2018
361,361-48,48,becco da fábrica,2,2,21/08/1908,06/09/1937,"Livro de Emplacamento. n,22. p,201",Cintia,8/10/2018
361,361-60,"60,8",becco da fábrica,60,60,06/10/1937,,"Livro de Emplacamento. n,22. p,201",Cintia,8/10/2018
361,361-60,"60,8",becco da fábrica,6,6,21/08/1908,06/09/1937,"Livro de Emplacamento. n,22. p,201",Cintia,8/10/2018
375,375-35,"35,1",rua julio ribeiro,35,35,09/11/1936,,"Livro de Emplacamento. n,21. p,284",Cintia,8/10/2018
375,375-35,"35,1",rua julio ribeiro,1,"1,1",09/10/1936,09/10/1936,"Livro de Emplacamento. n,21. p,284",Cintia,8/10/2018
375,375-75,"74,7",rua julio ribeiro,75,75,09/11/1936,,"Livro de Emplacamento. n,21. p,284",Cintia,8/10/2018
375,375-75,"74,7",rua julio ribeiro,13,13,09/10/1936,09/10/1936,"Livro de Emplacamento. n,21. p,284",Cintia,8/10/2018
375,375-243,"242,9",rua julio ribeiro,243,243,09/11/1936,,"Livro de Emplacamento. n,21. p,284",Cintia,8/10/2018
375,375-243,"242,9",rua julio ribeiro,33,33,09/10/1936,09/10/1936,"Livro de Emplacamento. n,21. p,284",Cintia,8/10/2018
375,375-20,20,rua julio ribeiro,20,20,09/11/1936,,"Livro de Emplacamento. n,21. p,284",Cintia,8/10/2018
375,375-20,20,rua julio ribeiro,2,2,09/10/1936,09/10/1936,"Livro de Emplacamento. n,21. p,284",Cintia,8/10/2018
375,375-120,"119,2",rua julio ribeiro,120,120,09/11/1936,,"Livro de Emplacamento. n,21. p,284",Cintia,8/10/2018
375,375-120,"119,2",rua julio ribeiro,32,32,09/10/1936,09/10/1936,"Livro de Emplacamento. n,21. p,284",Cintia,8/10/2018
375,375-252,252,rua julio ribeiro,252,252,09/11/1936,,"Livro de Emplacamento. n,21. p,284",Cintia,8/10/2018
375,375-252,252,rua julio ribeiro,68,68C,09/10/1936,09/10/1936,"Livro de Emplacamento. n,21. p,284",Cintia,8/10/2018
370,370-55,"54,6",rua oyapock,55,55,16/04/1936,,"Livro de Emplacamento. n,21. p,45",Cintia,8/10/2018
370,370-55,"54,6",rua oyapock,3,3,24/04/1912,15/04/1936,"Livro de Emplacamento. n,21. p,45",Cintia,8/10/2018
370,370-77,"78,5",rua oyapock,77,77,16/04/1936,,"Livro de Emplacamento. n,21. p,45",Cintia,8/10/2018
370,370-77,"78,5",rua oyapock,11,11,24/04/1912,15/04/1936,"Livro de Emplacamento. n,21. p,45",Cintia,8/10/2018
370,370-133,"133,2",rua oyapock,133,133,16/04/1936,,"Livro de Emplacamento. n,21. p,45",Cintia,8/10/2018
370,370-133,"133,2",rua oyapock,33,33,24/04/1912,15/04/1936,"Livro de Emplacamento. n,21. p,45",Cintia,8/10/2018
370,370-42,"42,4",rua oyapock,42,42,16/04/1936,,"Livro de Emplacamento. n,21. p,45",Cintia,8/10/2018
370,370-42,"42,4",rua oyapock,2,2,24/04/1912,15/04/1936,"Livro de Emplacamento. n,21. p,45",Cintia,8/10/2018
370,370-92,"91,5",rua oyapock,92,92,16/04/1936,,"Livro de Emplacamento. n,21. p,45",Cintia,8/10/2018
370,370-92,"91,5",rua oyapock,18,18,24/04/1912,15/04/1936,"Livro de Emplacamento. n,21. p,45",Cintia,8/10/2018
370,370-136,"135,1",rua oyapock,136,136,16/04/1936,,"Livro de Emplacamento. n,21. p,45",Cintia,8/10/2018
370,370-136,"135,1",rua oyapock,38,38,24/04/1912,15/04/1936,"Livro de Emplacamento. n,21. p,45",Cintia,8/10/2018
377,377-34,"34,2",rua sayão lobato,34,34,09/02/1936,,"Livro de Emplacamento. n,21. p,274",Cintia,8/10/2018
377,377-34,"34,2",rua sayão lobato,2,2,12/03/1908,09/01/1936,"Livro de Emplacamento. n,21. p,274",Cintia,8/10/2018
377,377-78,"77,8",rua sayão lobato,78,78,09/02/1936,,"Livro de Emplacamento. n,21. p,274",Cintia,8/10/2018
377,377-78,"77,8",rua sayão lobato,16,16,12/03/1908,09/01/1936,"Livro de Emplacamento. n,21. p,274",Cintia,8/10/2018
377,377-136,"137,5",rua sayão lobato,136,136,09/02/1936,,"Livro de Emplacamento. n,21. p,274",Cintia,8/10/2018
377,377-136,"137,5",rua sayão lobato,38,38,12/03/1908,09/01/1936,"Livro de Emplacamento. n,21. p,274",Cintia,8/10/2018
377,377-41,"42,2",rua sayão lobato,41,41,09/02/1936,,"Livro de Emplacamento. n,21. p,274",Cintia,8/10/2018
377,377-41,"42,2",rua sayão lobato,5,5,12/03/1908,09/01/1936,"Livro de Emplacamento. n,21. p,274",Cintia,8/10/2018
377,377-41,"42,2",rua sayão lobato,3,3 tinta,12/02/1908,12/02/1908,"Livro de Emplacamento. n,21. p,274",Cintia,8/10/2018
377,377-77,"76,4",rua sayão lobato,77,77,09/02/1936,,"Livro de Emplacamento. n,21. p,274",Cintia,8/10/2018
377,377-77,"76,4",rua sayão lobato,17,17,12/03/1908,09/01/1936,"Livro de Emplacamento. n,21. p,274",Cintia,8/10/2018
377,377-135,"136,1",rua sayão lobato,135,135,09/02/1936,,"Livro de Emplacamento. n,21. p,274",Cintia,8/10/2018
377,377-135,"136,1",rua sayão lobato,37,37,12/03/1908,09/01/1936,"Livro de Emplacamento. n,21. p,274",Cintia,8/10/2018
377,377-135,"136,1",rua sayão lobato,29,29,12/02/1908,12/02/1908,"Livro de Emplacamento. n,21. p,274",Cintia,8/10/2018
372,372-34,"34,8",rua elisa whitacker,34,34,31/10/1936,,"Livro de Emplacamento. n,21. p,239",Cintia,8/10/2018
372,372-34,"34,8",rua elisa whitacker,4,4,23/10/1930,30/10/1936,"Livro de Emplacamento. n,21. p,239",Cintia,8/10/2018
372,372-34,"34,8",rua elisa whitacker,6,6,03/08/1911,22/10/1930,"Livro de Emplacamento. n,21. p,239",Cintia,8/10/2018
372,372-50,"50,9",rua elisa whitacker,50,50,31/10/1936,,"Livro de Emplacamento. n,21. p,239",Cintia,8/10/2018
372,372-50,"50,9",rua elisa whitacker,8,8,23/10/1930,30/10/1936,"Livro de Emplacamento. n,21. p,239",Cintia,8/10/2018
372,372-50,"50,9",rua elisa whitacker,10,10,04/01/1909,22/10/1930,"Livro de Emplacamento. n,21. p,239",Cintia,8/10/2018
372,372-50,"50,9",rua elisa whitacker,4,4,31/03/1909,31/03/1909,"Livro de Emplacamento. n,21. p,239",Cintia,8/10/2018
372,372-162,"161,2",rua elisa whitacker,162,162,31/10/1936,,"Livro de Emplacamento. n,21. p,239",Cintia,8/10/2018
372,372-162,"161,2",rua elisa whitacker,36,36 fundos,23/10/1930,30/10/1936,"Livro de Emplacamento. n,21. p,239",Cintia,8/10/2018
372,372-162,"161,2",rua elisa whitacker,48,48,04/01/1909,22/10/1930,"Livro de Emplacamento. n,21. p,239",Cintia,8/10/2018
372,372-292,"293,1",rua elisa whitacker,292,292,31/10/1936,,"Livro de Emplacamento. n,21. p,239",Cintia,8/10/2018
372,372-292,"293,1",rua elisa whitacker,68,68,23/10/1930,30/10/1936,"Livro de Emplacamento. n,21. p,239",Cintia,8/10/2018
372,372-292,"293,1",rua elisa whitacker,82,82,22/10/1930,22/10/1930,"Livro de Emplacamento. n,21. p,239",Cintia,8/10/2018
372,372-270,"269,3",rua elisa whitacker,270,270,31/10/1936,,"Livro de Emplacamento. n,21. p,239",Cintia,8/10/2018
372,372-270,"269,3",rua elisa whitacker,58,58,23/10/1930,30/10/1936,"Livro de Emplacamento. n,21. p,239",Cintia,8/10/2018
372,372-270,"269,3",rua elisa whitacker,74,74,03/08/1911,22/10/1930,"Livro de Emplacamento. n,21. p,239",Cintia,8/10/2018
372,"372-17,9",17,rua elisa whitacker,17,17,31/10/1936,,"Livro de Emplacamento. n,21. p,239",Cintia,8/10/2018
372,"372-17,9",17,rua elisa whitacker,1,1,04/01/1909,30/10/1936,"Livro de Emplacamento. n,21. p,239",Cintia,8/10/2018
372,372-99,98,rua elisa whitacker,99,99,31/10/1936,,"Livro de Emplacamento. n,21. p,239",Cintia,8/10/2018
372,372-99,98,rua elisa whitacker,17,17,04/01/1909,30/10/1936,"Livro de Emplacamento. n,21. p,239",Cintia,8/10/2018
372,372-99,98,rua elisa whitacker,19,19,31/03/1909,31/03/1909,"Livro de Emplacamento. n,21. p,239",Cintia,8/10/2018
372,372-297,"297,3",rua elisa whitacker,297,297,31/10/1936,,"Livro de Emplacamento. n,21. p,239",Cintia,8/10/2018
372,372-297,"297,3",rua elisa whitacker,61,61,23/10/1930,30/10/1936,"Livro de Emplacamento. n,21. p,239",Cintia,8/10/2018
372,372-297,"297,3",rua elisa whitacker,63,63,03/08/1911,22/10/1930,"Livro de Emplacamento. n,21. p,239",Cintia,8/10/2018
372,372-297,"297,3",rua elisa whitacker,53,53,03/07/1911,03/07/1911,"Livro de Emplacamento. n,21. p,239",Cintia,8/10/2018
371,371-28,28,rua oriente,28,28,06/02/1937,,"Livro de Emplacamento. n,22. p,289",Cintia,8/10/2018
371,371-28,28,rua oriente,2,2,10/07/1907,06/01/1937,"Livro de Emplacamento. n,22. p,289",Cintia,8/10/2018
371,371-378,"378,6",rua oriente,378,378,06/02/1937,,"Livro de Emplacamento. n,22. p,289",Cintia,8/10/2018
371,371-378,"378,6",rua oriente,96,96,05/06/1929,02/01/1937,"Livro de Emplacamento. n,22. p,289",Cintia,8/10/2018
371,371-378,"378,6",rua oriente,100,100,10/07/1907,05/05/1929,"Livro de Emplacamento. n,22. p,289",Cintia,8/10/2018
371,371-378,"378,6",rua oriente,58,58,10/06/1907,10/06/1907,"Livro de Emplacamento. n,22. p,289",Cintia,8/10/2018
371,371-738,"738,2",rua oriente,738,738,06/02/1937,,"Livro de Emplacamento. n,22. p,289",Cintia,8/10/2018
371,371-738,"738,2",rua oriente,196,196,05/06/1929,02/01/1937,"Livro de Emplacamento. n,22. p,289",Cintia,8/10/2018
371,371-738,"738,2",rua oriente,192,192,10/07/1907,05/05/1929,"Livro de Emplacamento. n,22. p,289",Cintia,8/10/2018
376,376-10,9,rua conselheiro belisário,10,10,08/11/1938,,"Livro de Emplacamento. n,25. p,64. n,13. p,88",Cintia,8/10/2018
376,376-10,9,rua conselheiro belisário,2,2,11/12/1928,08/10/1938,"Livro de Emplacamento. n,25. p,64. n,13. p,88",Cintia,8/10/2018
376,376-10,9,rua conselheiro belisário,111,111,13/06/1913,10/12/1928,"Livro de Emplacamento. n,25. p,64. n,13. p,88",Cintia,8/10/2018
376,376-208,"208,7",rua conselheiro belisário,208,208,08/11/1938,,"Livro de Emplacamento. n,25. p,64. n,13. p,88",Cintia,8/10/2018
376,376-208,"208,7",rua conselheiro belisário,50,50,11/12/1928,08/10/1938,"Livro de Emplacamento. n,25. p,64. n,13. p,88",Cintia,8/10/2018
376,376-208,"208,7",rua conselheiro belisário,63,63,06/01/1911,10/12/1928,"Livro de Emplacamento. n,25. p,64. n,13. p,88",Cintia,8/10/2018
376,376-208,"208,7",rua conselheiro belisário,53,53,10/05/1908,31/05/1911,"Livro de Emplacamento. n,25. p,64. n,13. p,88",Cintia,8/10/2018
376,376-208,"208,7",rua conselheiro belisário,61,61,10/04/1908,10/04/1908,"Livro de Emplacamento. n,25. p,64. n,13. p,88",Cintia,8/10/2018
376,376-406,"405,7",rua conselheiro belisário,406,406,08/11/1938,,"Livro de Emplacamento. n,25. p,64. n,13. p,88",Cintia,8/10/2018
376,376-406,"405,7",rua conselheiro belisário,74,74,11/12/1928,08/10/1938,"Livro de Emplacamento. n,25. p,64. n,13. p,88",Cintia,8/10/2018
376,376-406,"405,7",rua conselheiro belisário,37,37,06/01/1911,10/12/1928,"Livro de Emplacamento. n,25. p,64. n,13. p,88",Cintia,8/10/2018
376,376-406,"405,7",rua conselheiro belisário,17,17,10/05/1908,31/05/1911,"Livro de Emplacamento. n,25. p,64. n,13. p,88",Cintia,8/10/2018
376,376-406,"405,7",rua conselheiro belisário,"13,3",13B,10/04/1908,10/04/1908,"Livro de Emplacamento. n,25. p,64. n,13. p,88",Cintia,8/10/2018
376,376-11,"11,1",rua conselheiro belisário,11,11,08/11/1938,,"Livro de Emplacamento. n,25. p,64. n,13. p,88",Cintia,8/10/2018
376,376-11,"11,1",rua conselheiro belisário,1,1,11/12/1928,08/10/1938,"Livro de Emplacamento. n,25. p,64. n,13. p,88",Cintia,8/10/2018
376,376-11,"11,1",rua conselheiro belisário,114,114,25/08/1911,10/12/1928,"Livro de Emplacamento. n,25. p,64. n,13. p,88",Cintia,8/10/2018
376,376-11,"11,1",rua conselheiro belisário,84,84B,06/01/1911,24/08/1911,"Livro de Emplacamento. n,25. p,64. n,13. p,88",Cintia,8/10/2018
376,376-11,"11,1",rua conselheiro belisário,92,92,10/05/1908,31/05/1911,"Livro de Emplacamento. n,25. p,64. n,13. p,88",Cintia,8/10/2018
376,376-239,"238,7",rua conselheiro belisário,239,239,08/11/1938,,"Livro de Emplacamento. n,25. p,64. n,13. p,88",Cintia,8/10/2018
376,376-239,"238,7",rua conselheiro belisário,61,61,11/12/1928,08/10/1938,"Livro de Emplacamento. n,25. p,64. n,13. p,88",Cintia,8/10/2018
376,376-239,"238,7",rua conselheiro belisário,52,52,06/01/1911,10/12/1928,"Livro de Emplacamento. n,25. p,64. n,13. p,88",Cintia,8/10/2018
376,376-239,"238,7",rua conselheiro belisário,46,46,10/05/1908,31/05/1911,"Livro de Emplacamento. n,25. p,64. n,13. p,88",Cintia,8/10/2018
376,376-239,"238,7",rua conselheiro belisário,56,56,10/04/1908,10/04/1908,"Livro de Emplacamento. n,25. p,64. n,13. p,88",Cintia,8/10/2018
376,376-403,"403,3",rua conselheiro belisário,403,403,08/11/1938,,"Livro de Emplacamento. n,25. p,64. n,13. p,88",Cintia,8/10/2018
376,376-403,"403,3",rua conselheiro belisário,81,81,11/12/1928,08/10/1938,"Livro de Emplacamento. n,25. p,64. n,13. p,88",Cintia,8/10/2018
376,376-403,"403,3",rua conselheiro belisário,26,26,06/01/1911,10/12/1928,"Livro de Emplacamento. n,25. p,64. n,13. p,88",Cintia,8/10/2018
376,376-403,"403,3",rua conselheiro belisário,24,24,10/05/1908,31/05/1911,"Livro de Emplacamento. n,25. p,64. n,13. p,88",Cintia,8/10/2018
391,391-42,"42,9",rua barbosa rodrigues,42,42,17/05/1939,,"Livro de Emplacamento. n,26. p,242",Cintia,8/10/2018
401,401-7,"6,2",rua doutor luiz barreto,7,7,04/02/1936,,"Livro de Emplacamento. n,21. p,104",Cintia,8/10/2018
401,401-7,"6,2",rua doutor luiz barreto,1,1,29/09/1921,04/01/1936,"Livro de Emplacamento. n,21. p,104",Cintia,8/10/2018
401,401-199,"199,2",rua doutor luiz barreto,199,199,04/02/1936,,"Livro de Emplacamento. n,21. p,104",Cintia,8/10/2018
401,401-199,"199,2",rua doutor luiz barreto,57,57,29/09/1921,04/01/1936,"Livro de Emplacamento. n,21. p,104",Cintia,8/10/2018
401,401-199,"199,2",rua doutor luiz barreto,51,51,28/09/1921,28/09/1921,"Livro de Emplacamento. n,21. p,104",Cintia,8/10/2018
401,401-359,"360,3",rua doutor luiz barreto,359,359,04/02/1936,,"Livro de Emplacamento. n,21. p,104",Cintia,8/10/2018
401,401-359,"360,3",rua doutor luiz barreto,95,95,29/09/1921,04/01/1936,"Livro de Emplacamento. n,21. p,104",Cintia,8/10/2018
401,401-359,"360,3",rua doutor luiz barreto,89,89,28/09/1921,28/09/1921,"Livro de Emplacamento. n,21. p,104",Cintia,8/10/2018
401,401-38,"38,2",rua doutor luiz barreto,38,38,04/02/1936,,"Livro de Emplacamento. n,21. p,104",Cintia,8/10/2018
401,401-38,"38,2",rua doutor luiz barreto,2,2,29/09/1921,04/01/1936,"Livro de Emplacamento. n,21. p,104",Cintia,8/10/2018
401,401-170,"170,1",rua doutor luiz barreto,170,170,04/02/1936,,"Livro de Emplacamento. n,21. p,104",Cintia,8/10/2018
401,401-170,"170,1",rua doutor luiz barreto,32,32,29/09/1921,04/01/1936,"Livro de Emplacamento. n,21. p,104",Cintia,8/10/2018
401,401-358,"358,3",rua doutor luiz barreto,358,358,04/02/1936,,"Livro de Emplacamento. n,21. p,104",Cintia,8/10/2018
401,401-358,"358,3",rua doutor luiz barreto,76,76,29/09/1921,04/01/1936,"Livro de Emplacamento. n,21. p,104",Cintia,8/10/2018
407,407-143,143,rua condessa de são joaquim,143,143,27/07/1935,,"Livro de Emplacamento. n,19. p,331",Cintia,8/10/2018
407,407-143,143,rua condessa de são joaquim,17,17,26/07/1935,26/07/1935,"Livro de Emplacamento. n,19. p,331",Cintia,8/10/2018
407,407-185,"185,5",rua condessa de são joaquim,185,185,27/07/1935,,"Livro de Emplacamento. n,19. p,331",Cintia,8/10/2018
407,407-185,"185,5",rua condessa de são joaquim,27,27,26/07/1935,26/07/1935,"Livro de Emplacamento. n,19. p,331",Cintia,8/10/2018
407,407-28,"28,3",rua condessa de são joaquim,28,28,27/07/1935,,"Livro de Emplacamento. n,19. p,331",Cintia,8/10/2018
407,407-28,"28,3",rua condessa de são joaquim,2,2,26/07/1935,26/07/1935,"Livro de Emplacamento. n,19. p,331",Cintia,8/10/2018
407,407-184,"184,2",rua condessa de são joaquim,184,184,27/07/1935,,"Livro de Emplacamento. n,19. p,331",Cintia,8/10/2018
407,407-184,"184,2",rua condessa de são joaquim,26,26,26/07/1935,26/07/1935,"Livro de Emplacamento. n,19. p,331",Cintia,8/10/2018
475,475-51,"50,3",rua mem de sá,51,51,05/04/1936,,"Livro de Emplacamento. n,21. p,6. p,72",Cintia,8/10/2018
475,475-51,"50,3",rua mem de sá,3,3,08/03/1908,04/03/1936,"Livro de Emplacamento. n,21. p,6. p,72",Cintia,8/10/2018
475,475-97,"97,6",rua mem de sá,97,97,05/04/1936,,"Livro de Emplacamento. n,21. p,6. p,72",Cintia,8/10/2018
475,475-97,"97,6",rua mem de sá,17,17,08/03/1908,04/03/1936,"Livro de Emplacamento. n,21. p,6. p,72",Cintia,8/10/2018
475,475-97,"97,6",rua mem de sá,15,15 tinta,08/02/1908,08/02/1908,"Livro de Emplacamento. n,21. p,6. p,72",Cintia,8/10/2018
475,475-181,"180,8",rua mem de sá,185,185,05/04/1936,,"Livro de Emplacamento. n,21. p,6. p,72",Cintia,8/10/2018
475,475-181,"180,8",rua mem de sá,45,45,08/03/1908,04/03/1936,"Livro de Emplacamento. n,21. p,6. p,72",Cintia,8/10/2018
475,475-181,"180,8",rua mem de sá,41,41,08/02/1908,08/02/1908,"Livro de Emplacamento. n,21. p,6. p,72",Cintia,8/10/2018
475,475-32,"32,2",rua mem de sá,32,32,05/04/1936,,"Livro de Emplacamento. n,21. p,6. p,72",Cintia,8/10/2018
475,475-32,"32,2",rua mem de sá,2,2,08/03/1908,04/03/1936,"Livro de Emplacamento. n,21. p,6. p,72",Cintia,8/10/2018
475,475-88,"74,4",rua mem de sá,88,88,05/04/1936,,"Livro de Emplacamento. n,21. p,6. p,72",Cintia,8/10/2018
475,475-88,"74,4",rua mem de sá,20,20,08/03/1908,04/03/1936,"Livro de Emplacamento. n,21. p,6. p,72",Cintia,8/10/2018
475,475-176,"176,6",rua mem de sá,176,176,05/04/1936,,"Livro de Emplacamento. n,21. p,6. p,72",Cintia,8/10/2018
475,475-176,"176,6",rua mem de sá,48,48,08/03/1908,04/03/1936,"Livro de Emplacamento. n,21. p,6. p,72",Cintia,8/10/2018
476,475-38,"38,7",rua itapira,38,38,28/08/1936,,"Livro de Emplamento. n,21. p,263",Cintia,8/10/2018
476,475-38,"38,7",rua itapira,63,63,22/11/1921,27/08/1936,"Livro de Emplamento. n,21. p,263",Cintia,8/10/2018
476,476-144,"143,8",rua itapira,144,144,28/08/1936,,"Livro de Emplamento. n,21. p,263",Cintia,8/10/2018
476,476-144,"143,8",rua itapira,33,33,08/04/1908,27/08/1936,"Livro de Emplamento. n,21. p,263",Cintia,8/10/2018
476,476-204,"204,4",rua itapira,204,204,28/08/1936,,"Livro de Emplamento. n,21. p,263",Cintia,8/10/2018
476,476-204,"204,4",rua itapira,1,1,08/04/1908,27/08/1936,"Livro de Emplamento. n,21. p,263",Cintia,8/10/2018
476,476-37,"37,8",rua itapira,37,37,28/08/1936,,"Livro de Emplamento. n,21. p,263",Cintia,8/10/2018
476,476-37,"37,8",rua itapira,24,24,08/04/1908,27/08/1936,"Livro de Emplamento. n,21. p,263",Cintia,8/10/2018
476,476-37,"37,8",rua itapira,4,4,08/03/1908,08/03/1908,"Livro de Emplamento. n,21. p,263",Cintia,8/10/2018
476,476-71,"70,5",rua itapira,71,71,28/08/1936,,"Livro de Emplamento. n,21. p,263",Cintia,8/10/2018
476,476-71,"70,5",rua itapira,14,14,22/11/1921,27/08/1936,"Livro de Emplamento. n,21. p,263",Cintia,8/10/2018
476,476-133,"133,6",rua itapira,133,133,28/08/1936,,"Livro de Emplamento. n,21. p,263",Cintia,8/10/2018
476,476-133,"133,6",rua itapira,6,6,27/08/1936,27/08/1936,"Livro de Emplamento. n,21. p,263",Cintia,8/10/2018
477,477-136,"136,7",rua odorico mendes,136,136,10/08/1937,,"Livro de Emplacamento. n,24. p,24",Cintia,8/10/2018
477,477-136,"136,7",rua odorico mendes,12,12,10/07/1937,10/07/1937,"Livro de Emplacamento. n,24. p,24",Cintia,8/10/2018
477,477-218,"218,8",rua odorico mendes,218,218,10/08/1937,,"Livro de Emplacamento. n,24. p,24",Cintia,8/10/2018
477,477-218,"218,8",rua odorico mendes,32,32,03/02/1915,10/07/1937,"Livro de Emplacamento. n,24. p,24",Cintia,8/10/2018
477,477-668,"668,9",rua odorico mendes,668,668,10/08/1937,,"Livro de Emplacamento. n,24. p,24",Cintia,8/10/2018
477,477-668,"668,9",rua odorico mendes,116,116,03/02/1915,10/07/1937,"Livro de Emplacamento. n,24. p,24",Cintia,8/10/2018
477,477-1,"1,2",rua odorico mendes,1,1,10/08/1937,,"Livro de Emplacamento. n,24. p,24",Cintia,8/10/2018
477,477-1,"1,2",rua odorico mendes,7,7,03/02/1915,10/07/1937,"Livro de Emplacamento. n,24. p,24",Cintia,8/10/2018
477,477-309,"308,5",rua odorico mendes,309,309,10/08/1937,,"Livro de Emplacamento. n,24. p,24",Cintia,8/10/2018
477,477-309,"308,5",rua odorico mendes,85,85,03/02/1915,10/07/1937,"Livro de Emplacamento. n,24. p,24",Cintia,8/10/2018
477,477-677,"677,5",rua odorico mendes,677,677,10/08/1937,,"Livro de Emplacamento. n,24. p,24",Cintia,8/10/2018
477,477-677,"677,5",rua odorico mendes,175,175,07/01/1925,10/07/1937,"Livro de Emplacamento. n,24. p,24",Cintia,8/10/2018
477,477-677,"677,5",rua odorico mendes,111,111,03/02/1915,30/06/1925,"Livro de Emplacamento. n,24. p,24",Cintia,8/10/2018
477,477-677,"677,5",rua odorico mendes,107,107,03/01/1915,03/01/1915,"Livro de Emplacamento. n,24. p,24",Cintia,8/10/2018
479,479-57,"56,9",rua dos alpes,57,57,09/04/1935,,"Livro de Emplacamento. n,19. p,387. n,1. p,72",Cintia,8/10/2018
479,479-57,"56,9",rua dos alpes,106,106,09/03/1935,09/03/1935,"Livro de Emplacamento. n,19. p,387. n,1. p,72",Cintia,8/10/2018
479,479-89,"88,5",rua dos alpes,89,89,09/04/1935,,"Livro de Emplacamento. n,19. p,387. n,1. p,72",Cintia,8/10/2018
479,479-89,"88,5",rua dos alpes,102,102,09/03/1935,09/03/1935,"Livro de Emplacamento. n,19. p,387. n,1. p,72",Cintia,8/10/2018
480,480-15,"15,9",rua alexandre levy,15,15,17/09/1931,,"Livro de Emplacamento. n,19a. p,6",Cintia,8/10/2018
480,480-113,"113,7",rua alexandre levy,113,113,17/09/1931,,"Livro de Emplacamento. n,19a. p,6",Cintia,8/10/2018
480,480-113,"113,7",rua alexandre levy,28,28,16/09/1931,16/09/1931,"Livro de Emplacamento. n,19a. p,6",Cintia,8/10/2018
480,480-78,"78,4",rua alexandre levy,78,78,17/09/1931,,"Livro de Emplacamento. n,19a. p,6",Cintia,8/10/2018
487,487-44,"44,2",rua ernesto de castro,44,44,15/08/1936,,"Livro de Emplacamento. n,21. p,245",Cintia,8/10/2018
487,487-44,"44,2",rua ernesto de castro,4,4,14/08/1928,14/08/1936,"Livro de Emplacamento. n,21. p,245",Cintia,8/10/2018
487,487-110,"108,9",rua ernesto de castro,110,110,15/08/1936,,"Livro de Emplacamento. n,21. p,245",Cintia,8/10/2018
487,487-110,"108,9",rua ernesto de castro,20,20 F,14/08/1928,14/08/1936,"Livro de Emplacamento. n,21. p,245",Cintia,8/10/2018
487,487-51,52,rua ernesto de castro,51,51,15/08/1936,,"Livro de Emplacamento. n,21. p,245",Cintia,8/10/2018
487,487-51,52,rua ernesto de castro,1,1,14/08/1928,14/08/1936,"Livro de Emplacamento. n,21. p,245",Cintia,8/10/2018
487,487-85,"84,3",rua ernesto de castro,85,85,15/08/1936,,"Livro de Emplacamento. n,21. p,245",Cintia,8/10/2018
487,487-85,"84,3",rua ernesto de castro,7,7,14/08/1928,14/08/1936,"Livro de Emplacamento. n,21. p,245",Cintia,8/10/2018
482,482-44,"44,9",rua oscar horta,44,44,30/04/1936,,"Livro de Emplacamento. n,21. p,103",Cintia,8/10/2018
482,482-44,"44,9",rua oscar horta,4,4,18/12/1928,29/04/1936,"Livro de Emplacamento. n,21. p,103",Cintia,8/10/2018
482,482-44,"44,9",rua oscar horta,2,2,17/12/1928,17/12/1928,"Livro de Emplacamento. n,21. p,103",Cintia,8/10/2018
482,482-90,"89,3",rua oscar horta,90,90,30/04/1936,,"Livro de Emplacamento. n,21. p,103",Cintia,8/10/2018
482,482-90,"89,3",rua oscar horta,26,26,18/12/1928,29/04/1936,"Livro de Emplacamento. n,21. p,103",Cintia,8/10/2018
482,482-90,"89,3",rua oscar horta,12,12,03/05/1909,17/12/1928,"Livro de Emplacamento. n,21. p,103",Cintia,8/10/2018
482,482-176,"175,5",rua oscar horta,176,176,30/04/1936,,"Livro de Emplacamento. n,21. p,103",Cintia,8/10/2018
482,482-176,"175,5",rua oscar horta,52,52,18/12/1928,29/04/1936,"Livro de Emplacamento. n,21. p,103",Cintia,8/10/2018
482,482-176,"175,5",rua oscar horta,42,42,03/05/1909,17/12/1928,"Livro de Emplacamento. n,21. p,103",Cintia,8/10/2018
482,482-176,"175,5",rua oscar horta,34,34,03/04/1909,03/04/1909,"Livro de Emplacamento. n,21. p,103",Cintia,8/10/2018
482,482-41,"40,4",rua oscar horta,41,41,30/04/1936,,"Livro de Emplacamento. n,21. p,103",Cintia,8/10/2018
482,482-41,"40,4",rua oscar horta,3,3,03/05/1909,29/04/1936,"Livro de Emplacamento. n,21. p,103",Cintia,8/10/2018
482,482-257,"256,9",rua oscar horta,257,257,30/04/1936,,"Livro de Emplacamento. n,21. p,103",Cintia,8/10/2018
482,482-257,"256,9",rua oscar horta,61,61,18/12/1928,29/04/1936,"Livro de Emplacamento. n,21. p,103",Cintia,8/10/2018
482,482-257,"256,9",rua oscar horta,53,53,03/05/1909,17/12/1928,"Livro de Emplacamento. n,21. p,103",Cintia,8/10/2018
482,482-275,"274,1",rua oscar horta,275,275,30/04/1936,,"Livro de Emplacamento. n,21. p,103",Cintia,8/10/2018
482,482-275,"274,1",rua oscar horta,67,67,18/12/1928,29/04/1936,"Livro de Emplacamento. n,21. p,103",Cintia,8/10/2018
478,478-15,"15,4",rua barão de jaguará,15,15,24/10/1935,,"Livro de Emplacamento. n,20. p,113",Cintia,8/10/2018
478,478-15,"15,4",rua barão de jaguará,1,1,04/10/1911,23/10/1935,"Livro de Emplacamento. n,20. p,113",Cintia,8/10/2018
478,478-37,"36,8",rua barão de jaguará,37,37,24/10/1935,,"Livro de Emplacamento. n,20. p,113",Cintia,8/10/2018
478,478-37,"36,8",rua barão de jaguará,11,11,06/02/1927,23/10/1935,"Livro de Emplacamento. n,20. p,113",Cintia,8/10/2018
478,478-37,"36,8",rua barão de jaguará,5,5,04/10/1911,06/01/1927,"Livro de Emplacamento. n,20. p,113",Cintia,8/10/2018
509,509-25,"24,8",rua dos estudantes,25,25,27/12/1934,,"Livro de Emplacamento. n,19. p,217",Cintia,8/10/2018
509,509-25,"24,8",rua dos estudantes,1,1,14/08/1908,26/12/1934,"Livro de Emplacamento. n,19. p,217",Cintia,8/10/2018
509,509-445,"444,8",rua dos estudantes,445,445,27/12/1934,,"Livro de Emplacamento. n,19. p,217",Cintia,8/10/2018
509,509-445,"444,8",rua dos estudantes,85,85,22/08/1923,26/12/1934,"Livro de Emplacamento. n,19. p,217",Cintia,8/10/2018
509,509-445,"444,8",rua dos estudantes,67,67,14/08/1908,21/08/1923,"Livro de Emplacamento. n,19. p,217",Cintia,8/10/2018
509,509-445,"444,8",rua dos estudantes,43,43,13/08/1908,13/08/1908,"Livro de Emplacamento. n,19. p,217",Cintia,8/10/2018
509,509-471,"470,3",rua dos estudantes,471,471,27/12/1934,,"Livro de Emplacamento. n,19. p,217",Cintia,8/10/2018
509,509-471,"470,3",rua dos estudantes,89,89,22/08/1923,26/12/1934,"Livro de Emplacamento. n,19. p,217",Cintia,8/10/2018
509,509-471,"470,3",rua dos estudantes,73,73,02/02/1911,21/08/1923,"Livro de Emplacamento. n,19. p,217",Cintia,8/10/2018
509,509-609,"609,5",rua dos estudantes,609,609,27/12/1934,,"Livro de Emplacamento. n,19. p,217",Cintia,8/10/2018
509,509-609,"609,5",rua dos estudantes,129,129,22/08/1923,26/12/1934,"Livro de Emplacamento. n,19. p,217",Cintia,8/10/2018
509,509-609,"609,5",rua dos estudantes,111,111,21/08/1923,21/08/1923,"Livro de Emplacamento. n,19. p,217",Cintia,8/10/2018
509,509-26,"25,1",rua dos estudantes,26,26,27/12/1934,,"Livro de Emplacamento. n,19. p,217",Cintia,8/10/2018
509,509-26,"25,1",rua dos estudantes,2,2,14/08/1908,26/12/1934,"Livro de Emplacamento. n,19. p,217",Cintia,8/10/2018
509,509-438,"438,5",rua dos estudantes,438,438,27/12/1934,,"Livro de Emplacamento. n,19. p,217",Cintia,8/10/2018
509,509-438,"438,5",rua dos estudantes,78,78,14/08/1908,26/12/1934,"Livro de Emplacamento. n,19. p,217",Cintia,8/10/2018
509,509-438,"438,5",rua dos estudantes,66,66,13/08/1908,13/08/1908,"Livro de Emplacamento. n,19. p,217",Cintia,8/10/2018
509,509-518,"517,4",rua dos estudantes,518,518,27/12/1934,,"Livro de Emplacamento. n,19. p,217",Cintia,8/10/2018
509,509-518,"517,4",rua dos estudantes,100,100,02/02/1911,26/12/1934,"Livro de Emplacamento. n,19. p,217",Cintia,8/10/2018
509,509-606,607,rua dos estudantes,606,606,27/12/1934,,"Livro de Emplacamento. n,19. p,217",Cintia,8/10/2018
509,509-606,607,rua dos estudantes,132,132,22/08/1923,26/12/1934,"Livro de Emplacamento. n,19. p,217",Cintia,8/10/2018
509,509-606,607,rua dos estudantes,120,120,21/08/1923,21/08/1923,"Livro de Emplacamento. n,19. p,217",Cintia,8/10/2018
261,261-36,"35,7",rua monsenhor andrade,36,36,06/04/1937,08/09/1940,Livro de Emplacamentos 22. p. 237-240,Cintia,8/10/2018
261,261-36,"35,7",rua monsenhor andrade,2,2,07/08/1908,06/03/1937,Livro de Emplacamentos 22. p. 237-240,Cintia,8/10/2018
261,261-36,"35,7",rua monsenhor andrade,2,2,07/07/1908,07/07/1908,Livro de Emplacamentos 22. p. 237-240,Cintia,8/10/2018
261,261-1148,"1147,4",rua monsenhor andrade,1148,1148,06/04/1937,,Livro de Emplacamentos 22. p. 237-240,Cintia,8/10/2018
261,261-1148,"1147,4",rua monsenhor andrade,186,186,06/03/1937,06/03/1937,Livro de Emplacamentos 22. p. 237-240,Cintia,8/10/2018
261,261-1034,"1033,2",rua monsenhor andrade,1034,1034,06/04/1937,,Livro de Emplacamentos 22. p. 237-240,Cintia,8/10/2018
261,261-1034,"1033,2",rua monsenhor andrade,176,176,01/09/1929,06/03/1937,Livro de Emplacamentos 22. p. 237-240,Cintia,8/10/2018
261,261-1034,"1033,2",rua monsenhor andrade,146,146,26/03/1912,01/08/1929,Livro de Emplacamentos 22. p. 237-240,Cintia,8/10/2018
261,261-746,"746,8",rua monsenhor andrade,746,746,06/04/1937,,Livro de Emplacamentos 22. p. 237-240,Cintia,8/10/2018
261,261-746,"746,8",rua monsenhor andrade,132,132,01/09/1929,06/03/1937,Livro de Emplacamentos 22. p. 237-240,Cintia,8/10/2018
261,261-746,"746,8",rua monsenhor andrade,112,112,26/03/1912,01/08/1929,Livro de Emplacamentos 22. p. 237-240,Cintia,8/10/2018
261,261-318,"317,4",rua monsenhor andrade,318,318,06/04/1937,,Livro de Emplacamentos 22. p. 237-240,Cintia,8/10/2018
261,261-318,"317,4",rua monsenhor andrade,64,64,01/09/1929,06/03/1937,Livro de Emplacamentos 22. p. 237-240,Cintia,8/10/2018
261,261-318,"317,4",rua monsenhor andrade,52,52,26/03/1912,01/08/1929,Livro de Emplacamentos 22. p. 237-240,Cintia,8/10/2018
261,261-71,"71,9",rua monsenhor andrade,71,71,06/04/1937,,Livro de Emplacamentos 22. p. 237-240,Cintia,8/10/2018
261,261-71,"71,9",rua monsenhor andrade,1,1,07/08/1908,06/03/1937,Livro de Emplacamentos 22. p. 237-240,Cintia,8/10/2018
261,261-71,"71,9",rua monsenhor andrade,1,1,07/07/1908,07/07/1908,Livro de Emplacamentos 22. p. 237-240,Cintia,8/10/2018
261,261-1157,"1156,2",rua monsenhor andrade,1157,1157,06/04/1937,,Livro de Emplacamentos 22. p. 237-240,Cintia,8/10/2018
261,261-1157,"1156,2",rua monsenhor andrade,209,209,01/09/1929,06/03/1937,Livro de Emplacamentos 22. p. 237-240,Cintia,8/10/2018
261,261-1157,"1156,2",rua monsenhor andrade,179,179,07/08/1908,01/08/1929,Livro de Emplacamentos 22. p. 237-240,Cintia,8/10/2018
261,261-1157,"1156,2",rua monsenhor andrade,97,97,07/07/1908,07/07/1908,Livro de Emplacamentos 22. p. 237-240,Cintia,8/10/2018
261,261-793,"793,4",rua monsenhor andrade,793,793,06/04/1937,,Livro de Emplacamentos 22. p. 237-240,Cintia,8/10/2018
261,261-793,"793,4",rua monsenhor andrade,139,139,01/09/1929,06/03/1937,Livro de Emplacamentos 22. p. 237-240,Cintia,8/10/2018
261,261-793,"793,4",rua monsenhor andrade,123,123,07/08/1908,01/08/1929,Livro de Emplacamentos 22. p. 237-240,Cintia,8/10/2018
261,261-793,"793,4",rua monsenhor andrade,69,69,07/07/1908,07/07/1908,Livro de Emplacamentos 22. p. 237-240,Cintia,8/10/2018
261,261-505,"504,3",rua monsenhor andrade,505,505,06/04/1937,,Livro de Emplacamentos 22. p. 237-240,Cintia,8/10/2018
261,261-505,"504,3",rua monsenhor andrade,87,87,01/09/1929,06/03/1937,Livro de Emplacamentos 22. p. 237-240,Cintia,8/10/2018
261,261-505,"504,3",rua monsenhor andrade,71,71,07/08/1908,01/08/1929,Livro de Emplacamentos 22. p. 237-240,Cintia,8/10/2018
261,261-505,"504,3",rua monsenhor andrade,"31,9",31A,07/07/1908,07/07/1908,Livro de Emplacamentos 22. p. 237-240,Cintia,8/10/2018
261,261-367,"366,5",rua monsenhor andrade,367,367,06/04/1937,,Livro de Emplacamentos 22. p. 237-240,Cintia,8/10/2018
261,261-367,"366,5",rua monsenhor andrade,67,67,01/09/1929,06/03/1937,Livro de Emplacamentos 22. p. 237-240,Cintia,8/10/2018
261,261-367,"366,5",rua monsenhor andrade,63,63,07/08/1908,01/08/1929,Livro de Emplacamentos 22. p. 237-240,Cintia,8/10/2018
261,261-367,"366,5",rua monsenhor andrade,"31,8",31G,07/07/1908,07/07/1908,Livro de Emplacamentos 22. p. 237-240,Cintia,8/10/2018
311,311-79,"78,1",rua victoria,79,79,13/08/1934,,Livro de Emplacamentos 9. p. 177,Cintia,8/10/2018
311,311-79,"78,1",rua victoria,1,1,12/04/1908,08/12/1934,Livro de Emplacamentos 9. p. 177,Cintia,8/10/2018
311,311-79,"78,1",rua victoria,1,1,12/03/1908,12/03/1908,Livro de Emplacamentos 9. p. 177,Cintia,8/10/2018
311,311-851,"850,7",rua victoria,851,851,13/08/1934,,Livro de Emplacamentos 9. p. 177,Cintia,8/10/2018
311,311-851,"850,7",rua victoria,145,145,06/01/1927,08/12/1934,Livro de Emplacamentos 9. p. 177,Cintia,8/10/2018
311,311-851,"850,7",rua victoria,133,133,12/04/1908,31/05/1927,Livro de Emplacamentos 9. p. 177,Cintia,8/10/2018
311,311-851,"850,7",rua victoria,111,111,12/03/1908,12/03/1908,Livro de Emplacamentos 9. p. 177,Cintia,8/10/2018
311,311-313,312,rua victoria,313,313,13/08/1934,,Livro de Emplacamentos 9. p. 177,Cintia,8/10/2018
311,311-313,312,rua victoria,49,49,06/01/1927,08/12/1934,Livro de Emplacamentos 9. p. 177,Cintia,8/10/2018
311,311-313,312,rua victoria,43,43,12/04/1908,31/05/1927,Livro de Emplacamentos 9. p. 177,Cintia,8/10/2018
311,311-313,312,rua victoria,39,39,12/03/1908,12/03/1908,Livro de Emplacamentos 9. p. 177,Cintia,8/10/2018
311,311-643,"643,8",rua victoria,643,643,13/08/1934,,Livro de Emplacamentos 9. p. 177,Cintia,8/10/2018
311,311-643,"643,8",rua victoria,111,111,06/01/1927,08/12/1934,Livro de Emplacamentos 9. p. 177,Cintia,8/10/2018
311,311-643,"643,8",rua victoria,85,85,12/04/1908,31/05/1927,Livro de Emplacamentos 9. p. 177,Cintia,8/10/2018
311,311-643,"643,8",rua victoria,"71,1",71A,12/03/1908,12/03/1908,Livro de Emplacamentos 9. p. 177,Cintia,8/10/2018
311,311-2,"1,3",rua victoria,2,2,13/08/1934,,Livro de Emplacamentos 9. p. 177,Cintia,8/10/2018
311,311-2,"1,3",rua victoria,"2,1",2A,08/12/1934,08/12/1934,Livro de Emplacamentos 9. p. 177,Cintia,8/10/2018
311,311-10,"9,1",rua victoria,10,10,13/08/1934,,Livro de Emplacamentos 9. p. 177,Cintia,8/10/2018
311,311-10,"9,1",rua victoria,2,2,12/04/1908,08/12/1934,Livro de Emplacamentos 9. p. 177,Cintia,8/10/2018
311,311-10,"9,1",rua victoria,2,2,12/03/1908,12/03/1908,Livro de Emplacamentos 9. p. 177,Cintia,8/10/2018
311,311-866,"864,3",rua victoria,866,866,13/08/1934,,Livro de Emplacamentos 9. p. 177,Cintia,8/10/2018
311,311-866,"864,3",rua victoria,158,158,06/01/1927,08/12/1934,Livro de Emplacamentos 9. p. 177,Cintia,8/10/2018
311,311-866,"864,3",rua victoria,178,178,12/04/1908,31/05/1927,Livro de Emplacamentos 9. p. 177,Cintia,8/10/2018
311,311-638,637,rua victoria,638,638,13/08/1934,,Livro de Emplacamentos 9. p. 177,Cintia,8/10/2018
311,311-638,637,rua victoria,128,128,06/01/1927,08/12/1934,Livro de Emplacamentos 9. p. 177,Cintia,8/10/2018
311,311-638,637,rua victoria,134,134,12/04/1908,31/05/1927,Livro de Emplacamentos 9. p. 177,Cintia,8/10/2018
311,311-638,637,rua victoria,128,128,12/03/1908,12/03/1908,Livro de Emplacamentos 9. p. 177,Cintia,8/10/2018
311,311-302,"301,9",rua victoria,302,302,13/08/1934,,Livro de Emplacamentos 9. p. 177,Cintia,8/10/2018
311,311-302,"301,9",rua victoria,66,66,06/01/1927,08/12/1934,Livro de Emplacamentos 9. p. 177,Cintia,8/10/2018
311,311-302,"301,9",rua victoria,70,70,12/04/1908,31/05/1927,Livro de Emplacamentos 9. p. 177,Cintia,8/10/2018
311,311-302,"301,9",rua victoria,68,68,12/03/1908,12/03/1908,Livro de Emplacamentos 9. p. 177,Cintia,8/10/2018
61,61-8,"8,7",Rua Santo Amaro,8,8,30/09/1940,,Livro de emplacamento n. 27. p. 108,Cintia,8/10/2018
61,61-11,"11,5",Rua Santo Amaro,11,11,30/09/1940,,Livro de emplacamento n. 27. p. 110,Cintia,8/10/2018
61,61-350,"351,7",Rua Santo Amaro,350,350,30/09/1940,,Livro de emplacamento n. 27. p. 108,Cintia,8/10/2018
61,61-361,"360,9",Rua Santo Amaro,361,361,30/09/1940,,Livro de emplacamento n. 27. p. 110,Cintia,8/10/2018
61,61-430,"428,9",Rua Santo Amaro,430,430,30/09/1940,,Livro de emplacamento n. 27. p. 109,Cintia,8/10/2018
61,61-431,"431,3",Rua Santo Amaro,431,431,30/09/1940,,Livro de emplacamento n. 27. p. 110,Cintia,8/10/2018
61,61-762,762,Rua Santo Amaro,762,762,30/09/1940,,Livro de emplacamento n. 27. p. 109,Cintia,8/10/2018
61,61-511,"510,3",Rua Santo Amaro,511,511,30/09/1940,,Livro de emplacamento n. 27. p. 111,Cintia,8/10/2018
61,61-8,"8,7",Rua Santo Amaro,2,2,21/01/1912,29/09/1940,Livro de emplacamento n. 8. p. 195,Cintia,8/10/2018
61,61-11,"11,5",Rua Santo Amaro,1,1,21/01/1912,29/09/1940,Livro de emplacamento n. 8. p. 195,Cintia,8/10/2018
61,61-350,"351,7",Rua Santo Amaro,72,72,21/01/1912,29/09/1940,Livro de emplacamento n. 8. p. 195,Cintia,8/10/2018
61,61-361,"360,9",Rua Santo Amaro,77,77,21/01/1912,29/09/1940,Livro de emplacamento n. 8. p. 195,Cintia,8/10/2018
61,61-430,"428,9",Rua Santo Amaro,84,84,21/01/1912,29/09/1940,Livro de emplacamento n. 8. p. 195,Cintia,8/10/2018
61,61-431,"431,3",Rua Santo Amaro,93,93,21/01/1912,29/09/1940,Livro de emplacamento n. 8. p. 195,Cintia,8/10/2018
61,61-762,762,Rua Santo Amaro,146,146,21/01/1912,29/09/1940,Livro de emplacamento n. 8. p. 195,Cintia,8/10/2018
61,61-511,"510,3",Rua Santo Amaro,111,111,21/01/1912,29/09/1940,Livro de emplacamento n. 8. p. 195,Cintia,8/10/2018
61,61-8,"8,7",Rua Santo Amaro,2,2,01/07/1908,20/01/1912,Livro de emplacamento n. 8. p. 117,Cintia,8/10/2018
61,61-11,"11,5",Rua Santo Amaro,1,1,01/07/1908,20/01/1912,Livro de emplacamento n. 8. p. 117,Cintia,8/10/2018
61,61-350,"351,7",Rua Santo Amaro,70,70,01/07/1908,20/01/1912,Livro de emplacamento n. 8. p. 117,Cintia,8/10/2018
61,61-361,"360,9",Rua Santo Amaro,"53,2",53B,01/07/1908,20/01/1912,Livro de emplacamento n. 8. p. 117,Cintia,8/10/2018
61,61-430,"428,9",Rua Santo Amaro,84,84,01/07/1908,20/01/1912,Livro de emplacamento n. 8. p. 117,Cintia,8/10/2018
61,61-431,"431,3",Rua Santo Amaro,53,41B,01/07/1908,20/01/1912,Livro de emplacamento n. 8. p. 117,Cintia,8/10/2018
61,61-762,762,Rua Santo Amaro,140,140,01/07/1908,20/01/1912,Livro de emplacamento n. 8. p. 117,Cintia,8/10/2018
61,61-511,"510,3",Rua Santo Amaro,67,67,01/07/1908,20/01/1912,Livro de emplacamento n. 8. p. 117,Cintia,8/10/2018
62,62-73,"73,5",Rua Dr. Falcao,73,73,24/05/1939,,Livro de emplacamento n. 26. p. 243,Cintia,8/10/2018
62,62-93,93,Rua Dr. Falcao,93,93,24/05/1939,,Livro de emplacamento n. 26. p. 243,Cintia,8/10/2018
62,62-171,"170,3",Rua Dr. Falcao,171,171,24/05/1939,,Livro de emplacamento n. 26. p. 243,Cintia,8/10/2018
62,62-73,"73,5",Rua Dr. Falcao,1,1,26/02/1909,23/05/1939,Livro de emplacamento n. 4. p. 40,Cintia,8/10/2018
62,62-93,93,Rua Dr. Falcao,15,15,26/02/1909,23/05/1939,Livro de emplacamento n. 4. p. 40,Cintia,8/10/2018
62,62-171,"170,3",Rua Dr. Falcao,45,17E,26/02/1909,23/05/1939,Livro de emplacamento n. 4. p. 40,Cintia,8/10/2018
64,64-26,"25,1",Rua Joao Adolpho,26,26,18/11/1941,,Livro de emplacamento n. 28. p. 383,Cintia,8/10/2018
64,64-62,"62,1",Rua Joao Adolpho,62,62,18/11/1941,,Livro de emplacamento n. 28. p. 383,Cintia,8/10/2018
64,64-196,"195,3",Rua Joao Adolpho,196,196,18/11/1941,,Livro de emplacamento n. 28. p. 383,Cintia,8/10/2018
64,64-59,"58,4",Rua Joao Adolpho,59,59,18/11/1941,,Livro de emplacamento n. 28. p. 383,Cintia,8/10/2018
64,64-115,"114,4",Rua Joao Adolpho,115,115,18/11/1941,,Livro de emplacamento n. 28. p. 383,Cintia,8/10/2018
64,64-199,"198,3",Rua Joao Adolpho,199,199,18/11/1941,,Livro de emplacamento n. 28. p. 383,Cintia,8/10/2018
64,64-26,"25,1",Rua Joao Adolpho,2,2,24/12/1927,17/11/1941,Livro de emplacamento n. 11. p. 138,Cintia,8/10/2018
64,64-62,"62,1",Rua Joao Adolpho,10,2B,24/12/1927,17/11/1941,Livro de emplacamento n. 11. p. 138,Cintia,8/10/2018
64,64-196,"195,3",Rua Joao Adolpho,28,28,24/12/1927,17/11/1941,Livro de emplacamento n. 11. p. 138,Cintia,8/10/2018
64,64-59,"58,4",Rua Joao Adolpho,1,1,24/12/1927,17/11/1941,Livro de emplacamento n. 11. p. 138,Cintia,8/10/2018
64,64-115,"114,4",Rua Joao Adolpho,11,11,24/12/1927,17/11/1941,Livro de emplacamento n. 11. p. 138,Cintia,8/10/2018
64,64-199,"198,3",Rua Joao Adolpho,19,19,24/12/1927,17/11/1941,Livro de emplacamento n. 11. p. 138,Cintia,8/10/2018
89,89-41,"41,2",Rua Santa Isabel,41,41,28/10/1935,,Livro de emplacamento n. 20. p. 138,Cintia,8/10/2018
89,89-203,"203,1",Rua Santa Isabel,203,203,28/10/1935,,Livro de emplacamento n. 20. p. 138,Cintia,8/10/2018
89,89-289,"289,1",Rua Santa Isabel,289,289,28/10/1935,,Livro de emplacamento n. 20. p. 138,Cintia,8/10/2018
89,89-38,"37,8",Rua Santa Isabel,38,38,28/10/1935,,Livro de emplacamento n. 20. p. 139,Cintia,8/10/2018
89,89-188,"188,3",Rua Santa Isabel,188,188,28/10/1935,,Livro de emplacamento n. 20. p. 139,Cintia,8/10/2018
89,89-294,"293,2",Rua Santa Isabel,294,294,28/10/1935,,Livro de emplacamento n. 20. p. 139,Cintia,8/10/2018
89,89-41,"41,2",Rua Santa Isabel,3,3,26/06/1911,27/10/1935,Livro de emplacamento n. 8. p. 173,Cintia,8/10/2018
89,89-203,"203,1",Rua Santa Isabel,19,19,26/06/1911,27/10/1935,Livro de emplacamento n. 8. p. 173,Cintia,8/10/2018
89,89-289,"289,1",Rua Santa Isabel,27,27,26/06/1911,27/10/1935,Livro de emplacamento n. 8. p. 173,Cintia,8/10/2018
89,89-38,"37,8",Rua Santa Isabel,2,2,26/06/1911,27/10/1935,Livro de emplacamento n. 8. p. 173,Cintia,8/10/2018
89,89-188,"188,3",Rua Santa Isabel,24,24,26/06/1911,27/10/1935,Livro de emplacamento n. 8. p. 173,Cintia,8/10/2018
89,89-294,"293,2",Rua Santa Isabel,40,40,26/06/1911,27/10/1935,Livro de emplacamento n. 8. p. 173,Cintia,8/10/2018
89,89-41,"41,2",Rua Santa Isabel,3,3,23/01/1909,25/06/1911,Livro de emplacamento n. 8. p. 137,Cintia,8/10/2018
89,89-203,"203,1",Rua Santa Isabel,19,19,23/01/1909,25/06/1911,Livro de emplacamento n. 8. p. 137,Cintia,8/10/2018
89,89-289,"289,1",Rua Santa Isabel,27,27,23/01/1909,25/06/1911,Livro de emplacamento n. 8. p. 137,Cintia,8/10/2018
89,89-38,"37,8",Rua Santa Isabel,2,2,23/01/1909,25/06/1911,Livro de emplacamento n. 8. p. 137,Cintia,8/10/2018
89,89-188,"188,3",Rua Santa Isabel,24,24,23/01/1909,25/06/1911,Livro de emplacamento n. 8. p. 137,Cintia,8/10/2018
89,89-294,"293,2",Rua Santa Isabel,40,40,23/01/1909,25/06/1911,Livro de emplacamento n. 8. p. 137,Cintia,8/10/2018
149,149-45,"46,1",Rua Joaquim Nabuco,45,45,29/06/1939,,Livro de emplacamento n. 25. p. 264,Cintia,8/10/2018
149,149-45,"46,1",Rua Joaquim Nabuco,7,7,13/06/1908,28/06/1939,Livro de emplacamento n. 5. p. 47 e 58,Cintia,8/10/2018
149,149-45,"46,1",Rua Joaquim Nabuco,1,1,06/12/1908,06/12/1908,Livro de emplacamento n. 5. p. 47,Cintia,8/10/2018
149,149-91,"90,1",Rua Joaquim Nabuco,91,91,29/06/1939,,Livro de emplacamento n. 25. p. 264,Cintia,8/10/2018
149,149-91,"90,1",Rua Joaquim Nabuco,21,21,13/06/1908,28/06/1939,Livro de emplacamento n. 5. p. 47 e 58,Cintia,8/10/2018
149,149-91,"90,1",Rua Joaquim Nabuco,3,3,06/12/1908,06/12/1908,Livro de emplacamento n. 5. p. 47,Cintia,8/10/2018
149,149-119,"118,4",Rua Joaquim Nabuco,119,119,29/06/1939,,Livro de emplacamento n. 25. p. 264,Cintia,8/10/2018
149,149-119,"118,4",Rua Joaquim Nabuco,31,31,13/06/1908,28/06/1939,Livro de emplacamento n. 5. p. 47 e 58,Cintia,8/10/2018
149,149-119,"118,4",Rua Joaquim Nabuco,13,13,06/12/1908,06/12/1908,Livro de emplacamento n. 5. p. 47,Cintia,8/10/2018
149,149-50,"49,4",Rua Joaquim Nabuco,50,50,29/06/1939,,Livro de emplacamento n. 25. p. 265,Cintia,8/10/2018
149,149-50,"49,4",Rua Joaquim Nabuco,4,4,13/06/1908,28/06/1939,Livro de emplacamento n. 5. p. 47 e 58,Cintia,8/10/2018
149,149-50,"49,4",Rua Joaquim Nabuco,6,6,06/12/1908,06/12/1908,Livro de emplacamento n. 5. p. 47,Cintia,8/10/2018
149,149-110,110,Rua Joaquim Nabuco,110,110,29/06/1939,,Livro de emplacamento n. 25. p. 265,Cintia,8/10/2018
149,149-110,110,Rua Joaquim Nabuco,20,20,13/06/1908,28/06/1939,Livro de emplacamento n. 5. p. 47 e 58,Cintia,8/10/2018
149,149-110,110,Rua Joaquim Nabuco,24,24,06/12/1908,06/12/1908,Livro de emplacamento n. 5. p. 47,Cintia,8/10/2018
152,152-17,"16,8",Rua Prudente de Moraes,17,17,15/06/1936,,Livro de emplacamento n. 21. p. 163,Cintia,8/10/2018
152,152-17,"16,8",Rua Prudente de Moraes,1,1,08/01/1908,14/06/1936,Livros de emplacamento n. 7. p. 142 e n. 2. p. 75,Cintia,8/10/2018
152,152-17,"16,8",Rua Prudente de Moraes,1,1,31/07/1908,08/01/1908,Livro de Emplacamento n. 2. p. 75,Cintia,8/10/2018
152,152-95,"94,7",Rua Prudente de Moraes,95,95,15/06/1936,,Livro de emplacamento n. 21. p. 163,Cintia,8/10/2018
152,152-95,"94,7",Rua Prudente de Moraes,27,27,08/01/1908,14/06/1936,Livros de emplacamento n. 7. p. 142 e n. 2. p. 75,Cintia,8/10/2018
152,152-95,"94,7",Rua Prudente de Moraes,27,127,31/07/1908,31/07/1908,Livro de Emplacamento n. 2. p. 75,Cintia,8/10/2018
152,152-197,"197,5",Rua Prudente de Moraes,197,197,15/06/1936,,Livro de emplacamento n. 21. p. 163,Cintia,8/10/2018
152,152-197,"197,5",Rua Prudente de Moraes,67,67,08/01/1908,14/06/1936,Livro de Emplacamento n. 2. p. 75,Cintia,8/10/2018
152,152-197,"197,5",Rua Prudente de Moraes,67,67,31/07/1908,31/07/1908,Livro de Emplacamento n. 2. p. 75,Cintia,8/10/2018
152,152-18,"18,6",Rua Prudente de Moraes,18,18,15/06/1936,,Livro de emplacamento n. 21. p. 164,Cintia,8/10/2018
152,152-18,"18,6",Rua Prudente de Moraes,2,2,08/01/1908,14/06/1936,"Livros de emplacamento n. 7. p. 142 e p. 122 e n,2. p,75",Cintia,8/10/2018
152,152-18,"18,6",Rua Prudente de Moraes,2,2,31/07/1908,31/07/1908,Livro de Emplacamento n. 2. p. 75,Cintia,8/10/2018
152,152-138,"137,4",Rua Prudente de Moraes,138,138,15/06/1936,,Livro de emplacamento n. 21. p. 164,Cintia,8/10/2018
152,152-138,"137,4",Rua Prudente de Moraes,36,36,08/01/1908,14/06/1936,"Livros de emplacamento n. 7. p. 142 e p. 122 e n,2. p,75",Cintia,8/10/2018
152,152-138,"137,4",Rua Prudente de Moraes,30,30,31/07/1908,31/07/1908,Livro de Emplacamento n. 2. p. 75,Cintia,8/10/2018
152,152-183,"183,7",Rua Prudente de Moraes,182,182,15/06/1936,,Livro de emplacamento n. 21. p. 164,Cintia,8/10/2018
152,152-183,"183,7",Rua Prudente de Moraes,52,52,06/09/1911,14/06/1936,Livros de emplacamento n. 7. p. 122,Cintia,8/10/2018
152,152-183,"183,7",Rua Prudente de Moraes,56,56,06/08/1911,06/08/1911,Livros de emplacamento n. 7. p. 122,Cintia,8/10/2018
153,153-43,"43,7",Rua Campos Sales,43,43,08/10/1936,,Livro de emplacamento n. 21. p. 232,Cintia,8/10/2018
153,153-43,"43,7",Rua Campos Sales,7,7,28/07/1929,08/09/1936,Livro de emplacamento n. 13. p. 62,Cintia,8/10/2018
153,153-47,"265,5",Rua Campos Sales,265,265,08/10/1936,,Livro de emplacamento n. 21. p. 232,Cintia,8/10/2018
153,153-47,"265,5",Rua Campos Sales,47,47,28/07/1929,08/09/1936,Livro de emplacamento n. 13. p. 62,Cintia,8/10/2018
153,153-469,"469,8",Rua Campos Sales,469,469,08/10/1936,,Livro de emplacamento n. 21. p. 232,Cintia,8/10/2018
153,153-469,"469,8",Rua Campos Sales,79,79,28/07/1929,08/09/1936,Livro de emplacamento n. 13. p. 62,Cintia,8/10/2018
153,153-32,"32,7",Rua Campos Sales,32,32,08/10/1936,,Livro de emplacamento n. 21. p. 233,Cintia,8/10/2018
153,153-32,"32,7",Rua Campos Sales,4,4,28/07/1929,08/09/1936,Livro de emplacamento n. 13. p. 62,Cintia,8/10/2018
153,153-32,"32,7",Rua Campos Sales,2,2,11/08/1911,27/07/1929,Livros de emplacamento n. 3. p. 72 e p. 28,Cintia,8/10/2018
153,153-32,"32,7",Rua Campos Sales,2,2tinta,11/07/1911,11/07/1911,Livro de emplacamento n. 3. p. 20,Cintia,8/10/2018
153,153-264,"263,7",Rua Campos Sales,264,264,08/10/1936,,Livro de emplacamento n. 21. p. 233,Cintia,8/10/2018
153,153-264,"263,7",Rua Campos Sales,52,52,28/07/1929,08/09/1936,Livro de emplacamento n. 13. p. 62,Cintia,8/10/2018
153,153-264,"263,7",Rua Campos Sales,46,46,12/09/1921,27/07/1929,Livro de emplacamento n. 3. p. 72,Cintia,8/10/2018
153,153-264,"263,7",Rua Campos Sales,27,27,06/08/1911,12/08/1921,Livro de emplacamento n. 3. p. 28,Cintia,8/10/2018
153,153-264,"263,7",Rua Campos Sales,25,25,06/07/1911,06/07/1911,Livro de emplacamento n. 3. p. 20,Cintia,8/10/2018
153,153-514,"513,3",Rua Campos Sales,514,514,08/10/1936,,Livro de emplacamento n. 21. p. 233,Cintia,8/10/2018
153,153-514,"513,3",Rua Campos Sales,92,92,28/07/1929,08/09/1936,Livro de emplacamento n. 13. p. 62,Cintia,8/10/2018
153,153-514,"513,3",Rua Campos Sales,88,88,12/09/1921,27/07/1929,Livro de emplacamento n. 3. p. 72,Cintia,8/10/2018
153,153-514,"513,3",Rua Campos Sales,60,60,06/08/1911,12/08/1921,Livro de emplacamento n. 3. p. 28,Cintia,8/10/2018
153,153-514,"513,3",Rua Campos Sales,60,60,06/07/1911,06/07/1911,Livro de emplacamento n. 3. p. 20,Cintia,8/10/2018
190,190-12,"12,6",Rua Anhaia,12,12,24/05/1937,,Livro de emplacamento n. 22. p. 190,Cintia,8/10/2018
190,190-12,"12,6",Rua Anhaia,2,2,25/04/1909,23/05/1937,Livro de emplacamento n. 1. p. 80 e p. 37,Cintia,8/10/2018
190,190-12,"12,6",Rua Anhaia,2,2,24/04/1909,24/04/1909,Livro de emplacamento n. 1. p. 80 ,Cintia,8/10/2018
190,190-164,"163,5",Rua Anhaia,164,164,24/05/1937,,Livro de emplacamento n. 22. p. 190,Cintia,8/10/2018
190,190-164,"163,5",Rua Anhaia,52,52,22/09/1930,23/05/1937,Livro de emplacamento n. 17. p. 132   ,Cintia,8/10/2018
190,190-164,"163,5",Rua Anhaia,50,50,17/11/1911,21/09/1930,Livro de emplacamento n. 1. p. 37 ,Cintia,8/10/2018
190,190-164,"163,5",Rua Anhaia,44,44,16/11/1911,16/11/1911,Livro de emplacamento n. 1. p. 37 ,Cintia,8/10/2018
190,190-238,"237,8",Rua Anhaia,238,238,24/05/1937,,Livro de emplacamento n. 22. p. 190,Cintia,8/10/2018
190,190-238,"237,8",Rua Anhaia,70,70,22/09/1930,23/05/1937,Livro de emplacamento n. 17. p. 132   ,Cintia,8/10/2018
190,190-238,"237,8",Rua Anhaia,68,68,17/11/1911,21/09/1930,Livro de emplacamento n. 1. p. 37 ,Cintia,8/10/2018
190,190-238,"237,8",Rua Anhaia,62,62,25/04/1909,16/11/1911,Livro de emplacamento n. 1. p. 80,Cintia,8/10/2018
190,190-238,"237,8",Rua Anhaia,56,56,24/04/1909,24/04/1909,Livro de emplacamento n. 1. p. 80,Cintia,8/10/2018
190,190-35,"34,7",Rua Anhaia,35,35,24/05/1937,,Livro de emplacamento n. 22. p. 193,Cintia,8/10/2018
190,190-35,"34,7",Rua Anhaia,1,1,25/04/1909,23/05/1937,Livro de emplacamento n. 17. p. 130 e n. 1. p 37. 38 e 80,Cintia,8/10/2018
190,190-35,"34,7",Rua Anhaia,1,1,24/04/1909,24/04/1909,Livro de emplacamento n. 1. p. 180,Cintia,8/10/2018
190,190-107,"107,1",Rua Anhaia,107,107,24/05/1937,,Livro de emplacamento n. 22. p. 193,Cintia,8/10/2018
190,190-107,"107,1",Rua Anhaia,23,23,25/04/1909,23/05/1937,"25-4-1909 - L1. p,80; 17-11-1911 - L1. p,37; 4-2-1915 - L1. p,57;
22-9-1930 - L17. p,130 a 133;
24-5-1937 - L22. p,190 a 195",Cintia,8/10/2018
190,190-237,"237,5",Rua Anhaia,237,237,24/05/1937,,Livro de emplacamento n. 22. p. 193,Cintia,8/10/2018
190,190-237,"237,5",Rua Anhaia,47,47,22/09/1930,23/05/1937,Livro de emplacamento n. 17. p. 130,Cintia,8/10/2018
190,190-237,"237,5",Rua Anhaia,49,49,25/04/1909,21/09/1930,"25-4-1909 - L1. p,80; 17-11-1911 - L1. p,37; 4-2-1915 - L1. p,57;
22-9-1930 - L17. p,130 a 133;
24-5-1937 - L22. p,190 a 195",Cintia,8/10/2018
190,190-237,"237,5",Rua Anhaia,43,43,24/04/1909,24/04/1909,Livro de emplacamento n. 17. p. 130,Cintia,8/10/2018
1,1-3,3,Rua Boa Vista,3,3,13/03/1928,,"Livros de Emplacamento L13. P,58",Cintia,8/10/2018
1,1-3,3,Rua Boa Vista,5,5ª E/T,03/12/1928,03/12/1928,"Livros de Emplacamento L13. P,58",Cintia,8/10/2018
1,1-103,103,Rua Boa Vista,103,103,20/08/1937,,"Livros de Emplacamento L13. P,58",Cintia,8/10/2018
1,1-103,103,Rua Boa Vista,17,17,03/12/1928,19/08/1937,"Livros de Emplacamento L13. P,58",Cintia,8/10/2018
1,1-103,103,Rua Boa Vista,25,25 E/T,13/03/1928,13/03/1928,"Livros de Emplacamento L13. P,58",Cintia,8/10/2018
1,1-250,250,Rua Boa Vista,250,250,20/08/1937,,"Livros de Emplacamento L13. P,58",Cintia,8/10/2018
1,1-250,250,Rua Boa Vista,39,39F,13/03/1928,19/08/1937,"Livros de Emplacamento L13. P,58",Cintia,8/10/2018
1,1-250,250,Rua Boa Vista,55,55B E/T,03/12/1928,03/12/1928,"Livros de Emplacamento L13. P,58",Cintia,8/10/2018
1,1-10,10,Rua Boa Vista,10,10,20/08/1937,,"Livros de Emplacamento L13. P,58",Cintia,8/10/2018
1,1-10,10,Rua Boa Vista,2,2,13/03/1928,19/08/1937,"Livros de Emplacamento L13. P,58",Cintia,8/10/2018
1,1-10,10,Rua Boa Vista,18,18 E/S,03/12/1928,03/12/1928,"Livros de Emplacamento L13. P,58",Cintia,8/10/2018
1,1-136,136,Rua Boa Vista,136,136,20/08/1937,,"Livros de Emplacamento L13. P,58",Cintia,8/10/2018
1,1-136,136,Rua Boa Vista,26,26,13/03/1928,19/08/1937,"Livros de Emplacamento L13. P,58",Cintia,8/10/2018
1,1-136,136,Rua Boa Vista,42,42 E/T,03/12/1928,03/12/1928,"Livros de Emplacamento L13. P,58",Cintia,8/10/2018
2,2-9,9,Rua Tres de Dezembro,9,9,15/11/1933,,"Livros de Emplacamento L19. P,69",Cintia,8/10/2018
2,2-9,9,Rua Tres de Dezembro,1,1 Bº,14/11/1933,14/11/1933,"Livros de Emplacamento L19. P,69",Cintia,8/10/2018
2,2-43,43,Rua Tres de Dezembro,43,43,15/11/1933,,"Livros de Emplacamento L19. P,69",Cintia,8/10/2018
2,2-43,43,Rua Tres de Dezembro,7,7 Bº,14/11/1933,14/11/1933,"Livros de Emplacamento L19. P,69",Cintia,8/10/2018
2,2-69,69,Rua Tres de Dezembro,69,69,15/11/1933,,"Livros de Emplacamento L19. P,69",Cintia,8/10/2018
2,2-69,11,Rua Tres de Dezembro,11,11 B,14/11/1933,14/11/1933,"Livros de Emplacamento L19. P,69",Cintia,8/10/2018
2,2-34,34,Rua Tres de Dezembro,34,34,15/11/1933,,"Livros de Emplacamento L19. P,69",Cintia,8/10/2018
2,2-34,34,Rua Tres de Dezembro,4,4,14/11/1933,14/11/1933,"Livros de Emplacamento L19. P,69",Cintia,8/10/2018
2,2-40,40,Rua Tres de Dezembro,40,40,15/11/1933,,"Livros de Emplacamento L19. P,69",Cintia,8/10/2018
2,2-40,40,Rua Tres de Dezembro,8,8,14/11/1933,14/11/1933,"Livros de Emplacamento L19. P,69",Cintia,8/10/2018
2,2-68,68,Rua Tres de Dezembro,68,68,15/11/1933,,"Livros de Emplacamento L19. P,69",Cintia,8/10/2018
2,2-16,68,Rua Tres de Dezembro,16,16,14/11/1933,14/11/1933,"Livros de Emplacamento L19. P,69",Cintia,8/10/2018
3,3-19,19,Rua João Briccola,19,19,15/03/1941,,"Livros de Emplacamento L28. P,129",Cintia,8/10/2018
3,3-19,19,Rua João Briccola,1,1,14/03/1928,13/03/1941,"Livros de Emplacamento L28. P,129",Cintia,8/10/2018
3,3-47,47,Rua João Briccola,47,47,15/03/1941,,"Livros de Emplacamento L28. P,129",Cintia,8/10/2018
3,3-47,47,Rua João Briccola,9,9,14/03/1928,14/03/1941,"Livros de Emplacamento L28. P,129",Cintia,8/10/2018
3,3-47,47,Rua João Briccola,15,15 E/S,13/03/1928,13/03/1928,"Livros de Emplacamento L28. P,129",Cintia,8/10/2018
3,3-67,67,Rua João Briccola,67,67,14/03/1941,,"Livros de Emplacamento L28. P,129",Cintia,8/10/2018
3,3-67,67,Rua João Briccola,15,15,14/03/1928,13/03/1941,"Livros de Emplacamento L28. P,129",Cintia,8/10/2018
3,3-67,67,Rua João Briccola,21,21 E/T,13/03/1928,13/03/1928,"Livros de Emplacamento L28. P,129",Cintia,8/10/2018
3,3-32,32,Rua João Briccola,32,32,14/03/1941,,"Livros de Emplacamento L28. P,129",Cintia,8/10/2018
3,3-32,32,Rua João Briccola,32,32,14/03/1928,13/03/1928,"Livros de Emplacamento L28. P,129",Cintia,8/10/2018
3,3-32,32,Rua João Briccola,2,2H E/T,13/03/1928,13/03/1928,"Livros de Emplacamento L28. P,129",Cintia,8/10/2018
3,3-42,42,Rua João Briccola,42,42 E/T,14/03/1941,,"Livros de Emplacamento L28. P,129",Cintia,8/10/2018
3,3-42,42,Rua João Briccola,8,8,14/03/1928,13/03/1941,"Livros de Emplacamento L28. P,129",Cintia,8/10/2018
3,3-42,42,Rua João Briccola,36,36ª E/T,13/03/1928,13/03/1928,"Livros de Emplacamento L28. P,129",Cintia,8/10/2018
3,3-53,56,Rua João Briccola,56,56,14/03/1941,,"Livros de Emplacamento L28. P,129",Cintia,8/10/2018
3,3-53,56,Rua João Briccola,14,,13/03/1941,13/03/1941,"Livros de Emplacamento L28. P,129",Cintia,8/10/2018
6,6-27,27,Rua Quinze de Novembro,27,27,18/05/1938,,"Livros de Emplacamento L24. P,334",Cintia,8/10/2018
6,6-27,27,Rua Quinze de Novembro,1,1,17/08/1938,17/08/1938,"Livros de Emplacamento L24. P,334",Cintia,8/10/2018
6,6-175,175,Rua Quinze de Novembro,175,175,18/05/1938,,"Livros de Emplacamento L24. P,334",Cintia,8/10/2018
6,6-175,175,Rua Quinze de Novembro,23,23,03/12/1928,17/08/1938,"Livros de Emplacamento L24. P,334",Cintia,8/10/2018
6,6-175,175,Rua Quinze de Novembro,25,25,17/08/1938,17/08/1938,"Livros de Emplacamento L24. P,334",Cintia,8/10/2018
6,6-331,331,Rua Quinze de Novembro,331,331,18/05/1938,,"Livros de Emplacamento L24. P,334",Cintia,8/10/2018
6,6-331,331,Rua Quinze de Novembro,49,49,03/12/1928,03/11/1928,"Livros de Emplacamento L24. P,334",Cintia,8/10/2018
6,6-331,331,Rua Quinze de Novembro,57,57,17/08/1938,17/08/1938,"Livros de Emplacamento L24. P,334",Cintia,8/10/2018
6,6-12,12,Rua Quinze de Novembro,12,12,18/05/1938,,"Livros de Emplacamento L24. P,334",Cintia,8/10/2018
6,6-12,12,Rua Quinze de Novembro,2,2,03/12/1928,17/05/1938,"Livros de Emplacamento L24. P,334",Cintia,8/10/2018
6,6-12,12,Rua Quinze de Novembro,4,4 E/T,03/11/1928,03/11/1928,"Livros de Emplacamento L24. P,334",Cintia,8/10/2018
6,6-166,166,Rua Quinze de Novembro,166,166,18/05/1938,,"Livros de Emplacamento L24. P,334",Cintia,8/10/2018
6,6-166,166,Rua Quinze de Novembro,22,22,03/12/1928,17/05/1938,"Livros de Emplacamento L24. P,334",Cintia,8/10/2018
6,6-166,166,Rua Quinze de Novembro,24,24 E/T,03/11/1928,03/11/1928,"Livros de Emplacamento L24. P,334",Cintia,8/10/2018
6,6-336,336,Rua Quinze de Novembro,336,336,18/05/1938,,"Livros de Emplacamento L24. P,334",Cintia,8/10/2018
6,6-336,336,Rua Quinze de Novembro,50,50,03/12/1928,17/05/1938,"Livros de Emplacamento L24. P,334",Cintia,8/10/2018
6,6-336,336,Rua Quinze de Novembro,56,56,03/11/1928,03/11/1928,"Livros de Emplacamento L24. P,334",Cintia,8/10/2018
4,4-63,63,Ladeira Porto Geral,63,63,24/10/1939,,"Livros de Emplacamento 7. P,187",Cintia,8/10/2018
4,4-63,3,Ladeira Porto Geral,3,36ª E/T,05/06/1921,23/10/1939,"Livros de Emplacamento 7. P,187",Cintia,8/10/2018
4,4-63,3,Ladeira Porto Geral,7,7 E,05/05/1921,05/05/1921,"Livros de Emplacamento 7. P,187",Cintia,8/10/2018
4,4-109,109,Ladeira Porto Geral,109,109,24/10/1939,,"Livros de Emplacamento 7. P,187",Cintia,8/10/2018
4,4-109,109,Ladeira Porto Geral,15,15,05/06/1921,23/10/1939,"Livros de Emplacamento 7. P,187",Cintia,8/10/2018
4,4-109,109,Ladeira Porto Geral,17,17,05/05/1921,05/05/1921,"Livros de Emplacamento 7. P,187",Cintia,8/10/2018
4,4-133,133,Ladeira Porto Geral,133,133,24/10/1939,,"Livros de Emplacamento 7. P,187",Cintia,8/10/2018
4,4-133,133,Ladeira Porto Geral,23,23,05/06/1921,23/10/1939,"Livros de Emplacamento 7. P,187",Cintia,8/10/2018
4,4-133,133,Ladeira Porto Geral,25,25 E/T,05/05/1921,05/05/1921,"Livros de Emplacamento 7. P,187",Cintia,8/10/2018
4,4-14,14,Ladeira Porto Geral,14,14,24/10/1939,,"Livros de Emplacamento 7. P,187",Cintia,8/10/2018
4,4-14,14,Ladeira Porto Geral,2,2,05/06/1921,23/10/1939,"Livros de Emplacamento 7. P,187",Cintia,8/10/2018
4,4-14,14,Ladeira Porto Geral,0,0,05/05/1921,05/05/1921,"Livros de Emplacamento 7. P,187",Cintia,8/10/2018
4,4-52,52,Ladeira Porto Geral,52,52,24/10/1939,,"Livros de Emplacamento 7. P,187",Cintia,8/10/2018
4,4-52,52,Ladeira Porto Geral,8,8,05/06/1921,23/10/1939,"Livros de Emplacamento 7. P,187",Cintia,8/10/2018
4,4-52,52,Ladeira Porto Geral,4,4,05/05/1921,05/05/1921,"Livros de Emplacamento 7. P,187",Cintia,8/10/2018
4,4-106,106,Ladeira Porto Geral,106,106,24/10/1939,,"Livros de Emplacamento 7. P,187",Cintia,8/10/2018
7,7-12,12,Rua Floriano Peixoto,12,12,29/08/1939,,"Livros de Emplacamento L4. p,42 e L26 p,211",Cintia,8/10/2018
7,7-12,12,Rua Floriano Peixoto,2,2,28/08/1939,28/08/1939,"Livros de Emplacamento L4. p,42 e L26 p,211",Cintia,8/10/2018
7,7-46,46,Rua Floriano Peixoto,46,46,29/08/1939,,"Livros de Emplacamento L4. p,42 e L26 p,211",Cintia,8/10/2018
7,7-46,46,Rua Floriano Peixoto,8,8 A,28/08/1939,28/08/1939,"Livros de Emplacamento L4. p,42 e L26 p,211",Cintia,8/10/2018
7,7-64,64,Rua Floriano Peixoto,64,64,29/08/1939,,"Livros de Emplacamento L4. p,42 e L26 p,211",Cintia,8/10/2018
7,7-64,64,Rua Floriano Peixoto,12,12 A,27/01/1910,,"Livros de Emplacamento L4. p,42 e L26 p,211",Cintia,8/10/2018
7,7-64,64,Rua Floriano Peixoto,10,10 Baixo,26/01/1910,26/01/1910,"Livros de Emplacamento L4. p,42 e L26 p,211",Cintia,8/10/2018
9,9-25,25,Rua Barao de Paranapiacaba,25,25,12/09/1936,,"Livros de Emplacamento L21. p,361 e L13. P,41",Cintia,8/10/2018
9,9-25,25,Rua Barao de Paranapiacaba,1,1 Sº,12/08/1936,12/08/1936,"Livros de Emplacamento L21. p,361 e L13. P,41",Cintia,8/10/2018
9,9-57,57,Rua Barao de Paranapiacaba,57,57,12/09/1936,,"Livros de Emplacamento L21. p,361 e L13. P,41",Cintia,8/10/2018
9,9-57,57,Rua Barao de Paranapiacaba,3,3,16/07/1928,12/08/1936,"Livros de Emplacamento L21. p,361 e L13. P,41",Cintia,8/10/2018
9,9-57,57,Rua Barao de Paranapiacaba,1,1 G,15/07/1928,15/07/1928,"Livros de Emplacamento L21. p,361 e L13. P,41",Cintia,8/10/2018
9,9-103,103,Rua Barao de Paranapiacaba,103,103,12/09/1936,,"Livros de Emplacamento L21. p,361 e L13. P,41",Cintia,8/10/2018
9,9-103,103,Rua Barao de Paranapiacaba,11,11 B,16/07/1928,15/07/1928,"Livros de Emplacamento L21. p,361 e L13. P,41",Cintia,8/10/2018
9,9-24,24,Rua Barao de Paranapiacaba,24,24,12/09/1936,,"Livros de Emplacamento L21. p,361 e L13. P,41",Cintia,8/10/2018
9,9-24,24,Rua Barao de Paranapiacaba,2,2 A,12/08/1936,12/08/1936,"Livros de Emplacamento L21. p,361 e L13. P,41",Cintia,8/10/2018
9,9-44,44,Rua Barao de Paranapiacaba,44,44,12/09/1936,,"Livros de Emplacamento L21. p,361 e L13. P,41",Cintia,8/10/2018
9,9-44,44,Rua Barao de Paranapiacaba,4,4,15/07/1928,15/07/1928,"Livros de Emplacamento L21. p,361 e L13. P,41",Cintia,8/10/2018
9,9-92,92,Rua Barao de Paranapiacaba,92,92,12/09/1936,,"Livros de Emplacamento L21. p,361 e L13. P,41",Cintia,8/10/2018
9,9-92,92,Rua Barao de Paranapiacaba,12,12 Sº,15/07/1928,15/07/1928,"Livros de Emplacamento L21. p,361 e L13. P,41",Cintia,8/10/2018
127,127-25,"25,6",Rua do Lucas,25,25,30/04/1936,,"Livros de Emplacamento L6 p,16. L15 ,18 e L21 p,100-101",Cintia,8/10/2018
127,127-25,"25,6",Rua do Lucas,1,1,01/12/1929,29/04/1936,"Livros de Emplacamento L6 p,16. L15 ,18 e L21 p,100-101",Cintia,8/10/2018
127,127-181,"182,4",Rua do Lucas,181,181,30/04/1936,,"Livros de Emplacamento L6 p,16. L15 ,18 e L21 p,100-101",Cintia,8/10/2018
127,127-181,"182,4",Rua do Lucas,35,35,01/12/1929,29/04/1936,"Livros de Emplacamento L6 p,16. L15 ,18 e L21 p,100-101",Cintia,8/10/2018
127,127-181,"182,4",Rua do Lucas,41,41,30/09/1911,01/11/1929,"Livros de Emplacamento L6 p,16. L15 ,18 e L21 p,100-101",Cintia,8/10/2018
127,127-181,"182,4",Rua do Lucas,35,35 B,09/11/1911,09/11/1911,"Livros de Emplacamento L6 p,16. L15 ,18 e L21 p,100-101",Cintia,8/10/2018
127,127-323,"323,8",Rua do Lucas,323,323,30/04/1936,,"Livros de Emplacamento L6 p,16. L15 ,18 e L21 p,100-101",Cintia,8/10/2018
127,127-323,"323,8",Rua do Lucas,61,61 º,01/12/1929,29/04/1936,"Livros de Emplacamento L6 p,16. L15 ,18 e L21 p,100-101",Cintia,8/10/2018
127,127-36,"36,2",Rua do Lucas,36,36,30/04/1936,,"Livros de Emplacamento L6 p,16. L15 ,18 e L21 p,100-101",Cintia,8/10/2018
127,127-36,"36,2",Rua do Lucas,2,2,01/12/1929,29/04/1936,"Livros de Emplacamento L6 p,16. L15 ,18 e L21 p,100-101",Cintia,8/10/2018
127,127-36,"36,2",Rua do Lucas,2,2,30/09/1911,01/11/1929,"Livros de Emplacamento L6 p,16. L15 ,18 e L21 p,100-101",Cintia,8/10/2018
127,127-158,"158,3",Rua do Lucas,158,158,30/04/1936,,"Livros de Emplacamento L6 p,16. L15 ,18 e L21 p,100-101",Cintia,8/10/2018
127,127-158,"158,3",Rua do Lucas,24,24,01/12/1929,29/04/1936,"Livros de Emplacamento L6 p,16. L15 ,18 e L21 p,100-101",Cintia,8/10/2018
127,127-320,"320,9",Rua do Lucas,320,320,30/04/1936,,"Livros de Emplacamento L6 p,16. L15 ,18 e L21 p,100-101",Cintia,8/10/2018
127,127-320,"320,9",Rua do Lucas,76,76,01/12/1929,29/04/1936,"Livros de Emplacamento L6 p,16. L15 ,18 e L21 p,100-101",Cintia,8/10/2018
127,127-320,"320,9",Rua do Lucas,50,50,29/09/1911,29/09/1911,"Livros de Emplacamento L6 p,16. L15 ,18 e L21 p,100-101",Cintia,8/10/2018
128,128-105,"105,4",Rua Assumpçao,105,105,18/05/1936,,"Livros de Emplacamento L1 p,35 e 49. L15 p,1 e L21 p125",Cintia,8/10/2018
128,128-105,"105,4",Rua Assumpçao,11,11,18/01/1929,17/05/1936,"Livros de Emplacamento L1 p,35 e 49. L15 p,1 e L21 p125",Cintia,8/10/2018
128,128-105,"105,4",Rua Assumpçao,17,17,27/01/1921,17/01/1929,"Livros de Emplacamento L1 p,35 e 49. L15 p,1 e L21 p125",Cintia,8/10/2018
128,128-105,"105,4",Rua Assumpçao,5,5,26/01/1911,26/01/1911,"Livros de Emplacamento L1 p,35 e 49. L15 p,1 e L21 p125",Cintia,8/10/2018
128,128-247,"247,5",Rua Assumpçao,247,247,18/05/1936,,"Livros de Emplacamento L1 p,35 e 49. L15 p,1 e L21 p125",Cintia,8/10/2018
128,128-247,"247,5",Rua Assumpçao,51,51,18/01/1929,17/05/1936,"Livros de Emplacamento L1 p,35 e 49. L15 p,1 e L21 p125",Cintia,8/10/2018
128,128-247,"247,5",Rua Assumpçao,61,61,27/01/1911,17/01/1929,"Livros de Emplacamento L1 p,35 e 49. L15 p,1 e L21 p125",Cintia,8/10/2018
128,128-487,"487,5",Rua Assumpçao,487,487,18/05/1936,,"Livros de Emplacamento L1 p,35 e 49. L15 p,1 e L21 p125",Cintia,8/10/2018
128,128-487,"487,5",Rua Assumpçao,81,81,18/01/1929,17/05/1936,"Livros de Emplacamento L1 p,35 e 49. L15 p,1 e L21 p125",Cintia,8/10/2018
128,128-487,"487,5",Rua Assumpçao,97,97,27/01/1921,17/01/1929,"Livros de Emplacamento L1 p,35 e 49. L15 p,1 e L21 p125",Cintia,8/10/2018
128,128-487,"487,5",Rua Assumpçao,79,79,26/01/1911,26/01/1911,"Livros de Emplacamento L1 p,35 e 49. L15 p,1 e L21 p125",Cintia,8/10/2018
128,128-106,"106,4",Rua Assumpçao,106,106,18/05/1939,,"Livros de Emplacamento L1 p,35 e 49. L15 p,1 e L21 p125",Cintia,8/10/2018
128,128-106,"106,4",Rua Assumpçao,12,12,18/01/1929,14/06/1936,"Livros de Emplacamento L1 p,35 e 49. L15 p,1 e L21 p125",Cintia,8/10/2018
128,128-106,"106,4",Rua Assumpçao,16,16,27/01/1911,17/01/1929,"Livros de Emplacamento L1 p,35 e 49. L15 p,1 e L21 p125",Cintia,8/10/2018
128,128-246,246,Rua Assumpçao,246,246,18/05/1936,,"Livros de Emplacamento L1 p,35 e 49. L15 p,1 e L21 p125",Cintia,8/10/2018
128,128-246,246,Rua Assumpçao,50,50,18/01/1929,17/05/1936,"Livros de Emplacamento L1 p,35 e 49. L15 p,1 e L21 p125",Cintia,8/10/2018
128,128-478,"478,9",Rua Assumpçao,478,478,18/05/1936,,"Livros de Emplacamento L1 p,35 e 49. L15 p,1 e L21 p125",Cintia,8/10/2018
129,129-117,"116,1",Rua Maria Domitilla,117,117,27/08/1936,,"Livros de Emplacamento L21. p,260/261. L15 p. 179. L6 p. 147. L6 p 87",Cintia,8/10/2018
129,129-117,"116,11",Rua Maria Domitilla,11,11,20/08/1929,26/08/1936,"Livros de Emplacamento L21. p,260/261. L15 p. 179. L6 p. 147. L6 p 87",Cintia,8/10/2018
129,129-117,"116,1",Rua Maria Domitilla,25,25,08/05/1908,19/08/1929,"Livros de Emplacamento L21. p,260/261. L15 p. 179. L6 p. 147. L6 p 87",Cintia,8/10/2018
129,129-301,"300,6",Rua Maria Domitilla,301,301,27/08/1936,,"Livros de Emplacamento L21. p,260/261. L15 p. 179. L6 p. 147. L6 p 87",Cintia,8/10/2018
129,129-301,"300,6",Rua Maria Domitilla,59,59,20/08/1929,26/08/1936,"Livros de Emplacamento L21. p,260/261. L15 p. 179. L6 p. 147. L6 p 87",Cintia,8/10/2018
129,129-301,"300,6",Rua Maria Domitilla,71,71,08/05/1908,19/08/1929,"Livros de Emplacamento L21. p,260/261. L15 p. 179. L6 p. 147. L6 p 87",Cintia,8/10/2018
129,129-441,441,Rua Maria Domitilla,441,441,27/08/1936,,"Livros de Emplacamento L21. p,260/261. L15 p. 179. L6 p. 147. L6 p 87",Cintia,8/10/2018
129,129-441,441,Rua Maria Domitilla,87,87 Sob,20/08/1929,26/08/1936,"Livros de Emplacamento L21. p,260/261. L15 p. 179. L6 p. 147. L6 p 87",Cintia,8/10/2018
129,129-441,441,Rua Maria Domitilla,105,105,08/05/1908,19/08/1929,"Livros de Emplacamento L21. p,260/261. L15 p. 179. L6 p. 147. L6 p 87",Cintia,8/10/2018
129,129-44,"44,6",Rua Maria Domitilla,44,44,27/08/1936,,"Livros de Emplacamento L21. p,260/261. L15 p. 179. L6 p. 147. L6 p 87",Cintia,8/10/2018
129,129-44,"44,6",Rua Maria Domitilla,2,2,20/08/1929,26/08/1936,"Livros de Emplacamento L21. p,260/261. L15 p. 179. L6 p. 147. L6 p 87",Cintia,8/10/2018
129,129-44,"44,6",Rua Maria Domitilla,8,8,08/05/1908,19/08/1929,"Livros de Emplacamento L21. p,260/261. L15 p. 179. L6 p. 147. L6 p 87",Cintia,8/10/2018
129,129-356,"356,3",Rua Maria Domitilla,356,356,27/08/1936,,"Livros de Emplacamento L21. p,260/261. L15 p. 179. L6 p. 147. L6 p 87",Cintia,8/10/2018
129,129-356,"356,3",Rua Maria Domitilla,74,74,20/08/1929,26/08/1936,"Livros de Emplacamento L21. p,260/261. L15 p. 179. L6 p. 147. L6 p 87",Cintia,8/10/2018
129,129-356,"356,3",Rua Maria Domitilla,84,84,08/05/1908,19/08/1929,"Livros de Emplacamento L21. p,260/261. L15 p. 179. L6 p. 147. L6 p 87",Cintia,8/10/2018
129,129-408,"408,4",Rua Maria Domitilla,408,408,27/08/1936,,"Livros de Emplacamento L21. p,260/261. L15 p. 179. L6 p. 147. L6 p 87",Cintia,8/10/2018
129,129-408,"408,4",Rua Maria Domitilla,90,90,20/08/1929,26/08/1936,"Livros de Emplacamento L21. p,260/261. L15 p. 179. L6 p. 147. L6 p 87",Cintia,8/10/2018
129,129-408,"408,4",Rua Maria Domitilla,100,100,08/05/1908,19/08/1929,"Livros de Emplacamento L21. p,260/261. L15 p. 179. L6 p. 147. L6 p 87",Cintia,8/10/2018
134,134-53,"52,6",Rua Caetano Pinto,53,53,06/03/1937,,"Livros de Emplacamento L13. p,65-66 e L22. p,316-320",Cintia,8/10/2018
134,134-53,"52,6",Rua Caetano Pinto,5,5,08/06/1928,06/02/1937,"Livros de Emplacamento L13. p,65-66 e L22. p,316-320",Cintia,8/10/2018
134,134-345,345,Rua Caetano Pinto,345,345,06/03/1937,,"Livros de Emplacamento L13. p,65-66 e L22. p,316-320",Cintia,8/10/2018
134,134-345,345,Rua Caetano Pinto,57,57,08/06/1928,06/02/1937,"Livros de Emplacamento L13. p,65-66 e L22. p,316-320",Cintia,8/10/2018
134,134-345,345,Rua Caetano Pinto,77,77,08/05/1928,08/05/1928,"Livros de Emplacamento L13. p,65-66 e L22. p,316-320",Cintia,8/10/2018
134,134-693,693,Rua Caetano Pinto,693,693,06/03/1937,,"Livros de Emplacamento L13. p,65-66 e L22. p,316-320",Cintia,8/10/2018
134,134-693,693,Rua Caetano Pinto,175,175,08/06/1928,06/02/1937,"Livros de Emplacamento L13. p,65-66 e L22. p,316-320",Cintia,8/10/2018
134,134-693,693,Rua Caetano Pinto,191,191,08/05/1928,08/05/1928,"Livros de Emplacamento L13. p,65-66 e L22. p,316-320",Cintia,8/10/2018
134,134-34,35,Rua Caetano Pinto,34,34,06/03/1937,,"Livros de Emplacamento L13. p,65-66 e L22. p,316-320",Cintia,8/10/2018
134,134-34,35,Rua Caetano Pinto,2,2,08/06/1928,06/02/1937,"Livros de Emplacamento L13. p,65-66 e L22. p,316-320",Cintia,8/10/2018
134,134-336,"335,8",Rua Caetano Pinto,336,336,06/03/1937,,"Livros de Emplacamento L13. p,65-66 e L22. p,316-320",Cintia,8/10/2018
134,134-336,"335,8",Rua Caetano Pinto,102,102,08/06/1928,06/02/1937,"Livros de Emplacamento L13. p,65-66 e L22. p,316-320",Cintia,8/10/2018
134,134-336,"335,8",Rua Caetano Pinto,112,112,08/05/1928,08/05/1928,"Livros de Emplacamento L13. p,65-66 e L22. p,316-320",Cintia,8/10/2018
134,134-632,"632,8",Rua Caetano Pinto,632,632,06/03/1937,,"Livros de Emplacamento L13. p,65-66 e L22. p,316-320",Cintia,8/10/2018
134,134-632,"632,8",Rua Caetano Pinto,160,160,08/06/1928,06/02/1937,"Livros de Emplacamento L13. p,65-66 e L22. p,316-320",Cintia,8/10/2018
134,134-678,"677,1",Rua Caetano Pinto,677,677,06/03/1937,,"Livros de Emplacamento L13. p,65-66 e L22. p,316-320",Cintia,8/10/2018
327,327-29,22,Rua Victorin Carmillo,29,29,11/09/1935,,"Livros de Emplacamento 9. p,186 L10 p,8-9 L11 P,197-198 e L20 p,178-181",Cintia,8/10/2018
327,327-29,22,Rua Victorin Carmillo,1,1,27/07/1908,11/08/1935,"Livros de Emplacamento 9. p,186 L10 p,8-9 L11 P,197-198 e L20 p,178-181",Cintia,8/10/2018
327,327-488,"482,1",Rua Victorin Carmillo,488,488,11/09/1935,,"Livros de Emplacamento 9. p,186 L10 p,8-9 L11 P,197-198 e L20 p,178-181",Cintia,8/10/2018
327,327-488,"482,1",Rua Victorin Carmillo,105,105,18/10/1927,12/11/1935,"Livros de Emplacamento 9. p,186 L10 p,8-9 L11 P,197-198 e L20 p,178-181",Cintia,8/10/2018
327,327-488,"482,1",Rua Victorin Carmillo,103,103,22/02/1911,17/10/1927,"Livros de Emplacamento 9. p,186 L10 p,8-9 L11 P,197-198 e L20 p,178-181",Cintia,8/10/2018
327,327-488,"482,1",Rua Victorin Carmillo,73,73,27/07/1908,21/02/1911,"Livros de Emplacamento 9. p,186 L10 p,8-9 L11 P,197-198 e L20 p,178-181",Cintia,8/10/2018
327,327-1093,"1092,3",Rua Victorin Carmillo,1093,1093,13/11/1935,,"Livros de Emplacamento 9. p,186 L10 p,8-9 L11 P,197-198 e L20 p,178-181",Cintia,8/10/2018
327,327-1093,"1092,3",Rua Victorin Carmillo,219,219,18/10/1927,12/11/1935,"Livros de Emplacamento 9. p,186 L10 p,8-9 L11 P,197-198 e L20 p,178-181",Cintia,8/10/2018
327,327-1041,"1041,2",Rua Victorin Carmillo,1041,1041,13/11/1935,,"Livros de Emplacamento 9. p,186 L10 p,8-9 L11 P,197-198 e L20 p,178-181",Cintia,8/10/2018
327,327-1041,"1041,2",Rua Victorin Carmillo,199,199,18/10/1927,12/11/1935,"Livros de Emplacamento 9. p,186 L10 p,8-9 L11 P,197-198 e L20 p,178-181",Cintia,8/10/2018
327,327-1041,"1041,2",Rua Victorin Carmillo,207,207,22/02/1911,17/10/1927,"Livros de Emplacamento 9. p,186 L10 p,8-9 L11 P,197-198 e L20 p,178-181",Cintia,8/10/2018
327,327-38,"39,1",Rua Victorin Carmillo,38,38,13/11/1935,,"Livros de Emplacamento 9. p,186 L10 p,8-9 L11 P,197-198 e L20 p,178-181",Cintia,8/10/2018
327,327-38,"39,1",Rua Victorin Carmillo,2,2,18/10/1927,12/11/1935,"Livros de Emplacamento 9. p,186 L10 p,8-9 L11 P,197-198 e L20 p,178-181",Cintia,8/10/2018
327,327-156,"156,3",Rua Victorin Carmillo,156,156,13/11/1935,,"Livros de Emplacamento 9. p,186 L10 p,8-9 L11 P,197-198 e L20 p,178-181",Cintia,8/10/2018
327,327-156,"156,3",Rua Victorin Carmillo,34,34,18/10/1927,12/11/1935,"Livros de Emplacamento 9. p,186 L10 p,8-9 L11 P,197-198 e L20 p,178-181",Cintia,8/10/2018
327,327-156,"156,3",Rua Victorin Carmillo,36,36,22/02/1911,17/10/1927,"Livros de Emplacamento 9. p,186 L10 p,8-9 L11 P,197-198 e L20 p,178-181",Cintia,8/10/2018
327,327-156,"156,3",Rua Victorin Carmillo,30,30,27/06/1908,21/02/1911,"Livros de Emplacamento 9. p,186 L10 p,8-9 L11 P,197-198 e L20 p,178-181",Cintia,8/10/2018
327,327-156,"156,3",Rua Victorin Carmillo,20,20,26/06/1908,26/06/1908,"Livros de Emplacamento 9. p,186 L10 p,8-9 L11 P,197-198 e L20 p,178-181",Cintia,8/10/2018
327,327-916,"916,7",Rua Victorin Carmillo,916,916,13/11/1935,,"Livros de Emplacamento 9. p,186 L10 p,8-9 L11 P,197-198 e L20 p,178-181",Cintia,8/10/2018
327,327-916,"916,7",Rua Victorin Carmillo,120,120,18/10/1927,12/11/1935,"Livros de Emplacamento 9. p,186 L10 p,8-9 L11 P,197-198 e L20 p,178-181",Cintia,8/10/2018
327,327-916,"916,7",Rua Victorin Carmillo,108,108,27/06/1908,17/10/1927,"Livros de Emplacamento 9. p,186 L10 p,8-9 L11 P,197-198 e L20 p,178-181",Cintia,8/10/2018
327,327-916,"916,7",Rua Victorin Carmillo,76,76,26/06/1908,26/06/1908,"Livros de Emplacamento 9. p,186 L10 p,8-9 L11 P,197-198 e L20 p,178-181",Cintia,8/10/2018
327,327-1094,1093,Rua Victorin Carmillo,1094,1094,13/11/1935,,"Livros de Emplacamento 9. p,186 L10 p,8-9 L11 P,197-198 e L20 p,178-181",Cintia,8/10/2018
327,327-1094,1093,Rua Victorin Carmillo,188,188,18/10/1927,12/11/1935,"Livros de Emplacamento 9. p,186 L10 p,8-9 L11 P,197-198 e L20 p,178-181",Cintia,8/10/2018
327,327-1094,1093,Rua Victorin Carmillo,172,172,22/02/1911,17/10/1927,"Livros de Emplacamento 9. p,186 L10 p,8-9 L11 P,197-198 e L20 p,178-181",Cintia,8/10/2018
327,327-1080,"1080,4",Rua Victorin Carmillo,1080,1080,13/11/1935,,"Livros de Emplacamento 9. p,186 L10 p,8-9 L11 P,197-198 e L20 p,178-181",Cintia,8/10/2018
327,327-1080,"1080,4",Rua Victorin Carmillo,180,180,18/10/1927,12/11/1935,"Livros de Emplacamento 9. p,186 L10 p,8-9 L11 P,197-198 e L20 p,178-181",Cintia,8/10/2018
327,327-1080,"1080,4",Rua Victorin Carmillo,164,164,22/02/1911,17/10/1927,"Livros de Emplacamento 9. p,186 L10 p,8-9 L11 P,197-198 e L20 p,178-181",Cintia,8/10/2018
327,327-1080,"1080,4",Rua Victorin Carmillo,148,148,27/06/1908,11/11/1935,"Livros de Emplacamento 9. p,186 L10 p,8-9 L11 P,197-198 e L20 p,178-181",Cintia,8/10/2018
327,327-1080,"1080,4",Rua Victorin Carmillo,118,118,26/06/1908,26/06/1908,"Livros de Emplacamento 9. p,186 L10 p,8-9 L11 P,197-198 e L20 p,178-181",Cintia,8/10/2018
331,331-20,"19,1",Rua Dr Pedro Lassa,20,20,06/06/1939,,"Livro de Emplacamento L25 P,300",Cintia,8/10/2018
331,331-20,"19,1",Rua Dr Pedro Lassa,2,2,06/05/1939,06/05/1939,"Livro de Emplacamento L25 P,300",Cintia,8/10/2018
331,331-110,"109,3",Rua Dr Pedro Lassa,110,110,06/06/1939,,"Livro de Emplacamento L25 P,300",Cintia,8/10/2018
331,331-110,"109,3",Rua Dr Pedro Lassa,6,6,06/05/1939,06/05/1939,"Livro de Emplacamento L25 P,300",Cintia,8/10/2018
331,331-130,"129,3",Rua Dr Pedro Lassa,130,130,06/06/1939,,"Livro de Emplacamento L25 P,300",Cintia,8/10/2018
331,331-130,"129,3",Rua Dr Pedro Lassa,10,10,06/05/1939,06/05/1939,"Livro de Emplacamento L25 P,300",Cintia,8/10/2018
331,331-33,"32,7",Rua Dr Pedro Lassa,33,33,06/06/1939,,"Livro de Emplacamento L25 P,300",Cintia,8/10/2018
331,331-33,"32,7",Rua Dr Pedro Lassa,1,1,06/05/1939,06/05/1939,"Livro de Emplacamento L25 P,300",Cintia,8/10/2018
331,331-83,"83,9",Rua Dr Pedro Lassa,83,83,06/06/1939,,"Livro de Emplacamento L25 P,300",Cintia,8/10/2018
331,331-83,"83,9",Rua Dr Pedro Lassa,7,7,06/05/1939,06/05/1939,"Livro de Emplacamento L25 P,300",Cintia,8/10/2018
331,331-113,"112,3",Rua Dr Pedro Lassa,113,113,06/06/1939,,"Livro de Emplacamento L25 P,300",Cintia,8/10/2018
331,331-113,"112,3",Rua Dr Pedro Lassa,11,11,06/05/1939,06/05/1939,"Livro de Emplacamento L25 P,300",Cintia,8/10/2018
329,329-31,"30,9",Rua Senador Queiroz,31,31,26/03/1941,,"14-4-1909 - L8. p,120; 
8-8-1911 - L8. p,174; 
9-8-1917 - L9. p,23; 
2-10-1925 - L9. p,59; 10-3-1928 - L14. p,80 a 81; 
23-3-1941 - L28. p,137 a 139",Cintia,8/10/2018
329,329-31,"30,9",Rua Senador Queiroz,116,116,03/10/1928,25/03/1941,"14-4-1909 - L8. p,120; 
8-8-1911 - L8. p,174; 
9-8-1917 - L9. p,23; 
2-10-1925 - L9. p,59; 10-3-1928 - L14. p,80 a 81; 
23-3-1941 - L28. p,137 a 139",Cintia,8/10/2018
329,329-31,"30,9",Rua Senador Queiroz,72,72,08/09/1917,03/09/1928,"14-4-1909 - L8. p,120; 
8-8-1911 - L8. p,174; 
9-8-1917 - L9. p,23; 
2-10-1925 - L9. p,59; 10-3-1928 - L14. p,80 a 81; 
23-3-1941 - L28. p,137 a 139",Cintia,8/10/2018
329,329-31,"30,9",Rua Senador Queiroz,30,30,08/08/1911,08/08/1917,"14-4-1909 - L8. p,120; 
8-8-1911 - L8. p,174; 
9-8-1917 - L9. p,23; 
2-10-1925 - L9. p,59; 10-3-1928 - L14. p,80 a 81; 
23-3-1941 - L28. p,137 a 139",Cintia,8/10/2018
321,321-1,"1,7",Rua Sana Ephigenia,1,1,12/07/1908,,"Livro de Emplacamento 7-12-1908 - L8. p,95 a 96",Cintia,8/10/2018
321,321-755,"754,7",Rua Sana Ephigenia,755,755,11/06/1936,,"Livro de Emplacamento 7-12-1908 - L8. p,95 a 96",Cintia,8/10/2018
321,321-755,"754,7",Rua Sana Ephigenia,179,179,09/05/1927,11/05/1936,"Livro de Emplacamento 7-12-1908 - L8. p,95 a 96",Cintia,8/10/2018
321,321-755,"754,7",Rua Sana Ephigenia,133,133,12/07/1908,09/04/1927,"Livro de Emplacamento 7-12-1908 - L8. p,95 a 96",Cintia,8/10/2018
321,321-381,"381,7",Rua Sana Ephigenia,381,381,11/06/1936,,"Livro de Emplacamento 7-12-1908 - L8. p,95 a 96",Cintia,8/10/2018
321,321-381,"381,7",Rua Sana Ephigenia,"91,1",91 a,09/05/1927,11/05/1936,"Livro de Emplacamento 7-12-1908 - L8. p,95 a 96",Cintia,8/10/2018
321,321-381,"381,7",Rua Sana Ephigenia,92,55,12/07/1908,09/04/1927,"Livro de Emplacamento 7-12-1908 - L8. p,95 a 96",Cintia,8/10/2018
321,321-44,"44,9",Rua Sana Ephigenia,93,44,09/06/1936,,"Livro de Emplacamento 7-12-1908 - L8. p,95 a 96",Cintia,8/10/2018
321,321-44,"44,9",Rua Sana Ephigenia,94,2,12/07/1908,09/05/1936,"Livro de Emplacamento 7-12-1908 - L8. p,95 a 96",Cintia,8/10/2018
321,321-746,383,Rua Sana Ephigenia,95,746,11/06/1936,,"Livro de Emplacamento 7-12-1908 - L8. p,95 a 96",Cintia,8/10/2018
321,321-746,383,Rua Sana Ephigenia,96,208,09/05/1927,11/05/1936,"Livro de Emplacamento 7-12-1908 - L8. p,95 a 96",Cintia,8/10/2018
321,321-746,383,Rua Sana Ephigenia,97,166,12/07/1908,09/04/1927,"Livro de Emplacamento 7-12-1908 - L8. p,95 a 96",Cintia,8/10/2018
321,321-382,383,Rua Sana Ephigenia,98,382,11/06/1936,,"Livro de Emplacamento 7-12-1908 - L8. p,95 a 96",Cintia,8/10/2018
321,321-382,383,Rua Sana Ephigenia,99,100,09/05/1927,11/05/1936,"Livro de Emplacamento 7-12-1908 - L8. p,95 a 96",Cintia,8/10/2018
321,321-382,383,Rua Sana Ephigenia,100,80,12/07/1908,09/04/1927,"Livro de Emplacamento 7-12-1908 - L8. p,95 a 96",Cintia,8/10/2018
23,23-255,255,viaducto santa ephigenia,255,255,14/03/1941,,livro de emplacamento 28. p. 118,Cintia,8/10/2018
23,23-255,255,viaducto santa ephigenia,"1,1",1a,13/03/1941,13/03/1941,livro de emplacamento 28. p. 118,Cintia,8/10/2018
23,23-277,277,viaducto santa ephigenia,277,277,14/03/1941,,livro de emplacamento 28. p. 118,Cintia,8/10/2018
23,23-277,277,viaducto santa ephigenia,5,5,13/03/1941,13/03/1941,livro de emplacamento 28. p. 118,Cintia,8/10/2018
23,23-303,303,viaducto santa ephigenia,303,303,14/03/1941,,livro de emplacamento 28. p. 118,Cintia,8/10/2018
23,23-303,303,viaducto santa ephigenia,15,,13/03/1941,13/03/1941,livro de emplacamento 28. p. 118,Cintia,8/10/2018
27,27-23,23,ladeira da constituicao,23,23,13/09/1937,,livro de emplacamento 22. p. 399,Cintia,8/10/2018
27,27-23,23,ladeira da constituicao,1,1,09/12/1937,09/12/1937,livro de emplacamento 22. p. 399,Cintia,8/10/2018
27,27-69,69,ladeira da constituicao,69,69,13/09/1937,,livro de emplacamento 22. p. 399,Cintia,8/10/2018
27,27-28,28,ladeira da constituicao,28,28,13/09/1937,,livro de emplacamento 22. p. 399,Cintia,8/10/2018
27,27-28,28,ladeira da constituicao,2,2,09/12/1937,09/12/1937,livro de emplacamento 22. p. 399,Cintia,8/10/2018
27,27-74,74,ladeira da constituicao,74,74,13/09/1937,,livro de emplacamento 22. p. 399,Cintia,8/10/2018
27,27-74,74,ladeira da constituicao,8,8,09/12/1937,09/12/1937,livro de emplacamento 22. p. 399,Cintia,8/10/2018
28,28-30,"30,5",rua virgilina salles,30,30,27/06/1939,,livro de emplacamento 25. p. 273,Cintia,8/10/2018
28,28-30,"30,5",rua virgilina salles,2,2,26/06/1939,26/06/1939,livro de emplacamento 25. p. 273,Cintia,8/10/2018
30,30-16,"16,7",rua santo andre,16,16,30/09/1936,,"livro de emplacamento 21. p,300",Cintia,8/10/2018
30,30-16,"16,7",rua santo andre,2,2,29/09/1936,29/09/1936,"livro de emplacamento 21. p,300",Cintia,8/10/2018
30,30-162,"162,8",rua santo andre,162,162,30/09/1936,,"livro de emplacamento 21. p,300",Cintia,8/10/2018
30,30-162,"162,8",rua santo andre,26,26,29/09/1936,29/09/1936,"livro de emplacamento 21. p,300",Cintia,8/10/2018
30,30-256,"255,2",rua santo andre,256,256,30/09/1936,,"livro de emplacamento 21. p,300",Cintia,8/10/2018
30,30-256,"255,2",rua santo andre,48,48,29/09/1936,29/09/1936,"livro de emplacamento 21. p,300",Cintia,8/10/2018
30,30-13,"13,6",rua santo andre,13,13,30/09/1936,,"livro de emplacamento 21. p,299",Cintia,8/10/2018
30,30-13,"13,6",rua santo andre,1,1,29/09/1936,29/09/1936,"livro de emplacamento 21. p,299",Cintia,8/10/2018
30,30-139,"138,6",rua santo andre,139,139,30/09/1936,,"livro de emplacamento 21. p,299",Cintia,8/10/2018
30,30-139,"138,6",rua santo andre,33,33,29/09/1936,29/09/1936,"livro de emplacamento 21. p,299",Cintia,8/10/2018
30,30-251,"251,6",rua santo andre,251,251,30/09/1936,,"livro de emplacamento 21. p,299",Cintia,8/10/2018
30,30-251,"251,6",rua santo andre,"57,1",57a,29/09/1936,29/09/1936,"livro de emplacamento 21. p,299",Cintia,8/10/2018
31,31-24,23,rua lucrecia leme,24,24,23/03/1944,,livro de emplacamento 31. p. 241,Cintia,8/10/2018
31,31-24,23,rua lucrecia leme,56,56,22/03/1944,22/03/1944,livro de emplacamento 31. p. 241,Cintia,8/10/2018
154,154-25,"24,9",rua aristides lobo,25,25,22/02/1936,,livro de emplacamento 20. p. 388,Cintia,8/10/2018
154,154-25,"24,9",rua aristides lobo,1,1,08/08/1908,21/02/1936,livro de emplacamento 20. p. 388. L1p 43. 12,Cintia,8/10/2018
154,154-75,"74,5",rua aristides lobo,75,75,22/02/1936,,livro de emplacamento 20. p. 388,Cintia,8/10/2018
154,154-75,"74,5",rua aristides lobo,17,17,08/08/1908,21/02/1936,livro de emplacamento 20. p. 388. L1p 43. 12,Cintia,8/10/2018
154,154-75,"74,5",rua aristides lobo,11,11,08/07/1908,08/07/1908,livro de emplacamento 1. p. 12,Cintia,8/10/2018
154,154-165,"165,6",rua aristides lobo,165,165,22/02/1936,,livro de emplacamento 20. p. 388,Cintia,8/10/2018
154,154-131,"132,1",rua aristides lobo,131,131,22/02/1936,,livro de emplacamento 20. p. 388,Cintia,8/10/2018
154,154-131,"132,1",rua aristides lobo,29,29,08/08/1908,21/02/1936,livro de emplacamento 20. p. 388. L1p 43. 12,Cintia,8/10/2018
154,154-131,"132,1",rua aristides lobo,21,21,08/07/1908,08/07/1908,livro de emplacamento 1. p. 12,Cintia,8/10/2018
154,154-40,"40,8",rua aristides lobo,40,40,22/02/1936,,livro de emplacamento 20. p. 388,Cintia,8/10/2018
154,154-40,"40,8",rua aristides lobo,4,4,08/08/1908,21/02/1936,livro de emplacamento 20. p. 388. L1p 43. 12,Cintia,8/10/2018
154,154-40,"40,8",rua aristides lobo,2,2,08/07/1908,08/07/1908,livro de emplacamento 1. p. 12,Cintia,8/10/2018
154,154-106,"106,7",rua aristides lobo,106,106,22/02/1936,,livro de emplacamento 20. p. 388,Cintia,8/10/2018
154,154-106,"106,7",rua aristides lobo,18,18,08/08/1908,21/02/1936,livro de emplacamento 20. p. 388. L1p 43. 12,Cintia,8/10/2018
154,154-106,"106,7",rua aristides lobo,16,16,08/07/1908,08/07/1908,livro de emplacamento 1. p. 12,Cintia,8/10/2018
154,154-158,"157,7",rua aristides lobo,158,158,22/02/1936,,livro de emplacamento 20. p. 388,Cintia,8/10/2018
154,154-158,"157,7",rua aristides lobo,34,34,08/08/1908,21/02/1936,livro de emplacamento 20. p. 388. L1p 43. 12,Cintia,8/10/2018
154,154-158,"157,7",rua aristides lobo,36,36,08/07/1908,08/07/1908,livro de emplacamento 1. p. 12,Cintia,8/10/2018
156,156-40,40,rua da alegria,40,40,18/04/1936,,livro de emplacamento 21. p. 52,Cintia,8/10/2018
156,156-40,40,rua da alegria,2,2 tinta,30/07/1908,30/07/1908,"livro de emplacamento 1. p,47",Cintia,8/10/2018
156,156-178,"177,5",rua da alegria,178,178,18/04/1936,,livro de emplacamento 21. p. 52,Cintia,8/10/2018
156,156-178,"177,5",rua da alegria,40,40,31/07/1908,17/04/1936,livro de emplacamento 21. p. 52,Cintia,8/10/2018
156,156-288,288,rua da alegria,288,288,18/04/1936,,livro de emplacamento 21. p. 52,Cintia,8/10/2018
156,156-288,288,rua da alegria,78,78,31/07/1908,17/04/1936,livro de emplacamento 21. p. 52,Cintia,8/10/2018
156,156-288,288,rua da alegria,56,56,30/07/1908,30/07/1908,"livro de emplacamento 1. p,17",Cintia,8/10/2018
156,156-11,"11,1",rua da alegria,11,11,18/04/1936,,livro de emplacamento 21. p. 51,Cintia,8/10/2018
156,156-11,"11,1",rua da alegria,1,1,31/07/1908,17/04/1936,livro de emplacamento 21. p. 52,Cintia,8/10/2018
156,156-195,"194,5",rua da alegria,195,195,18/04/1936,,livro de emplacamento 21. p. 51,Cintia,8/10/2018
156,156-195,"194,5",rua da alegria,59,59,31/07/1908,08/11/1930,livro de emplacamento 21. p. 51,Cintia,8/10/2018
156,156-195,"194,5",rua da alegria,"51,1",51a,30/07/1908,30/07/1908,"livro de emplacamento 1. p,17",Cintia,8/10/2018
156,156-285,"284,4",rua da alegria,285,285,18/04/1936,,livro de emplacamento 21. p. 51,Cintia,8/10/2018
156,156-285,"284,4",rua da alegria,77,77,08/12/1930,17/04/1936,livro de emplacamento 21. p. 51,Cintia,8/10/2018
156,156-285,"284,4",rua da alegria,83,83,31/07/1908,08/11/1930,livro de emplacamento 21. p. 51,Cintia,8/10/2018
156,156-285,"284,4",rua da alegria,75,75,08/10/1930,08/10/1930,"livro de emplacamento 1. p,17",Cintia,8/10/2018
157,157-28,"27,7",rua parana,28,28,08/06/1936,,"livro de emplacamento 21. p,224",Cintia,8/10/2018
157,157-92,"91,1",rua parana,92,92,08/06/1936,,"livro de emplacamento 21. p,224",Cintia,8/10/2018
157,157-92,"91,1",rua parana,41,41,08/01/1928,08/01/1928,"livro de emplacamento 14. p,33",Cintia,8/10/2018
157,157-224,"224,4",rua parana,224,224,08/06/1936,,"livro de emplacamento 21. p,224",Cintia,8/10/2018
157,157-224,"224,4",rua parana,1,1,08/01/1928,08/01/1928,"livro de emplacamento 14. p,33",Cintia,8/10/2018
157,157-11,"10,2",rua parana,11,11,08/06/1936,,"livro de emplacamento 21. p,223",Cintia,8/10/2018
157,157-11,"10,2",rua parana,1,1,08/05/1936,08/05/1936,"livro de emplacamento 21. p,223",Cintia,8/10/2018
157,157-79,"78,6",rua parana,79,79,08/06/1936,,"livro de emplacamento 21. p,223",Cintia,8/10/2018
157,157-79,"78,6",rua parana,18,18esquina,08/01/1928,08/01/1928,"livro de emplacamento 14. p,33",Cintia,8/10/2018
157,157-211,"211,1",rua parana,211,211,08/06/1936,,"livro de emplacamento 21. p,223",Cintia,8/10/2018
157,157-211,"211,1",rua parana,2,2,08/01/1928,08/01/1928,"livro de emplacamento 14. p,33",Cintia,8/10/2018
165,165-112,"112,4",rua lopes de oliveira,112,112,01/06/1936,,"livro de emplacamento 20.p,278",Cintia,8/10/2018
165,165-290,"289,4",rua lopes de oliveira,290,290,01/06/1936,,"livro de emplacamento 20.p,278",Cintia,8/10/2018
165,165-290,"289,4",rua lopes de oliveira,46,46,04/09/1908,08/01/1911,"livro de emplacamento 6 p,7",Cintia,8/10/2018
165,165-426,"426,6",rua lopes de oliveira,426,426,01/06/1936,,"livro de emplacamento 20.p,278",Cintia,8/10/2018
165,165-426,"426,6",rua lopes de oliveira,"70,1",70a Tinta,08/01/1911,08/01/1911,"livro de emplacamento 6 p,7",Cintia,8/10/2018
165,165-622,"621,1",rua lopes de oliveira,622,622,01/06/1936,,"livro de emplacamento 20.p,278",Cintia,8/10/2018
165,165-622,"621,1",rua lopes de oliveira,110,110,04/09/1908,08/01/1911,"livro de emplacamento 6 p,7",Cintia,8/10/2018
165,165-622,"621,1",rua lopes de oliveira,98,98,04/08/1908,04/08/1908,"livro de emplacamento 6 p,7",Cintia,8/10/2018
165,165-23,"22,4",rua lopes de oliveira,23,23,01/06/1936,,"livro de emplacamento 20.p,277",Cintia,8/10/2018
165,165-437,"436,5",rua lopes de oliveira,437,437,01/06/1936,,"livro de emplacamento 20.p,277",Cintia,8/10/2018
165,165-597,598,rua lopes de oliveira,597,597,01/06/1936,,"livro de emplacamento 20.p,277",Cintia,8/10/2018
165,165-597,598,rua lopes de oliveira,39,39,04/08/1908,04/08/1908,"livro de emplacamento 6 p,7",Cintia,8/10/2018
165,165-615,"615,9",rua lopes de oliveira,615,615,01/06/1936,,"livro de emplacamento 20.p,277",Cintia,8/10/2018
199,199-9,"9,8",rua aymores,9,9,24/03/1937,,"livro de emplacamento 22. p,63-64",Cintia,8/10/2018
199,199-9,"9,8",rua aymores,1,1,13/09/1908,23/03/1937,"livro de emplacamento 1. p,10",Cintia,8/10/2018
199,199-9,"9,8",rua aymores,5,5,09/12/1908,09/12/1908,"livro de emplacamento 1. p,10",Cintia,8/10/2018
199,199-127,"126,4",rua aymores,127,127,24/03/1937,,"livro de emplacamento 22. p,63-64",Cintia,8/10/2018
199,199-127,"126,4",rua aymores,35,35,19/06/1928,23/03/1937,"livro de emplacamento 22. p,63-64",Cintia,8/10/2018
199,199-127,"126,4",rua aymores,39,39,13/09/1908,18/06/1928,"livro de emplacamento 1. p,10",Cintia,8/10/2018
199,199-127,"126,4",rua aymores,43,43,09/12/1908,09/12/1908,"livro de emplacamento 1. p,10",Cintia,8/10/2018
199,199-287,287,rua aymores,287,287,24/03/1937,,"livro de emplacamento 22. p,63-64",Cintia,8/10/2018
199,199-287,287,rua aymores,77,77,19/06/1928,23/03/1937,"livro de emplacamento 1. p,10",Cintia,8/10/2018
199,199-275,"274,6",rua aymores,275,275,24/03/1937,,"livro de emplacamento 22. p,63-64",Cintia,8/10/2018
199,199-275,"274,6",rua aymores,"75,1",75a,19/06/1928,23/03/1937,"livro de emplacamento 1. p,10",Cintia,8/10/2018
199,199-275,"274,6",rua aymores,83,83 e/t,13/09/1908,18/06/1928,"livro de emplacamento 1. p,10",Cintia,8/10/2018
199,199-275,"274,6",rua aymores,81,81,09/12/1908,09/12/1908,"livro de emplacamento 1. p,10",Cintia,8/10/2018
199,199-28,"28,8",rua aymores,28,28,24/03/1937,,"livro de emplacamento 22. p,63-64",Cintia,8/10/2018
199,199-28,"28,8",rua aymores,2,2,19/06/1928,23/03/1937,"livro de emplacamento 1. p,10",Cintia,8/10/2018
199,199-28,"28,8",rua aymores,4,4 tinta,13/09/1908,18/06/1928,"livro de emplacamento 1. p,10",Cintia,8/10/2018
199,199-108,"107,6",rua aymores,108,108,24/03/1937,,"livro de emplacamento 22. p,63-64",Cintia,8/10/2018
199,199-108,"107,6",rua aymores,30,30,19/06/1928,23/03/1937,"livro de emplacamento 1. p,10",Cintia,8/10/2018
199,199-108,"107,6",rua aymores,34,34,13/09/1908,18/06/1928,"livro de emplacamento 1. p,10",Cintia,8/10/2018
199,199-108,"107,6",rua aymores,32,32,09/12/1908,09/12/1908,"livro de emplacamento 1. p,10",Cintia,8/10/2018
199,199-278,"277,1",rua aymores,278,278,24/03/1937,,"livro de emplacamento 22. p,63-64",Cintia,8/10/2018
199,199-278,"277,1",rua aymores,68,68,19/06/1928,23/03/1937,"livro de emplacamento 1. p,10",Cintia,8/10/2018
199,199-278,"277,1",rua aymores,78,78,13/09/1908,18/06/1928,"livro de emplacamento 1. p,10",Cintia,8/10/2018
199,199-278,"277,1",rua aymores,74,74,09/12/1908,09/12/1908,"livro de emplacamento 1. p,10",Cintia,8/10/2018
200,200-11,"11,8",rua carmo cintra,11,11,23/03/1937,,"livro de emplacamento 21. p,385",Cintia,8/10/2018
200,200-11,"11,8",rua carmo cintra,1,1,22/03/1937,22/03/1937,"livro de emplacamento 21. p,385",Cintia,8/10/2018
200,200-69,68,rua carmo cintra,69,69,23/03/1937,,"livro de emplacamento 21. p,385",Cintia,8/10/2018
200,200-69,68,rua carmo cintra,31,31,22/03/1937,22/03/1937,"livro de emplacamento 21. p,385",Cintia,8/10/2018
200,200-10,"9,3",rua carmo cintra,10,10,23/03/1937,,"livro de emplacamento 21. p,385",Cintia,8/10/2018
200,200-10,"9,3",rua carmo cintra,2,2,22/03/1937,22/03/1937,"livro de emplacamento 21. p,385",Cintia,8/10/2018
200,200-68,"67,8",rua carmo cintra,68,68,23/03/1937,,"livro de emplacamento 21. p,385",Cintia,8/10/2018
200,200-68,"67,8",rua carmo cintra,32,32,22/03/1937,22/03/1937,"livro de emplacamento 21. p,385",Cintia,8/10/2018
204,200-54,"53,6",rua correa de mello,54,54,20/03/1937,,"livro de emplacamento 22.p,72",Cintia,8/10/2018
204,200-54,"53,6",rua correa de mello,2,2,19/06/1908,19/03/1937,"livro de emplacameno 2. p,81",Cintia,8/10/2018
204,200-266,"266,9",rua correa de mello,266,266,20/03/1937,,"livro de emplacamento 22.p,72",Cintia,8/10/2018
204,200-266,"266,9",rua correa de mello,42,42,23/08/1930,19/03/1937,"livro de emplacameno 2. p,81",Cintia,8/10/2018
204,200-266,"266,9",rua correa de mello,50,50,02/08/1911,22/08/1930,"livro de emplacameno 2. p,81",Cintia,8/10/2018
204,200-266,"266,9",rua correa de mello,36,36,19/06/1908,02/07/1911,"livro de emplacameno 2. p,81",Cintia,8/10/2018
204,200-266,"266,9",rua correa de mello,48,48 tinta,18/06/1908,18/06/1908,"livro de emplacameno 2. p,81",Cintia,8/10/2018
204,200-340,"339,4",rua correa de mello,340,340,20/03/1937,,"livro de emplacamento 22.p,72",Cintia,8/10/2018
204,200-340,"339,4",rua correa de mello,66,66,23/08/1930,19/03/1937,"livro de emplacameno 2. p,81",Cintia,8/10/2018
204,200-340,"339,4",rua correa de mello,76,76,02/08/1911,22/08/1930,"livro de emplacameno 2. p,81",Cintia,8/10/2018
204,200-340,"339,4",rua correa de mello,58,58,19/06/1908,02/07/1911,"livro de emplacameno 2. p,81",Cintia,8/10/2018
204,200-340,"339,4",rua correa de mello,64,64 tinta,18/06/1908,18/06/1908,"livro de emplacameno 2. p,81",Cintia,8/10/2018
204,200-23,"23,2",rua correa de mello,23,23,20/03/1937,,"livro de emplacamento 22.p,73",Cintia,8/10/2018
204,200-23,"23,2",rua correa de mello,1,1,19/06/1908,19/03/1937,"livro de emplacameno 2. p,81",Cintia,8/10/2018
204,200-135,"135,7",rua correa de mello,135,135,20/03/1937,,"livro de emplacamento 22.p,73",Cintia,8/10/2018
204,200-135,"135,7",rua correa de mello,29,29,02/08/1911,19/03/1937,"livro de emplacameno 2. p,81",Cintia,8/10/2018
204,200-135,"135,7",rua correa de mello,25,25,19/06/1908,02/07/1911,"livro de emplacameno 2. p,81",Cintia,8/10/2018
204,200-135,"135,7",rua correa de mello,27,27 tinta,18/06/1908,18/06/1908,"livro de emplacameno 2. p,81",Cintia,8/10/2018
207,207-28,"27,6",rua dos protestantes,28,28,14/07/1935,,livro de emplacamento 20.p 17,Cintia,8/10/2018
210,210-40,"40,6",rua amazonas,4,4,17/03/1937,17/03/1937,livro de emplacamento 22p. 61,Cintia,8/10/2018
210,210-50,"50,3",rua amazonas,50,50,18/03/1937,,livro de emplacamento 22p. 61,Cintia,8/10/2018
210,210-178,"178,5",rua amazonas,178,178,18/03/1937,,livro de emplacamento 22p. 61,Cintia,8/10/2018
210,210-17,"17,5",rua amazonas,17,17,18/03/1937,,livro de emplacamento 22p. 61,Cintia,8/10/2018
210,210-105,"105,4",rua amazonas,105,105,18/03/1937,,livro de emplacamento 22p. 61,Cintia,8/10/2018
210,210-199,"198,5",rua amazonas,199,199,18/03/1937,,livro de emplacamento 22p. 61,Cintia,8/10/2018
210,210-199,"198,5",rua amazonas,55,55,17/03/1937,17/03/1937,livro de emplacamento 22p. 61,Cintia,8/10/2018
210,210-175,"175,3",rua amazonas,175,175,18/03/1937,,livro de emplacamento 22p. 61,Cintia,8/10/2018
214,214-36,"36,6",rua deocliciana,36,36,04/09/1937,,"livro de emplacamento 22p,92",Cintia,8/10/2018
214,214-36,"36,6",rua deocliciana,2,2,25/02/1911,04/08/1937,"livro de emplacamento 22p,92",Cintia,8/10/2018
214,214-98,"99,3",rua deocliciana,98,98,04/09/1937,,"livro de emplacamento 22p,92",Cintia,8/10/2018
214,214-98,"99,3",rua deocliciana,20,20,25/02/1911,04/08/1937,"livro de emplacamento 22p,92",Cintia,8/10/2018
214,214-98,"99,3",rua deocliciana,14,14 tinta,24/10/1908,24/02/1911,"livro de emplacamento 22p,92",Cintia,8/10/2018
214,214-156,"155,2",rua deocliciana,156,156,04/09/1937,,"livro de emplacamento 22p,92",Cintia,8/10/2018
214,214-156,"155,2",rua deocliciana,38,38,25/02/1911,04/08/1937,"livro de emplacamento 22p,92",Cintia,8/10/2018
214,214-156,"155,2",rua deocliciana,32,32,24/10/1908,24/02/1911,"livro de emplacamento 22p,92",Cintia,8/10/2018
214,214-13,"14,1",rua deocliciana,13,13,04/09/1937,,"livro de emplacamento 22p,92",Cintia,8/10/2018
214,214-13,"14,1",rua deocliciana,1,1,25/02/1911,04/08/1937,"livro de emplacamento 22p,92",Cintia,8/10/2018
214,214-83,"83,1",rua deocliciana,83,83,04/09/1937,,"livro de emplacamento 22p,92",Cintia,8/10/2018
214,214-83,"83,1",rua deocliciana,23,23,25/02/1911,04/08/1937,"livro de emplacamento 22p,92",Cintia,8/10/2018
214,214-83,"83,1",rua deocliciana,13,13,24/10/1908,24/02/1911,"livro de emplacamento 22p,92",Cintia,8/10/2018
214,214-123,"123,6",rua deocliciana,123,123,04/09/1937,,"livro de emplacamento 22p,92",Cintia,8/10/2018
214,214-123,"123,6",rua deocliciana,39,39,25/02/1911,04/08/1937,"livro de emplacamento 22p,92",Cintia,8/10/2018
214,214-123,"123,6",rua deocliciana,25,25,24/10/1908,24/02/1911,"livro de emplacamento 22p,92",Cintia,8/10/2018
250,250-21,"21,1",rua joao jacyntho,21,21,06/04/1936,,"livro de emplacamento 5. p,51",Cintia,8/10/2018
250,250-21,"21,1",rua joao jacyntho,1,1,04/01/1909,06/03/1936,"livro de emplacamento 5. p,51",Cintia,8/10/2018
250,250-131,"131,1",rua joao jacyntho,131,131,06/04/1936,,"livro de emplacamento 5. p,51",Cintia,8/10/2018
250,250-131,"131,1",rua joao jacyntho,37,37,04/01/1909,06/03/1936,"livro de emplacamento 5. p,51",Cintia,8/10/2018
250,250-20,"20,1",rua joao jacyntho,20,20,06/04/1936,,"livro de emplacamento 5. p,51",Cintia,8/10/2018
250,250-20,"20,1",rua joao jacyntho,2,2,04/01/1909,06/03/1936,"livro de emplacamento 5. p,51",Cintia,8/10/2018
250,250-114,"114,1",rua joao jacyntho,114,114,06/04/1936,,"livro de emplacamento 5. p,51",Cintia,8/10/2018
250,250-114,"114,1",rua joao jacyntho,34,34,04/01/1909,06/03/1936,"livro de emplacamento 5. p,51",Cintia,8/10/2018
245,245-44,"44,8",rua iguassu,44,44,19/05/1937,,"Livro de emplacamento 22. p,117",Cintia,8/10/2018
245,245-44,"44,8",rua iguassu,6,6,18/05/1937,18/05/1937,"Livro de emplacamento 5. p,23. p,30",Cintia,8/10/2018
158,158-44,"44,7",rua visconde de parnahyba,44,44,20/10/1937,,"Livro de emplacamento 9. p,188 a 191; L10. p,31 a 33; p,42; L15. p,152 a 156; L24. p,56 a 70""",Cintia,8/10/2018
158,158-44,"44,7",rua visconde de parnahyba,2,2,07/02/1929,19/07/1937,"Livro de emplacamento 9. p,188 a 191; L10. p,31 a 33; p,42; L15. p,152 a 156; L24. p,56 a 70""",Cintia,8/10/2018
158,158-116,"116,7",rua visconde de parnahyba,116,116,20/10/1937,,"Livro de emplacamento 9. p,188 a 191; L10. p,31 a 33; p,42; L15. p,152 a 156; L24. p,56 a 70""",Cintia,8/10/2018
158,158-116,"116,7",rua visconde de parnahyba,16,16,07/02/1929,19/07/1937,"Livro de emplacamento 9. p,188 a 191",Cintia,8/10/2018
158,158-116,"116,7",rua visconde de parnahyba,6,6,19/01/1917,07/01/1929,"Livro de emplacamento 9. p,188 a 191; L10. p,31 a 33; p,42; L15. p,152 a 156; L24. p,56 a 70""",Cintia,8/10/2018
158,158-116,"116,7",rua visconde de parnahyba,2,2,23/05/1908,18/01/1917,"Livro de emplacamento 9. p,188 a 191; L10. p,31 a 33; p,42; L15. p,152 a 156; L24. p,56 a 70""",Cintia,8/10/2018
158,158-500,"500,8",rua visconde de parnahyba,500,500,20/10/1937,,"Livro de emplacamento 9. p,188 a 191; L10. p,31 a 33; p,42; L15. p,152 a 156; L24. p,56 a 70""",Cintia,8/10/2018
158,158-500,"500,8",rua visconde de parnahyba,98,98,07/02/1929,19/07/1937,"Livro de emplacamento 9. p,188 a 191; L10. p,31 a 33; p,42; L15. p,152 a 156; L24. p,56 a 70""",Cintia,8/10/2018
158,158-500,"500,8",rua visconde de parnahyba,82,82,19/01/1917,07/01/1929,"Livro de emplacamento 9. p,188 a 191; L10. p,31 a 33; p,42; L15. p,152 a 156; L24. p,56 a 70""",Cintia,8/10/2018
158,158-500,"500,8",rua visconde de parnahyba,64,64,23/05/1908,18/01/1917,"Livro de emplacamento 9. p,188 a 191; L10. p,31 a 33; p,42; L15. p,152 a 156; L24. p,56 a 70""",Cintia,8/10/2018
158,158-500,"500,8",rua visconde de parnahyba,24,24,22/05/1908,22/05/1908,"Livro de emplacamento 9. p,188 a 191",Cintia,8/10/2018
158,158-804,804,rua visconde de parnahyba,804,804,20/10/1937,,"Livro de emplacamento 9. p,188 a 191; L10. p,31 a 33; p,42; L15. p,152 a 156; L24. p,56 a 70""",Cintia,8/10/2018
158,158-804,804,rua visconde de parnahyba,194,194,07/02/1929,19/07/1937,"Livro de emplacamento 9. p,188 a 191; L10. p,31 a 33; p,42; L15. p,152 a 156; L24. p,56 a 70""",Cintia,8/10/2018
158,158-804,804,rua visconde de parnahyba,182,182,19/01/1917,07/01/1929,"Livro de emplacamento 9. p,188 a 191; L10. p,31 a 33; p,42; L15. p,152 a 156; L24. p,56 a 70""",Cintia,8/10/2018
158,158-804,804,rua visconde de parnahyba,142,142,23/05/1908,18/01/1917,"Livro de emplacamento 9. p,188 a 191; L10. p,31 a 33; p,42; L15. p,152 a 156; L24. p,56 a 70""",Cintia,8/10/2018
158,158-804,804,rua visconde de parnahyba,48,48,22/05/1908,22/05/1908,"Livro de emplacamento 9. p,188 a 191; L10. p,31 a 33; p,42; L15. p,152 a 156; L24. p,56 a 70""",Cintia,8/10/2018
158,158-43,"44,9",rua visconde de parnahyba,43,43,20/10/1937,,"Livro de emplacamento 9. p,188 a 191; L10. p,31 a 33; p,42; L15. p,152 a 156; L24. p,56 a 70""",Cintia,8/10/2018
158,158-43,"44,9",rua visconde de parnahyba,1,1,07/02/1929,19/07/1937,"Livro de emplacamento 9. p,188 a 191; L10. p,31 a 33; p,42; L15. p,152 a 156; L24. p,56 a 70""",Cintia,8/10/2018
158,158-65,"65,8",rua visconde de parnahyba,65,65,20/10/1937,,"Livro de emplacamento 9. p,188 a 191; L10. p,31 a 33; p,42; L15. p,152 a 156; L24. p,56 a 70""",Cintia,8/10/2018
158,158-65,"65,8",rua visconde de parnahyba,5,5,07/02/1929,19/07/1937,"Livro de emplacamento 9. p,188 a 191; L10. p,31 a 33; p,42; L15. p,152 a 156; L24. p,56 a 70""",Cintia,8/10/2018
158,158-65,"65,8",rua visconde de parnahyba,1,1,19/01/1917,07/01/1929,"Livro de emplacamento 9. p,188 a 191; L10. p,31 a 33; p,42; L15. p,152 a 156; L24. p,56 a 70""",Cintia,8/10/2018
158,158-315,"315,8",rua visconde de parnahyba,315,315,20/10/1937,,"Livro de emplacamento 9. p,188 a 191; L10. p,31 a 33; p,42; L15. p,152 a 156; L24. p,56 a 70""",Cintia,8/10/2018
158,158-315,"315,8",rua visconde de parnahyba,45,45,07/02/1929,19/07/1937,"Livro de emplacamento 9. p,188 a 191; L10. p,31 a 33; p,42; L15. p,152 a 156; L24. p,56 a 70""",Cintia,8/10/2018
158,158-315,"315,8",rua visconde de parnahyba,23,23,19/01/1917,07/01/1929,"Livro de emplacamento 9. p,188 a 191; L10. p,31 a 33; p,42; L15. p,152 a 156; L24. p,56 a 70""",Cintia,8/10/2018
158,158-315,"315,8",rua visconde de parnahyba,13,13,23/05/1908,18/01/1917,"Livro de emplacamento 9. p,188 a 191; L10. p,31 a 33; p,42; L15. p,152 a 156; L24. p,56 a 70""",Cintia,8/10/2018
158,158-315,"315,8",rua visconde de parnahyba,3,3,22/05/1908,22/05/1908,"Livro de emplacamento 9. p,188 a 191; L10. p,31 a 33; p,42; L15. p,152 a 156; L24. p,56 a 70""",Cintia,8/10/2018
158,158-785,"784,6",rua visconde de parnahyba,785,785,20/10/1937,,"Livro de emplacamento 9. p,188 a 191; L10. p,31 a 33; p,42; L15. p,152 a 156; L24. p,56 a 70""",Cintia,8/10/2018
158,158-785,"784,6",rua visconde de parnahyba,181,181,07/02/1929,19/07/1937,"Livro de emplacamento 9. p,188 a 191; L10. p,31 a 33; p,42; L15. p,152 a 156; L24. p,56 a 70""",Cintia,8/10/2018
158,158-785,"784,6",rua visconde de parnahyba,179,179,19/01/1917,07/01/1929,"Livro de emplacamento 9. p,188 a 191; L10. p,31 a 33; p,42; L15. p,152 a 156; L24. p,56 a 70""",Cintia,8/10/2018
158,158-785,"784,6",rua visconde de parnahyba,151,151,23/05/1908,18/01/1917,"Livro de emplacamento 9. p,188 a 191; L10. p,31 a 33; p,42; L15. p,152 a 156; L24. p,56 a 70""",Cintia,8/10/2018
158,158-785,"784,6",rua visconde de parnahyba,85,85,22/05/1908,22/05/1908,"Livro de emplacamento 9. p,188 a 191; L10. p,31 a 33; p,42; L15. p,152 a 156; L24. p,56 a 70""",Cintia,8/10/2018
158,158-1085,"1084,3",rua visconde de parnahyba,1085,1085,20/10/1937,,"Livro de emplacamento 9. p,188 a 191; L10. p,31 a 33; p,42; L15. p,152 a 156; L24. p,56 a 70""",Cintia,8/10/2018
158,158-1085,"1084,3",rua visconde de parnahyba,247,247,07/02/1929,19/07/1937,"Livro de emplacamento 9. p,188 a 191; L10. p,31 a 33; p,42; L15. p,152 a 156; L24. p,56 a 70""",Cintia,8/10/2018
158,158-1085,"1084,3",rua visconde de parnahyba,239,239,19/01/1917,07/01/1929,"Livro de emplacamento 9. p,188 a 191; L10. p,31 a 33; p,42; L15. p,152 a 156; L24. p,56 a 70""",Cintia,8/10/2018
158,158-1085,"1084,3",rua visconde de parnahyba,215,215,23/05/1908,18/01/1917,"Livro de emplacamento 9. p,188 a 191; L10. p,31 a 33; p,42; L15. p,152 a 156; L24. p,56 a 70""",Cintia,8/10/2018
158,158-1085,"1084,3",rua visconde de parnahyba,"123,1",123 a,22/05/1908,22/05/1908,"Livro de emplacamento 9. p,188 a 191; L10. p,31 a 33; p,42; L15. p,152 a 156; L24. p,56 a 70""",Cintia,8/10/2018
167,167-42,"42,9",alameda eduardo prado,42,42,26/09/1935,,"Livro de emplacamento 4. p,20",Cintia,8/10/2018
167,167-130,131,alameda eduardo prado,130,130,26/09/1935,,"Livro de emplacamento 4. p,20",Cintia,8/10/2018
167,167-130,131,alameda eduardo prado,105,105,18/01/1909,25/09/1935,"Livro de emplacamento 4. p,20",Cintia,8/10/2018
167,167-130,131,alameda eduardo prado,45,45,17/01/1909,17/01/1909,"Livro de emplacamento 4. p,20",Cintia,8/10/2018
167,167-318,"318,4",alameda eduardo prado,318,318,26/09/1935,,"Livro de emplacamento 4. p,20",Cintia,8/10/2018
167,167-318,"318,4",alameda eduardo prado,67,67,18/01/1909,25/09/1935,"Livro de emplacamento 4. p,20",Cintia,8/10/2018
167,167-318,"318,4",alameda eduardo prado,11,11,17/01/1909,17/01/1909,"Livro de emplacamento 4. p,20",Cintia,8/10/2018
167,167-43,"43,5",alameda eduardo prado,43,43,26/09/1935,,"Livro de emplacamento 4. p,20",Cintia,8/10/2018
167,167-43,"43,5",alameda eduardo prado,112,112,19/02/1914,25/09/1935,"Livro de emplacamento 4. p,20",Cintia,8/10/2018
167,167-43,"43,5",alameda eduardo prado,110,110,24/11/1911,18/02/1914,"Livro de emplacamento 4. p,20",Cintia,8/10/2018
167,167-165,165,alameda eduardo prado,165,165,26/09/1935,,"Livro de emplacamento 4. p,20",Cintia,8/10/2018
167,167-165,165,alameda eduardo prado,92,92,18/01/1909,25/09/1935,"Livro de emplacamento 4. p,20",Cintia,8/10/2018
167,167-461,"461,1",alameda eduardo prado,461,461,26/09/1935,,"Livro de emplacamento 4. p,20",Cintia,8/10/2018
167,167-461,"461,1",alameda eduardo prado,62,62,18/01/1909,25/09/1935,"Livro de emplacamento 4. p,20",Cintia,8/10/2018
167,167-461,"461,1",alameda eduardo prado,48,48,17/01/1909,17/01/1909,"Livro de emplacamento 4. p,20",Cintia,8/10/2018
191,191-98,"98,9",rua julio conceicao,98,98,29/08/1938,,"Livro de emplacamento L5. p,43",Cintia,8/10/2018
191,191-98,"98,9",rua julio conceicao,161,161,27/08/1929,28/08/1938,"Livro de emplacamento L5. p,43",Cintia,8/10/2018
191,191-98,"98,9",rua julio conceicao,167,167,26/08/1929,26/08/1929,"Livro de emplacamento L5. p,43",Cintia,8/10/2018
191,191-144,"144,8",rua julio conceicao,144,144,29/08/1938,,"Livro de emplacamento L5. p,43",Cintia,8/10/2018
191,191-144,"144,8",rua julio conceicao,145,145,27/08/1929,28/08/1938,"Livro de emplacamento L5. p,43",Cintia,8/10/2018
191,191-144,"144,8",rua julio conceicao,151,151,26/08/1929,26/08/1929,"Livro de emplacamento L5. p,43",Cintia,8/10/2018
192,192-37,"36,4",rua dos guayanazes,37,37,30/01/1935,,"Livros de emplacamento 8-12-1908 -L4. p,69;23-11-1911 - L4. p,79; 30-1-1935 - L19. p,229 a 232""",Cintia,8/10/2018
192,192-37,"36,4",rua dos guayanazes,1,1,12/08/1908,29/01/1935,"Livros de emplacamento 8-12-1908 -L4. p,69;23-11-1911 - L4. p,79; 30-1-1935 - L19. p,229 a 232""",Cintia,8/10/2018
192,192-651,"650,9",rua dos guayanazes,651,651,30/01/1935,,"Livros de emplacamento 8-12-1908 -L4. p,69;23-11-1911 - L4. p,79; 30-1-1935 - L19. p,229 a 232""",Cintia,8/10/2018
192,192-651,"650,9",rua dos guayanazes,63,63,12/08/1908,29/01/1935,"Livros de emplacamento 8-12-1908 -L4. p,69;23-11-1911 - L4. p,79; 30-1-1935 - L19. p,229 a 232""",Cintia,8/10/2018
192,192-1081,"1080,9",rua dos guayanazes,1081,1081,30/01/1935,,"Livros de emplacamento 8-12-1908 -L4. p,69;23-11-1911 - L4. p,79; 30-1-1935 - L19. p,229 a 232""",Cintia,8/10/2018
192,192-1081,"1080,9",rua dos guayanazes,127,127,12/08/1908,29/01/1935,"Livros de emplacamento 8-12-1908 -L4. p,69;23-11-1911 - L4. p,79; 30-1-1935 - L19. p,229 a 232""",Cintia,8/10/2018
192,192-1081,"1080,9",rua dos guayanazes,119,119,12/07/1908,12/07/1908,"Livros de emplacamento 8-12-1908 -L4. p,69;23-11-1911 - L4. p,79; 30-1-1935 - L19. p,229 a 232""",Cintia,8/10/2018
192,192-1527,"1526,8",rua dos guayanazes,1527,1527,30/01/1935,,"Livros de emplacamento 8-12-1908 -L4. p,69;23-11-1911 - L4. p,79; 30-1-1935 - L19. p,229 a 232""",Cintia,8/10/2018
192,192-1345,"1345,5",rua dos guayanazes,1345,1345,30/01/1935,,"Livros de emplacamento 8-12-1908 -L4. p,69;23-11-1911 - L4. p,79; 30-1-1935 - L19. p,229 a 232""",Cintia,8/10/2018
192,192-1345,"1345,5",rua dos guayanazes,157,157,12/08/1908,29/01/1935,"Livros de emplacamento 8-12-1908 -L4. p,69;23-11-1911 - L4. p,79; 30-1-1935 - L19. p,229 a 232""",Cintia,8/10/2018
192,192-1345,"1345,5",rua dos guayanazes,149,149,12/07/1908,12/07/1908,"Livros de emplacamento 8-12-1908 -L4. p,69;23-11-1911 - L4. p,79; 30-1-1935 - L19. p,229 a 232""",Cintia,8/10/2018
192,192-24,"23,3",rua dos guayanazes,24,24,30/01/1935,,"Livros de emplacamento 8-12-1908 -L4. p,69;23-11-1911 - L4. p,79; 30-1-1935 - L19. p,229 a 232""",Cintia,8/10/2018
192,192-24,"23,3",rua dos guayanazes,2,2,12/08/1908,29/01/1935,"Livros de emplacamento 8-12-1908 -L4. p,69;23-11-1911 - L4. p,79; 30-1-1935 - L19. p,229 a 232""",Cintia,8/10/2018
192,192-406,407,rua dos guayanazes,406,406,30/01/1935,,"Livros de emplacamento 8-12-1908 -L4. p,69;23-11-1911 - L4. p,79; 30-1-1935 - L19. p,229 a 232""",Cintia,8/10/2018
192,192-406,407,rua dos guayanazes,36,36,12/08/1908,29/01/1935,"Livros de emplacamento 8-12-1908 -L4. p,69;23-11-1911 - L4. p,79; 30-1-1935 - L19. p,229 a 232""",Cintia,8/10/2018
192,192-406,407,rua dos guayanazes,34,34,12/07/1908,12/07/1908,"Livros de emplacamento 8-12-1908 -L4. p,69;23-11-1911 - L4. p,79; 30-1-1935 - L19. p,229 a 232""",Cintia,8/10/2018
192,192-828,"828,9",rua dos guayanazes,828,828,30/01/1935,,"Livros de emplacamento 8-12-1908 -L4. p,69;23-11-1911 - L4. p,79; 30-1-1935 - L19. p,229 a 232""",Cintia,8/10/2018
192,192-828,"828,9",rua dos guayanazes,106,106,12/08/1908,29/01/1935,"Livros de emplacamento 8-12-1908 -L4. p,69;23-11-1911 - L4. p,79; 30-1-1935 - L19. p,229 a 232""",Cintia,8/10/2018
192,192-1554,"1553,9",rua dos guayanazes,1554,1554,30/01/1935,,"Livros de emplacamento 8-12-1908 -L4. p,69;23-11-1911 - L4. p,79; 30-1-1935 - L19. p,229 a 232""",Cintia,8/10/2018
192,192-1554,"1553,9",rua dos guayanazes,170,170,12/08/1908,29/01/1935,"Livros de emplacamento 8-12-1908 -L4. p,69;23-11-1911 - L4. p,79; 30-1-1935 - L19. p,229 a 232""",Cintia,8/10/2018
192,192-1554,"1553,9",rua dos guayanazes,158,158,12/07/1908,12/07/1908,"Livros de emplacamento 8-12-1908 -L4. p,69;23-11-1911 - L4. p,79; 30-1-1935 - L19. p,229 a 232""",Cintia,8/10/2018
194,192-10,"10,1",rua dos italianos,10,10,20/05/1937,,"Livros de emplacamento 24-5-1908 - L5. p,19",Cintia,8/10/2018
194,192-10,"10,1",rua dos italianos,2,2,24/05/1908,19/05/1937,"Livros de emplacamento 24-5-1908 - L5. p,19",Cintia,8/10/2018
197,197-31,"30,5",rua correa dos santos,31,31,23/03/1937,,"Livros de emplacamento 18-7-1908 - L2. p,74; 8-2-1911 - L3. p,14; 25-8-1930 - L17. p,80; xx-xx-1937 - L21. p,383""",Cintia,8/10/2018
197,197-31,"30,5",rua correa dos santos,1,1,18/06/1909,22/03/1937,"Livros de emplacamento 18-7-1908 - L2. p,74; 8-2-1911 - L3. p,14; 25-8-1930 - L17. p,80; xx-xx-1937 - L21. p,383""",Cintia,8/10/2018
197,197-171,"170,9",rua correa dos santos,171,171,23/03/1937,,"Livros de emplacamento 18-7-1908 - L2. p,74; 8-2-1911 - L3. p,14; 25-8-1930 - L17. p,80; xx-xx-1937 - L21. p,383""",Cintia,8/10/2018
197,197-171,"170,9",rua correa dos santos,23,23,25/08/1930,22/03/1937,"Livros de emplacamento 18-7-1908 - L2. p,74; 8-2-1911 - L3. p,14; 25-8-1930 - L17. p,80; xx-xx-1937 - L21. p,383""",Cintia,8/10/2018
197,197-171,"170,9",rua correa dos santos,"25,1",25 a,02/08/1911,24/08/1937,"Livros de emplacamento 18-7-1908 - L2. p,74; 8-2-1911 - L3. p,14; 25-8-1930 - L17. p,80; xx-xx-1937 - L21. p,383""",Cintia,8/10/2018
197,197-171,"170,9",rua correa dos santos,27,27 tinta,18/06/1909,02/07/1911,"Livros de emplacamento 18-7-1908 - L2. p,74; 8-2-1911 - L3. p,14; 25-8-1930 - L17. p,80; xx-xx-1937 - L21. p,383""",Cintia,8/10/2018
197,197-251,"252,2",rua correa dos santos,251,251,23/03/1937,,"Livros de emplacamento 18-7-1908 - L2. p,74; 8-2-1911 - L3. p,14; 25-8-1930 - L17. p,80; xx-xx-1937 - L21. p,383""",Cintia,8/10/2018
197,197-251,"252,2",rua correa dos santos,49,49,25/08/1930,22/03/1937,"Livros de emplacamento 18-7-1908 - L2. p,74; 8-2-1911 - L3. p,14; 25-8-1930 - L17. p,80; xx-xx-1937 - L21. p,383""",Cintia,8/10/2018
197,197-251,"252,2",rua correa dos santos,55,55,02/08/1911,24/08/1930,"Livros de emplacamento 18-7-1908 - L2. p,74; 8-2-1911 - L3. p,14; 25-8-1930 - L17. p,80; xx-xx-1937 - L21. p,383""",Cintia,8/10/2018
197,197-251,"252,2",rua correa dos santos,49,49,18/06/1909,02/07/1911,"Livros de emplacamento 18-7-1908 - L2. p,74; 8-2-1911 - L3. p,14; 25-8-1930 - L17. p,80; xx-xx-1937 - L21. p,383""",Cintia,8/10/2018
197,197-10,"9,6",rua correa dos santos,10,10,23/03/1937,,"Livros de emplacamento 18-7-1908 - L2. p,74; 8-2-1911 - L3. p,14; 25-8-1930 - L17. p,80; xx-xx-1937 - L21. p,383""",Cintia,8/10/2018
197,197-10,"9,6",rua correa dos santos,2,2,18/06/1909,22/03/1937,"Livros de emplacamento 18-7-1908 - L2. p,74; 8-2-1911 - L3. p,14; 25-8-1930 - L17. p,80; xx-xx-1937 - L21. p,383""",Cintia,8/10/2018
197,197-64,"64,8",rua correa dos santos,64,64,23/03/1937,,"Livros de emplacamento 18-7-1908 - L2. p,74; 8-2-1911 - L3. p,14; 25-8-1930 - L17. p,80; xx-xx-1937 - L21. p,383""",Cintia,8/10/2018
197,197-64,"64,8",rua correa dos santos,14,14,18/06/1909,22/03/1937,"Livros de emplacamento 18-7-1908 - L2. p,74; 8-2-1911 - L3. p,14; 25-8-1930 - L17. p,80; xx-xx-1937 - L21. p,383""",Cintia,8/10/2018
205,205-73,"72,4",rua prates,73,73,05/11/1937,,"Livros de emplacamento 16-10-1908 - L7. p,96",Cintia,8/10/2018
205,205-73,"72,4",rua prates,1,1,16/10/1908,05/10/1937,"Livros de emplacamento 16-10-1908 - L7. p,96",Cintia,8/10/2018
205,205-679,"678,8",rua prates,679,679,05/11/1937,,"Livros de emplacamento 16-10-1908 - L7. p,96",Cintia,8/10/2018
205,205-679,"678,8",rua prates,131,131,02/09/1911,05/10/1937,"Livros de emplacamento 16-10-1908 - L7. p,96",Cintia,8/10/2018
205,205-679,"678,8",rua prates,41,41,16/10/1908,10/08/1911,"Livros de emplacamento 16-10-1908 - L7. p,96",Cintia,8/10/2018
205,205-679,"678,8",rua prates,39,39,15/10/1908,15/10/1908,"Livros de emplacamento 16-10-1908 - L7. p,96",Cintia,8/10/2018
205,205-338,"338,3",rua prates,338,338,05/11/1937,,"Livros de emplacamento 16-10-1908 - L7. p,96",Cintia,8/10/2018
205,205-338,"338,3",rua prates,2,2,27/07/1915,05/10/1937,"Livros de emplacamento 16-10-1908 - L7. p,96",Cintia,8/10/2018
205,205-376,375,rua prates,376,376,05/11/1937,,"Livros de emplacamento 16-10-1908 - L7. p,96",Cintia,8/10/2018
205,205-376,375,rua prates,12,12,16/10/1908,05/10/1937,"Livros de emplacamento 16-10-1908 - L7. p,96",Cintia,8/10/2018
205,205-630,"629,2",rua prates,630,630,05/11/1937,,"Livros de emplacamento 16-10-1908 - L7. p,96",Cintia,8/10/2018
205,205-630,"629,2",rua prates,54,54,02/09/1911,05/10/1937,"Livros de emplacamento 16-10-1908 - L7. p,96",Cintia,8/10/2018
205,205-630,"629,2",rua prates,21,21,16/10/1908,10/08/1911,"Livros de emplacamento 16-10-1908 - L7. p,96",Cintia,8/10/2018
208,208-85,"85,3",rua general couto de magalhaes,85,85,28/11/1939,,"Livros de emplacamento 7-3-1918 - L3. p,65; 13-12-1908 - L4. p,76; 19-5-1928 - L13. p,149; 28-11-1939 - L26. p,348-349""",Cintia,8/10/2018
208,208-85,"85,3",rua general couto de magalhaes,1,1,13/12/1908,27/11/1939,"Livros de emplacamento 7-3-1918 - L3. p,65; 13-12-1908 - L4. p,76; 19-5-1928 - L13. p,149; 28-11-1939 - L26. p,348-349""",Cintia,8/10/2018
208,208-85,"85,3",rua general couto de magalhaes,9,9,12/12/1908,12/12/1908,"Livros de emplacamento 7-3-1918 - L3. p,65; 13-12-1908 - L4. p,76; 19-5-1928 - L13. p,149; 28-11-1939 - L26. p,348-349""",Cintia,8/10/2018
208,208-257,"256,3",rua general couto de magalhaes,257,257,28/11/1939,,"Livros de emplacamento 7-3-1918 - L3. p,65; 13-12-1908 - L4. p,76; 19-5-1928 - L13. p,149; 28-11-1939 - L26. p,348-349""",Cintia,8/10/2018
208,208-257,"256,3",rua general couto de magalhaes,21,21,19/05/1928,27/11/1939,"Livros de emplacamento 7-3-1918 - L3. p,65; 13-12-1908 - L4. p,76; 19-5-1928 - L13. p,149; 28-11-1939 - L26. p,348-349""",Cintia,8/10/2018
208,208-257,"256,3",rua general couto de magalhaes,19,19,13/12/1908,18/05/1928,"Livros de emplacamento 7-3-1918 - L3. p,65; 13-12-1908 - L4. p,76; 19-5-1928 - L13. p,149; 28-11-1939 - L26. p,348-349""",Cintia,8/10/2018
208,208-477,"476,6",rua general couto de magalhaes,477,477,28/11/1939,,"Livros de emplacamento 7-3-1918 - L3. p,65; 13-12-1908 - L4. p,76; 19-5-1928 - L13. p,149; 28-11-1939 - L26. p,348-349""",Cintia,8/10/2018
208,208-477,"476,6",rua general couto de magalhaes,45,45,13/12/1908,27/11/1939,"Livros de emplacamento 7-3-1918 - L3. p,65; 13-12-1908 - L4. p,76; 19-5-1928 - L13. p,149; 28-11-1939 - L26. p,348-349""",Cintia,8/10/2018
208,208-110,"109,2",rua general couto de magalhaes,110,110,28/11/1939,,"Livros de emplacamento 7-3-1918 - L3. p,65; 13-12-1908 - L4. p,76; 19-5-1928 - L13. p,149; 28-11-1939 - L26. p,348-349""",Cintia,8/10/2018
208,208-110,"109,2",rua general couto de magalhaes,4,4 sob,19/05/1928,27/11/1939,"Livros de emplacamento 7-3-1918 - L3. p,65; 13-12-1908 - L4. p,76; 19-5-1928 - L13. p,149; 28-11-1939 - L26. p,348-349""",Cintia,8/10/2018
208,208-110,"109,2",rua general couto de magalhaes,12,12,03/07/1918,18/05/1928,"Livros de emplacamento 7-3-1918 - L3. p,65; 13-12-1908 - L4. p,76; 19-5-1928 - L13. p,149; 28-11-1939 - L26. p,348-349""",Cintia,8/10/2018
208,208-110,"109,2",rua general couto de magalhaes,28,28,13/12/1908,03/06/1918,"Livros de emplacamento 7-3-1918 - L3. p,65; 13-12-1908 - L4. p,76; 19-5-1928 - L13. p,149; 28-11-1939 - L26. p,348-349""",Cintia,8/10/2018
208,208-280,"280,3",rua general couto de magalhaes,280,280,28/11/1939,,"Livros de emplacamento 7-3-1918 - L3. p,65; 13-12-1908 - L4. p,76; 19-5-1928 - L13. p,149; 28-11-1939 - L26. p,348-349""",Cintia,8/10/2018
208,208-280,"280,3",rua general couto de magalhaes,28,28,19/05/1928,27/11/1939,"Livros de emplacamento 7-3-1918 - L3. p,65; 13-12-1908 - L4. p,76; 19-5-1928 - L13. p,149; 28-11-1939 - L26. p,348-349""",Cintia,8/10/2018
208,208-280,"280,3",rua general couto de magalhaes,40,40,03/07/1918,18/05/1928,"Livros de emplacamento 7-3-1918 - L3. p,65; 13-12-1908 - L4. p,76; 19-5-1928 - L13. p,149; 28-11-1939 - L26. p,348-349""",Cintia,8/10/2018
208,208-280,"280,3",rua general couto de magalhaes,54,54,13/12/1908,03/06/1918,"Livros de emplacamento 7-3-1918 - L3. p,65; 13-12-1908 - L4. p,76; 19-5-1928 - L13. p,149; 28-11-1939 - L26. p,348-349""",Cintia,8/10/2018
208,208-474,"473,5",rua general couto de magalhaes,484,484,28/11/1939,,"Livros de emplacamento 7-3-1918 - L3. p,65; 13-12-1908 - L4. p,76; 19-5-1928 - L13. p,149; 28-11-1939 - L26. p,348-349""",Cintia,8/10/2018
208,208-474,"473,5",rua general couto de magalhaes,74,74,19/05/1928,27/11/1939,"Livros de emplacamento 7-3-1918 - L3. p,65; 13-12-1908 - L4. p,76; 19-5-1928 - L13. p,149; 28-11-1939 - L26. p,348-349""",Cintia,8/10/2018
208,208-474,"473,5",rua general couto de magalhaes,92,92,13/12/1908,18/05/1928,"Livros de emplacamento 7-3-1918 - L3. p,65; 13-12-1908 - L4. p,76; 19-5-1928 - L13. p,149; 28-11-1939 - L26. p,348-349""",Cintia,8/10/2018
208,208-474,"473,5",rua general couto de magalhaes,"86,1",86 a,12/12/1908,12/12/1908,"Livros de emplacamento 7-3-1918 - L3. p,65; 13-12-1908 - L4. p,76; 19-5-1928 - L13. p,149; 28-11-1939 - L26. p,348-349""",Cintia,8/10/2018
245,245-51,"51,3",rua iguassu,51,51,19/05/1937,,"Livros de emplacamento 11-12-1911 - L5. p,23",Cintia,8/10/2018
245,245-51,"51,3",rua iguassu,13,13,11/12/1911,18/05/1937,"Livros de emplacamento 11-12-1911 - L5. p,23",Cintia,8/10/2018
245,245-51,"51,3",rua iguassu,1,1 tinta,10/12/1911,10/12/1911,"Livros de emplacamento 11-12-1911 - L5. p,23",Cintia,8/10/2018
245,245-141,"141,8",rua iguassu,141,141,19/05/1937,,"Livros de emplacamento 11-12-1911 - L5. p,23",Cintia,8/10/2018
245,245-141,"141,8",rua iguassu,29,29,11/12/1911,18/05/1937,"Livros de emplacamento 11-12-1911 - L5. p,23",Cintia,8/10/2018
245,245-44,"44,8",rua iguassu,44,44,19/05/1937,,"Livros de emplacamento 11-12-1911 - L5. p,23",Cintia,8/10/2018
245,245-44,"44,8",rua iguassu,6,6,11/12/1911,18/05/1937,"Livros de emplacamento 11-12-1911 - L5. p,23",Cintia,8/10/2018
245,245-82,83,rua iguassu,82,82,19/05/1937,,"Livros de emplacamento 11-12-1911 - L5. p,23",Cintia,8/10/2018
245,245-82,83,rua iguassu,20,20,11/12/1911,18/05/1937,"Livros de emplacamento 11-12-1911 - L5. p,23",Cintia,8/10/2018
245,245-132,"132,4",rua iguassu,132,132,19/05/1937,,"Livros de emplacamento 11-12-1911 - L5. p,23",Cintia,8/10/2018
245,245-132,"132,4",rua iguassu,34,34,11/12/1911,18/05/1937,"Livros de emplacamento 11-12-1911 - L5. p,23",Cintia,8/10/2018
246,246-78,"77,5",rua victor ayrosa,78,78,05/12/1937,,"Livros de emplacamento 22-8-1913 - L10. p,17",Cintia,8/10/2018
246,246-78,"77,5",rua victor ayrosa,20,20,22/08/1913,05/11/1937,"Livros de emplacamento 22-8-1913 - L10. p,17",Cintia,8/10/2018
246,246-33,"32,5",rua victor ayrosa,33,33,05/12/1937,,"Livros de emplacamento 22-8-1913 - L10. p,17",Cintia,8/10/2018
246,246-33,"32,5",rua victor ayrosa,1,1,22/08/1913,05/11/1937,"Livros de emplacamento 22-8-1913 - L10. p,17",Cintia,8/10/2018
247,247-33,"34,6",rua tapajoz,33,33,31/05/1937,,"Livros de emplacamento 11-12-1911 - L9. p,92; 24-5-1917 - L9. p,137;6-5-1918 - L9. p,142; 31-5-1937 - L22. p,210 a 211""",Cintia,8/10/2018
247,247-33,"34,6",rua tapajoz,1,1,11/12/1911,30/05/1937,"Livros de emplacamento 11-12-1911 - L9. p,92; 24-5-1917 - L9. p,137;6-5-1918 - L9. p,142; 31-5-1937 - L22. p,210 a 211""",Cintia,8/10/2018
247,247-75,"75,4",rua tapajoz,75,75,31/05/1937,,"Livros de emplacamento 11-12-1911 - L9. p,92; 24-5-1917 - L9. p,137;6-5-1918 - L9. p,142; 31-5-1937 - L22. p,210 a 211""",Cintia,8/10/2018
247,247-75,"75,4",rua tapajoz,21,21,24/05/1917,30/05/1937,"Livros de emplacamento 11-12-1911 - L9. p,92; 24-5-1917 - L9. p,137;6-5-1918 - L9. p,142; 31-5-1937 - L22. p,210 a 211""",Cintia,8/10/2018
247,247-52,"51,5",rua tapajoz,52,52,31/05/1937,,"Livros de emplacamento 11-12-1911 - L9. p,92; 24-5-1917 - L9. p,137;6-5-1918 - L9. p,142; 31-5-1937 - L22. p,210 a 211""",Cintia,8/10/2018
247,247-52,"51,5",rua tapajoz,6,6,11/12/1911,30/05/1937,"Livros de emplacamento 11-12-1911 - L9. p,92; 24-5-1917 - L9. p,137;6-5-1918 - L9. p,142; 31-5-1937 - L22. p,210 a 211""",Cintia,8/10/2018
247,247-74,"73,5",rua tapajoz,74,74,31/05/1937,,"Livros de emplacamento 11-12-1911 - L9. p,92; 24-5-1917 - L9. p,137;6-5-1918 - L9. p,142; 31-5-1937 - L22. p,210 a 211""",Cintia,8/10/2018
247,247-74,"73,5",rua tapajoz,16,16,11/12/1911,30/05/1937,"Livros de emplacamento 11-12-1911 - L9. p,92; 24-5-1917 - L9. p,137;6-5-1918 - L9. p,142; 31-5-1937 - L22. p,210 a 211""",Cintia,8/10/2018
247,247-74,"73,5",rua tapajoz,12,12,10/12/1911,10/12/1911,"Livros de emplacamento 11-12-1911 - L9. p,92; 24-5-1917 - L9. p,137;6-5-1918 - L9. p,142; 31-5-1937 - L22. p,210 a 211""",Cintia,8/10/2018
249,249-24,"24,1",rua pedro alvares cabral,24,24,06/02/1936,,"Livros de emplacamento 25-8-1908 - L7. p,91",Cintia,8/10/2018
249,249-32,"31,4",rua pedro alvares cabral,32,32,06/02/1936,,"Livros de emplacamento 25-8-1908 - L7. p,91",Cintia,8/10/2018
249,249-32,"31,4",rua pedro alvares cabral,4,4,25/08/1908,06/01/1936,"Livros de emplacamento 25-8-1908 - L7. p,91",Cintia,8/10/2018
249,249-78,77,rua pedro alvares cabral,78,78,06/02/1936,,"Livros de emplacamento 25-8-1908 - L7. p,91",Cintia,8/10/2018
249,249-78,77,rua pedro alvares cabral,24,24,25/08/1908,06/01/1936,"Livros de emplacamento 25-8-1908 - L7. p,91",Cintia,8/10/2018
249,249-78,77,rua pedro alvares cabral,10,10,24/08/1908,24/08/1908,"Livros de emplacamento 25-8-1908 - L7. p,91",Cintia,8/10/2018
249,249-134,"134,6",rua pedro alvares cabral,134,134,06/02/1936,,"Livros de emplacamento 25-8-1908 - L7. p,91",Cintia,8/10/2018
249,249-134,"134,6",rua pedro alvares cabral,44,44,25/08/1908,06/01/1936,"Livros de emplacamento 25-8-1908 - L7. p,91",Cintia,8/10/2018
249,249-134,"134,6",rua pedro alvares cabral,30,30,24/08/1908,24/08/1908,"Livros de emplacamento 25-8-1908 - L7. p,91",Cintia,8/10/2018
249,249-37,"37,5",rua pedro alvares cabral,37,37,06/02/1936,,"Livros de emplacamento 25-8-1908 - L7. p,91",Cintia,8/10/2018
249,249-37,"37,5",rua pedro alvares cabral,3,3,25/08/1908,06/01/1936,"Livros de emplacamento 25-8-1908 - L7. p,91",Cintia,8/10/2018
249,249-79,"78,7",rua pedro alvares cabral,79,79,06/02/1936,,"Livros de emplacamento 25-8-1908 - L7. p,91",Cintia,8/10/2018
249,249-79,"78,7",rua pedro alvares cabral,21,21,12/09/1911,06/01/1936,"Livros de emplacamento 25-8-1908 - L7. p,91",Cintia,8/10/2018
249,249-79,"78,7",rua pedro alvares cabral,17,17,25/08/1908,18/08/1911,"Livros de emplacamento 25-8-1908 - L7. p,91",Cintia,8/10/2018
249,249-79,"78,7",rua pedro alvares cabral,15,15,24/08/1908,24/08/1908,"Livros de emplacamento 25-8-1908 - L7. p,91",Cintia,8/10/2018
249,249-133,"133,9",rua pedro alvares cabral,133,133,06/02/1936,,"Livros de emplacamento 25-8-1908 - L7. p,91",Cintia,8/10/2018
249,249-133,"133,9",rua pedro alvares cabral,41,41,12/09/1911,06/01/1936,"Livros de emplacamento 25-8-1908 - L7. p,91",Cintia,8/10/2018
249,249-133,"133,9",rua pedro alvares cabral,37,37,25/08/1908,18/08/1911,"Livros de emplacamento 25-8-1908 - L7. p,91",Cintia,8/10/2018
249,249-133,"133,9",rua pedro alvares cabral,33,33,24/08/1908,24/08/1908,"Livros de emplacamento 25-8-1908 - L7. p,91",Cintia,8/10/2018
251,251-46,"45,8",rua affonso arinos,46,46,22/05/1937,,"livros de emplacamento 6-5-1909 - L1. p,13",Cintia,8/10/2018
251,251-46,"45,8",rua affonso arinos,4,4,10/09/1928,21/05/1937,"livros de emplacamento 6-5-1909 - L1. p,13",Cintia,8/10/2018
251,251-46,"45,8",rua affonso arinos,49,49,14/06/1917,10/08/1928,"livros de emplacamento 6-5-1909 - L1. p,13",Cintia,8/10/2018
251,251-92,92,rua affonso arinos,92,92,22/05/1937,,"livros de emplacamento 6-5-1909 - L1. p,13",Cintia,8/10/2018
251,251-92,92,rua affonso arinos,10,10,10/09/1928,21/05/1937,"livros de emplacamento 6-5-1909 - L1. p,13",Cintia,8/10/2018
251,251-92,92,rua affonso arinos,47,47,14/06/1917,10/08/1928,"livros de emplacamento 6-5-1909 - L1. p,13",Cintia,8/10/2018
251,251-100,"100,8",rua affonso arinos,100,100,22/05/1937,,"livros de emplacamento 6-5-1909 - L1. p,13",Cintia,8/10/2018
251,251-100,"100,8",rua affonso arinos,14,14,10/09/1928,21/05/1937,"livros de emplacamento 6-5-1909 - L1. p,13",Cintia,8/10/2018
251,251-100,"100,8",rua affonso arinos,43,43,14/06/1917,10/08/1928,"livros de emplacamento 6-5-1909 - L1. p,13",Cintia,8/10/2018
251,251-100,"100,8",rua affonso arinos,33,33,05/04/1909,13/06/1917,"livros de emplacamento 6-5-1909 - L1. p,13",Cintia,8/10/2018
251,251-178,"177,6",rua affonso arinos,178,178,22/05/1937,,"livros de emplacamento 6-5-1909 - L1. p,13",Cintia,8/10/2018
251,251-178,"177,6",rua affonso arinos,40,40,10/09/1928,21/05/1937,"livros de emplacamento 6-5-1909 - L1. p,13",Cintia,8/10/2018
251,251-178,"177,6",rua affonso arinos,17,17,08/08/1911,10/08/1928,"livros de emplacamento 6-5-1909 - L1. p,13",Cintia,8/10/2018
251,251-178,"177,6",rua affonso arinos,15,15,05/04/1909,13/06/1917,"livros de emplacamento 6-5-1909 - L1. p,13",Cintia,8/10/2018
251,251-178,"177,6",rua affonso arinos,17,17 tinta,05/03/1909,05/03/1909,"livros de emplacamento 6-5-1909 - L1. p,13",Cintia,8/10/2018
251,251-214,"214,9",rua affonso arinos,214,214,22/05/1937,,"livros de emplacamento 6-5-1909 - L1. p,13",Cintia,8/10/2018
251,251-214,"214,9",rua affonso arinos,54,54,10/09/1928,21/05/1937,"livros de emplacamento 6-5-1909 - L1. p,13",Cintia,8/10/2018
251,251-214,"214,9",rua affonso arinos,3,3,05/04/1909,10/08/1928,"livros de emplacamento 6-5-1909 - L1. p,13",Cintia,8/10/2018
251,251-31,"30,4",rua affonso arinos,31,31,22/05/1937,,"livros de emplacamento 6-5-1909 - L1. p,13",Cintia,8/10/2018
251,251-31,"30,4",rua affonso arinos,1,1,10/09/1928,21/05/1937,"livros de emplacamento 6-5-1909 - L1. p,13",Cintia,8/10/2018
251,251-121,"121,9",rua affonso arinos,121,121,22/05/1937,,"livros de emplacamento 6-5-1909 - L1. p,13",Cintia,8/10/2018
251,251-121,"121,9",rua affonso arinos,19,19,10/09/1928,21/05/1937,"livros de emplacamento 6-5-1909 - L1. p,13",Cintia,8/10/2018
251,251-121,"121,9",rua affonso arinos,20,20,08/08/1911,10/08/1928,"livros de emplacamento 6-5-1909 - L1. p,13",Cintia,8/10/2018
251,251-121,"121,9",rua affonso arinos,22,22,05/04/1909,13/06/1917,"livros de emplacamento 6-5-1909 - L1. p,13",Cintia,8/10/2018
251,251-211,"210,6",rua affonso arinos,211,211,22/05/1937,,"livros de emplacamento 6-5-1909 - L1. p,13",Cintia,8/10/2018
251,251-211,"210,6",rua affonso arinos,41,41,10/09/1928,21/05/1937,"livros de emplacamento 6-5-1909 - L1. p,13",Cintia,8/10/2018
251,251-211,"210,6",rua affonso arinos,6,6,05/04/1909,10/08/1928,"livros de emplacamento 6-5-1909 - L1. p,13",Cintia,8/10/2018
251,251-211,"210,6",rua affonso arinos,2,2,05/03/1909,05/03/1909,"livros de emplacamento 6-5-1909 - L1. p,13",Cintia,8/10/2018
254,254-37,"36,7",rua conselheiro dantas,37,37,14/05/1937,,"livros de emplacamento 7-6-1917 - L3. p,60",Cintia,8/10/2018
254,254-37,"36,7",rua conselheiro dantas,1,1,15/03/1929,13/05/1937,"livros de emplacamento 7-6-1917 - L3. p,60",Cintia,8/10/2018
254,254-47,"46,8",rua conselheiro dantas,47,47,14/05/1937,,"livros de emplacamento 7-6-1917 - L3. p,60",Cintia,8/10/2018
254,254-47,"46,8",rua conselheiro dantas,3,3,06/07/1917,13/05/1937,"livros de emplacamento 7-6-1917 - L3. p,60",Cintia,8/10/2018
254,254-139,"138,4",rua conselheiro dantas,139,139,14/05/1937,,"livros de emplacamento 7-6-1917 - L3. p,60",Cintia,8/10/2018
254,254-139,"138,4",rua conselheiro dantas,13,13,06/07/1917,13/05/1937,"livros de emplacamento 7-6-1917 - L3. p,60",Cintia,8/10/2018
254,254-347,"347,6",rua conselheiro dantas,347,347,14/05/1937,,"livros de emplacamento 7-6-1917 - L3. p,60",Cintia,8/10/2018
254,254-347,"347,6",rua conselheiro dantas,31,31,15/03/1929,13/05/1937,"livros de emplacamento 7-6-1917 - L3. p,60",Cintia,8/10/2018
254,254-463,"462,8",rua conselheiro dantas,463,463,14/05/1937,,"livros de emplacamento 7-6-1917 - L3. p,60",Cintia,8/10/2018
254,254-463,"462,8",rua conselheiro dantas,53,53,13/05/1937,13/05/1937,"livros de emplacamento 7-6-1917 - L3. p,60",Cintia,8/10/2018
254,254-16,"16,5",rua conselheiro dantas,16,16,14/05/1937,,"livros de emplacamento 7-6-1917 - L3. p,60",Cintia,8/10/2018
254,254-16,"16,5",rua conselheiro dantas,2,2,15/03/1929,13/05/1937,"livros de emplacamento 7-6-1917 - L3. p,60",Cintia,8/10/2018
254,254-114,"113,2",rua conselheiro dantas,114,114,14/05/1937,,"livros de emplacamento 7-6-1917 - L3. p,60",Cintia,8/10/2018
254,254-114,"113,2",rua conselheiro dantas,16,16,15/03/1929,13/05/1937,"livros de emplacamento 7-6-1917 - L3. p,60",Cintia,8/10/2018
254,254-264,"263,8",rua conselheiro dantas,264,264,14/05/1937,,"livros de emplacamento 7-6-1917 - L3. p,60",Cintia,8/10/2018
254,254-264,"263,8",rua conselheiro dantas,28,28,15/03/1929,13/05/1937,"livros de emplacamento 7-6-1917 - L3. p,60",Cintia,8/10/2018
434,434-32,"31,7",rua americo de campos,32,32,06/04/1938,,"livros de emplacamento 19-12-1928 - L13. p,34; 4-6-1938 - L24. p,370""",Cintia,8/10/2018
434,434-32,"31,7",rua americo de campos,2,2,19/12/1928,04/03/1938,"livros de emplacamento 19-12-1928 - L13. p,34; 4-6-1938 - L24. p,370""",Cintia,8/10/2018
434,434-118,"118,6",rua americo de campos,118,118,06/04/1938,,"livros de emplacamento 19-12-1928 - L13. p,34; 4-6-1938 - L24. p,370""",Cintia,8/10/2018
434,434-118,"118,6",rua americo de campos,6,6,19/12/1928,04/03/1938,"livros de emplacamento 19-12-1928 - L13. p,34; 4-6-1938 - L24. p,370""",Cintia,8/10/2018
434,434-140,"140,9",rua americo de campos,140,140,06/04/1938,,"livros de emplacamento 19-12-1928 - L13. p,34; 4-6-1938 - L24. p,370""",Cintia,8/10/2018
434,434-140,"140,9",rua americo de campos,14,14,19/12/1928,04/03/1938,"livros de emplacamento 19-12-1928 - L13. p,34; 4-6-1938 - L24. p,370""",Cintia,8/10/2018
434,434-140,"140,9",rua americo de campos,8,8,18/12/1928,18/12/1928,"livros de emplacamento 19-12-1928 - L13. p,34; 4-6-1938 - L24. p,370""",Cintia,8/10/2018
435,435-5,"4,7",rua sao paulo,5,5,15/04/1935,,"livros de emplacamento 3-2-1912 - L8. p,192; 15-4-1935 - L19. p,265 a 266""",Cintia,8/10/2018
435,435-5,"4,7",rua sao paulo,1,1,02/03/1912,14/04/1935,"livros de emplacamento 3-2-1912 - L8. p,192; 15-4-1935 - L19. p,265 a 266""",Cintia,8/10/2018
435,435-141,"140,5",rua sao paulo,141,141,15/04/1935,,"livros de emplacamento 3-2-1912 - L8. p,192; 15-4-1935 - L19. p,265 a 266""",Cintia,8/10/2018
435,435-141,"140,5",rua sao paulo,23,23,02/03/1912,14/04/1935,"livros de emplacamento 3-2-1912 - L8. p,192; 15-4-1935 - L19. p,265 a 266""",Cintia,8/10/2018
435,435-323,"323,5",rua sao paulo,323,323,15/04/1935,,"livros de emplacamento 3-2-1912 - L8. p,192; 15-4-1935 - L19. p,265 a 266""",Cintia,8/10/2018
435,435-323,"323,5",rua sao paulo,81,81,02/03/1912,14/04/1935,"livros de emplacamento 3-2-1912 - L8. p,192; 15-4-1935 - L19. p,265 a 266""",Cintia,8/10/2018
435,435-10,"9,9",rua sao paulo,10,10,15/04/1935,,"livros de emplacamento 3-2-1912 - L8. p,192; 15-4-1935 - L19. p,265 a 266""",Cintia,8/10/2018
435,435-10,"9,9",rua sao paulo,2,2,02/03/1912,14/04/1935,"livros de emplacamento 3-2-1912 - L8. p,192; 15-4-1935 - L19. p,265 a 266""",Cintia,8/10/2018
435,435-200,"200,9",rua sao paulo,200,200,15/04/1935,,"livros de emplacamento 3-2-1912 - L8. p,192; 15-4-1935 - L19. p,265 a 266""",Cintia,8/10/2018
435,435-200,"200,9",rua sao paulo,30,30,02/03/1912,14/04/1935,"livros de emplacamento 3-2-1912 - L8. p,192; 15-4-1935 - L19. p,265 a 266""",Cintia,8/10/2018
435,435-386,"385,2",rua sao paulo,386,386,15/04/1935,,"livros de emplacamento 3-2-1912 - L8. p,192; 15-4-1935 - L19. p,265 a 266""",Cintia,8/10/2018
435,435-386,"385,2",rua sao paulo,84,84,02/03/1912,14/04/1935,"livros de emplacamento 3-2-1912 - L8. p,192; 15-4-1935 - L19. p,265 a 266""",Cintia,8/10/2018
435,435-444,"444,5",rua sao paulo,444,444,15/04/1935,,"livros de emplacamento 3-2-1912 - L8. p,192; 15-4-1935 - L19. p,265 a 266""",Cintia,8/10/2018
435,435-444,"444,5",rua sao paulo,"96,1",96 a,14/04/1935,14/04/1935,"livros de emplacamento 3-2-1912 - L8. p,192; 15-4-1935 - L19. p,265 a 266""",Cintia,8/10/2018
436,436-25,25,rua barao de iguape,25,25,20/08/1934,,"livros de emplacamento 20-8-1908 - L2. p,5; 1-2-1912 - L2. p,31; 6-12-1924 - L2. p,64;17-8-1934 - L19. p,165 a 170""",Cintia,8/10/2018
436,436-25,25,rua barao de iguape,1,1,26/08/1908,19/08/1934,"livros de emplacamento 20-8-1908 - L2. p,5; 1-2-1912 - L2. p,31; 6-12-1924 - L2. p,64;17-8-1934 - L19. p,165 a 170""",Cintia,8/10/2018
436,436-139,"139,2",rua barao de iguape,139,139,20/08/1934,,"livros de emplacamento 20-8-1908 - L2. p,5; 1-2-1912 - L2. p,31; 6-12-1924 - L2. p,64;17-8-1934 - L19. p,165 a 170""",Cintia,8/10/2018
436,436-139,"139,2",rua barao de iguape,29,29,26/08/1908,19/08/1934,"livros de emplacamento 20-8-1908 - L2. p,5; 1-2-1912 - L2. p,31; 6-12-1924 - L2. p,64;17-8-1934 - L19. p,165 a 170""",Cintia,8/10/2018
436,436-139,"139,2",rua barao de iguape,27,27,25/08/1908,25/08/1908,"livros de emplacamento 20-8-1908 - L2. p,5; 1-2-1912 - L2. p,31; 6-12-1924 - L2. p,64;17-8-1934 - L19. p,165 a 170""",Cintia,8/10/2018
436,436-503,"502,5",rua barao de iguape,503,503,20/08/1934,,"livros de emplacamento 20-8-1908 - L2. p,5; 1-2-1912 - L2. p,31; 6-12-1924 - L2. p,64;17-8-1934 - L19. p,165 a 170""",Cintia,8/10/2018
436,436-503,"502,5",rua barao de iguape,71,71,02/01/1912,19/08/1934,"livros de emplacamento 20-8-1908 - L2. p,5; 1-2-1912 - L2. p,31; 6-12-1924 - L2. p,64;17-8-1934 - L19. p,165 a 170""",Cintia,8/10/2018
436,436-503,"502,5",rua barao de iguape,69,69,26/08/1908,31/01/1912,"livros de emplacamento 20-8-1908 - L2. p,5; 1-2-1912 - L2. p,31; 6-12-1924 - L2. p,64;17-8-1934 - L19. p,165 a 170""",Cintia,8/10/2018
436,436-503,"502,5",rua barao de iguape,61,61 tinta,25/08/1908,25/08/1908,"livros de emplacamento 20-8-1908 - L2. p,5; 1-2-1912 - L2. p,31; 6-12-1924 - L2. p,64;17-8-1934 - L19. p,165 a 170""",Cintia,8/10/2018
436,436-18,18,rua barao de iguape,18,18,17/08/1934,,"livros de emplacamento 20-8-1908 - L2. p,5; 1-2-1912 - L2. p,31; 6-12-1924 - L2. p,64;17-8-1934 - L19. p,165 a 170""",Cintia,8/10/2018
436,436-18,18,rua barao de iguape,2,2,26/08/1908,16/08/1934,"livros de emplacamento 20-8-1908 - L2. p,5; 1-2-1912 - L2. p,31; 6-12-1924 - L2. p,64;17-8-1934 - L19. p,165 a 170""",Cintia,8/10/2018
436,436-148,"147,7",rua barao de iguape,148,148,17/08/1934,,"livros de emplacamento 20-8-1908 - L2. p,5; 1-2-1912 - L2. p,31; 6-12-1924 - L2. p,64;17-8-1934 - L19. p,165 a 170""",Cintia,8/10/2018
436,436-148,"147,7",rua barao de iguape,40,40,26/08/1908,16/08/1934,"livros de emplacamento 20-8-1908 - L2. p,5; 1-2-1912 - L2. p,31; 6-12-1924 - L2. p,64;17-8-1934 - L19. p,165 a 170""",Cintia,8/10/2018
436,436-452,"451,9",rua barao de iguape,452,452,17/08/1934,,"livros de emplacamento 20-8-1908 - L2. p,5; 1-2-1912 - L2. p,31; 6-12-1924 - L2. p,64;17-8-1934 - L19. p,165 a 170""",Cintia,8/10/2018
436,436-452,"451,9",rua barao de iguape,96,96,26/08/1908,16/08/1934,"livros de emplacamento 20-8-1908 - L2. p,5; 1-2-1912 - L2. p,31; 6-12-1924 - L2. p,64;17-8-1934 - L19. p,165 a 170""",Cintia,8/10/2018
436,436-452,"451,9",rua barao de iguape,92,92,25/08/1908,25/08/1908,"livros de emplacamento 20-8-1908 - L2. p,5; 1-2-1912 - L2. p,31; 6-12-1924 - L2. p,64;17-8-1934 - L19. p,165 a 170""",Cintia,8/10/2018
436,436-604,"604,8",rua barao de iguape,604,604,17/08/1934,,"livros de emplacamento 20-8-1908 - L2. p,5; 1-2-1912 - L2. p,31; 6-12-1924 - L2. p,64;17-8-1934 - L19. p,165 a 170""",Cintia,8/10/2018
436,436-604,"604,8",rua barao de iguape,126,126,26/08/1908,16/08/1934,"livros de emplacamento 20-8-1908 - L2. p,5; 1-2-1912 - L2. p,31; 6-12-1924 - L2. p,64;17-8-1934 - L19. p,165 a 170""",Cintia,8/10/2018
430,430-18,"17,4",travessa jandaia,18,18,21/03/1938,,"livros de emplacamento 28-12-1929 - L16. p,56; 21-3-1938 - L24. p,237""",Cintia,8/10/2018
430,430-18,"17,4",travessa jandaia,2,2,28/12/1929,20/03/1938,"livros de emplacamento 28-12-1929 - L16. p,56; 21-3-1938 - L24. p,237""",Cintia,8/10/2018
430,430-18,"17,4",travessa jandaia,52,52,27/12/1929,27/12/1929,"livros de emplacamento 28-12-1929 - L16. p,56; 21-3-1938 - L24. p,237""",Cintia,8/10/2018
430,430-98,"98,8",travessa jandaia,98,98,21/03/1938,,"livros de emplacamento 28-12-1929 - L16. p,56; 21-3-1938 - L24. p,237""",Cintia,8/10/2018
430,430-98,"98,8",travessa jandaia,20,20,28/12/1929,20/03/1938,"livros de emplacamento 28-12-1929 - L16. p,56; 21-3-1938 - L24. p,237""",Cintia,8/10/2018
430,430-98,"98,8",travessa jandaia,62,62,27/12/1929,27/12/1929,"livros de emplacamento 28-12-1929 - L16. p,56; 21-3-1938 - L24. p,237""",Cintia,8/10/2018
430,430-180,"180,8",travessa jandaia,180,180,21/03/1938,,"livros de emplacamento 28-12-1929 - L16. p,56; 21-3-1938 - L24. p,237""",Cintia,8/10/2018
430,430-180,"180,8",travessa jandaia,38,38,28/12/1929,20/03/1938,"livros de emplacamento 28-12-1929 - L16. p,56; 21-3-1938 - L24. p,237""",Cintia,8/10/2018
430,430-180,"180,8",travessa jandaia,80,80,27/12/1929,27/12/1929,"livros de emplacamento 28-12-1929 - L16. p,56; 21-3-1938 - L24. p,237""",Cintia,8/10/2018
430,430-21,"21,6",travessa jandaia,21,21,21/03/1938,,"livros de emplacamento 28-12-1929 - L16. p,56; 21-3-1938 - L24. p,237""",Cintia,8/10/2018
430,430-21,"21,6",travessa jandaia,1,1,28/12/1929,20/03/1938,"livros de emplacamento 28-12-1929 - L16. p,56; 21-3-1938 - L24. p,237""",Cintia,8/10/2018
430,430-61,"61,9",travessa jandaia,61,61,21/03/1938,,"livros de emplacamento 28-12-1929 - L16. p,56; 21-3-1938 - L24. p,237""",Cintia,8/10/2018
430,430-61,"61,9",travessa jandaia,11,11,28/12/1929,20/03/1938,"livros de emplacamento 28-12-1929 - L16. p,56; 21-3-1938 - L24. p,237""",Cintia,8/10/2018
430,430-195,"195,6",travessa jandaia,195,195,21/03/1938,,"livros de emplacamento 28-12-1929 - L16. p,56; 21-3-1938 - L24. p,237""",Cintia,8/10/2018
430,430-195,"195,6",travessa jandaia,41,41,20/03/1938,20/03/1938,"livros de emplacamento 28-12-1929 - L16. p,56; 21-3-1938 - L24. p,237""",Cintia,8/10/2018
431,431-6,"5,2",rua galvao bueno,6,6,03/07/1935,,"livros de emplacamento 25-5-1908 - L4. p,68",Cintia,8/10/2018
431,431-6,"5,2",rua galvao bueno,2,2,25/08/1908,03/06/1935,"livros de emplacamento 25-5-1908 - L4. p,68",Cintia,8/10/2018
431,431-160,"159,9",rua galvao bueno,160,160,03/07/1935,,"livros de emplacamento 25-5-1908 - L4. p,68",Cintia,8/10/2018
431,431-160,"159,9",rua galvao bueno,46,46,25/08/1908,03/06/1935,"livros de emplacamento 25-5-1908 - L4. p,68",Cintia,8/10/2018
431,431-300,"300,6",rua galvao bueno,300,300,03/07/1935,,"livros de emplacamento 25-5-1908 - L4. p,68",Cintia,8/10/2018
431,431-300,"300,6",rua galvao bueno,76,76,25/08/1908,03/06/1935,"livros de emplacamento 25-5-1908 - L4. p,68",Cintia,8/10/2018
431,431-440,"440,5",rua galvao bueno,440,440,03/07/1935,,"livros de emplacamento 25-5-1908 - L4. p,68",Cintia,8/10/2018
431,431-440,"440,5",rua galvao bueno,98,98,25/08/1908,03/06/1935,"livros de emplacamento 25-5-1908 - L4. p,68",Cintia,8/10/2018
431,431-5,"5,1",rua galvao bueno,5,5,03/07/1935,,"livros de emplacamento 25-5-1908 - L4. p,68",Cintia,8/10/2018
431,431-5,"5,1",rua galvao bueno,1,1,25/08/1908,03/06/1935,"livros de emplacamento 25-5-1908 - L4. p,68",Cintia,8/10/2018
431,431-129,"128,2",rua galvao bueno,129,129,03/07/1935,,"livros de emplacamento 25-5-1908 - L4. p,68",Cintia,8/10/2018
431,431-129,"128,2",rua galvao bueno,31,31,25/08/1908,03/06/1935,"livros de emplacamento 25-5-1908 - L4. p,68",Cintia,8/10/2018
431,431-297,"296,5",rua galvao bueno,297,297,03/07/1935,,"livros de emplacamento 25-5-1908 - L4. p,68",Cintia,8/10/2018
431,431-297,"296,5",rua galvao bueno,71,71,25/08/1908,03/06/1935,"livros de emplacamento 25-5-1908 - L4. p,68",Cintia,8/10/2018
431,431-443,"443,9",rua galvao bueno,443,443,03/07/1935,,"livros de emplacamento 25-5-1908 - L4. p,68",Cintia,8/10/2018
431,431-443,"443,9",rua galvao bueno,95,95,25/08/1908,03/06/1935,"livros de emplacamento 25-5-1908 - L4. p,68",Cintia,8/10/2018
440,440-39,"38,7",becco dos afflictos,39,39,02/09/1940,,"livros de emplacamento 18-9-1922 - L1. p,73",Cintia,8/10/2018
440,440-39,"38,7",becco dos afflictos,11,11,02/08/1940,02/08/1940,"livros de emplacamento 18-9-1922 - L1. p,73",Cintia,8/10/2018
440,440-26,"26,3",becco dos afflictos,26,26,02/09/1940,,"livros de emplacamento 18-9-1922 - L1. p,73",Cintia,8/10/2018
440,440-26,"26,3",becco dos afflictos,2,2,18/09/1922,02/08/1940,"livros de emplacamento 18-9-1922 - L1. p,73",Cintia,8/10/2018
442,442-29,"28,9",rua lins,29,29,24/08/1936,,"livro de emplacamento 24-8-1936 - L21. p,259",Cintia,8/10/2018
442,442-29,"28,9",rua lins,31,31,23/08/1936,23/08/1936,"livro de emplacamento 24-8-1936 - L21. p,259",Cintia,8/10/2018
442,442-67,"66,3",rua lins,67,67,24/08/1936,,"livro de emplacamento 24-8-1936 - L21. p,259",Cintia,8/10/2018
442,442-67,"66,3",rua lins,59,59,23/08/1936,23/08/1936,"livro de emplacamento 24-8-1936 - L21. p,259",Cintia,8/10/2018
442,442-18,"17,3",rua lins,18,18,24/08/1936,,"livro de emplacamento 24-8-1936 - L21. p,259",Cintia,8/10/2018
489,489-83,"82,9",rua ruy barbosa,83,83,18/02/1936,,"livros de emplacamento 25-7-1908 - L8. p,28 e 29; 24-8-1911 - L8. p,41 a 45; 2-8-1930 - L17. p,77 a 78; 18-2-1936 - L20. p,352 a 355""",Cintia,8/10/2018
489,489-83,"82,9",rua ruy barbosa,17,17,25/07/1908,17/02/1936,"livros de emplacamento 25-7-1908 - L8. p,28 e 29; 24-8-1911 - L8. p,41 a 45; 2-8-1930 - L17. p,77 a 78; 18-2-1936 - L20. p,352 a 355""",Cintia,8/10/2018
489,489-93,93,rua ruy barbosa,93,93,18/02/1936,,"livros de emplacamento 25-7-1908 - L8. p,28 e 29; 24-8-1911 - L8. p,41 a 45; 2-8-1930 - L17. p,77 a 78; 18-2-1936 - L20. p,352 a 355""",Cintia,8/10/2018
489,489-93,93,rua ruy barbosa,21,21,25/07/1908,17/02/1936,"livros de emplacamento 25-7-1908 - L8. p,28 e 29; 24-8-1911 - L8. p,41 a 45; 2-8-1930 - L17. p,77 a 78; 18-2-1936 - L20. p,352 a 355""",Cintia,8/10/2018
489,489-313,"312,5",rua ruy barbosa,313,313,18/02/1936,,"livros de emplacamento 25-7-1908 - L8. p,28 e 29; 24-8-1911 - L8. p,41 a 45; 2-8-1930 - L17. p,77 a 78; 18-2-1936 - L20. p,352 a 355""",Cintia,8/10/2018
489,489-313,"312,5",rua ruy barbosa,73,73,08/02/1930,17/02/1936,"livros de emplacamento 25-7-1908 - L8. p,28 e 29; 24-8-1911 - L8. p,41 a 45; 2-8-1930 - L17. p,77 a 78; 18-2-1936 - L20. p,352 a 355""",Cintia,8/10/2018
489,489-313,"312,5",rua ruy barbosa,67,67,24/08/1911,08/01/1930,"livros de emplacamento 25-7-1908 - L8. p,28 e 29; 24-8-1911 - L8. p,41 a 45; 2-8-1930 - L17. p,77 a 78; 18-2-1936 - L20. p,352 a 355""",Cintia,8/10/2018
489,489-313,"312,5",rua ruy barbosa,59,59,25/04/1908,23/08/1911,"livros de emplacamento 25-7-1908 - L8. p,28 e 29; 24-8-1911 - L8. p,41 a 45; 2-8-1930 - L17. p,77 a 78; 18-2-1936 - L20. p,352 a 355""",Cintia,8/10/2018
489,489-42,"41,1",rua ruy barbosa,42,42,18/02/1936,,"livros de emplacamento 25-7-1908 - L8. p,28 e 29; 24-8-1911 - L8. p,41 a 45; 2-8-1930 - L17. p,77 a 78; 18-2-1936 - L20. p,352 a 355""",Cintia,8/10/2018
489,489-42,"41,1",rua ruy barbosa,2,2,08/02/1930,17/02/1936,"livros de emplacamento 25-7-1908 - L8. p,28 e 29; 24-8-1911 - L8. p,41 a 45; 2-8-1930 - L17. p,77 a 78; 18-2-1936 - L20. p,352 a 355""",Cintia,8/10/2018
489,489-42,"41,1",rua ruy barbosa,6,6,25/04/1908,08/01/1930,"livros de emplacamento 25-7-1908 - L8. p,28 e 29; 24-8-1911 - L8. p,41 a 45; 2-8-1930 - L17. p,77 a 78; 18-2-1936 - L20. p,352 a 355""",Cintia,8/10/2018
489,489-156,"155,6",rua ruy barbosa,156,156,18/02/1936,,"livros de emplacamento 25-7-1908 - L8. p,28 e 29; 24-8-1911 - L8. p,41 a 45; 2-8-1930 - L17. p,77 a 78; 18-2-1936 - L20. p,352 a 355""",Cintia,8/10/2018
489,489-156,"155,6",rua ruy barbosa,36,36,08/02/1930,17/02/1936,"livros de emplacamento 25-7-1908 - L8. p,28 e 29; 24-8-1911 - L8. p,41 a 45; 2-8-1930 - L17. p,77 a 78; 18-2-1936 - L20. p,352 a 355""",Cintia,8/10/2018
489,489-156,"155,6",rua ruy barbosa,40,40,25/04/1908,08/01/1930,"livros de emplacamento 25-7-1908 - L8. p,28 e 29; 24-8-1911 - L8. p,41 a 45; 2-8-1930 - L17. p,77 a 78; 18-2-1936 - L20. p,352 a 355""",Cintia,8/10/2018
489,489-318,"318,3",rua ruy barbosa,318,318,18/02/1936,,"livros de emplacamento 25-7-1908 - L8. p,28 e 29; 24-8-1911 - L8. p,41 a 45; 2-8-1930 - L17. p,77 a 78; 18-2-1936 - L20. p,352 a 355""",Cintia,8/10/2018
489,489-318,"318,3",rua ruy barbosa,74,74,08/02/1930,17/02/1936,"livros de emplacamento 25-7-1908 - L8. p,28 e 29; 24-8-1911 - L8. p,41 a 45; 2-8-1930 - L17. p,77 a 78; 18-2-1936 - L20. p,352 a 355""",Cintia,8/10/2018
489,489-318,"318,3",rua ruy barbosa,78,78,25/04/1908,08/01/1930,"livros de emplacamento 25-7-1908 - L8. p,28 e 29; 24-8-1911 - L8. p,41 a 45; 2-8-1930 - L17. p,77 a 78; 18-2-1936 - L20. p,352 a 355""",Cintia,8/10/2018
489,489-318,"318,3",rua ruy barbosa,58,58,24/04/1908,24/04/1908,"livros de emplacamento 25-7-1908 - L8. p,28 e 29; 24-8-1911 - L8. p,41 a 45; 2-8-1930 - L17. p,77 a 78; 18-2-1936 - L20. p,352 a 355""",Cintia,8/10/2018
495,495-63,"63,6",rua benjamin de oliveira,63,63,27/04/1936,,"livros de emplacamento 15-7-1908 - L1. p,97; 27-3-1912 - L2. p,30; 27-8-1929 - L15. p,187/188; 27-4-1936 - L21. p,85 a 88""",Cintia,8/10/2018
495,495-63,"63,6",rua benjamin de oliveira,3,3,15/07/1908,26/04/1936,"livros de emplacamento 15-7-1908 - L1. p,97; 27-3-1912 - L2. p,30; 27-8-1929 - L15. p,187/188; 27-4-1936 - L21. p,85 a 88""",Cintia,8/10/2018
495,495-63,"63,6",rua benjamin de oliveira,7,7,14/07/1908,14/07/1908,"livros de emplacamento 15-7-1908 - L1. p,97; 27-3-1912 - L2. p,30; 27-8-1929 - L15. p,187/188; 27-4-1936 - L21. p,85 a 88""",Cintia,8/10/2018
495,495-239,"238,2",rua benjamin de oliveira,239,239,27/04/1936,,"livros de emplacamento 15-7-1908 - L1. p,97; 27-3-1912 - L2. p,30; 27-8-1929 - L15. p,187/188; 27-4-1936 - L21. p,85 a 88""",Cintia,8/10/2018
495,495-239,"238,2",rua benjamin de oliveira,59,59,27/03/1912,26/04/1936,"livros de emplacamento 15-7-1908 - L1. p,97; 27-3-1912 - L2. p,30; 27-8-1929 - L15. p,187/188; 27-4-1936 - L21. p,85 a 88""",Cintia,8/10/2018
495,495-239,"238,2",rua benjamin de oliveira,55,55,15/07/1908,26/03/1912,"livros de emplacamento 15-7-1908 - L1. p,97; 27-3-1912 - L2. p,30; 27-8-1929 - L15. p,187/188; 27-4-1936 - L21. p,85 a 88""",Cintia,8/10/2018
495,495-239,"238,2",rua benjamin de oliveira,35,35,14/07/1908,14/07/1908,"livros de emplacamento 15-7-1908 - L1. p,97; 27-3-1912 - L2. p,30; 27-8-1929 - L15. p,187/188; 27-4-1936 - L21. p,85 a 88""",Cintia,8/10/2018
495,495-409,"408,4",rua benjamin de oliveira,409,409,27/04/1936,,"livros de emplacamento 15-7-1908 - L1. p,97; 27-3-1912 - L2. p,30; 27-8-1929 - L15. p,187/188; 27-4-1936 - L21. p,85 a 88""",Cintia,8/10/2018
495,495-409,"408,4",rua benjamin de oliveira,119,119,27/08/1929,26/04/1936,"livros de emplacamento 15-7-1908 - L1. p,97; 27-3-1912 - L2. p,30; 27-8-1929 - L15. p,187/188; 27-4-1936 - L21. p,85 a 88""",Cintia,8/10/2018
495,495-409,"408,4",rua benjamin de oliveira,117,117,27/03/1912,26/08/1929,"livros de emplacamento 15-7-1908 - L1. p,97; 27-3-1912 - L2. p,30; 27-8-1929 - L15. p,187/188; 27-4-1936 - L21. p,85 a 88""",Cintia,8/10/2018
495,495-409,"408,4",rua benjamin de oliveira,115,115,15/07/1908,26/03/1912,"livros de emplacamento 15-7-1908 - L1. p,97; 27-3-1912 - L2. p,30; 27-8-1929 - L15. p,187/188; 27-4-1936 - L21. p,85 a 88""",Cintia,8/10/2018
495,495-409,"408,4",rua benjamin de oliveira,87,87,14/07/1908,14/07/1908,"livros de emplacamento 15-7-1908 - L1. p,97; 27-3-1912 - L2. p,30; 27-8-1929 - L15. p,187/188; 27-4-1936 - L21. p,85 a 88""",Cintia,8/10/2018
495,495-493,"493,2",rua benjamin de oliveira,493,493,27/04/1936,,"livros de emplacamento 15-7-1908 - L1. p,97; 27-3-1912 - L2. p,30; 27-8-1929 - L15. p,187/188; 27-4-1936 - L21. p,85 a 88""",Cintia,8/10/2018
495,495-493,"493,2",rua benjamin de oliveira,153,153,27/08/1929,26/04/1936,"livros de emplacamento 15-7-1908 - L1. p,97; 27-3-1912 - L2. p,30; 27-8-1929 - L15. p,187/188; 27-4-1936 - L21. p,85 a 88""",Cintia,8/10/2018
495,495-151,"487,5",rua benjamin de oliveira,487,487,27/04/1936,,"livros de emplacamento 15-7-1908 - L1. p,97; 27-3-1912 - L2. p,30; 27-8-1929 - L15. p,187/188; 27-4-1936 - L21. p,85 a 88""",Cintia,8/10/2018
495,495-151,"487,5",rua benjamin de oliveira,151,151,27/08/1929,26/04/1936,"livros de emplacamento 15-7-1908 - L1. p,97; 27-3-1912 - L2. p,30; 27-8-1929 - L15. p,187/188; 27-4-1936 - L21. p,85 a 88""",Cintia,8/10/2018
495,495-151,"487,5",rua benjamin de oliveira,153,153,27/03/1912,26/08/1929,"livros de emplacamento 15-7-1908 - L1. p,97; 27-3-1912 - L2. p,30; 27-8-1929 - L15. p,187/188; 27-4-1936 - L21. p,85 a 88""",Cintia,8/10/2018
495,495-151,"487,5",rua benjamin de oliveira,151,151,15/07/1908,26/03/1912,"livros de emplacamento 15-7-1908 - L1. p,97; 27-3-1912 - L2. p,30; 27-8-1929 - L15. p,187/188; 27-4-1936 - L21. p,85 a 88""",Cintia,8/10/2018
495,495-151,"487,5",rua benjamin de oliveira,123,123,14/07/1908,14/07/1908,"livros de emplacamento 15-7-1908 - L1. p,97; 27-3-1912 - L2. p,30; 27-8-1929 - L15. p,187/188; 27-4-1936 - L21. p,85 a 88""",Cintia,8/10/2018
495,495-24,"23,5",rua benjamin de oliveira,24,24,27/04/1936,,"livros de emplacamento 15-7-1908 - L1. p,97; 27-3-1912 - L2. p,30; 27-8-1929 - L15. p,187/188; 27-4-1936 - L21. p,85 a 88""",Cintia,8/10/2018
495,495-24,"23,5",rua benjamin de oliveira,2,2,15/07/1908,26/04/1936,"livros de emplacamento 15-7-1908 - L1. p,97; 27-3-1912 - L2. p,30; 27-8-1929 - L15. p,187/188; 27-4-1936 - L21. p,85 a 88""",Cintia,8/10/2018
495,495-394,"493,5",rua benjamin de oliveira,394,394,27/04/1936,,"livros de emplacamento 15-7-1908 - L1. p,97; 27-3-1912 - L2. p,30; 27-8-1929 - L15. p,187/188; 27-4-1936 - L21. p,85 a 88""",Cintia,8/10/2018
495,495-394,"493,5",rua benjamin de oliveira,120,120,27/08/1929,26/04/1936,"livros de emplacamento 15-7-1908 - L1. p,97; 27-3-1912 - L2. p,30; 27-8-1929 - L15. p,187/188; 27-4-1936 - L21. p,85 a 88""",Cintia,8/10/2018
495,495-394,"493,5",rua benjamin de oliveira,114,114,15/07/1908,26/08/1929,"livros de emplacamento 15-7-1908 - L1. p,97; 27-3-1912 - L2. p,30; 27-8-1929 - L15. p,187/188; 27-4-1936 - L21. p,85 a 88""",Cintia,8/10/2018
495,495-394,"493,5",rua benjamin de oliveira,78,78,14/07/1908,14/07/1908,"livros de emplacamento 15-7-1908 - L1. p,97; 27-3-1912 - L2. p,30; 27-8-1929 - L15. p,187/188; 27-4-1936 - L21. p,85 a 88""",Cintia,8/10/2018
495,495-486,"485,8",rua benjamin de oliveira,486,486,27/04/1936,,"livros de emplacamento 15-7-1908 - L1. p,97; 27-3-1912 - L2. p,30; 27-8-1929 - L15. p,187/188; 27-4-1936 - L21. p,85 a 88""",Cintia,8/10/2018
495,495-486,"485,8",rua benjamin de oliveira,152,152,15/07/1908,26/04/1936,"livros de emplacamento 15-7-1908 - L1. p,97; 27-3-1912 - L2. p,30; 27-8-1929 - L15. p,187/188; 27-4-1936 - L21. p,85 a 88""",Cintia,8/10/2018
495,495-486,"485,8",rua benjamin de oliveira,118,118,14/07/1908,14/07/1908,"livros de emplacamento 15-7-1908 - L1. p,97; 27-3-1912 - L2. p,30; 27-8-1929 - L15. p,187/188; 27-4-1936 - L21. p,85 a 88""",Cintia,8/10/2018
502,502-17,"16,3",alameda barros,17,17,16/12/1935,,"livros de emplacamento 24-1-1911 - L2. p,20; 4-9-1921 - L2. p,55; 29-10-1924 - L2. p,60; 1-9-1925 - L2. p,65;16-12-1935 - L20. p,233""",Cintia,8/10/2018
502,502-17,"16,3",alameda barros,1,1,24/01/1911,15/12/1935,"livros de emplacamento 24-1-1911 - L2. p,20; 4-9-1921 - L2. p,55; 29-10-1924 - L2. p,60; 1-9-1925 - L2. p,65;16-12-1935 - L20. p,233""",Cintia,8/10/2018
502,502-211,"211,7",alameda barros,211,211,16/12/1935,,"livros de emplacamento 24-1-1911 - L2. p,20; 4-9-1921 - L2. p,55; 29-10-1924 - L2. p,60; 1-9-1925 - L2. p,65;16-12-1935 - L20. p,233""",Cintia,8/10/2018
502,502-211,"211,7",alameda barros,47,47,09/04/1921,15/12/1935,"livros de emplacamento 24-1-1911 - L2. p,20; 4-9-1921 - L2. p,55; 29-10-1924 - L2. p,60; 1-9-1925 - L2. p,65;16-12-1935 - L20. p,233""",Cintia,8/10/2018
502,502-211,"211,7",alameda barros,43,43,24/01/1911,09/03/1921,"livros de emplacamento 24-1-1911 - L2. p,20; 4-9-1921 - L2. p,55; 29-10-1924 - L2. p,60; 1-9-1925 - L2. p,65;16-12-1935 - L20. p,233""",Cintia,8/10/2018
502,502-295,"294,9",alameda barros,295,295,16/12/1935,,"livros de emplacamento 24-1-1911 - L2. p,20; 4-9-1921 - L2. p,55; 29-10-1924 - L2. p,60; 1-9-1925 - L2. p,65;16-12-1935 - L20. p,233""",Cintia,8/10/2018
502,502-295,"294,9",alameda barros,59,59,09/04/1921,15/12/1935,"livros de emplacamento 24-1-1911 - L2. p,20; 4-9-1921 - L2. p,55; 29-10-1924 - L2. p,60; 1-9-1925 - L2. p,65;16-12-1935 - L20. p,233""",Cintia,8/10/2018
502,502-295,"294,9",alameda barros,55,55,24/01/1911,09/03/1921,"livros de emplacamento 24-1-1911 - L2. p,20; 4-9-1921 - L2. p,55; 29-10-1924 - L2. p,60; 1-9-1925 - L2. p,65;16-12-1935 - L20. p,233""",Cintia,8/10/2018
502,502-295,"294,9",alameda barros,39,39,23/01/1911,23/01/1911,"livros de emplacamento 24-1-1911 - L2. p,20; 4-9-1921 - L2. p,55; 29-10-1924 - L2. p,60; 1-9-1925 - L2. p,65;16-12-1935 - L20. p,233""",Cintia,8/10/2018
502,502-14,"13,5",alameda barros,14,14,16/12/1935,,"livros de emplacamento 24-1-1911 - L2. p,20; 4-9-1921 - L2. p,55; 29-10-1924 - L2. p,60; 1-9-1925 - L2. p,65;16-12-1935 - L20. p,233""",Cintia,8/10/2018
502,502-14,"13,5",alameda barros,2,2,24/01/1911,15/12/1935,"livros de emplacamento 24-1-1911 - L2. p,20; 4-9-1921 - L2. p,55; 29-10-1924 - L2. p,60; 1-9-1925 - L2. p,65;16-12-1935 - L20. p,233""",Cintia,8/10/2018
502,502-180,180,alameda barros,180,180,16/12/1935,,"livros de emplacamento 24-1-1911 - L2. p,20; 4-9-1921 - L2. p,55; 29-10-1924 - L2. p,60; 1-9-1925 - L2. p,65;16-12-1935 - L20. p,233""",Cintia,8/10/2018
502,502-180,180,alameda barros,36,36,24/01/1911,15/12/1935,"livros de emplacamento 24-1-1911 - L2. p,20; 4-9-1921 - L2. p,55; 29-10-1924 - L2. p,60; 1-9-1925 - L2. p,65;16-12-1935 - L20. p,233""",Cintia,8/10/2018
502,502-180,180,alameda barros,28,28,23/01/1911,23/01/1911,"livros de emplacamento 24-1-1911 - L2. p,20; 4-9-1921 - L2. p,55; 29-10-1924 - L2. p,60; 1-9-1925 - L2. p,65;16-12-1935 - L20. p,233""",Cintia,8/10/2018
502,502-284,"283,5",alameda barros,284,284,16/12/1935,,"livros de emplacamento 24-1-1911 - L2. p,20; 4-9-1921 - L2. p,55; 29-10-1924 - L2. p,60; 1-9-1925 - L2. p,65;16-12-1935 - L20. p,233""",Cintia,8/10/2018
307,307-25,"25,1",rua maria theresa,25,25,26/10/1935,,"livros de emplacamento 25-3-1909 - L6. p,96; 26-10-1935 - L20. p,129-130""",Cintia,8/10/2018
307,307-25,"25,1",rua maria theresa,38,38,25/03/1909,25/10/1935,"livros de emplacamento 25-3-1909 - L6. p,96; 26-10-1935 - L20. p,129-130""",Cintia,8/10/2018
307,307-155,"155,3",rua maria theresa,155,155,26/10/1935,,"livros de emplacamento 25-3-1909 - L6. p,96; 26-10-1935 - L20. p,129-130""",Cintia,8/10/2018
307,307-155,"155,3",rua maria theresa,16,16,25/03/1909,25/10/1935,"livros de emplacamento 25-3-1909 - L6. p,96; 26-10-1935 - L20. p,129-130""",Cintia,8/10/2018
307,307-209,"209,1",rua maria theresa,209,209,26/10/1935,,"livros de emplacamento 25-3-1909 - L6. p,96; 26-10-1935 - L20. p,129-130""",Cintia,8/10/2018
307,307-209,"209,1",rua maria theresa,2,2,25/03/1909,25/10/1935,"livros de emplacamento 25-3-1909 - L6. p,96; 26-10-1935 - L20. p,129-130""",Cintia,8/10/2018
307,307-64,"63,3",rua maria theresa,64,64,26/10/1935,,"livros de emplacamento 25-3-1909 - L6. p,96; 26-10-1935 - L20. p,129-130""",Cintia,8/10/2018
307,307-64,"63,3",rua maria theresa,39,39,25/03/1909,25/10/1935,"livros de emplacamento 25-3-1909 - L6. p,96; 26-10-1935 - L20. p,129-130""",Cintia,8/10/2018
307,307-104,"104,4",rua maria theresa,104,104,26/10/1935,,"livros de emplacamento 25-3-1909 - L6. p,96; 26-10-1935 - L20. p,129-130""",Cintia,8/10/2018
307,307-104,"104,4",rua maria theresa,27,27,25/03/1909,25/10/1935,"livros de emplacamento 25-3-1909 - L6. p,96; 26-10-1935 - L20. p,129-130""",Cintia,8/10/2018
307,307-220,"220,1",rua maria theresa,220,220,26/10/1935,,"livros de emplacamento 25-3-1909 - L6. p,96; 26-10-1935 - L20. p,129-130""",Cintia,8/10/2018
307,307-220,"220,1",rua maria theresa,3,3,25/03/1909,25/10/1935,"livros de emplacamento 25-3-1909 - L6. p,96; 26-10-1935 - L20. p,129-130""",Cintia,8/10/2018
296,296-11,"10,9",Rua Jaguaribe,11,11,12/07/1935,,"Livro de Emplacamento - 30-6-1908 - L5. p,42",Cintia,8/10/2018
296,296-11,"10,9",Rua Jaguaribe,1,1,30/06/1908,12/06/1935,"Livro de Emplacamento - 30-6-1908 - L5. p,42",Cintia,8/10/2018
296,296-449,"448,9",Rua Jaguaribe,449,449,12/07/1935,,"Livro de Emplacamento - 30-6-1908 - L5. p,42",Cintia,8/10/2018
296,296-449,"448,9",Rua Jaguaribe,49,49,09/04/1929,12/06/1935,"Livro de Emplacamento - 30-6-1908 - L5. p,42",Cintia,8/10/2018
296,296-449,"448,9",Rua Jaguaribe,43,43,15/03/1911,09/03/1929,"Livro de Emplacamento - 30-6-1908 - L5. p,42",Cintia,8/10/2018
296,296-449,"448,9",Rua Jaguaribe,33,33,30/06/1908,14/03/1911,"Livro de Emplacamento - 30-6-1908 - L5. p,42",Cintia,8/10/2018
296,296-474,"474,9",Rua Jaguaribe,50,50,30/06/1908,14/03/1911,"Livro de Emplacamento - 30-6-1908 - L5. p,42",Cintia,8/10/2018
296,296-474,"474,9",Rua Jaguaribe,82,82,15/03/1911,09/03/1929,"Livro de Emplacamento - 30-6-1908 - L5. p,42",Cintia,8/10/2018
296,296-474,"474,9",Rua Jaguaribe,92,92,09/04/2029,12/06/1935,"Livro de Emplacamento - 30-6-1908 - L5. p,42",Cintia,8/10/2018
296,296-474,"474,9",Rua Jaguaribe,474,474,12/07/1935,,"Livro de Emplacamento - 30-6-1908 - L5. p,42",Cintia,8/10/2018
296,296-780,"780,3",Rua Jaguaribe,780,780,12/07/1935,,"Livro de Emplacamento - 30-6-1908 - L5. p,42",Cintia,8/10/2018
296,296-780,"780,3",Rua Jaguaribe,148,148,09/04/2029,12/06/1935,"Livro de Emplacamento - 30-6-1908 - L5. p,42",Cintia,8/10/2018
296,296-780,"780,3",Rua Jaguaribe,138,138,09/03/1929,09/03/1929,"Livro de Emplacamento - 30-6-1908 - L5. p,42",Cintia,8/10/2018
296,296-785,"785,6",Rua Jaguaribe,785,785,12/07/1935,,"Livro de Emplacamento - 30-6-1908 - L5. p,42",Cintia,8/10/2018
296,296-785,"785,6",Rua Jaguaribe,107,107,09/04/1929,12/06/1935,"Livro de Emplacamento - 30-6-1908 - L5. p,42",Cintia,8/10/2018
296,296-785,"785,6",Rua Jaguaribe,101,101,09/03/1929,09/03/1929,"Livro de Emplacamento - 30-6-1908 - L5. p,42",Cintia,8/10/2018
301,301-47,"46,2",Rua Martinico Prado,47,47,12/09/1935,,"Livro de Emplacamento - 17-1-1909 - L6. p,98",Cintia,8/10/2018
301,301-47,"46,2",Rua Martinico Prado,1,1,17/01/1909,12/08/1935,"Livro de Emplacamento - 17-1-1909 - L6. p,98",Cintia,8/10/2018
301,301-237,237,Rua Martinico Prado,237,237,12/09/1935,,"Livro de Emplacamento - 17-1-1909 - L6. p,98",Cintia,8/10/2018
301,301-237,237,Rua Martinico Prado,29,29,17/01/1909,12/08/1935,"Livro de Emplacamento - 17-1-1909 - L6. p,98",Cintia,8/10/2018
301,301-315,"314,1",Rua Martinico Prado,315,315,12/09/1935,,"Livro de Emplacamento - 17-1-1909 - L6. p,98",Cintia,8/10/2018
301,301-315,"314,1",Rua Martinico Prado,51,51,17/01/1909,12/08/1935,"Livro de Emplacamento - 17-1-1909 - L6. p,98",Cintia,8/10/2018
301,301-451,"450,2",Rua Martinico Prado,451,451,12/09/1935,,"Livro de Emplacamento - 17-1-1909 - L6. p,98",Cintia,8/10/2018
301,301-451,"450,2",Rua Martinico Prado,81,81,31/12/1914,12/08/1935,"Livro de Emplacamento - 17-1-1909 - L6. p,98",Cintia,8/10/2018
301,301-90,"89,4",Rua Martinico Prado,90,90,12/09/1935,,"Livro de Emplacamento - 17-1-1909 - L6. p,98",Cintia,8/10/2018
301,301-90,"89,4",Rua Martinico Prado,8,8 Tinta,31/12/1914,12/08/1935,"Livro de Emplacamento - 17-1-1909 - L6. p,98",Cintia,8/10/2018
301,301-234,"233,4",Rua Martinico Prado,234,234,12/09/1935,,"Livro de Emplacamento - 17-1-1909 - L6. p,98",Cintia,8/10/2018
301,301-234,"233,4",Rua Martinico Prado,42,42,31/12/1914,12/08/1935,"Livro de Emplacamento - 17-1-1909 - L6. p,98",Cintia,8/10/2018
301,301-446,"445,6",Rua Martinico Prado,446,446,12/09/1935,,"Livro de Emplacamento - 17-1-1909 - L6. p,98",Cintia,8/10/2018
301,301-446,"445,6",Rua Martinico Prado,86,86,31/12/1914,12/08/1935,"Livro de Emplacamento - 17-1-1909 - L6. p,98",Cintia,8/10/2018
35,35-10,10,largo de sao bento,10,10,24/10/1939,,"Livro de emplacamento 26. p,208",Cintia,8/10/2018
35,35-10,10,largo de sao bento,2,2,06/01/1912,23/10/1939,"Livro de emplacamento 8. p,189",Cintia,8/10/2018
35,35-56,56,largo de sao bento,56,56,24/10/1939,,"Livro de emplacamento 26. p,208",Cintia,8/10/2018
35,35-56,56,largo de sao bento,14,14,06/01/1912,23/10/1939,"Livro de emplacamento 26. p,208",Cintia,8/10/2018
35,35-9,9,largo de sao bento,9,9,24/10/1939,,"Livro de emplacamento 26. p,208",Cintia,8/10/2018
35,35-25,25,largo de sao bento,25,25,24/10/1939,,"Livro de emplacamento 26. p,208",Cintia,8/10/2018
35,35-25,25,largo de sao bento,1,1,06/01/1912,23/10/1939,"Livro de emplacamento 26. p,208",Cintia,8/10/2018
35,35-25,25,largo de sao bento,97,97 alto,06/01/1912,31/05/1912,"Livro de emplacamento 8. p,189",Cintia,8/10/2018
35,35-83,83,largo de sao bento,83,83,24/10/1939,,"Livro de emplacamento 26. p,208",Cintia,8/10/2018
38,38-17,17,rua sao nicolau,17,17,08/06/1936,,Livro de emplacamento 21. p. 226,Cintia,8/10/2018
38,38-17,17,rua sao nicolau,1,1,23/04/1909,08/05/1936,Livro de emplacamento 21. p. 226,Cintia,8/10/2018
38,38-53,53,rua sao nicolau,53,53,08/06/1936,,Livro de emplacamento 21. p. 226,Cintia,8/10/2018
38,38-53,53,rua sao nicolau,15,15,23/04/1909,06/05/1936,Livro de emplacamento 21. p. 226,Cintia,8/10/2018
38,38-12,12,rua sao nicolau,12,12,08/06/1936,,Livro de emplacamento 21. p. 226,Cintia,8/10/2018
38,38-18,18,rua sao nicolau,18,18,08/06/1936,,Livro de emplacamento 21. p. 226,Cintia,8/10/2018
38,38-18,18,rua sao nicolau,2,2,23/04/1909,06/05/1936,LIvro de emplacamento 21. p. 226,Cintia,8/10/2018
38,38-52,52,rua sao nicolau,52,52,08/06/1936,,Livro de emplacamento 21. p. 226,Cintia,8/10/2018
38,38-42,42,rua sao nicolau,42,42,08/06/1936,,Livro de emplacamento 21. p. 226,Cintia,8/10/2018
38,38-42,42,rua sao nicolau,10,10,23/04/1909,06/05/1936,Livro de emplacamento 21. p. 226,Cintia,8/10/2018
37,37-12,12,rua lourenço gnecco,12,12,08/06/1936,,"Livro de emplacamento 21. p,221",Cintia,8/10/2018
37,37-20,20,rua lourenço gnecco,20,20,08/06/1936,,LIvro de emplacamento 21. p. 221,Cintia,8/10/2018
37,37-20,20,rua lourenço gnecco,8,8,08/05/1936,08/05/1936,Livro de emplacamento 21. p. 221,Cintia,8/10/2018
37,37-58,58,rua lourenço gnecco,58,58,08/06/1936,,Livro de emplacamento 21. p. 221,Cintia,8/10/2018
37,37-58,58,rua lourenço gnecco,24,24,08/05/1936,08/05/1936,Livro de emplacamento 21. p. 221,Cintia,8/10/2018
39,39-14,14,rua maria benedicta,14,14,08/06/1936,,Livro de emplacamento 21. p. 222,Cintia,8/10/2018
39,39-14,14,rua maria benedicta,2,2,23/04/1909,08/05/1936,Livro de emplacamento 21. p. 222,Cintia,8/10/2018
39,39-58,58,rua maria benedicta,58,58,08/06/1936,,Livro de emplacamento 21. p. 222,Cintia,8/10/2018
39,39-58,58,rua maria benedicta,20,20,08/05/1936,08/05/1936,Livro de emplacamento 21. p. 222,Cintia,8/10/2018
39,39-13,13,rua maria benedicta,13,13,08/06/1936,,Livro de emplacamento 21. p. 222,Cintia,8/10/2018
39,39-17,17,rua maria benedicta,17,17,08/06/1936,,Livro de emplacamento 21. p. 222,Cintia,8/10/2018
39,39-17,17,rua maria benedicta,1,1,23/04/1909,08/05/1936,Livro de emplacamento 21. p. 222,Cintia,8/10/2018
39,39-52,52,rua maria benedicta,51,51,08/06/1936,,Livro de emplacamento 21. p. 222,Cintia,8/10/2018
39,39-52,52,rua maria benedicta,11,11,23/04/1909,08/05/1936,LIvro de emplacamento 21. p. 222,Cintia,8/10/2018
40,40-19,19,rua do thesouro,19,19,30/07/1936,,Livro de emplacamento 21. p. 215,Cintia,8/10/2018
40,40-19,19,rua do thesouro,1,1,22/06/1928,29/07/1936,Livro de emplacamento 21. p. 215,Cintia,8/10/2018
40,40-49,49,rua do thesouro,49,49,30/07/1936,,Livro de emplacamento 21. p. 215,Cintia,8/10/2018
40,40-43,43,rua do thesouro,43,43,30/07/1936,,Livro de emplacamento 21. p. 215,Cintia,8/10/2018
40,40-43,43,rua do thesouro,9,9,20/06/1928,29/07/1936,Livro de emplacamento 21. p. 215,Cintia,8/10/2018
40,40-19,19,rua do thesouro,3,3,22/06/1928,29/07/1936,Livro de emplacamento 14. p. 95,Cintia,8/10/2018
40,40-43,43,rua do thesouro,11,11,20/06/1928,29/07/1936,Livro de emplacamento 14. p. 95,Cintia,8/10/2018
44,44-12,12,rua anchieta,12,12,12/07/1936,,Livro de emplacamento 21. p. 358,Cintia,8/10/2018
44,44-12,12,rua anchieta,7,7,12/06/1936,12/06/1936,Livro de emplacamento 21. p. 358,Cintia,8/10/2018
44,44-54,54,rua anchieta,54,54,12/07/1936,,LIvro de emplacamento 21. p. 358,Cintia,8/10/2018
44,44-54,54,rua anchieta,1,1,12/06/1936,12/06/1936,Livro de emplacamento 21. p. 358,Cintia,8/10/2018
48,50-2,2,rua do seminário,2,2,12/05/1933,,Livro de emplacamento 19. p. 106,Cintia,8/10/2018
48,50-2,2,rua do seminário,6,6,02/11/1909,06/04/1933,LIvro de emplacamento 19. p. 106,Cintia,8/10/2018
48,50-2,2,rua do seminário,0,0,02/11/1909,,Livro de emplacamento 8. p. 121,Cintia,8/10/2018
48,50-222,222,rua do seminário,222,222,12/05/1933,,Livro de emplacamento 19. p. 106,Cintia,8/10/2018
48,50-222,222,rua do seminário,34,34,02/11/1909,12/04/1933,Livro de emplacamento 19. p. 106,Cintia,8/10/2018
48,50-218,218,rua do seminário,218,218,12/05/1933,,Livro de emplacamento 19. p. 106,Cintia,8/10/2018
48,50-218,218,rua do seminário,20,20,02/11/1909,12/04/1933,Livro de emplacamento 19. p. 106,Cintia,8/10/2018
48,50-35,35,rua do seminário,35,35,12/05/1933,,Livro de emplacamento 19. p. 105,Cintia,8/10/2018
48,50-35,35,rua do seminário,3,3,02/11/1909,12/04/1933,Livro de emplacamento 19. p. 105,Cintia,8/10/2018
48,50-35,35,rua do seminário,1,1,02/11/1909,12/04/1933,"Livro de emplacamento 8. p,121",Cintia,8/10/2018
48,50-140,140,rua do seminário,141,141,12/05/1933,,LIvro de emplacamento 19. p. 105,Cintia,8/10/2018
50,50-212,212,rua do seminário,213,213,12/05/1933,,Livro de emplacamento 19. p. 105,Cintia,8/10/2018
50,50-212,212,rua do seminário,27,27,02/11/1909,12/04/1933,Livro de emplacamento 19. p. 105,Cintia,8/10/2018
50,79-23,23,rua marquez de itu,23,23,20/05/1936,,LIvro de emplacamento 21.p. 131,Cintia,8/10/2018
50,79-23,23,rua marquez de itu,1,1,19/05/1936,19/05/1936,LIvro de emplacamento 21. p. 131,Cintia,8/10/2018
50,79-43,43,rua marquez de itu,44,44,20/05/1936,,Livro de emplacamento 21. p. 133,Cintia,8/10/2018
50,79-57,57,rua marquez de itu,58,58,20/05/1936,,Livro de emplacamento 21. p. 133,Cintia,8/10/2018
50,79-57,57,rua marquez de itu,2,2,19/05/1936,19/05/1936,Livro de emplacamento 21. p. 133,Cintia,8/10/2018
79,80-51,51,rua general jardim,51,51,10/04/1935,,Livro de emplacamento 20. p. 85,Cintia,8/10/2018
79,80-51,51,rua general jardim,1,1,19/06/1928,10/03/1935,Livro de emplacamento 20. p. 85,Cintia,8/10/2018
79,80-361,361,rua general jardim,361,361,10/04/1935,,Livro de emplacamento 20. p. 85,Cintia,8/10/2018
79,80-361,361,rua general jardim,49,49,10/03/1935,10/03/1935,Livro de emplacamento 20. p. 85,Cintia,8/10/2018
79,80-714,714,rua general jardim,715,715,10/04/1935,,Livro de emplacamento 20. p. 85,Cintia,8/10/2018
79,80-714,714,rua general jardim,97,97,10/03/1935,10/03/1935,Livro de emplacamento 20. p. 85,Cintia,8/10/2018
79,80-48,48,rua general jardim,48,48,10/04/1935,,Livro de emplacamento 20. p. 86,Cintia,8/10/2018
79,80-48,48,rua general jardim,2,2,10/03/1935,10/03/1935,Livro de emplacamento 20. p. 86,Cintia,8/10/2018
79,80-364,364,rua general jardim,364,364,10/04/1935,,Livro de emplacamento 20. p. 86,Cintia,8/10/2018
79,80-364,364,rua general jardim,62,62,10/03/1935,10/03/1935,Livro de emplacamento 20. p. 86,Cintia,8/10/2018
79,80-876,876,rua general jardim,876,876,10/04/1935,,Livro de emplacamento 20. p. 86,Cintia,8/10/2018
80,80-876,876,rua general jardim,114,114,10/03/1935,10/03/1935,Livro de emplacamento 20. p. 86,Cintia,8/10/2018
80,82-31,31,rua epitacio pessoa,31,31,13/11/1940,,Livro de emplacamento 27. p. 376,Cintia,8/10/2018
80,82-31,31,rua epitacio pessoa,"30,2",30-b,12/11/1940,12/11/1940,Livro de emplacamento 27. p. 376,Cintia,8/10/2018
80,82-112,112,rua epitacio pessoa,112,112,13/11/1940,,Livro de emplacamento 27. p. 376,Cintia,8/10/2018
80,82-112,112,rua epitacio pessoa,34,34,12/11/1940,12/11/1940,Livro de emplacamento 27. p. 376,Cintia,8/10/2018
80,82-56,56,rua epitacio pessoa,57,57,13/11/1940,,Livro de emplacamento 27. p. 376,Cintia,8/10/2018
80,82-56,56,rua epitacio pessoa,23,23,12/11/1940,12/11/1940,Livro de emplacamento 27. p. 376,Cintia,8/10/2018
80,82-97,97,rua epitacio pessoa,97,97,13/11/1940,,Livro de emplacamento 27. p. 376,Cintia,8/10/2018
80,82-97,97,rua epitacio pessoa,35,35,12/11/1940,12/11/1940,Livro de emplacamento 27. p. 376,Cintia,8/10/2018
80,83-32,32,rua dr. theodoro bayma,33,33,17/01/1936,,Livro de emplacamento 20. p. 306,Cintia,8/10/2018
80,83-32,32,rua dr. theodoro bayma,20,20,16/01/1936,16/01/1936,Livro de emplacamento 20. p. 306,Cintia,8/10/2018
80,83-129,129,rua dr. theodoro bayma,129,129,17/01/1936,,Livro de emplacamento 20. p. 306,Cintia,8/10/2018
82,83-129,129,rua dr. theodoro bayma,2,2,16/01/1936,16/01/1936,Livro de emplacamento 20. p. 306,Cintia,8/10/2018
82,83-18,18,rua dr. theodoro bayma,18,18,17/01/1936,,LIvro de emplacamento 20. p. 306,Cintia,8/10/2018
82,83-18,18,rua dr. theodoro bayma,26,26,16/01/1936,16/01/1936,Livro de emplacamento 20. p. 306,Cintia,8/10/2018
82,83-119,119,rua dr. theodoro bayma,119,119,17/01/1936,,Livro de emplacamento 20. p. 306,Cintia,8/10/2018
82,83-119,119,rua dr. theodoro bayma,1,1,16/01/1936,16/01/1936,Livro de emplacamento 20. p. 306,Cintia,8/10/2018
82,84-23,23,rua rego freitas,24,24,25/10/1935,,Livro de emplacamento 20. p. 126,Cintia,8/10/2018
82,84-23,23,rua rego freitas,2,2,24/10/1935,24/10/1935,Livro de emplacamento 20. p. 126,Cintia,8/10/2018
83,84-30,30,rua rego freitas,31,31,25/10/1935,,"Livro de emplacamento 20. p,125",Cintia,8/10/2018
83,84-30,30,rua rego freitas,1,1s,24/05/1935,24/05/1935,Livro de emplacamento 20. p. 125,Cintia,8/10/2018
84,85-31,31,rua amaral gurgel,31,31,10/09/1935,,Livro de emplacamento 20. p. 95,Cintia,8/10/2018
84,85-31,31,rua amaral gurgel,2,2,10/08/1935,10/08/1935,Livro de emplacamento 20. p. 95,Cintia,8/10/2018
84,85-337,337,rua amaral gurgel,338,338,10/09/1935,,Livro de emplacamento 20. p. 95,Cintia,8/10/2018
84,85-337,337,rua amaral gurgel,60,60,10/08/1935,10/08/1935,Livro de emplacamento 20. p. 95,Cintia,8/10/2018
84,85-28,28,rua amaral gurgel,29,29,10/09/1935,,Livro de emplacamento 20. p. 94,Cintia,8/10/2018
84,85-28,28,rua amaral gurgel,1,1,10/08/1935,10/08/1935,Livro de emplacamento 20. p. 94,Cintia,8/10/2018
84,85-28,28,rua amaral gurgel,"1,1",1a,20/05/1929,10/08/1935,Livro de emplacamento 15. p. 46,Cintia,8/10/2018
86,86-33,33,rua bento freitas,33,33,10/09/1935,,Livro de emplacamento 20. p. 92,Cintia,8/10/2018
86,86-33,33,rua bento freitas,1,1,10/08/1935,10/08/1935,Livro de emplacamento 20. p. 92,Cintia,8/10/2018
86,86-303,303,rua bento freitas,303,303,10/09/1935,,Livro de emplacamento 20. p. 92,Cintia,8/10/2018
86,86-303,303,rua bento freitas,37,37,10/08/1935,10/08/1935,Livro de emplacamento 20. p. 92,Cintia,8/10/2018
86,86-441,441,rua bento freitas,441,441,10/09/1935,,Livro de emplacamento 20. p. 92,Cintia,8/10/2018
86,86-383,383,rua bento freitas,383,383,10/09/1935,,Livro de emplacamento 20. p. 92,Cintia,8/10/2018
86,86-383,383,rua bento freitas,49,49,10/08/1935,10/08/1935,Livro de emplacamento 20. p. 92,Cintia,8/10/2018
86,86-10,10,rua bento freitas,10,10,10/09/1935,,Livro de emplacamento 20. p. 92,Cintia,8/10/2018
86,86-10,10,rua bento freitas,2,2,10/08/1935,10/08/1935,Livro de emplacamento 20. p. 93,Cintia,8/10/2018
86,86-304,304,rua bento freitas,304,304,10/09/1935,,Livro de emplacamento 20. p. 93,Cintia,8/10/2018
86,86-304,304,rua bento freitas,58,58,10/08/1935,10/08/1935,Livro de emplacamento 20. p. 93,Cintia,8/10/2018
86,86-442,442,rua bento freitas,442,442,10/09/1935,,Livro de emplacamento 20. p. 93,Cintia,8/10/2018
86,86-442,442,rua bento freitas,76,76,10/08/1935,10/08/1935,Livro de emplacamento 20. p. 93,Cintia,8/10/2018
86,87-40,"40,5",rua maria antonia,40,40,14/11/1935,,Livro de emplacamento 20. p. 185,Cintia,8/10/2018
87,87-40,"40,5",rua maria antonia,2,2,22/04/1911,13/11/1935,Livro de emplacamento 20. p. 185,Cintia,8/10/2018
87,87-216,"216,4",rua maria antonia,216,216,14/11/1935,,Livro de emplacamento 20. p. 185,Cintia,8/10/2018
87,87-216,"216,4",rua maria antonia,42,42,13/11/1935,13/11/1935,Livro de emplacamento 20. p. 185,Cintia,8/10/2018
87,87-421,"421,8",rua maria antonia,422,422,14/11/1935,,Livro de emplacamento 20 p. 185,Cintia,8/10/2018
87,87-421,"421,8",rua maria antonia,90,90,08/10/1908,13/11/1935,Livro de emplacamento 20. p. 185,Cintia,8/10/2018
87,87-43,"43,4",rua maria antonia,43,43,14/11/1935,,Livro de emplacamento 20. p. 184,Cintia,8/10/2018
87,87-43,"43,4",rua maria antonia,1,1,09/10/1908,13/11/1935,Livro de emplacamento 20. p. 184,Cintia,8/10/2018
87,87-213,"213,4",rua maria antonia,213,213,14/11/1935,,Livro de emplacamento 20. p. 184,Cintia,8/10/2018
87,87-213,"213,4",rua maria antonia,"47,1",47A,09/10/1908,13/11/1935,Livro de emplacamento 20. p. 184,Cintia,8/10/2018
87,87-403,"403,5",rua maria antonia,403,403,14/11/1935,,Livro de emplacamento 20. p. 184,Cintia,8/10/2018
87,87-403,"403,5",rua maria antonia,79,79,09/10/1908,13/11/1935,Livro de emplacamento 20. p. 184,Cintia,8/10/2018
87,87-403,"403,5",rua maria antonia,63,63,09/09/1908,09/09/1908,Livro de emplacamento 20. p. 184,Cintia,8/10/2018
88,88-28,"28,5",rua cezario motta,29,29,30/10/1935,,Livro de emplacamento 20. p. 140,Cintia,8/10/2018
88,88-28,"28,5",rua cezario motta,1,1,25/01/1909,29/10/1935,Livro de emplacamento 20. p. 140,Cintia,8/10/2018
88,88-378,"378,9",rua cezario motta,379,379,30/10/1935,,Livro de emplacamento 20. p. 140,Cintia,8/10/2018
88,88-378,"378,9",rua cezario motta,33,33,25/01/1909,29/10/1935,Livro de emplacamento 20. p. 140,Cintia,8/10/2018
88,88-111,"111,9",rua cezario motta,112,112,30/10/1935,,Livro de emplacamento 20. p. 141,Cintia,8/10/2018
88,88-111,"111,9",rua cezario motta,4,4,06/05/1911,29/10/1935,Livro de emplacamento 3. p. 10,Cintia,8/10/2018
88,88-111,"111,9",rua cezario motta,6,6,25/01/1909,06/05/1911,Livro de emplacamento 2. p. 93,Cintia,8/10/2018
88,88-390,389,rua cezario motta,390,390,30/10/1935,,Livro de emplacamento 20. p. 141,Cintia,8/10/2018
88,88-390,389,rua cezario motta,"20,1",20A,19/09/1930,29/10/1935,Livro de emplacamento 20. p. 141,Cintia,8/10/2018
88,88-634,"634,6",rua cezario motta,630,630,30/10/1935,,Livro de emplacamento 20. p. 141,Cintia,8/10/2018
88,88-634,"634,6",rua cezario motta,80,80,19/09/1930,29/10/1935,Livro de emplacamento 20. p. 141,Cintia,8/10/2018
88,88-634,"634,6",rua cezario motta,76,76,06/05/1911,18/08/1930,Livro de emplacamento 3. p. 29,Cintia,8/10/2018
102,102-28,"28,1",rua gravatahy,28,28,01/10/1936,,Livro de emplacamento 20. p. 289,Cintia,8/10/2018
102,102-28,"28,1",rua gravatahy,2,2,01/09/1936,01/09/1936,Livro de emplacamento 20. p. 289,Cintia,8/10/2018
102,102-96,"96,8",rua gravatahy,96,96,01/10/1936,,Livro de emplacamento 20. p. 289,Cintia,8/10/2018
102,102-96,"96,8",rua gravatahy,22,22,01/09/1936,01/09/1936,Livro de emplacamento 20. p. 289,Cintia,8/10/2018
102,102-42,42,rua gravatahy,42,42,01/10/1936,,Livro de emplacamento 20. p. 289,Cintia,8/10/2018
102,102-42,42,rua gravatahy,1,1,01/09/1936,01/09/1936,Livro de emplacamento 20. p. 289,Cintia,8/10/2018
102,102-108,108,rua gravatahy,11,11,01/10/1936,,Livro de emplacamento 20. p. 289,Cintia,8/10/2018
102,102-108,108,rua gravatahy,107,107,01/09/1936,01/09/1936,Livro de emplacamento 20. p. 289,Cintia,8/10/2018
104,104-39,"39,2",rua marquez de paranagua,40,40,04/08/1936,,Livro de emplacamento 21. p. 15,Cintia,8/10/2018
104,104-39,"39,2",rua marquez de paranagua,2,2,04/07/1936,04/07/1936,Livro de emplacamento 21. p. 15,Cintia,8/10/2018
104,104-190,"190,5",rua marquez de paranagua,190,190,04/08/1936,,Livro de emplacamento 21. p. 15,Cintia,8/10/2018
104,104-22,22,rua marquez de paranagua,21,21,04/08/1936,,Livro de emplacamento 21. p. 14,Cintia,8/10/2018
104,104-22,22,rua marquez de paranagua,1,1,04/07/1936,04/07/1936,Livro de emplacamento 21. p. 14,Cintia,8/10/2018
104,104-387,"387,8",rua marquez de paranagua,25,25,04/07/1936,04/07/1936,Livro de emplacamento 21. p. 14,Cintia,8/10/2018
105,105-38,"38,1",rua antonia de queiroz,39,39,19/02/1936,,Livro de emplacamento 20. p. 337,Cintia,8/10/2018
105,105-38,"38,1",rua antonia de queiroz,3,3,18/02/1936,18/02/1936,Livro de emplacamento 20. p. 337,Cintia,8/10/2018
105,105-346,"346,2",rua antonia de queiroz,347,347,19/02/1936,,Livro de emplacamento 20. p. 337,Cintia,8/10/2018
105,105-346,"346,2",rua antonia de queiroz,57,57,18/02/1936,18/02/1936,Livro de emplacamento 20. p. 337,Cintia,8/10/2018
105,105-37,37,rua antonia de queiroz,38,38,19/02/1936,,Livro de emplacamento 20. p. 338,Cintia,8/10/2018
105,105-37,37,rua antonia de queiroz,"2,1",2A,18/02/1936,18/02/1936,Livro de emplacamento 20. p. 338,Cintia,8/10/2018
105,105-206,"206,1",rua antonia de queiroz,206,206,19/02/1936,,Livro de emplacamento 20. p. 338,Cintia,8/10/2018
105,105-206,"206,1",rua antonia de queiroz,"26,1",26A,18/02/1936,18/02/1936,Livro de emplacamento 20. p. 338,Cintia,8/10/2018
106,106-15,"15,6",rua piauhy,15,15,27/11/1935,,Livro de emplacamento 20. p. 208,Cintia,8/10/2018
106,106-15,"15,6",rua piauhy,1,1,09/02/1908,26/11/1935,Livro de emplacamento 20. p. 208,Cintia,8/10/2018
106,106-527,527,rua piauhy,527,527,27/11/1935,,Livro de emplacamento 20. p. 208,Cintia,8/10/2018
106,106-527,527,rua piauhy,83,83,23/04/1929,26/11/1935,Livro de emplacamento 20. p. 208,Cintia,8/10/2018
106,106-41,41,rua piauhy,42,42,27/11/1935,,Livro de emplacamento 20. p. 209,Cintia,8/10/2018
106,106-41,41,rua piauhy,2,2,23/04/1929,26/11/1935,Livro de emplacamento 20. p. 209,Cintia,8/10/2018
106,106-498,"498,6",rua piauhy,498,498,27/11/1935,,Livro de emplacamento 20. p. 209,Cintia,8/10/2018
106,106-498,498,rua piauhy,"60,1",60A,26/11/1935,26/11/1935,Livro de emplacamento 20. p. 209,Cintia,8/10/2018
105,108-132,"132,1",rua maranhao,132,132,11/09/1935,,"Livro de emplacamento 20. p,166",Cintia,8/10/2018
108,108-132,"132,1",rua maranhao,2,2,11/08/1935,11/08/1935,"Livro de emplacamento 20. p,166",Cintia,8/10/2018
108,108-266,"266,6",rua maranhao,266,266,11/09/1935,,Livro de emplacamento 20. p. 166,Cintia,8/10/2018
108,108-266,"266,6",rua maranhao,14,14,11/08/1935,11/08/1935,Livro de emplacamento 20. p. 166,Cintia,8/10/2018
108,108-88,"88,1",rua maranhao,89,89,11/09/1935,,Livro de emplacamento 20.p. 165,Cintia,8/10/2018
108,108-88,"88,1",rua maranhao,1,1,05/04/1908,11/08/1935,Livro de emplacamento 20.p. 165,Cintia,8/10/2018
108,108-340,340,rua maranhao,341,341,11/09/1935,,Livro de emplacamento 20.p. 165,Cintia,8/10/2018
108,108-340,340,rua maranhao,23,23,05/04/1908,11/08/1935,Livro de emplacamento 20.p. 165,Cintia,8/10/2018
110,110-9,"9,6",rua sao domingos,9,9,23/01/1936,,Livro de emplacamento 20. p. 328,Cintia,8/10/2018
110,110-9,"9,6",rua sao domingos,1,1,17/06/1908,22/01/1936,Livro de emplacamento 20. p. 328,Cintia,8/10/2018
110,110-312,"312,2",rua sao domingos,313,313,23/01/1936,,Livro de emplacamento 20. p. 328,Cintia,8/10/2018
110,110-312,"312,2",rua sao domingos,"45,2",45B,22/01/1936,22/01/1936,Livro de emplacamento 20. p. 328,Cintia,8/10/2018
110,110-16,"16,9",rua sao domingos,16,16,23/01/1936,,Livro de emplacamento 20. p. 329,Cintia,8/10/2018
110,110-16,"16,9",rua sao domingos,2,2,17/06/1908,22/01/1936,Livro de emplacamento 20. p. 329,Cintia,8/10/2018
110,110-292,"292,4",rua sao domingos,292,292,23/01/1936,,Livro de emplacamento 20. p. 329,Cintia,8/10/2018
110,110-292,"292,4",rua sao domingos,66,66,22/01/1936,22/01/1936,Livro de emplacamento 20. p. 329,Cintia,8/10/2018
112,112-8,"7,7",rua maria jose,8,8,19/01/1938,,Livro de emplacamento 24. p. 200,Cintia,8/10/2018
112,112-8,"7,7",rua maria jose,2,2,16/06/1908,18/01/1938,Livro de emplacamento 24. p. 200,Cintia,8/10/2018
112,112-280,"280,4",rua maria jose,280,280,19/01/1938,,Livro de emplacamento 24. p. 200,Cintia,8/10/2018
112,112-280,"280,4",rua maria jose,"62,1",62B,24/05/1928,18/01/1938,Livro de emplacamento 24. p. 200,Cintia,8/10/2018
112,112-35,35,rua maria jose,35,35,19/01/1938,,Livro de emplacamento 24. p. 201,Cintia,8/10/2018
112,112-35,35,rua maria jose,1,1,17/11/1921,18/01/1938,Livro de emplacamento 24. p. 201,Cintia,8/10/2018
112,112-289,"289,1",rua maria jose,289,289,19/01/1938,,Livro de emplacamento 24. p. 201,Cintia,8/10/2018
112,112-289,"289,1",rua maria jose,57,57,18/01/1938,18/01/1938,Livro de emplacamento 24. p. 201,Cintia,8/10/2018
112,112-289,"289,1",rua maria jose,53,53,24/05/1928,18/01/1938,Livro de emplacamento 12. p. 195,Cintia,8/10/2018
112,112-289,"289,1",rua maria jose,47,47,26/08/1911,23/05/1928,Livro de emplacamento 6. p. 122,Cintia,8/10/2018
168,135-36,"36,4",rua dr elias chaves,37,37,26/09/1935,,Livro de emplacamento 20. p. 71,Cintia,8/10/2018
168,135-36,"36,4",rua dr elias chaves,1,1,20/08/1925,25/09/1935,Livro de emplacamento 20. p. 71,Cintia,8/10/2018
168,135-23,"23,7",rua dr elias chaves,24,24,26/09/1935,,Livro de emplacamento 20. p. 71,Cintia,8/10/2018
168,135-23,"23,7",rua dr elias chaves,2,2,25/09/1935,25/09/1935,Livro de emplacamento 20. p. 71,Cintia,8/10/2018
171,171-41,"41,4",avenida angelica,41,41,13/12/1935,,Livro de emplacamento 20. p. 225,Cintia,8/10/2018
171,171-41,"41,4",avenida angelica,1,1,04/10/1908,12/12/1935,Livro de emplacamento 20. p. 225,Cintia,8/10/2018
171,171-516,"516,3",avenida angelica,30,30,12/12/1935,12/12/1935,Livro de emplacamento 20. p. 228,Cintia,8/10/2018
171,171-1007,"1007,4",avenida angelica,1008,1008,13/12/1935,,Livro de emplacamento 20. p. 228,Cintia,8/10/2018
171,171-1007,"1007,4",avenida angelica,78,78,12/12/1935,12/12/1935,Livro de emplacamento 20. p. 228,Cintia,8/10/2018
172,172-8,"8,4",rua brigadeiro galvao,9,9,03/01/1936,,Livro de emplacamento 20. p. 394,Cintia,8/10/2018
172,172-8,"8,4",rua brigadeiro galvao,1,1,20/04/1908,30/02/1936,Livro de emplacamento 20. p. 394,Cintia,8/10/2018
172,172-427,"427,2",rua brigadeiro galvao,427,427,03/01/1936,,Livro de emplacamento 20. p. 394,Cintia,8/10/2018
172,172-427,"427,2",rua brigadeiro galvao,83,83,14/08/1929,30/02/1936,Livro de emplacamento 20. p. 394,Cintia,8/10/2018
172,172-427,"427,2",rua brigadeiro galvao,"99,1",99A,13/08/1929,13/08/1929,Livro de emplacamento 15. p 161,Cintia,8/10/2018
172,172-22,"22,8",rua brigadeiro galvao,22,22,03/01/1936,,Livro de emplacamento 20. p. 396,Cintia,8/10/2018
172,"172,22","22,8",rua brigadeiro galvao,2,2,20/04/1908,30/02/1936,Livro de emplacamento 20. p. 396,Cintia,8/10/2018
172,172-422,"421,4",rua brigadeiro galvao,422,422,03/01/1936,,Livro de emplacamento 20. p. 396,Cintia,8/10/2018
172,172-422,"421,4",rua brigadeiro galvao,88,88,14/08/1929,30/02/1936,Livro de emplacamento 20. p. 396,Cintia,8/10/2018
172,172-422,"421,4",rua brigadeiro galvao,90,90,13/08/1929,13/08/1929,Livro de emplacameto 15. p. 160,Cintia,8/10/2018
173,173-20,"20,9",alameda ribeiro da silva,20,20,16/09/1935,,Livro de emplacamento 20. p. 29,Cintia,8/10/2018
173,173-20,"20,9",alameda ribeiro da silva,2,2,15/09/1935,15/09/1935,Livro de emplacamento 20. p. 29,Cintia,8/10/2018
173,173-35,"34,6",alameda ribeiro da silva,35,35,16/09/1935,,Livro de emplacamento 20. p. 28,Cintia,8/10/2018
173,173-35,"34,6",alameda ribeiro da silva,3,3,12/06/1908,15/09/1935,Livro de emplacamento 20. p. 28,Cintia,8/10/2018
173,173-935,"934,8",alameda ribeiro da silva,119,119,12/06/1908,15/09/1935,Livro de emplacamento 20. p. 28,Cintia,8/10/2018
173,173-935,"934,8",alameda ribeiro da silva,129,129,12/05/1908,12/05/1908,Livro de emplacamento 8. p. 27,Cintia,8/10/2018
174,174-28,"27,5",rua apa,28,28,15/01/1936,,Livro de emplacamento 20. p. 305,Cintia,8/10/2018
174,174-28,"27,5",rua apa,55,55,14/01/1936,14/01/1936,Livro de emplacamento 20. p. 305,Cintia,8/10/2018
174,174-140,"139,1",rua apa,140,140,15/01/1936,,Livro de emplacamento 20. p. 305,Cintia,8/10/2018
174,174-140,"139,1",rua apa,39,39,23/01/1911,14/01/1936,Livro de emplacamento 20. p. 305,Cintia,8/10/2018
174,174-140,"139,1",rua apa,53,53,22/01/1911,22/01/1911,Livro de emplacamento 1. p. 76,Cintia,8/10/2018
174,174-290,"289,1",rua apa,290,290,15/01/1936,,Livro de emplacamento 20. p. 305,Cintia,8/10/2018
174,174-290,"289,1",rua apa,1,1,05/11/1909,14/01/1936,Livro de emplacamento 20. p. 305,Cintia,8/10/2018
174,174-5,5,rua apa,5,5,15/01/1936,,Livro de emplacamento 20. p. 304,Cintia,8/10/2018
174,174-5,5,rua apa,,,14/01/1936,14/01/1936,Livro de emplacamento 20. p. 304,Cintia,8/10/2018
174,174-31,"30,9",rua apa,31,31,15/01/1936,,Livro de emplacamento 20. p. 304,Cintia,8/10/2018
174,174-31,"30,9",rua apa,34,34,30/12/1927,14/01/1936,Livro de emplacamento 20. p. 304,Cintia,8/10/2018
174,174-31,"30,9",rua apa,40,40,29/12/1927,29/12/1927,Livro de emplacamento 11. p. 20,Cintia,8/10/2018
174,174-219,"219,5",rua apa,219,219,15/01/1936,,Livro de emplacamento 20. p. 304,Cintia,8/10/2018
174,174-219,"219,5",rua apa,12,12,30/12/1927,14/01/1936,Livro de emplacamento 20. p. 304,Cintia,8/10/2018
174,174-303,"303,7",rua apa,303,303,15/01/1936,,Livro de emplacamento 20. p. 304,Cintia,8/10/2018
174,174-303,"303,7",rua apa,2,2,23/01/1911,14/01/1936,Livro de emplacamento 20. p. 304,Cintia,8/10/2018
175,175-14,"13,2",rua pyrineus,14,14,29/08/1940,,Livro de emplacamento 27. p. 273,Cintia,8/10/2018
175,175-14,"13,2",rua pyrineus,17,17,01/01/1911,28/08/1940,Livro de emplacamento 27. p. 273,Cintia,8/10/2018
175,175-14,"13,2",rua pyrineus,13,13,05/08/1908,31/12/1910,Livro de emplacamento 7. p. 128,Cintia,8/10/2018
175,175-76,"76,5",rua pyrineus,76,76,29/08/1940,,Livro de emplacamento 27. p. 273,Cintia,8/10/2018
175,175-76,"76,5",rua pyrineus,1,1,01/01/1911,28/08/1940,Livro de emplacamento 27. p. 273,Cintia,8/10/2018
175,175-29,29,rua pyrineus,29,29,29/08/1940,,Livro de emplacamento 27. p. 273,Cintia,8/10/2018
175,175-29,29,rua pyrineus,26,26,22/12/1922,27/08/1940,Livro de emplacamento 7. p. 188,Cintia,8/10/2018
175,175-29,29,rua pyrineus,32,32,05/08/1908,21/12/1922,Livro de emplacamento 7 p. 188,Cintia,8/10/2018
175,175-29,29,rua pyrineus,24,24,01/01/1911,31/12/1910,Livro de emplacamento 7. p. 128,Cintia,8/10/2018
175,175-29,29,rua pyrineus,"26,1",26A,28/08/1940,28/08/1940,Livro de emplacamento 27. p. 273,Cintia,8/10/2018
175,175-75,74,rua pyrineus,75,75,29/08/1940,,Livro de emplacamento 27. p. 273,Cintia,8/10/2018
175,175-75,74,rua pyrineus,16,16,22/12/1922,28/08/1940,Livro de emplacamento 27. p. 273,Cintia,8/10/2018
175,175-75,74,rua pyrineus,20,20,05/08/1908,21/12/1922,Livro de emplacamento 7. p. 188,Cintia,8/10/2018
175,175-75,74,rua pyrineus,"18,1",18T,05/08/1908,31/12/1910,Livro de emplacamento 7. p. 98,Cintia,8/10/2018
175,175-119,"118,7",rua pyrineus,16,16,05/08/1908,31/12/1910,Livro de emplcamento 7. p. 128,Cintia,8/10/2018
175,175-119,"118,7",rua pyrineus,119,119,29/08/1940,,Livro de emplacamento 27. p. 237,Cintia,8/10/2018
175,175-119,"118,7",rua pyrineus,2,2,22/12/1922,28/08/1940,Livro de emplacamento 27 p. 273,Cintia,8/10/2018
175,175-119,"118,7",rua pyrineus,8,8,05/08/1908,22/12/1922,Livro de emplacamento 7. p. 188,Cintia,8/10/2018
175,175-119,"118,7",rua pyrineus,6,6,08/07/1908,08/07/1908,Livro de emplacamento 7. p. 98,Cintia,8/10/2018
176,176-21,"20,6",rua camerino,21,21,10/01/1935,,Livro de emplacamento 20. p. 75,Cintia,8/10/2018
176,176-21,"20,6",rua camerino,1,1,01/02/1914,30/09/1935,Livro de emplacamento 20. p. 75,Cintia,8/10/2018
176,176-49,"49,6",rua camerino,49,49,10/01/1935,,Livro de emplacamento 20. p. 75,Cintia,8/10/2018
176,176-49,"49,6",rua camerino,9,9,01/02/1914,30/09/1935,Livro de emplacamento 20. p. 75,Cintia,8/10/2018
176,176-49,"49,6",rua camerino,3,3,01/01/1914,01/01/1914,Livro de emplacamento 3. p. 45,Cintia,8/10/2018
176,176-99,"98,1",rua camerino,99,99,10/01/1935,,Livro de emplacamento 20. p. 75,Cintia,8/10/2018
176,176-99,"98,1",rua camerino,25,25,01/02/1914,30/09/1935,Livro de emplacamento 20. p. 75,Cintia,8/10/2018
176,176-99,"98,1",rua camerino,19,19,01/01/1914,01/01/1914,Livro de emplacamento 3. p. 45,Cintia,8/10/2018
176,176-70,71,rua camerino,70,70,10/02/1935,,Livro de emplacamento 20. p. 75,Cintia,8/10/2018
176,176-70,71,rua camerino,6,6,10/09/1930,30/09/1935,Livro de emplacamento 20. p. 75,Cintia,8/10/2018
176,176-70,71,rua camerino,8,8,01/02/1914,10/08/1930,Livro de emplcamento 17. p. 106,Cintia,8/10/2018
176,176-70,71,rua camerino,"4,1",4t,01/01/1914,01/01/1914,Livro de emplacamento 3. p. 45,Cintia,8/10/2018
176,176-108,"107,7",rua camerino,108,108,10/01/1935,,Livro de emplacamento 20. p. 75,Cintia,8/10/2018
176,176-108,"107,7",rua camerino,18,18,10/09/1930,30/09/1935,Livro de emplacamento 20. p. 75,Cintia,8/10/2018
229,229-9,"8,6",rua conselheiro furtado,9,9,30/10/1934,,Livro de emplacamento 19. p. 199,Cintia,8/10/2018
229,229-9,"8,6",rua conselheiro furtado,1,1,19/08/1908,29/10/1934,Livro de emplacamento 19. p. 199,Cintia,8/10/2018
229,229-20,"19,3",rua conselheiro furtado,20,20,30/10/1934,,Livro de emplacamento 19. p. 202,Cintia,8/10/2018
229,229-20,"19,3",rua conselheiro furtado,2,2,19/08/1908,29/10/1934,Livro de emplacamento 19. p. 202,Cintia,8/10/2018
230,230-9,10,rua conde de sarzedas,9,9,09/03/1934,,Livro de emplacamento 19. p. 175,Cintia,8/10/2018
230,230-9,10,rua conde de sarzedas,1,1,22/09/1908,09/02/1934,Livro de emplacamento 19. p. 175,Cintia,8/10/2018
230,230-245,"244,4",rua conde de sarzedas,245,245,09/03/1934,,Livro de emplacamento 19. p. 175,Cintia,8/10/2018
230,230-245,"244,4",rua conde de sarzedas,71,71,07/10/1930,09/02/1934,Livro de emplacamento 19. p. 175,Cintia,8/10/2018
230,230-245,"244,4",rua conde de sarzedas,57,57,02/03/1912,07/09/1930,Livro de emplacamento 17. p. 19,Cintia,8/10/2018
230,230-14,14,rua conde de sarzedas,14,14,09/03/1934,,Livro de emplacamento 19. p. 176,Cintia,8/10/2018
230,230-14,14,rua conde de sarzedas,4,4,09/02/1934,09/02/1934,Livro de emplacamento 19. p. 176,Cintia,8/10/2018
230,230-14,14,rua conde de sarzedas,2,2,22/09/1908,22/09/1908,Livro de emplacamento 22. p. 82,Cintia,8/10/2018
232,232-31,"31,6",rua santa luzia,31,31,28/03/1935,,Livro de emplacamento 19. p. 260,Cintia,8/10/2018
232,232-31,"31,6",rua santa luzia,3,3,27/03/1935,27/03/1935,Livro de emplacamento 19. p. 260,Cintia,8/10/2018
232,232-91,92,rua santa luzia,91,91,28/03/1935,,Livro de emplacamento 19. p. 260,Cintia,8/10/2018
232,232-91,92,rua santa luzia,"7,1",7A,27/03/1935,27/03/1935,Livro de emplacamento 19. p. 260,Cintia,8/10/2018
232,232-48,"47,1",rua santa luzia,48,48,28/03/1935,,Livro de emplacamento 19. p. 260,Cintia,8/10/2018
232,232-48,"47,1",rua santa luzia,4,4,27/03/1935,27/03/1935,"Livro de emplacamento 19. p,260",Cintia,8/10/2018
232,232-88,"87,5",rua santa luzia,88,88,28/03/1935,,Livro de emplacamento 19. p. 260,Cintia,8/10/2018
232,232-88,"87,5",rua santa luzia,16,16,27/03/1935,27/03/1935,Livro de emplacamento 19. p. 260,Cintia,8/10/2018
235,235-31,"30,3",rua dutra rodrigues,31,31,28/07/1936,,Livro de emplacamento 21. p. 203,Cintia,8/10/2018
235,235-31,"30,3",rua dutra rodrigues,1,1,27/07/1936,27/07/1936,Livro de emplacamento 21. p. 203,Cintia,8/10/2018
235,235-99,"99,3",rua dutra rodrigues,99,99,28/07/1936,,Livro de emplacamento 21. p. 203,Cintia,8/10/2018
235,235-99,"99,3",rua dutra rodrigues,23,23,27/07/1936,27/07/1936,Livro de emplacamento 21. p. 203,Cintia,8/10/2018
235,235-32,"32,6",rua dutra rodrigues,32,32,28/07/1936,,Livro de emplacamento 21. p. 204,Cintia,8/10/2018
235,235-32,"32,6",rua dutra rodrigues,2,2,27/07/1936,27/07/1936,Livro de emplacamento 21. p. 204,Cintia,8/10/2018
235,235-98,98,rua dutra rodrigues,98,98,28/07/1936,,Livro de emplacamento 21. p. 204,Cintia,8/10/2018
235,235-98,98,rua dutra rodrigues,24,24,27/07/1936,27/07/1936,Livro de emplacamento 21. p. 204,Cintia,8/10/2018
236,236-31,"30,7",rua d antonio mello,31,31,05/05/1936,,Livro de emplacamento 21. p. 152,Cintia,8/10/2018
236,236-31,"30,7",rua d antonio mello,1,1,05/04/1936,05/04/1936,Livro de emplacamento 21. p. 152,Cintia,8/10/2018
236,236-83,84,rua d antonio mello,83,83,05/05/1936,,Livro de emplacamento 21. p. 152,Cintia,8/10/2018
236,236-83,84,rua d antonio mello,23,23,05/04/1936,05/04/1936,Livro de emplacamento 21. p. 152,Cintia,8/10/2018
236,236-167,"167,7",rua d antonio mello,167,167,05/05/1936,,Livro de emplacamento 21. p. 152,Cintia,8/10/2018
236,236-167,"167,7",rua d antonio mello,"53,1",53AT,05/04/1936,05/04/1936,Livro de emplacamento 21. p. 152,Cintia,8/10/2018
236,236-14,"14,2",rua d antonio mello,14,14,05/05/1936,,Livro de emplacamento 21. p. 153,Cintia,8/10/2018
236,236-14,"14,2",rua d antonio mello,2,2,05/04/1936,05/04/1936,Livro de emplacamento 21. p. 153,Cintia,8/10/2018
236,236-90,"90,4",rua d antonio mello,90,90,05/05/1936,,Livro de emplacamento 21. p. 153,Cintia,8/10/2018
236,236-90,"90,4",rua d antonio mello,20,20,05/04/1936,05/04/1936,Livro de emplacamento 21. p. 153,Cintia,8/10/2018
236,236-196,"196,6",rua d antonio mello,196,196,05/05/1936,,Livro de emplacamento 21. p. 153,Cintia,8/10/2018
236,236-196,"196,6",rua d antonio mello,48,48,05/04/1936,05/04/1936,Livro de emplacamento 21. p. 153,Cintia,8/10/2018
238,238-33,"33,1",rua guilherme maw,33,33,06/05/1936,,Livro de emplacamento 21. p. 148,Cintia,8/10/2018
238,238-33,"33,1",rua guilherme maw,1,1,05/10/1929,06/04/1936,Livro de emplacamento 21. p. 148,Cintia,8/10/2018
238,238-73,"72,3",rua guilherme maw,73,73,06/05/1936,,Livro de emplacamento 21. p. 148,Cintia,8/10/2018
238,238-73,"72,3",rua guilherme maw,15,15,05/10/1929,06/04/1936,Livro de emplacamento 21. p. 148,Cintia,8/10/2018
238,238-73,"72,3",rua guilherme maw,13,13,05/09/1929,05/09/1929,Livro de emplacamento 15. p. 42,Cintia,8/10/2018
238,238-179,"179,8",rua guilherme maw,179,179,06/05/1936,,Livro de emplacamento 21. p. 148,Cintia,8/10/2018
238,238-179,"179,8",rua guilherme maw,37,37,05/10/1929,06/04/1936,Livro de emplacamento 21. p. 148,Cintia,8/10/2018
238,238-179,"179,8",rua guilherme maw,47,47,05/09/1929,05/09/1929,LIvro de emplacamento 15. p. 42,Cintia,8/10/2018
238,238-40,"40,1",rua guilherme maw,40,40,06/05/1936,,Livro de emplacamento 21. p. 148,Cintia,8/10/2018
238,238-40,"40,1",rua guilherme maw,2,2,05/10/1929,06/04/1936,Livro de emplacamento 21. p. 148,Cintia,8/10/2018
238,238-90,"90,4",rua guilherme maw,90,90,06/05/1936,,Livro de emplacamento 21. p. 148,Cintia,8/10/2018
238,238-90,"90,4",rua guilherme maw,18,18,05/10/1929,06/04/1936,Livro de emplacamento 21.p. 148,Cintia,8/10/2018
238,238-166,"166,6",rua guilherme maw,166,166,06/05/1936,,Livro de emplacamento 21. p. 148,Cintia,8/10/2018
238,238-166,"166,6",rua guilherme maw,"42,1",42A,05/10/1929,06/04/1936,Livro de emplacamento 21. p. 148,Cintia,8/10/2018
238,238-166,"166,6",rua guilherme maw,40,40,05/09/1929,05/09/1929,Livro de emplacamento 15. p. 42,Cintia,8/10/2018
233,233-33,34,rua dos andradas,33,33,21/10/1935,,LIvro de emplacamento 20 . p. 110,Cintia,8/10/2018
233,233-33,34,rua dos andradas,1,1,22/12/1908,20/10/1935,LIvro de emplacamento 20 . p. 110,Cintia,8/10/2018
233,233-193,"193,6",rua dos andradas,193,193,21/10/1935,,LIvro de emplacamento 20 . p. 110,Cintia,8/10/2018
233,233-193,"193,6",rua dos andradas,29,29,18/08/1930,20/10/1935,LIvro de emplacamento 20 . p. 110,Cintia,8/10/2018
233,233-42,"41,1",rua dos andradas,42,42,21/10/1935,,LIvro de emplacamento 20 . p. 110,Cintia,8/10/2018
233,233-42,"41,1",rua dos andradas,2,2,18/08/1930,20/10/1935,LIvro de emplacamento 20 . p. 110,Cintia,8/10/2018
233,233-200,"200,3",rua dos andradas,200,200,21/10/1935,,LIvro de emplacamento 20 . p. 110,Cintia,8/10/2018
233,233-200,"200,3",rua dos andradas,20,20,18/08/1930,20/10/1935,LIvro de emplacamento 20 . p. 110,Cintia,8/10/2018
233,233-200,"200,3",rua dos andradas,16,16,22/12/1908,17/08/1930,Livro de emplacamento 17. p. 52,Cintia,8/10/2018
233,233-200,"200,3",rua dos andradas,24,24,21/12/1908,21/12/1908,Livro de emplacamento 1. p. 12,Cintia,8/10/2018
233,233-408,"407,8",rua dos andradas,408,408,21/10/1935,,LIvro de emplacamento 20 . p. 110,Cintia,8/10/2018
233,233-408,"407,8",rua dos andradas,"58,1",58A,18/08/1930,20/10/1935,LIvro de emplacamento 20 . p. 110,Cintia,8/10/2018
234,234-22,"21,7",rua sao caetano,22,22,08/03/1937,,Livro de emplacamento 22. p. 381,Cintia,8/10/2018
234,234-22,"21,7",rua sao caetano,2,2,14/06/1909,08/02/1937,Livro de emplacamento 22. p. 381,Cintia,8/10/2018
234,234-252,"251,6",rua sao caetano,252,252,08/03/1937,,Livro de emplacamento 22. p. 381,Cintia,8/10/2018
234,234-252,"251,6",rua sao caetano,48,48,08/02/1937,08/02/1937,Livro de emplacamento 22. p. 381,Cintia,8/10/2018
234,234-13,"13,7",rua sao caetano,13,13,08/03/1937,,Livro de emplacamento 22. p. 384,Cintia,8/10/2018
234,234-13,"13,7",rua sao caetano,1,1,25/07/1907,08/02/1937,Livro de emplacamento 22. p. 384,Cintia,8/10/2018
234,234-283,"282,5",rua sao caetano,283,283,08/03/1937,,Livro de emplacamento 22. p. 384,Cintia,8/10/2018
234,234-283,"282,5",rua sao caetano,63,63,15/07/1929,08/02/1937,Livro de emplacamento 22. p. 384,Cintia,8/10/2018
234,234-283,"282,5",rua sao caetano,55,55,25/07/1907,14/07/1929,"Livro de emplacamento 15. p,141",Cintia,8/10/2018
234,234-283,"282,5",rua sao caetano,53,53,24/07/1907,24/07/1907,Livro de emplacamento 8. p. 88,Cintia,8/10/2018
234,234-593,"592,8",rua sao caetano,591,591,08/03/1937,,Livro de emplacamento 22. p 385,Cintia,8/10/2018
234,234-593,"592,8",rua sao caetano,143,143,15/07/1929,08/02/1937,Livro de emplacamento 22. p. 385,Cintia,8/10/2018
234,234-593,"592,8",rua sao caetano,135,135,25/07/1907,14/07/1929,Livro de emplacamento 15. p. 141,Cintia,8/10/2018
234,234-593,"592,8",rua sao caetano,123,123,24/07/1907,24/07/1907,Livro de emplacamento 8. p. 88,Cintia,8/10/2018
234,234-1055,"1054,6",rua sao caetano,1055,1055,08/03/1937,,Livro de emplacamento 22. p. 386,Cintia,8/10/2018
234,234-1055,"1054,6",rua sao caetano,249,249,15/07/1929,08/02/1937,Livro de emplacamento 22. p. 386,Cintia,8/10/2018
234,234-1055,"1054,6",rua sao caetano,251,251,25/07/1097,14/07/1929,Livro de emplacamento 15. p. 141,Cintia,8/10/2018
259,259-15,"30,2",rua jurua,31,31,27/07/1938,,Livro de emplacamento 25. p. 73,Cintia,8/10/2018
259,259-15,"30,2",rua jurua,1,1,26/07/1938,26/07/1938,Livro de emplacamento 25. p. 73,Cintia,8/10/2018
259,259-127,"126,1",rua jurua,127,127,27/07/1938,,Livro de emplacamento 25. p. 73,Cintia,8/10/2018
259,259-127,"126,1",rua jurua,21,21,09/02/1925,26/07/1938,Livro de emplacamento 25. p. 73,Cintia,8/10/2018
259,259-127,"126,1",rua jurua,"35,1",35A,26/07/1938,09/01/1925,Livro de emplacamento 5. p. 96,Cintia,8/10/2018
259,259-44,"43,1",rua jurua,44,44,27/07/1938,,Livro de emplacamento 25. p. 74,Cintia,8/10/2018
259,259-44,"43,1",rua jurua,150,150,26/07/1938,26/07/1938,Livro de emplacamento 25. p. 74,Cintia,8/10/2018
259,259-98,"98,8",rua jurua,98,98,27/07/1938,,Livro de emplacamento 25. p. 74,Cintia,8/10/2018
259,259-98,"98,8",rua jurua,18,18,26/07/1938,26/07/1938,Livro de emplacamento 25. p. 74,Cintia,8/10/2018
258,258-32,"32,9",rua itaquy,32,32,14/05/1937,,Livro de emplacamento 22. p. 212,Cintia,8/10/2018
258,258-32,"32,9",rua itaquy,"2,1",2AT,25/06/1920,13/05/1937,Livro de emplacamento 22. p. 212,Cintia,8/10/2018
258,258-63,"62,7",rua itaquy,63,63,14/05/1937,,Livro de emplacamento 22. p. 213,Cintia,8/10/2018
258,258-63,"62,7",rua itaquy,5,5,13/05/1937,13/05/1937,Livro de emplacamento 22. p. 213,Cintia,8/10/2018
258,258-513,"513,5",rua itaquy,513,513,14/05/1937,,Livro de emplacamento 22. p. 213,Cintia,8/10/2018
258,258-513,"513,5",rua itaquy,65,65,13/05/1937,13/05/1937,Livro de emplacamento 22. p. 213,Cintia,8/10/2018
289,289-73,"72,5",rua silva telles,73,73,19/04/1939,,Livro de emplacamento 26. p. 176,Cintia,8/10/2018
289,289-73,"72,5",rua silva telles,1,1,14/05/1928,18/04/1939,Livro de emplacamento 26. p. 176,Cintia,8/10/2018
289,289-73,"72,5",rua silva telles,7,7,03/03/1913,13/05/1928,Livro de emplacamento 14. p. 86,Cintia,8/10/2018
290,289-221,"220,5",rua silva telles,221,221,19/04/1939,,Livro de emplacamento 26. p. 176,Cintia,8/10/2018
290,289-221,"220,5",rua silva telles,45,45,15/03/1911,18/04/1939,Livro de emplacamento 26. p. 176,Cintia,8/10/2018
290,289-24,"23,6",rua silva telles,24,24,19/04/1939,,Livro de emplacamento 26. p. 176,Cintia,8/10/2018
290,289-24,"23,6",rua silva telles,2,2,19/03/1908,18/04/1939,Livro de emplacamento 26. p. 179,Cintia,8/10/2018
290,289-220,"220,7",rua silva telles,220,220,19/04/1939,,Livro de  emplacamento 26. p. 179,Cintia,8/10/2018
290,289-220,"220,7",rua silva telles,54,54,14/05/1928,18/04/1939,Livro de emplacamento 26. p. 179,Cintia,8/10/2018
290,289-220,"220,7",rua silva telles,"52,1",52A,15/03/1911,18/04/1939,Livro de emplacamento 14. p. 87,Cintia,8/10/2018
290,290-12,"11,2",rua miller,12,12,06/10/1937,,Livro de emplacamento 22. p. 233,Cintia,8/10/2018
290,290-12,"11,2",rua miller,2,2,09/02/1907,06/09/1937,Livro de emplacamento 22. p. 233,Cintia,8/10/2018
290,290-59,"58,6",rua miller,59,59,06/10/1937,,Livro de emplacamento 22. p. 235,Cintia,8/10/2018
290,290-59,"58,6",rua miller,3,3,09/02/1907,06/09/1937,Livro de emplacamento 22. p. 235,Cintia,8/10/2018
290,290-475,"475,6",rua miller,131,131,10/08/1928,10/07/1928,Livro de emplacamento 14. p. 9,Cintia,8/10/2018
290,290-475,"475,6",rua miller,137,137,10/07/1928,10/07/1928,Livro de emplacamento 14. p 9,Cintia,8/10/2018
290,290-877,"877,7",rua miller,877,877,06/10/1937,,Livro de emplacamento 22. p. 236,Cintia,8/10/2018
290,290-877,"877,7",rua miller,219,219,10/08/1928,06/09/1937,Livro de emplacamento 22. p. 236,Cintia,8/10/2018
290,290-877,"877,7",rua miller,229,229,10/07/1928,10/07/1928,Livro de emplacamento 14. p. 9,Cintia,8/10/2018
513,513-123,"123,4",rua sebastiao pereira,123,123,22/06/1939,,Livro de emplacamento 25. p. 259,Cintia,8/10/2018
513,513-123,"123,4",rua sebastiao pereira,1,1,01/12/1909,21/06/1939,Livro de emplacamento 25. p. 259,Cintia,8/10/2018
513,513-189,"189,2",rua sebastiao pereira,189,189,22/06/1939,,Livro de emplacamento 25. p. 259,Cintia,8/10/2018
513,513-189,"189,2",rua sebastiao pereira,15,15,11/06/1929,21/06/1939,Livro de emplacamento 25. p. 259,Cintia,8/10/2018
513,513-189,"189,2",rua sebastiao pereira,19,19,01/12/1909,11/05/1929,Livro de emplacamento 16. p. 41,Cintia,8/10/2018
513,513-293,"293,9",rua sebastiao pereira,293,293,22/06/1939,,Livro de emplacamento 25. p. 259,Cintia,8/10/2018
513,513-293,"293,9",rua sebastiao pereira,43,43,11/06/1929,21/06/1939,Livro de emplacamento 25. p. 259,Cintia,8/10/2018
513,513-293,"293,9",rua sebastiao pereira,37,37,01/12/1909,11/05/1929,Livro de emplacamento 16. p. 41,Cintia,8/10/2018
513,513-12,12,rua sebastiao pereira,12,12,22/06/1939,,Livro de emplacamento 25. p. 258,Cintia,8/10/2018
513,513-12,12,rua sebastiao pereira,2,2,01/12/1909,21/06/1939,Livro de emplacamento 25. p. 258,Cintia,8/10/2018
513,513-146,145,rua sebastiao pereira,146,146,22/06/1939,,Livro de emplacamento 25. p. 258,Cintia,8/10/2018
513,513-146,145,rua sebastiao pereira,48,48,24/11/1911,21/06/1939,Livro de emplacamento 25. p. 258,Cintia,8/10/2018
513,513-146,145,rua sebastiao pereira,40,40,01/12/1909,23/11/1911,Livro de emplacamento 8. p. 179,Cintia,8/10/2018
513,513-290,"290,1",rua sebastiao pereira,290,290,22/06/1939,,Livro de emplacamento 25. p. 258,Cintia,8/10/2018
513,513-290,"290,1",rua sebastiao pereira,92,92,11/06/1929,21/06/1939,Livro de emplacamento 25. p. 258,Cintia,8/10/2018
513,513-290,"290,1",rua sebastiao pereira,72,72,11/05/1929,11/05/1929,Livro de emplacamento 16. p. 41,Cintia,8/10/2018
293,293-51,"51,9",rua ana cintra,51,51,15/10/1935,,Livro de emplacamento 20. p. 98,Cintia,8/10/2018
293,293-51,"51,9",rua ana cintra,48,48,13/09/1930,14/10/1935,Livro de emplacamento 20. p. 98,Cintia,8/10/2018
293,293-51,"51,9",rua ana cintra,44,44,17/06/1911,09/12/1930,Livro de emplacamento 17. p. 91,Cintia,8/10/2018
293,293-51,"51,9",rua ana cintra,42,42,27/07/1908,16/06/1911,"Livro de emplacamento 1 p,34",Cintia,8/10/2018
293,293-51,"51,9",rua ana cintra,26,26,26/07/1908,26/07/1908,Livro de emplacamento 1. p. 34,Cintia,8/10/2018
293,293-187,"186,5",rua ana cintra,187,187,15/10/1935,,Livro de emplacamento 20. p. 98,Cintia,8/10/2018
293,293-187,"186,5",rua ana cintra,30,30,13/09/1930,14/10/1935,Livro de emplacamento 20. p. 98,Cintia,8/10/2018
293,293-187,"186,5",rua ana cintra,26,26,09/12/1930,13/09/1930,Livro de emplacamento 17. p 91,Cintia,8/10/2018
293,293-315,"314,8",rua ana cintra,315,315,15/10/1935,,Livro de emplacamento 20. p. 98,Cintia,8/10/2018
293,293-315,"314,8",rua ana cintra,2,2sob,13/09/1930,14/10/1935,Livro de emplacamento 20. p. 98,Cintia,8/10/2018
293,293-50,"49,2",rua ana cintra,50,50,15/10/1935,,Livro de emplacamento 20. p. 99,Cintia,8/10/2018
293,293-50,"49,2",rua ana cintra,41,41,09/12/1930,14/10/1935,Livro de emplacamento 20.p. 99,Cintia,8/10/2018
293,293-195,"195,8",rua ana cintra,196,196,15/10/1935,,Livro de emplacamento 20. p. 99,Cintia,8/10/2018
293,293-195,"195,8",rua ana cintra,31,31,13/09/1930,14/10/1935,Livro de emplacamento 20. p. 99,Cintia,8/10/2018
293,293-195,"195,8",rua ana cintra,29,29,09/12/1930,09/12/1930,Livro de emplacamento 17. p. 91,Cintia,8/10/2018
293,293-306,"305,9",rua ana cintra,306,306,15/10/1935,,Livro de emplacamento 20. p. 99,Cintia,8/10/2018
293,293-306,"305,9",rua ana cintra,1,1t,13/09/1930,14/10/1935,Livro de emplacamento 20. p. 99,Cintia,8/10/2018
298,298-30,"29,5",rua baroneza de itu,30,30,20/01/1936,,Livro de emplacamento 20. p. 340,Cintia,8/10/2018
298,298-30,"29,5",rua baroneza de itu,2,2,18/01/1909,19/01/1936,Livro de emplacamento 20. p. 340,Cintia,8/10/2018
298,298-90,90,rua baroneza de itu,90,90,20/01/1936,,Livro de emplacamento 20. p. 340,Cintia,8/10/2018
298,298-90,90,rua baroneza de itu,20,20,19/01/1936,19/01/1936,Livro de emplacamento 20. p. 340,Cintia,8/10/2018
298,298-73,72,rua baroneza de itu,73,73,20/01/1936,,Livro de emplacamento 20. p. 341,Cintia,8/10/2018
298,298-73,72,rua baroneza de itu,1,1,18/09/1924,19/01/1936,Livro de emplacamento 20. p. 341,Cintia,8/10/2018
298,298-81,"80,5",rua baroneza de itu,81,81,20/01/1936,,Livro de emplacamento 20. p. 341,Cintia,8/10/2018
298,298-81,"80,5",rua baroneza de itu,3,3,18/01/1909,19/01/1936,Livro de emplacamento 20. p. 341,Cintia,8/10/2018
306,306-75,"75,3",rua dr frederico steidel,75,75,25/10/1935,,Livro de emplacamento 20. p. 121,Cintia,8/10/2018
306,306-75,"75,3",rua dr frederico steidel,15,15,24/10/1935,24/10/1935,Livro de emplacamento 20. p. 121,Cintia,8/10/2018
524,524-23,"23,9",rua duque de caxias,23,23,19/11/1935,,Livro de emplacamento 20. p. 190,Cintia,8/10/2018
524,524-23,"23,9",rua duque de caxias,1,1,01/12/1909,18/11/1935,Livro de emplacamento 20. p. 190,Cintia,8/10/2018
524,524-8,8,rua duque de caxias,8,8,19/11/1935,,Livro de emplacamento 20. p. 189,Cintia,8/10/2018
524,524-8,8,rua duque de caxias,2,2,01/12/1909,18/11/1935,Livro de emplacamento 20. p. 189,Cintia,8/10/2018
524,524-474,"474,8",rua duque de caxias,48,48,13/09/1928,18/11/1935,Livro de emplacamento 20. p. 189,Cintia,8/10/2018
524,524-474,"474,8",rua duque de caxias,44,44,22/05/1922,09/12/1928,Livro de emplacamento 13. p. 111,Cintia,8/10/2018
524,524-474,"474,8",rua duque de caxias,36,36,01/12/1909,21/05/1922,Livro de emplacamento 4. p. 15,Cintia,8/10/2018
524,524-474,"474,8",rua duque de caxias,26,26,01/12/1909,01/11/1909,Livro de emplacamento 4. p. 2,Cintia,8/10/2018
524,524-758,"758,4",rua duque de caxias,758,758,19/11/1935,,Livro de emplacamento 20. p. 189,Cintia,8/10/2018
524,524-758,"758,4",rua duque de caxias,80,80,13/09/1928,18/11/1935,Livro de emplacamento 20. p. 189,Cintia,8/10/2018
524,524-758,"758,4",rua duque de caxias,62,62,01/12/1909,09/12/1928,Livro de emplacamento 13. p 111,Cintia,8/10/2018
524,524-758,"758,4",rua duque de caxias,54,54,01/10/1909,01/10/1909,Livro de emplacamento 4. p. 2,Cintia,8/10/2018
387,387-67,"67,9",rua bella cintra,67,67,12/01/1933,,Livro de emplacamento 19. p. 108,Cintia,8/10/2018
387,387-67,"67,9",rua bella cintra,3,3,30/11/1933,30/11/1933,Livro de emplacamento 19. p. 108,Cintia,8/10/2018
387,387-201,"200,9",rua bella cintra,201,201,12/01/1933,,Livro de emplacamento 19. p. 108,Cintia,8/10/2018
387,387-201,"200,9",rua bella cintra,37,37,27/08/1907,30/11/1933,Livro de emplacamento 19. p. 108,Cintia,8/10/2018
387,387-201,"200,9",rua bella cintra,35,35,26/08/1907,26/08/1907,Livro de emplacamento 1. p. 94,Cintia,8/10/2018
387,387-365,"365,8",rua bella cintra,365,365,12/01/1933,,Livro de emplacamento 19. p. 108,Cintia,8/10/2018
387,387-365,"365,8",rua bella cintra,85,85,27/08/1907,30/11/1933,Livro de emplacamento 18. p. 108,Cintia,8/10/2018
387,387-365,"365,8",rua bella cintra,83,83,26/08/1907,26/08/1907,Livro de emplacamento 1. p. 94,Cintia,8/10/2018
387,387-24,"23,7",rua bella cintra,24,24,12/01/1933,,Livro de emplacamento 19. p. 111,Cintia,8/10/2018
387,387-24,"23,7",rua bella cintra,2,2,27/08/1907,30/11/1933,Livro de emplacamento 19. p. 111,Cintia,8/10/2018
387,387-202,"202,2",rua bella cintra,202,202,12/01/1933,,Livro de emplacamento 19. p. 111,Cintia,8/10/2018
387,387-202,"202,2",rua bella cintra,58,58,02/04/1918,30/11/1933,Livro de emplacamento 19. p. 111,Cintia,8/10/2018
387,387-202,"202,2",rua bella cintra,68,68,02/03/1918,02/03/1918,Livro de emplacamento 2. p. 51,Cintia,8/10/2018
387,387-368,"368,6",rua bella cintra,368,368,12/01/1933,,Livro de emplacamento 19. p. 111,Cintia,8/10/2018
387,387-368,"368,6",rua bella cintra,124,124,30/11/1933,30/11/1933,Livro de emplacamento 19. p. 111,Cintia,8/10/2018
387,387-368,"368,6",rua bella cintra,132,132,02/04/1933,20/03/1911,Livro de emplacamento 2. p. 51,Cintia,8/10/2018
388,388-40,"39,3",rua peixoto gomide,40,40,03/04/1937,,Livro de emplacamento 22. p. 2,Cintia,8/10/2018
388,388-40,"39,3",rua peixoto gomide,2,2,19/07/1928,03/03/1937,Livro de emplacamento 22. p. 2,Cintia,8/10/2018
388,388-268,"267,3",rua peixoto gomide,268,268,03/04/1937,,Livro de emplacamento 22. p. 2,Cintia,8/10/2018
388,388-268,"267,3",rua peixoto gomide,22,22,08/09/1922,03/03/1937,Livro de emplacamento 22. p. 2,Cintia,8/10/2018
388,388-268,"267,3",rua peixoto gomide,36,36,08/08/1922,08/08/1922,Livro de emplacamento 7. p. 194,Cintia,8/10/2018
388,388-43,"43,6",rua peixoto gomide,43,43,03/04/1937,,Livro de emplacamento 22. p. 5,Cintia,8/10/2018
388,388-43,"43,6",rua peixoto gomide,3,3,19/07/1928,03/03/1937,Livro de emplacamento 22. p. 5,Cintia,8/10/2018
388,388-43,"43,6",rua peixoto gomide,1,1a,08/09/1922,18/07/1928,Livro de emplacamento 14. p. 56,Cintia,8/10/2018
388,388-251,252,rua peixoto gomide,251,251,03/04/1937,,Livro de emplacamento 22. p. 5,Cintia,8/10/2018
388,388-251,252,rua peixoto gomide,39,39,19/07/1928,03/03/1937,"Livro de emplacamento 22. p,5",Cintia,8/10/2018
388,388-251,252,rua peixoto gomide,33,33,23/03/1911,18/07/1937,Livro de emplacamento 14. p. 56,Cintia,8/10/2018
388,388-251,252,rua peixoto gomide,27,27,22/03/1911,22/03/1911,Livro de emplacamento 7. p. 130,Cintia,8/10/2018
388,388-475,"475,2",rua peixoto gomide,475,475,03/04/1937,,Livro de emplacamento 22. p. 5,Cintia,8/10/2018
388,388-475,"475,2",rua peixoto gomide,81,81,19/07/1928,03/03/1937,Livro de emplacamento 22. p. 5. 22. p. 5,Cintia,8/10/2018
388,388-475,"475,2",rua peixoto gomide,69,69,08/09/1922,18/07/1928,Livro de emplacamento 14. p. 56,Cintia,8/10/2018
388,388-475,"475,2",rua peixoto gomide,51,51,23/03/1911,08/07/1922,Livro de emplacamento 7,Cintia,8/10/2018
388,388-475,"475,2",rua peixoto gomide,45,45,22/03/1911,22/03/1911,Livro de emplacamento 7. p. 193,Cintia,8/10/2018
392,392-10,"10,2",rua herculano de freitas,10,10,31/03/1936,,Livro de emplacamento 21. p. 8,Cintia,8/10/2018
392,392-10,"10,2",rua herculano de freitas,2,2,27/10/1927,30/03/1936,Livro de emplacamento 21. p. 8,Cintia,8/10/2018
392,392-10,"10,2",rua herculano de freitas,107,107,28/10/1927,28/10/1927,Livro de emplacamento 11. p. 126,Cintia,8/10/2018
392,392-184,"183,4",rua herculano de freitas,184,184,31/03/1936,,Livro de emplacamento 21. p. 8,Cintia,8/10/2018
392,392-184,"183,4",rua herculano de freitas,44,44,27/10/1927,30/03/1936,Livro de emplacamento 21. p. 8,Cintia,8/10/2018
392,392-184,"183,4",rua herculano de freitas,63,63,26/10/1927,26/10/1927,Livro de emplacamento 11. p. 126,Cintia,8/10/2018
392,392-390,"389,4",rua herculano de freitas,390,390,31/03/1936,,Livro de emplacamento 21. p. 8,Cintia,8/10/2018
392,392-390,"389,4",rua herculano de freitas,80,80,30/03/1936,30/03/1936,Livro de emplacamento 21. p. 8,Cintia,8/10/2018
392,392-13,"13,1",rua herculano de freitas,13,13,31/03/1936,,Livro de emplacamento 21. p. 9,Cintia,8/10/2018
392,392-13,"13,1",rua herculano de freitas,1,1,27/10/1927,30/03/1936,Livro de emplacamento 21. p. 9,Cintia,8/10/2018
392,392-181,"181,8",rua herculano de freitas,181,181,31/03/1936,,Livro de emplacamento 21. p. 9,Cintia,8/10/2018
392,392-181,"181,8",rua herculano de freitas,55,55A,27/10/1927,30/03/1936,Livro de emplacamento 21. p. 9,Cintia,8/10/2018
392,392-181,"181,1",rua herculano de freitas,74,74,26/10/1927,26/10/1927,Livro de emplacamento 11. p. 126,Cintia,8/10/2018
392,392-397,"396,2",rua herculano de freitas,397,397,31/03/1936,,Livro de emplacamento 21. p. 9,Cintia,8/10/2018
392,392-397,"396,2",rua herculano de freitas,109,109,30/03/1936,30/03/1936,Livro de emplacamento 21. p. 9,Cintia,8/10/2018
393,393-25,"25,7",rua itarare,25,25,15/06/1939,,Livro de emplacamento 25. p. 243,Cintia,8/10/2018
393,393-25,"25,7",rua itarare,1,1,14/06/1939,14/06/1939,Livro de emplacamento 25. p. 243,Cintia,8/10/2018
393,393-149,"148,4",rua itarare,149,149,15/06/1939,,Livro de emplacamento 25. p. 243,Cintia,8/10/2018
393,393-149,"148,4",rua itarare,19,19,14/06/1939,14/06/1939,Livro de emplacamento 25. p. 243,Cintia,8/10/2018
393,393-329,"328,3",rua itarare,329,329,15/06/1939,,Livro de emplacamento 25. p. 243,Cintia,8/10/2018
393,393-329,"328,3",rua itarare,55,55,22/10/1927,14/06/1939,Livro de emplacamento 25. p. 243,Cintia,8/10/2018
393,393-329,"328,3",rua itarare,45,45,21/10/1927,21/10/1927,Livro de emplacamento 11. p 136,Cintia,8/10/2018
393,393-28,"28,2",rua itarare,28,28,15/06/1939,,Livro de emplacamento 25. p. 242,Cintia,8/10/2018
393,393-28,"28,2",rua itarare,2,2,14/06/1939,14/06/1939,Livro de emplacamento 25. p. 242,Cintia,8/10/2018
393,393-154,"153,1",rua itarare,154,154,15/06/1939,,Livro de emplacamento 25. p. 242,Cintia,8/10/2018
393,393-154,"153,1",rua itarare,18,18,22/10/1927,14/06/1939,Livro de emplacamento 25. p. 242,Cintia,8/10/2018
393,393-154,"153,1",rua itarare,14,14,21/10/1927,21/10/1927,Livro de emplacamento 11. p. 136,Cintia,8/10/2018
393,393-302,"301,5",rua itarare,302,302,15/06/1939,,Livro de empĺacamento 25. p. 242,Cintia,8/10/2018
393,393-302,"301,5",rua itarare,46,46,14/06/1939,14/06/1939,Livro de emplacamento 25. p. 242,Cintia,8/10/2018
394,394-36,"36,7",rua paim,36,36,16/05/1940,,Livro de emplacamento 27. p. 94,Cintia,8/10/2018
394,394-36,"36,7",rua paim,2,2,15/05/1940,15/05/1940,Livro de emplacamento 27. p. 94,Cintia,8/10/2018
394,394-326,"326,2",rua paim,326,326,16/05/1940,,Livro de emplacamento 27. p. 94,Cintia,8/10/2018
394,394-326,"326,2",rua paim,44,44,26/06/1929,15/05/1940,Livro de emplacamento 27. p. 94,Cintia,8/10/2018
394,394-326,"326,6",rua paim,48,48,25/06/1929,25/06/1929,Livro de emplacamento 15. p. 135,Cintia,8/10/2018
394,394-7,"6,7",rua paim,7,7,16/05/1940,,Livro de emplacamento 27. p. 95,Cintia,8/10/2018
394,394-7,"6,7",rua paim,1,1,15/05/1940,15/05/1940,Livro de emplacamento 27. p. 95,Cintia,8/10/2018
394,394-285,"284,6",rua paim,285,285,16/05/1940,,Livro de emplacamento 27. p. 95,Cintia,8/10/2018
394,394-285,"284,6",rua paim,69,69,26/06/1929,15/05/1940,Livro de emplacamento 27. p. 95,Cintia,8/10/2018
394,394-285,"284,6",rua paim,61,61,25/06/1929,25/06/1929,Livro de emplacamento 15. p. 135,Cintia,8/10/2018
394,394-477,"477,5",rua paim,477,477,16/05/1940,,Livro de emplacamento 27. p 95,Cintia,8/10/2018
394,394-477,"477,5",rua paim,123,123,15/05/1940,15/05/1940,Livro de emplacamento 27. p. 95,Cintia,8/10/2018
402,402-27,"27,1",rua sao vicente,27,27,10/11/1939,,Livro de emplacamento 26. p. 350,Cintia,8/10/2018
402,402-27,"27,1",rua sao vicente,1,1,15/08/1928,11/09/1939,Livro de emplacamento 26. p. 350,Cintia,8/10/2018
402,402-160,"160,6",rua sao vicente,160,160,10/11/1939,,Livro de emplacamento 26. p. 350,Cintia,8/10/2018
402,402-160,"160,6",rua sao vicente,29,29,15/08/1928,11/09/1939,Livro de emplacamento 26. p. 350,Cintia,8/10/2018
402,402-160,"160,6",rua sao vicente,39,39 tinta,14/08/1928,14/08/1928,Livro de emplacamento 14. p. 70,Cintia,8/10/2018
402,402-271,"270,7",rua sao vicente,271,271,10/11/1939,,Livro de emplacamento 26. p. 350,Cintia,8/10/2018
402,402-271,"270,7",rua sao vicente,57,57,11/09/1939,11/09/1939,Livro de emplacamento 26. p. 350,Cintia,8/10/2018
402,402-42,"42,5",rua sao vicente,42,42,10/11/1939,,Livro de emplacamento 26. p. 351,Cintia,8/10/2018
402,402-42,"42,5",rua sao vicente,2,2sob,15/08/1928,11/09/1939,Livro de emplacamento 26. p. 351,Cintia,8/10/2018
402,402-172,"171,5",rua sao vicente,172,172,10/11/1939,,Livro de emplacamento 26. p. 351,Cintia,8/10/2018
402,402-172,"171,5",rua sao vicente,8,8,15/08/1928,11/09/1939,Livro de emplacamento 26. p. 351,Cintia,8/10/2018
402,402-172,"171,5",rua sao vicente,20,20,14/08/1928,14/08/1928,Livro de emplacamento 14. p. 70,Cintia,8/10/2018
402,402-270,"271,2",rua sao vicente,270,270,10/11/1939,,Livro de emplacamento 26. p. 351,Cintia,8/10/2018
402,402-270,"271,2",rua sao vicente,34,34,15/08/1928,11/09/1939,Livro de emplacamento 26. p. 351,Cintia,8/10/2018
402,402-270,"271,2",rua sao vicente,50,50,14/08/1928,14/08/1928,Livro de emplacamento 14. p. 70,Cintia,8/10/2018
405,405-39,"39,9",rua major diogo,39,39,02/07/1936,,Livro de emplacamento 20. p. 344,Cintia,8/10/2018
405,405-39,"39,9",rua major diogo,1,1,02/06/1936,02/06/1936,Livro de emplacamento 20. p. 344,Cintia,8/10/2018
405,405-18,"17,8",rua major diogo,18,18,02/07/1936,,Livro de emplacamento 20. p. 346,Cintia,8/10/2018
405,405-18,"17,8",rua major diogo,2,2,02/06/1936,02/06/1936,Livro de emplacamento 20. p. 346,Cintia,8/10/2018
405,405-272,"272,5",rua major diogo,272,272,02/07/1936,,Livro de emplacamento 20. p. 346,Cintia,8/10/2018
405,405-272,"272,5",rua major diogo,48,48,04/11/1908,02/06/1936,Livro de emplacamento 20. p. 346,Cintia,8/10/2018
405,405-272,"272,5",rua major diogo,32,32,04/10/1908,04/10/1908,Livro de emplacamento 6. p. 75,Cintia,8/10/2018
405,405-800,"799,4",rua major diogo,800,800,02/07/1936,,Livro de emplacamento 20. p. 347,Cintia,8/10/2018
405,405-800,"799,4",rua major diogo,170,170B,19/03/1912,02/06/1936,Livro de emplacamento 20. p. 347,Cintia,8/10/2018
405,405-800,"799,4",rua major diogo,152,152,04/11/1908,18/03/1912,Livro de emplacamento 6. p. 148,Cintia,8/10/2018
405,405-800,"799,4",rua major diogo,140,140,04/10/1908,04/10/1908,Livro de emplacamento 6. p. 75,Cintia,8/10/2018
406,406-13,"13,3",rua humayta,13,13,10/07/1940,,Livro de emplacamento 27. p. 317,Cintia,8/10/2018
406,406-13,"13,3",rua humayta,1,1,10/06/1940,10/06/1940,Livro de emplacamento 27. p. 317,Cintia,8/10/2018
411,411-45,"45,1",avenida brigadeiro luis antonio,45,45,05/09/1934,,Livro de emplacamento 19. p. 133,Cintia,8/10/2018
411,411-45,"45,1",avenida brigadeiro luis antonio,3,3,17/10/1929,05/08/1934,Livro de emplacamento 19. p. 133,Cintia,8/10/2018
411,411-45,"45,1",avenida brigadeiro luis antonio,1,1,05/05/1919,16/10/1929,Livro de emplacamento 16. p. 22,Cintia,8/10/2018
411,411-453,452,avenida brigadeiro luis antonio,453,453,05/09/1934,,Livro de emplacamento 19. p. 133,Cintia,8/10/2018
411,411-453,452,avenida brigadeiro luis antonio,79,79,17/10/1929,05/08/1934,Livro de emplacamento 19. p. 133,Cintia,8/10/2018
411,411-453,452,avenida brigadeiro luis antonio,83,83,05/05/1919,16/10/1929,Livro de emplacamento 16. p. 22,Cintia,8/10/2018
411,411-453,452,avenida brigadeiro luis antonio,73,73,05/04/1919,05/04/1919,Livro de emplacamento 2. p. 53,Cintia,8/10/2018
411,411-6,5,avenida brigadeiro luis antonio,6,6,05/09/1934,,Livro de emplacamento 19. p. 138,Cintia,8/10/2018
411,411-6,5,avenida brigadeiro luis antonio,2,2,05/08/1934,05/08/1934,Livro de emplacamento 19. p. 138,Cintia,8/10/2018
411,411-436,"436,1",avenida brigadeiro luis antonio,436,436,05/09/1934,,Livro de emplacamento 19. p. 139,Cintia,8/10/2018
411,411-436,"436,1",avenida brigadeiro luis antonio,88,88,17/10/1929,05/08/1934,Livro de emplacamento 19. p. 139,Cintia,8/10/2018
411,411-436,"436,1",avenida brigadeiro luis antonio,116,116,05/05/1919,16/10/1929,Livro de emplacamento 16. p. 19,Cintia,8/10/2018
411,411-436,"436,1",avenida brigadeiro luis antonio,80,80,05/04/1919,05/04/1919,Livro de emplacamento 2. p. 54,Cintia,8/10/2018
411,411-966,965,avenida brigadeiro luis antonio,966,966,05/09/1934,,Livro de emplacamento 19. p. 139,Cintia,8/10/2018
411,411-966,965,avenida brigadeiro luis antonio,154,154,17/10/1929,05/08/1934,Livro de emplacamento 19. p. 139,Cintia,8/10/2018
411,411-966,965,avenida brigadeiro luis antonio,188,188,05/05/1934,16/10/1929,Livro de emplacamento 16. p. 19,Cintia,8/10/2018
411,411-966,965,avenida brigadeiro luis antonio,150,150,05/04/1934,05/04/1934,Livro de emplacamento 2. p. 54,Cintia,8/10/2018
418,418-36,"36,8",rua maria paula,36,36,14/01/1936,,Livro de emplacamento 20. p. 299,Cintia,8/10/2018
418,418-36,"36,8",rua maria paula,2,2,13/01/1936,13/01/1936,Livro de emplacamento 20. p. 299,Cintia,8/10/2018
418,418-120,"120,2",rua maria paula,120,120,14/01/1936,,"Livro de emplacamento 20. p,299",Cintia,8/10/2018
418,418-120,"120,2",rua maria paula,18,18,22/01/1927,13/01/1936,Livro de emplacamento 20. p. 299,Cintia,8/10/2018
418,418-120,"120,2",rua maria paula,14,14,01/01/1908,21/01/1927,Livro de emplacamento 11. p. 173,Cintia,8/10/2018
418,418-120,"120,2",rua maria paula,4,4,30/06/1908,30/06/1908,Livro de emplacamento 6. p. 79,Cintia,8/10/2018
418,418-212,"211,7",rua maria paula,212,212,14/01/1936,,Livro de emplacamento 20. p. 299,Cintia,8/10/2018
418,418-212,"211,7",rua maria paula,40,40,22/01/1927,13/01/1936,"Livro de emplacamento 20. p,299",Cintia,8/10/2018
418,418-212,"211,7",rua maria paula,19,19,07/01/1908,21/01/1937,Livro de emplacamento 11. p. 173,Cintia,8/10/2018
418,418-212,"211,7",rua maria paula,9,9,30/06/1908,30/06/1908,Livro de emplacamento 6. p. 79,Cintia,8/10/2018
418,418-29,29,rua maria paula,29,29,14/01/1936,,Livro de emplacamento 20. 298,Cintia,8/10/2018
418,418-29,29,rua maria paula,3,3,22/01/1927,13/01/1936,Livro de emplacamento 20. p. 298,Cintia,8/10/2018
418,418-29,29,rua maria paula,1,1,21/01/1927,21/01/1927,Livro de emplacamento 11. p. 173,Cintia,8/10/2018
418,418-115,"114,2",rua maria paula,115,115,14/01/1936,,Livro de emplacamento 20. p. 298,Cintia,8/10/2018
418,418-115,"114,2",rua maria paula,21,21,22/01/1927,13/01/1936,Livro de emplacamento 20. p. 298,Cintia,8/10/2018
418,418-115,"114,2",rua maria paula,29,29,07/01/1908,21/01/1927,Livro de emplacamento 11. p. 173´,Cintia,8/10/2018
418,418-115,"114,2",rua maria paula,19,19,30/06/1908,30/06/1908,Livro de emplacamento 6. p. 79,Cintia,8/10/2018
418,418-211,"210,4",rua maria paula,211,211,14/01/1936,,Livro de emplacamento 20. p. 298,Cintia,8/10/2018
418,418-211,"210,4",rua maria paula,43,43,22/01/1927,13/01/1936,Livro de emplacamento 20. p. 298,Cintia,8/10/2018
418,418-211,"210,4",rua maria paula,33,33,07/01/1908,21/01/1927,Livro de emplacamento 11. p. 173,Cintia,8/10/2018
418,418-211,"210,4",rua maria paula,23,23 tinta,30/06/1908,30/06/1908,Livro de emplacamento 6. p. 79,Cintia,8/10/2018
423,423-20,"19,7",rua genebra,20,20,17/12/1935,,Livro de emplacamento 20. p. 259,Cintia,8/10/2018
423,423-20,"19,7",rua genebra,2,2,07/03/1908,16/12/1935,Livro de emplacamento 20. p. 259,Cintia,8/10/2018
423,423-150,"150,6",rua genebra,150,150,17/12/1935,,Livro de emplacamento 20. p. 259,Cintia,8/10/2018
423,423-150,"150,6",rua genebra,44,44,07/03/1908,16/12/1935,Livro de emplacamento 20. p. 259,Cintia,8/10/2018
423,423-150,"150,6",rua genebra,34,34,07/02/1908,07/02/1908,Livro de emplacamento 4. p. 71,Cintia,8/10/2018
423,423-21,"21,8",rua genebra,21,21,17/12/1935,,Livro de emplacamento 20. p. 260,Cintia,8/10/2018
423,423-21,"21,8",rua genebra,1,1,07/03/1908,16/12/1935,Livro de emplacamento 20. p. 260,Cintia,8/10/2018
423,423-151,"151,4",rua genebra,151,151,17/12/1935,,Livro de emplacamento 20. p. 260,Cintia,8/10/2018
423,423-151,"151,4",rua genebra,11,11,07/03/1908,16/12/1935,Livro de emplacamento 20. p. 260,Cintia,8/10/2018
423,423-151,"151,4",rua genebra,7,7 tinta,07/02/1908,07/02/1908,Livro de emplacamento 4. p. 71,Cintia,8/10/2018
423,423-311,"312,2",rua genebra,311,311,17/12/1935,,Livro de emplacamento 20. p. 260,Cintia,8/10/2018
423,423-311,"312,2",rua genebra,47,47A,07/03/1908,16/12/1935,Livro de emplacamento 20. p. 260,Cintia,8/10/2018
423,423-311,"312,2",rua genebra,35,35,07/02/1908,07/02/1908,Livro de emplacamento 4. p. 71,Cintia,8/10/2018
439,439-3,"3,1",rua da gloria,3,3,05/05/1935,,Livro de emplacamento 19. p. 279,Cintia,8/10/2018
439,439-3,"3,1",rua da gloria,1,1,05/04/1935,05/04/1935,Livro de emplacamento 19. p. 279,Cintia,8/10/2018
439,439-293,"293,1",rua da gloria,293,293,05/05/1935,,Livro de emplacamento 19. p. 279,Cintia,8/10/2018
439,439-293,"293,1",rua da gloria,51,51,05/04/1935,05/04/1935,Livro de emplacamento 19. p. 279,Cintia,8/10/2018
439,439-38,"37,5",rua da gloria,38,38,05/05/1935,,Livro de emplacamento 19. p. 281,Cintia,8/10/2018
439,439-38,"37,5",rua da gloria,4,4A,22/06/1929,05/04/1935,Livro de emplacamento 19. p. 281,Cintia,8/10/2018
439,439-38,"37,5",rua da gloria,8,8,15/08/1908,21/06/1929,Livro de emplacamento 15. p. 125,Cintia,8/10/2018
439,439-38,"37,5",rua da gloria,4,4,14/08/1908,14/08/1908,Livro de emplacamento 15. p. 125,Cintia,8/10/2018
439,439-294,"294,6",rua da gloria,294,294,05/05/1935,,Livro de emplacamento 19. p. 281,Cintia,8/10/2018
439,439-294,"294,6",rua da gloria,70,70,22/06/1929,05/04/1935,Livro de emplacamento 19. p. 281,Cintia,8/10/2018
439,439-294,"294,6",rua da gloria,82,82,15/08/1908,21/06/1929,Livro de emplacamento 15. p. 125,Cintia,8/10/2018
439,439-474,"474,8",rua da gloria,474,474,05/05/1935,,Livro de emplacamento 19. p. 282,Cintia,8/10/2018
439,439-474,"474,8",rua da gloria,106,106,22/06/1929,05/04/1935,Livro de emplacamento 19. p. 282,Cintia,8/10/2018
439,439-474,"474,8",rua da gloria,126,126,15/08/1908,21/06/1929,Livro de emplacamento 15. p. 125,Cintia,8/10/2018
439,439-474,"474,8",rua da gloria,106,106,14/08/1908,14/08/1908,Livro de emplacamento 4. p. 68,Cintia,8/10/2018
460,460-21,"21,5",rua tabatinguera,21,21,04/04/1938,,Livro de emplacamento 24. p. 237,Cintia,8/10/2018
460,460-21,"21,5",rua tabatinguera,1,1,23/01/1928,04/03/1938,Livro de emplacamento 24. p. 237,Cintia,8/10/2018
460,460-21,"21,5",rua tabatinguera,106,106,30/03/1914,22/01/1928,Livro de emplacamento 14. p. 96,Cintia,8/10/2018
460,460-21,"21,5",rua tabatinguera,48,48,29/03/1914,29/03/1914,Livro de emplacamento 19. p. 116,Cintia,8/10/2018
460,460-277,"276,2",rua tabatinguera,277,277,04/04/1938,,Livro de emplacamento 24. p. 237,Cintia,8/10/2018
460,460-277,"276,2",rua tabatinguera,55,55,23/01/1928,04/03/1938,Livro de emplacamento 24. p. 237,Cintia,8/10/2018
460,460-277,"276,2",rua tabatinguera,56,56,22/01/1928,22/01/1928,Livro de emplacamento 14. p. 96,Cintia,8/10/2018
460,460-543,542,rua tabatinguera,543,543,04/04/1938,,Livro de emplacamento 24. p. 237,Cintia,8/10/2018
460,460-543,542,rua tabatinguera,107,107,23/01/1938,04/03/1938,Livro de emplacamento 24. p. 237,Cintia,8/10/2018
460,460-543,542,rua tabatinguera,2,2,30/03/1914,22/01/1928,Livro de emplacamento 14. p. 96,Cintia,8/10/2018
460,460-543,542,rua tabatinguera,49,49,04/12/1909,29/03/1914,Livro de emplacamento 19. p. 116,Cintia,8/10/2018
460,460-543,542,rua tabatinguera,43,43,04/11/1909,04/11/1909,Livro de emplacamento 9. p. 78,Cintia,8/10/2018
460,460-30,"29,9",rua tabatinguera,30,30,04/04/1938,,Livro de emplacamento 24. p. 238,Cintia,8/10/2018
460,460-30,"29,9",rua tabatinguera,2,2,23/01/1928,04/03/1938,Livro de emplacamento 24. p. 238,Cintia,8/10/2018
460,460-278,"277,2",rua tabatinguera,278,278,04/04/1938,,Livro de emplacamento 24. p. 238,Cintia,8/10/2018
460,460-278,"277,2",rua tabatinguera,52,52,23/01/1928,04/03/1938,Livro de emplacamento 24. p. 238,Cintia,8/10/2018
460,460-278,"277,2",rua tabatinguera,75,75,30/03/1914,22/01/1928,Livro de emplacamento 14. p. 96,Cintia,8/10/2018
460,460-278,"277,7",rua tabatinguera,15,15,03/12/1909,29/03/1914,Livro de emplacamento 19. p. 116,Cintia,8/10/2018
460,460-278,"277,7",rua tabatinguera,11,11,04/12/1909,03/11/1909,Livro de emplacamento 9. p. 85,Cintia,8/10/2018
460,460-546,"545,2",rua tabatinguera,546,546,04/04/1938,04/04/1938,Livro de emplacamento 24. p. 239,Cintia,8/10/2018
460,460-524,"524,4",rua tabatinguera,524,524,04/04/1938,,Livro de emplacamento 24. p. 238,Cintia,8/10/2018
460,460-524,"524,4",rua tabatinguera,118,118,23/01/1928,04/03/1938,Livro de emplacamento 24. p. 238,Cintia,8/10/2018
460,460-524,524,rua tabatinguera,11,11,30/03/1914,22/01/1928,Livro de emplacamento 14. p. 96,Cintia,8/10/2018
460,460-524,524,rua tabatinguera,48,48,29/03/1914,29/03/1914,Livro de emplacamento 19. p. 116,Cintia,8/10/2018
463,463-19,"18,2",rua coronel bento pires,19,19,22/04/1936,,Livro de emplacamento 21. p. 60,Cintia,8/10/2018
463,463-19,"18,2",rua coronel bento pires,1,1,21/04/1936,21/04/1936,Livro de emplacamento 21. p. 60,Cintia,8/10/2018
463,463-123,"122,9",rua coronel bento pires,123,123,22/04/1936,,Livro de emplacamento 21. p. 60,Cintia,8/10/2018
463,463-123,"122,9",rua coronel bento pires,37,37,21/04/1936,21/04/1936,Livro de emplacamento 21. p. 60,Cintia,8/10/2018
463,463-237,"236,9",rua coronel bento pires,237,237,22/04/1936,,Livro de emplacamento 21. p. 60,Cintia,8/10/2018
463,463-237,"236,9",rua coronel bento pires,59,59T,21/04/1936,21/04/1936,Livro de emplacamento 21. p. 60,Cintia,8/10/2018
463,463-14,"14,2",rua coronel bento pires,14,14,22/04/1936,,Livro de emplacamento 21. p. 61,Cintia,8/10/2018
463,463-14,"14,2",rua coronel bento pires,2,2,07/04/1908,21/04/1936,Livro de emplacamento 21. p. 61,Cintia,8/10/2018
463,463-162,162,rua coronel bento pires,162,162,22/04/1936,,Livro de emplacamento 21. p. 61,Cintia,8/10/2018
463,463-162,162,rua coronel bento pires,22,22,22/08/1929,21/04/1936,Livro de emplacamento 21. p. 61,Cintia,8/10/2018
463,463-162,162,rua coronel bento pires,30,30,09/01/1912,21/08/1929,Livro de emplacamento 15. p. 175,Cintia,8/10/2018
463,463-162,162,rua coronel bento pires,14,14,31/08/1912,31/08/1912,Livro de emplacamento 2. p. 32,Cintia,8/10/2018
463,463-230,"230,1",rua coronel bento pires,230,230,22/04/1936,,Livro de emplacamento 21. p. 61,Cintia,8/10/2018
463,463-230,"230,1",rua coronel bento pires,48,48,22/08/1929,21/04/1936,Livro de emplacamento 21. p. 61,Cintia,8/10/2018
463,463-230,"230,1",rua coronel bento pires,54,54,09/01/1912,21/08/1929,Livro de emplacamento 15. p. 175,Cintia,8/10/2018
463,463-230,"230,1",rua coronel bento pires,38,38,07/04/1908,31/08/1912,Livro de emplacamento 2. p. 32,Cintia,8/10/2018
463,463-230,"230,1",rua coronel bento pires,32,32,07/03/1908,07/03/1908,Livro de emplacamento 1. p. 100,Cintia,8/10/2018
464,464-19,"19,4",rua da mooca,19,19,28/04/1938,,Livro de emplacamento 26. p. 251,Cintia,8/10/2018
464,464-19,"19,4",rua da mooca,1,1,27/04/1938,27/04/1938,Livro de emplacamento 26. p. 251,Cintia,8/10/2018
464,464-265,"263,6",rua da mooca,265,265,28/04/1938,,Livro de emplacamento 26. p. 251,Cintia,8/10/2018
464,464-265,"263,6",rua da mooca,65,65,27/04/1938,27/04/1938,Livro de emplacamento 26. p. 251,Cintia,8/10/2018
464,464-44,"45,1",rua da mooca,44,44,28/04/1938,,Livro de emplacamento 26. p 259,Cintia,8/10/2018
464,464-44,"45,1",rua da mooca,16,16,27/05/1909,27/04/1938,Livro de emplacamento 26. p. 259,Cintia,8/10/2018
464,464-296,296,rua da mooca,296,296,28/04/1938,,Livro de emplacamento 26. p. 259,Cintia,8/10/2018
464,464-296,296,rua da mooca,80,80,11/12/1917,27/04/1938,Livro de emplacamento 26. p. 259,Cintia,8/10/2018
464,464-296,296,rua da mooca,82,82,10/12/1917,10/12/1917,Livro de emplacamento 6. p. 116,Cintia,8/10/2018
464,464-518,"518,4",rua da mooca,518,518,28/04/1938,,Livro de emplacamento 26. p. 260,Cintia,8/10/2018
464,464-518,"518,4",rua da mooca,114,114,11/12/1917,27/04/1938,Livro de emplacamento 26. p. 260,Cintia,8/10/2018
464,464-518,"518,4",rua da mooca,108,108,27/05/1909,10/12/1917,Livro de emplacamento 6. p. 116,Cintia,8/10/2018
464,464-828,"827,7",rua da mooca,828,828,28/04/1938,,Livro de emplacamento 26. p. 260,Cintia,8/10/2018
464,464-828,"827,7",rua da mooca,200,200,11/12/1917,27/04/1938,Livro de emplacamento 26. p. 260,Cintia,8/10/2018
464,464-828,"827,7",rua da mooca,186,186,08/04/1913,10/12/1917,Livro de emplacamento 6. p. 116,Cintia,8/10/2018
464,464-828,"827,7",rua da mooca,180,180,08/03/1913,08/03/1913,Livro de emplacamento 6. p. 152,Cintia,8/10/2018
464,464-1050,"1050,6",rua da mooca,1050,1050,28/04/1938,,Livro de emplacamento 26. p. 261,Cintia,8/10/2018
464,464-1050,"1050,6",rua da mooca,256,256,11/12/1917,27/04/1938,Livro de emplacamento 26. p. 261,Cintia,8/10/2018
464,464-1050,"1050,6",rua da mooca,244,244,08/04/1913,10/12/1917,Livro de emplacamento 6. p. 116,Cintia,8/10/2018
464,464-1050,"1050,6",rua da mooca,230,230,08/03/1913,08/03/1913,Livro de emplacamento 6. p. 152,Cintia,8/10/2018
505,505-85,"85,3",Rua Conselheiro Carrão,85,85,18/02/1936,,"Livro de Emplacamento. n,20. p,361",Cintia,8/10/2018
505,505-85,"85,3",Rua Conselheiro Carrão,1,1,04/06/1908,17/02/1936,"Livro de Emplacamento. n,20. p,361",Cintia,8/10/2018
505,505-387,"387,2",Rua Conselheiro Carrão,387,387,18/02/1936,,"Livro de Emplacamento. n,20. p,361",Cintia,8/10/2018
505,505-387,"387,2",Rua Conselheiro Carrão,69,69,04/06/1908,17/02/1936,"Livro de Emplacamento. n,20. p,361",Cintia,8/10/2018
505,505-613,"612,2",Rua Conselheiro Carrão,613,613,18/02/1936,,"Livro de Emplacamento. n,20. p,362",Cintia,8/10/2018
505,505-613,"612,2",Rua Conselheiro Carrão,127,127,19/10/1922,17/02/1936,"Livro de Emplacamento. n,20. p,362",Cintia,8/10/2018
505,505-425,"424,1",Rua Conselheiro Carrão,425,425,18/02/1936,,"Livro de Emplacamento. n,20. p,361",Cintia,8/10/2018
505,505-425,"424,1",Rua Conselheiro Carrão,79,79,28/08/1911,17/02/1936,"Livro de Emplacamento. n,20. p,362",Cintia,8/10/2018
505,505-425,"424,1",Rua Conselheiro Carrão,77,77,27/08/1911,27/08/1911,"Livro de Emplacamento. n,20. p,362",Cintia,8/10/2018
505,505-98,"98,6",Rua Conselheiro Carrão,98,98,18/02/1936,,"Livro de Emplacamento. n,20. p,362",Cintia,8/10/2018
505,505-98,"98,6",Rua Conselheiro Carrão,4,4,04/06/1908,17/02/1936,"Livro de Emplacamento. n,20. p,362",Cintia,8/10/2018
505,505-98,"98,6",Rua Conselheiro Carrão,6,6 tinta,03/06/1908,03/06/1908,"Livro de Emplacamento. n,20. p,362",Cintia,8/10/2018
505,505-474,473,Rua Conselheiro Carrão,474,474,18/02/1936,,"Livro de Emplacamento. n,20. p,363",Cintia,8/10/2018
505,505-474,473,Rua Conselheiro Carrão,82,82,19/10/1922,17/02/1936,"Livro de Emplacamento. n,20. p,363",Cintia,8/10/2018
505,505-474,473,Rua Conselheiro Carrão,94,94,28/08/1911,18/10/1922,"Livro de Emplacamento. n,20. p,363",Cintia,8/10/2018
505,505-474,473,Rua Conselheiro Carrão,82,82,04/06/1908,27/08/1911,"Livro de Emplacamento. n,20. p,363",Cintia,8/10/2018
505,505-474,473,Rua Conselheiro Carrão,"74,1",74A,03/06/1908,03/06/1908,"Livro de Emplacamento. n,20. p,363",Cintia,8/10/2018
211,211-78,"77,9",Rua Bandeirantes,78,78,18/03/1937,,"Livro de Emplacamento. n,22. p,57",Cintia,8/10/2018
211,211-78,"77,9",Rua Bandeirantes,6,6,14/10/1908,17/03/1937,"Livro de Emplacamento. n,22. p,57",Cintia,8/10/2018
211,211-228,"227,1",Rua Bandeirantes,228,228,18/03/1937,,"Livro de Emplacamento. n,22. p,57",Cintia,8/10/2018
211,211-228,"227,1",Rua Bandeirantes,50,50,02/06/1928,17/03/1937,"Livro de Emplacamento. n,22. p,57",Cintia,8/10/2018
211,211-228,"227,1",Rua Bandeirantes,46,46,08/03/1920,01/06/1928,"Livro de Emplacamento. n,22. p,57",Cintia,8/10/2018
211,211-228,"227,1",Rua Bandeirantes,27,27,16/10/1908,07/03/1920,"Livro de Emplacamento. n,22. p,57",Cintia,8/10/2018
211,211-492,"492,1",Rua Bandeirantes,492,492,18/03/1937,,"Livro de Emplacamento. n,22. p,57",Cintia,8/10/2018
211,211-492,"492,1",Rua Bandeirantes,98,98,02/06/1928,17/03/1937,"Livro de Emplacamento. n,22. p,57",Cintia,8/10/2018
211,211-492,"492,1",Rua Bandeirantes,66,66,08/03/1920,01/06/1928,"Livro de Emplacamento. n,22. p,57",Cintia,8/10/2018
211,211-492,"492,1",Rua Bandeirantes,5,5,16/10/1908,07/03/1920,"Livro de Emplacamento. n,22. p,57",Cintia,8/10/2018
211,211-25,"24,1",Rua Bandeirantes,25,25,18/03/1937,,"Livro de Emplacamento. n,22. p,57",Cintia,8/10/2018
211,211-25,"24,1",Rua Bandeirantes,1,1,08/03/1920,17/03/1937,"Livro de Emplacamento. n,22. p,57",Cintia,8/10/2018
211,211-25,"24,1",Rua Bandeirantes,82,82,25/11/1911,07/03/1920,"Livro de Emplacamento. n,22. p,57",Cintia,8/10/2018
211,211-25,"24,1",Rua Bandeirantes,70,70,16/10/1908,24/11/1911,"Livro de Emplacamento. n,22. p,57",Cintia,8/10/2018
211,211-307,"307,7",Rua Bandeirantes,307,307,18/03/1937,,"Livro de Emplacamento. n,22. p,57",Cintia,8/10/2018
211,211-307,"307,7",Rua Bandeirantes,41,41,08/03/1920,17/03/1937,"Livro de Emplacamento. n,22. p,57",Cintia,8/10/2018
211,211-307,"307,7",Rua Bandeirantes,40,40,16/10/1908,07/03/1920,"Livro de Emplacamento. n,22. p,57",Cintia,8/10/2018
45,45-15,"14,4",Avenida São João,15,15,05/05/1933,,"Livro de Emplacamento. n,19A. p,40",Cintia,8/10/2018
45,45-15,"14,4",Avenida São João,3,3,14/05/1908,04/05/1933,"Livro de Emplacamento. n,19A. p,40",Cintia,8/10/2018
45,45-16,"16,3",Avenida São João,16,16,05/05/1933,,"Livro de Emplacamento. n,19A. p,40",Cintia,8/10/2018
45,45-16,"16,3",Avenida São João,2,2,14/05/1908,04/05/1933,"Livro de Emplacamento. n,19A. p,40",Cintia,8/10/2018
45,45-694,"694,3",Avenida São João,694,694,05/05/1933,,"Livro de Emplacamento. n,19A. p,40",Cintia,8/10/2018
45,45-694,"694,3",Avenida São João,134,134,01/10/1911,04/05/1933,"Livro de Emplacamento. n,19A. p,40",Cintia,8/10/2018
45,45-694,"694,3",Avenida São João,132,132,14/05/1908,30/09/1911,"Livro de Emplacamento. n,19A. p,40",Cintia,8/10/2018
45,45-1476,"1476,6",Avenida São João,1476,1476,05/05/1933,,"Livro de Emplacamento. n,19A. p,40",Cintia,8/10/2018
45,45-1476,"1476,6",Avenida São João,300,300,01/10/1911,04/05/1933,"Livro de Emplacamento. n,19A. p,40",Cintia,8/10/2018
45,45-1476,"1476,6",Avenida São João,288,288,14/05/1908,30/09/1911,"Livro de Emplacamento. n,19A. p,40",Cintia,8/10/2018
45,45-1476,"1476,6",Avenida São João,222,222,13/05/1908,13/05/1908,"Livro de Emplacamento. n,19A. p,40",Cintia,8/10/2018
137,137-193,"192,7",Rua Figueira,193,193,01/04/1942,,"Livro de Emplacamento. n,19A. p,40",Cintia,8/10/2018
137,137-193,"192,7",Rua Figueira,64,64,04/11/1929,31/03/1942,"Livro de Emplacamento. n,19A. p,40",Cintia,8/10/2018
137,137-193,"192,7",Rua Figueira,1,1,30/10/1911,03/11/1929,"Livro de Emplacamento. n,19A. p,40",Cintia,8/10/2018
137,137-247,"247,5",Rua Figueira,247,247,01/04/1942,,"Livro de Emplacamento. n,19A. p,40",Cintia,8/10/2018
137,137-247,"247,5",Rua Figueira,48,48,04/11/1929,31/03/1942,"Livro de Emplacamento. n,19A. p,40",Cintia,8/10/2018
137,137-247,"247,5",Rua Figueira,17,17,30/10/1911,03/11/1929,"Livro de Emplacamento. n,19A. p,40",Cintia,8/10/2018
137,137-841,"841,1",Rua Figueira,841,841,01/04/1942,,"Livro de Emplacamento. n,19A. p,40",Cintia,8/10/2018
137,137-841,"841,1",Rua Figueira,2,2,31/03/1942,31/03/1942,"Livro de Emplacamento. n,19A. p,40",Cintia,8/10/2018
143,143-100,"99,5",Rua do Gazometro,100,100,28/09/1940,,"Livro de Emplacamento. n,27. p,300",Cintia,8/10/2018
143,143-100,"99,5",Rua do Gazometro,18,18,09/06/1908,27/09/1940,"Livro de Emplacamento. n,27. p,300",Cintia,8/10/2018
143,143-402,"401,5",Rua do Gazometro,402,402,28/09/1940,,"Livro de Emplacamento. n,27. p,300",Cintia,8/10/2018
143,143-402,"401,5",Rua do Gazometro,110,110,09/06/1908,27/09/1940,"Livro de Emplacamento. n,27. p,300",Cintia,8/10/2018
143,143-402,"401,5",Rua do Gazometro,114,114,08/06/1908,08/06/1908,"Livro de Emplacamento. n,27. p,300",Cintia,8/10/2018
143,143-820,"819,6",Rua do Gazometro,820,820,28/09/1940,,"Livro de Emplacamento. n,27. p,300",Cintia,8/10/2018
143,143-820,"819,6",Rua do Gazometro,190,190,27/09/1940,27/09/1940,"Livro de Emplacamento. n,27. p,300",Cintia,8/10/2018
143,143-790,"789,3",Rua do Gazometro,790,790,28/09/1940,,"Livro de Emplacamento. n,27. p,300",Cintia,8/10/2018
143,143-790,"789,3",Rua do Gazometro,182,182,09/06/1908,27/09/1940,"Livro de Emplacamento. n,27. p,300",Cintia,8/10/2018
143,143-790,"789,3",Rua do Gazometro,172,172,08/06/1908,08/06/1908,"Livro de Emplacamento. n,27. p,300",Cintia,8/10/2018
143,143-37,"36,1",Rua do Gazometro,37,37,28/09/1940,,"Livro de Emplacamento. n,27. p,302",Cintia,8/10/2018
143,143-37,"36,1",Rua do Gazometro,1,1,26/03/1912,27/09/1940,"Livro de Emplacamento. n,27. p,300",Cintia,8/10/2018
143,143-405,"405,8",Rua do Gazometro,405,405,28/09/1940,,"Livro de Emplacamento. n,27. p,302",Cintia,8/10/2018
143,143-405,"405,8",Rua do Gazometro,97,97,26/03/1912,27/09/1940,"Livro de Emplacamento. n,27. p,300",Cintia,8/10/2018
143,143-809,"808,3",Rua do Gazometro,809,809,28/09/1940,,"Livro de Emplacamento. n,27. p,302",Cintia,8/10/2018
143,143-809,"808,3",Rua do Gazometro,211,211,27/09/1940,27/09/1940,"Livro de Emplacamento. n,27. p,300",Cintia,8/10/2018
143,143-795,"795,6",Rua do Gazometro,795,795,28/09/1940,,"Livro de Emplacamento. n,27. p,302",Cintia,8/10/2018
143,143-795,"795,6",Rua do Gazometro,205,205,26/03/1912,27/09/1940,"Livro de Emplacamento. n,27. p,300",Cintia,8/10/2018
140,140-23,"22,9",Rua Pires Ramos,23,23,07/08/1937,,"Livro de Emplacamento. n,22. p,352. n,7.p,179",Cintia,8/10/2018
140,140-23,"22,9",Rua Pires Ramos,1,1,06/08/1937,06/08/1937,"Livro de Emplacamento. n,22. p,352. n,7.p,179",Cintia,8/10/2018
140,140-71,"70,3",Rua Pires Ramos,71,71,07/08/1937,,"Livro de Emplacamento. n,22. p,352. n,7.p,179",Cintia,8/10/2018
140,140-71,"70,3",Rua Pires Ramos,15,15,06/08/1937,06/08/1937,"Livro de Emplacamento. n,22. p,352. n,7.p,179",Cintia,8/10/2018
140,140-119,120,Rua Pires Ramos,119,119,07/08/1937,,"Livro de Emplacamento. n,22. p,352. n,7.p,179",Cintia,8/10/2018
140,140-119,120,Rua Pires Ramos,"27,2","27,2",06/08/1937,06/08/1937,"Livro de Emplacamento. n,22. p,352. n,7.p,179",Cintia,8/10/2018
140,140-40,"40,4",Rua Pires Ramos,40,40,07/08/1937,,"Livro de Emplacamento. n,22. p,352. n,7.p,179",Cintia,8/10/2018
140,140-40,"40,4",Rua Pires Ramos,2,2,18/03/1919,06/08/1937,"Livro de Emplacamento. n,22. p,352. n,7.p,179",Cintia,8/10/2018
140,140-94,94,Rua Pires Ramos,94,94,07/08/1937,,"Livro de Emplacamento. n,22. p,352. n,7.p,179",Cintia,8/10/2018
140,140-94,94,Rua Pires Ramos,26,26,18/03/1919,06/08/1937,"Livro de Emplacamento. n,22. p,352. n,7.p,179",Cintia,8/10/2018
140,140-116,116,Rua Pires Ramos,116,116,07/08/1937,,"Livro de Emplacamento. n,22. p,352. n,7.p,179",Cintia,8/10/2018
140,140-116,116,Rua Pires Ramos,32,32,06/08/1937,06/08/1937,"Livro de Emplacamento. n,22. p,352. n,7.p,179",Cintia,8/10/2018
314,314-15,"15,2",Rua Triumpho,15,15,19/10/1935,,"Livro de Emplacamento. n,20. p,108",Cintia,8/10/2018
314,314-15,"15,2",Rua Triumpho,1,1,16/12/1908,18/10/1935,"Livro de Emplacamento. n,20. p,108",Cintia,8/10/2018
314,314-145,"144,4",Rua Triumpho,145,145,19/10/1935,,"Livro de Emplacamento. n,20. p,108",Cintia,8/10/2018
314,314-145,"144,4",Rua Triumpho,19,19,16/12/1908,18/10/1935,"Livro de Emplacamento. n,20. p,108",Cintia,8/10/2018
314,314-136,"136,9",Rua Triumpho,136,136,19/10/1935,,"Livro de Emplacamento. n,20. p,108",Cintia,8/10/2018
314,314-136,"136,9",Rua Triumpho,4,4,24/04/1928,18/10/1935,"Livro de Emplacamento. n,20. p,108",Cintia,8/10/2018
314,314-136,"136,9",Rua Triumpho,2,2,16/12/1908,23/04/1928,"Livro de Emplacamento. n,20. p,108",Cintia,8/10/2018
314,314-188,"188,2",Rua Triumpho,"18,1",18ª,24/04/1928,18/10/1935,"Livro de Emplacamento. n,20. p,108",Cintia,8/10/2018
314,314-188,"188,2",Rua Triumpho,16,16 E/S,16/12/1908,23/04/1928,"Livro de Emplacamento. n,20. p,108",Cintia,8/10/2018
314,314-284,"284,5",Rua Triumpho,284,284,19/10/1935,,"Livro de Emplacamento. n,20. p,108",Cintia,8/10/2018
314,314-284,"284,5",Rua Triumpho,36,36,24/04/1928,18/10/1935,"Livro de Emplacamento. n,20. p,108",Cintia,8/10/2018
314,314-284,"284,5",Rua Triumpho,32,32,16/12/1908,23/04/1928,"Livro de Emplacamento. n,20. p,108",Cintia,8/10/2018
226,226-5,"4,5",Rua Annita Garibaldi,5,5,13/10/1931,,"Livro de Emplacamento. n,19A. p,7",Cintia,8/10/2018
226,226-5,"4,5",Rua Annita Garibaldi,1,1,24/11/1927,10/12/1931,"Livro de Emplacamento. n,19A. p,7",Cintia,8/10/2018
226,226-155,"154,4",Rua Annita Garibaldi,155,155,13/10/1931,,"Livro de Emplacamento. n,19A. p,7",Cintia,8/10/2018
226,226-155,"154,4",Rua Annita Garibaldi,9,9,24/11/1927,10/12/1931,"Livro de Emplacamento. n,19A. p,7",Cintia,8/10/2018
226,226-223,223,Rua Annita Garibaldi,223,223,13/10/1931,,"Livro de Emplacamento. n,19A. p,7",Cintia,8/10/2018
226,226-223,223,Rua Annita Garibaldi,13,13,24/11/1927,10/12/1931,"Livro de Emplacamento. n,19A. p,7",Cintia,8/10/2018
121,121-44,44,Rua Itacolomy,44,44,16/05/1936,,"Livro de Emplacamento. n,21. p,124",Cintia,8/10/2018
121,121-44,44,Rua Itacolomy,2,2t,15/05/1936,15/05/1936,"Livro de Emplacamento. n,21. p,124",Cintia,8/10/2018
121,121-82,"81,5",Rua Itacolomy,82,82,16/05/1936,,"Livro de Emplacamento. n,21. p,124",Cintia,8/10/2018
121,121-67,66,Rua Itacolomy,67,67,16/05/1936,,"Livro de Emplacamento. n,21. p,124",Cintia,8/10/2018
121,121-67,66,Rua Itacolomy,1,1,08/05/1929,15/05/1936,"Livro de Emplacamento. n,21. p,124",Cintia,8/10/2018
121,121-193,"192,4",Rua Itacolomy,193,193,16/05/1936,,"Livro de Emplacamento. n,21. p,124",Cintia,8/10/2018
121,121-193,"192,4",Rua Itacolomy,11,11,08/05/1929,15/05/1936,"Livro de Emplacamento. n,21. p,124",Cintia,8/10/2018
121,121-193,"192,4",Rua Itacolomy,5,5,07/05/1929,07/05/1929,"Livro de Emplacamento. n,21. p,124",Cintia,8/10/2018
122,122-60,"60,2",Rua Martim Francisco,60,60,18/12/1935,,"Livro de Emplacamento. n,20. p,238",Cintia,8/10/2018
122,122-60,"60,2",Rua Martim Francisco,2,2,06/04/1908,17/12/1935,"Livro de Emplacamento. n,20. p,238",Cintia,8/10/2018
122,122-60,"60,2",Rua Martim Francisco,6,6,05/04/1908,05/04/1908,"Livro de Emplacamento. n,20. p,238",Cintia,8/10/2018
122,122-19,"19,2",Rua Martim Francisco,19,19,18/12/1935,,"Livro de Emplacamento. n,20. p,238",Cintia,8/10/2018
122,122-19,"19,2",Rua Martim Francisco,3,3,25/03/1924,17/12/1935,"Livro de Emplacamento. n,20. p,238",Cintia,8/10/2018
122,122-19,"19,2",Rua Martim Francisco,1,1,06/04/1908,24/03/1924,"Livro de Emplacamento. n,20. p,238",Cintia,8/10/2018
122,122-277,"276,9",Rua Martim Francisco,277,277,18/12/1935,,"Livro de Emplacamento. n,20. p,238",Cintia,8/10/2018
122,122-277,"276,9",Rua Martim Francisco,75,75,25/03/1924,17/12/1935,"Livro de Emplacamento. n,20. p,238",Cintia,8/10/2018
122,122-277,"276,9",Rua Martim Francisco,57,57,06/04/1908,24/03/1924,"Livro de Emplacamento. n,20. p,238",Cintia,8/10/2018
122,122-277,"276,9",Rua Martim Francisco,49,49,05/04/1908,05/04/1908,"Livro de Emplacamento. n,20. p,238",Cintia,8/10/2018
122,122-777,"776,1",Rua Martim Francisco,777,777,18/12/1935,,"Livro de Emplacamento. n,20. p,238",Cintia,8/10/2018
122,122-777,"776,1",Rua Martim Francisco,147,147,25/03/1924,17/12/1935,"Livro de Emplacamento. n,20. p,238",Cintia,8/10/2018
122,122-777,"776,1",Rua Martim Francisco,133,133,27/05/1911,24/03/1924,"Livro de Emplacamento. n,20. p,238",Cintia,8/10/2018
265,265-34,33,Rua Victor Hugo,34,34,18/04/1937,,"Livro de Emplacamento. n,22. p,102",Cintia,8/10/2018
265,265-34,33,Rua Victor Hugo,4,4,23/04/1928,17/04/1937,"Livro de Emplacamento. n,22. p,102",Cintia,8/10/2018
265,265-34,33,Rua Victor Hugo,2,2,22/04/1928,22/04/1928,"Livro de Emplacamento. n,22. p,102",Cintia,8/10/2018
265,265-54,"53,9",Rua Victor Hugo,54,54,18/04/1937,,"Livro de Emplacamento. n,22. p,102",Cintia,8/10/2018
265,265-54,"53,9",Rua Victor Hugo,12,12,23/04/1928,17/04/1937,"Livro de Emplacamento. n,22. p,102",Cintia,8/10/2018
265,265-54,"53,9",Rua Victor Hugo,10,10,25/06/1920,22/04/1928,"Livro de Emplacamento. n,22. p,102",Cintia,8/10/2018
265,265-72,"72,8",Rua Victor Hugo,72,72,18/04/1937,,"Livro de Emplacamento. n,22. p,102",Cintia,8/10/2018
265,265-72,"72,8",Rua Victor Hugo,18,18,23/04/1928,17/04/1937,"Livro de Emplacamento. n,22. p,102",Cintia,8/10/2018
265,265-72,"72,8",Rua Victor Hugo,16,16,25/06/1920,22/04/1928,"Livro de Emplacamento. n,22. p,102",Cintia,8/10/2018
265,265-72,"72,8",Rua Victor Hugo,10,10 tinta,24/06/1920,24/06/1920,"Livro de Emplacamento. n,22. p,102",Cintia,8/10/2018
265,265-378,"379,9",Rua Victor Hugo,378,378,18/04/1937,,"Livro de Emplacamento. n,22. p,102",Cintia,8/10/2018
265,265-378,"379,9",Rua Victor Hugo,36,36,23/04/1928,17/04/1937,"Livro de Emplacamento. n,22. p,102",Cintia,8/10/2018
265,265-378,"379,9",Rua Victor Hugo,38,38,17/10/1924,22/04/1928,"Livro de Emplacamento. n,22. p,102",Cintia,8/10/2018
265,265-15,"15,2",Rua Victor Hugo,15,15,18/04/1937,,"Livro de Emplacamento. n,22. p,102",Cintia,8/10/2018
265,265-15,"15,2",Rua Victor Hugo,1,1,17/10/1924,17/04/1937,"Livro de Emplacamento. n,22. p,102",Cintia,8/10/2018
265,265-71,"71,5",Rua Victor Hugo,71,71,18/04/1937,,"Livro de Emplacamento. n,22. p,102",Cintia,8/10/2018
265,265-71,"71,5",Rua Victor Hugo,13,13,23/04/1928,17/04/1937,"Livro de Emplacamento. n,22. p,102",Cintia,8/10/2018
265,265-71,"71,5",Rua Victor Hugo,11,11,25/06/1920,22/04/1928,"Livro de Emplacamento. n,22. p,102",Cintia,8/10/2018
265,265-295,294,Rua Victor Hugo,295,295,18/04/1937,,"Livro de Emplacamento. n,22. p,102",Cintia,8/10/2018
265,265-295,294,Rua Victor Hugo,41,41,23/04/1928,17/04/1937,"Livro de Emplacamento. n,22. p,102",Cintia,8/10/2018
265,265-295,294,Rua Victor Hugo,45,45,19/03/1925,22/04/1928,"Livro de Emplacamento. n,22. p,102",Cintia,8/10/2018
219,219-119,"119,7",Rua Jose Paulino,119,119,13/09/1938,,"Livro de Emplamento. n,25. p,131",Cintia,8/10/2018
219,219-119,"119,7",Rua Jose Paulino,21,21,21/09/1929,12/09/1938,"Livro de Emplamento. n,25. p,131",Cintia,8/10/2018
219,219-119,"119,7",Rua Jose Paulino,5,5,04/05/1916,20/09/1929,"Livro de Emplamento. n,25. p,131",Cintia,8/10/2018
219,219-119,"119,7",Rua Jose Paulino,1,1,03/05/1916,03/05/1916,"Livro de Emplamento. n,25. p,131",Cintia,8/10/2018
219,219-451,"450,5",Rua Jose Paulino,451,451,13/09/1938,,"Livro de Emplamento. n,25. p,131",Cintia,8/10/2018
219,219-451,"450,5",Rua Jose Paulino,99,99,21/09/1929,12/09/1938,"Livro de Emplamento. n,25. p,131",Cintia,8/10/2018
219,219-451,"450,5",Rua Jose Paulino,85,85,04/05/1916,20/09/1929,"Livro de Emplamento. n,25. p,131",Cintia,8/10/2018
219,219-451,"450,5",Rua Jose Paulino,77,77,03/05/1916,03/05/1916,"Livro de Emplamento. n,25. p,131",Cintia,8/10/2018
219,219-931,"931,4",Rua Jose Paulino,931,931,13/09/1938,,"Livro de Emplamento. n,25. p,131",Cintia,8/10/2018
219,219-931,"931,4",Rua Jose Paulino,227,227,21/09/1929,12/09/1938,"Livro de Emplamento. n,25. p,131",Cintia,8/10/2018
219,219-931,"931,4",Rua Jose Paulino,225,225,04/05/1916,20/09/1929,"Livro de Emplamento. n,25. p,131",Cintia,8/10/2018
219,219-931,"931,4",Rua Jose Paulino,215,215,03/05/1916,03/05/1916,"Livro de Emplamento. n,25. p,131",Cintia,8/10/2018
219,219-54,"54,6",Rua Jose Paulino,54,54,13/09/1938,,"Livro de Emplamento. n,25. p,131",Cintia,8/10/2018
219,219-54,"54,6",Rua Jose Paulino,14,14,21/09/1929,12/09/1938,"Livro de Emplamento. n,25. p,131",Cintia,8/10/2018
219,219-54,"54,6",Rua Jose Paulino,16,16,21/05/1909,20/09/1929,"Livro de Emplamento. n,25. p,131",Cintia,8/10/2018
219,219-54,"54,6",Rua Jose Paulino,14,14 tinta,22/05/1908,20/05/1909,"Livro de Emplamento. n,25. p,131",Cintia,8/10/2018
219,219-54,"54,6",Rua Jose Paulino,2,2,21/05/1908,21/05/1908,"Livro de Emplamento. n,25. p,131",Cintia,8/10/2018
219,219-116,115,Rua Jose Paulino,116,116,13/09/1938,,"Livro de Emplamento. n,25. p,131",Cintia,8/10/2018
219,219-116,115,Rua Jose Paulino,32,32,21/09/1929,12/09/1938,"Livro de Emplamento. n,25. p,131",Cintia,8/10/2018
219,219-116,115,Rua Jose Paulino,34,34,21/05/1909,20/09/1929,"Livro de Emplamento. n,25. p,131",Cintia,8/10/2018
219,219-116,115,Rua Jose Paulino,24,24,22/05/1908,20/05/1909,"Livro de Emplamento. n,25. p,131",Cintia,8/10/2018
219,219-116,115,Rua Jose Paulino,"6,1",6A,21/05/1908,21/05/1908,"Livro de Emplamento. n,25. p,131",Cintia,8/10/2018
219,219-366,"365,6",Rua Jose Paulino,366,366,13/09/1938,,"Livro de Emplamento. n,25. p,131",Cintia,8/10/2018
219,219-366,"366,6",Rua Jose Paulino,100,100,21/09/1929,09/12/1938,"Livro de Emplamento. n,25. p,131",Cintia,8/10/2018
219,219-366,"366,6",Rua Jose Paulino,102,102,20/09/1929,20/09/1929,"Livro de Emplamento. n,25. p,131",Cintia,8/10/2018
219,219-664,665,Rua Jose Paulino,664,664,13/09/1938,,"Livro de Emplamento. n,25. p,131",Cintia,8/10/2018
219,219-664,665,Rua Jose Paulino,178,178,21/09/1929,09/12/1938,"Livro de Emplamento. n,25. p,131",Cintia,8/10/2018
219,219-664,665,Rua Jose Paulino,186,186,20/09/1929,20/09/1929,"Livro de Emplamento. n,25. p,131",Cintia,8/10/2018
219,219-908,"908,9",Rua Jose Paulino,908,908,13/09/1938,,"Livro de Emplamento. n,25. p,131",Cintia,8/10/2018
219,219-908,"908,9",Rua Jose Paulino,246,246,21/09/1929,09/12/1938,"Livro de Emplamento. n,25. p,131",Cintia,8/10/2018
219,219-908,"908,9",Rua Jose Paulino,264,264,20/09/1929,20/09/1929,"Livro de Emplamento. n,25. p,131",Cintia,8/10/2018
274,274-202,"201,7",Rua das Olarias,202,202,01/08/1938,,"Livro de Emplacamento. n,25. p,77",Cintia,8/10/2018
274,274-202,"201,7",Rua das Olarias,17,17,31/07/1938,31/07/1938,"Livro de Emplacamento. n,25. p,77",Cintia,8/10/2018
114,114-79,"79,9",Rua Barata Ribeiro,79,79,11/05/1940,,"Livro de Emplacamento. n,27. p,92",Cintia,8/10/2018
114,114-79,"79,9",Rua Barata Ribeiro,9,9,29/11/1927,10/05/1940,"Livro de Emplacamento. n,27. p,92",Cintia,8/10/2018
114,114-105,105,Rua Barata Ribeiro,105,105,11/05/1940,,"Livro de Emplacamento. n,27. p,92",Cintia,8/10/2018
114,114-105,105,Rua Barata Ribeiro,15,15,29/11/1927,10/05/1940,"Livro de Emplacamento. n,27. p,92",Cintia,8/10/2018
114,114-105,105,Rua Barata Ribeiro,17,17,05/12/1914,28/11/1927,"Livro de Emplacamento. n,27. p,92",Cintia,8/10/2018
114,114-105,105,Rua Barata Ribeiro,48,48 tinta,04/12/1914,04/12/1914,"Livro de Emplacamento. n,27. p,92",Cintia,8/10/2018
114,114-40,"40,3",Rua Barata Ribeiro,40,40,11/05/1940,,"Livro de Emplacamento. n,27. p,92",Cintia,8/10/2018
114,114-40,"40,3",Rua Barata Ribeiro,10,10,05/12/1914,10/05/1940,"Livro de Emplacamento. n,27. p,92",Cintia,8/10/2018
114,114-198,"198,5",Rua Barata Ribeiro,198,198,11/05/1940,,"Livro de Emplacamento. n,27. p,92",Cintia,8/10/2018
114,114-198,"198,5",Rua Barata Ribeiro,44,44,29/11/1927,10/05/1940,"Livro de Emplacamento. n,27. p,92",Cintia,8/10/2018
114,114-198,"198,5",Rua Barata Ribeiro,34,34,05/12/1914,28/11/1927,"Livro de Emplacamento. n,27. p,92",Cintia,8/10/2018
93,93-79,"79,7",Rua São Luiz,79,79,11/12/1935,,"Livro de Emplacamento. n,20. p,172",Cintia,8/10/2018
93,93-79,"79,7",Rua São Luiz,16,16,26/01/1909,11/11/1935,"Livro de Emplacamento. n,20. p,172",Cintia,8/10/2018
93,93-117,117,Rua São Luiz,117,117,11/12/1935,,"Livro de Emplacamento. n,20. p,172",Cintia,8/10/2018
93,93-117,117,Rua São Luiz,10,10,26/01/1909,11/11/1935,"Livro de Emplacamento. n,20. p,172",Cintia,8/10/2018
93,93-117,117,Rua São Luiz,6,6 tinta,25/01/1909,25/01/1909,"Livro de Emplacamento. n,20. p,172",Cintia,8/10/2018
93,93-211,211,Rua São Luiz,211,211,11/12/1935,,"Livro de Emplacamento. n,20. p,172",Cintia,8/10/2018
93,93-211,211,Rua São Luiz,2,2,26/01/1909,11/11/1935,"Livro de Emplacamento. n,20. p,172",Cintia,8/10/2018
93,93-72,"72,5",Rua São Luiz,72,72,11/12/1935,,"Livro de Emplacamento. n,20. p,172",Cintia,8/10/2018
93,93-72,"72,5",Rua São Luiz,19,19,11/11/1935,11/11/1935,"Livro de Emplacamento. n,20. p,172",Cintia,8/10/2018
93,93-210,"210,5",Rua São Luiz,210,210,11/12/1935,,"Livro de Emplacamento. n,20. p,172",Cintia,8/10/2018
93,93-210,"210,5",Rua São Luiz,5,5,16/03/1925,11/11/1935,"Livro de Emplacamento. n,20. p,172",Cintia,8/10/2018
93,93-210,"210,5",Rua São Luiz,3,3,26/01/1909,15/03/1925,"Livro de Emplacamento. n,20. p,172",Cintia,8/10/2018
93,93-210,"210,5",Rua São Luiz,1,1,25/01/1909,25/01/1909,"Livro de Emplacamento. n,20. p,172",Cintia,8/10/2018
93,93-288,"287,2",Rua São Luiz,288,288,11/12/1935,,"Livro de Emplacamento. n,20. p,172",Cintia,8/10/2018
93,93-288,"287,2",Rua São Luiz,1,1,16/04/1925,11/11/1935,"Livro de Emplacamento. n,20. p,172",Cintia,8/10/2018
135,135-13,12,Rua Sobral,13,13,05/05/1936,,"Livro de Emplacamento. n,21. p,113",Cintia,8/10/2018
135,135-13,12,Rua Sobral,1,1,28/04/1925,04/05/1936,"Livro de Emplacamento. n,21. p,113",Cintia,8/10/2018
135,135-63,"63,4",Rua Sobral,63,63,05/05/1936,,"Livro de Emplacamento. n,21. p,113",Cintia,8/10/2018
135,135-63,"63,4",Rua Sobral,7,7,28/04/1925,04/05/1936,"Livro de Emplacamento. n,21. p,113",Cintia,8/10/2018
135,135-63,"63,4",Rua Sobral,8,8,27/04/1925,27/04/1925,"Livro de Emplacamento. n,21. p,113",Cintia,8/10/2018
135,135-14,14,Rua Sobral,14,14,05/05/1936,,"Livro de Emplacamento. n,21. p,113",Cintia,8/10/2018
135,135-34,"33,8",Rua Sobral,34,34,05/05/1936,,"Livro de Emplacamento. n,21. p,113",Cintia,8/10/2018
135,135-34,"33,8",Rua Sobral,2,2,28/04/1925,04/05/1936,"Livro de Emplacamento. n,21. p,113",Cintia,8/10/2018
135,135-62,"61,3",Rua Sobral,62,62,05/05/1936,,"Livro de Emplacamento. n,21. p,113",Cintia,8/10/2018
135,135-62,"61,3",Rua Sobral,8,8,28/04/1925,04/05/1936,"Livro de Emplacamento. n,21. p,113",Cintia,8/10/2018
187,187-55,56,Rua Helvetia,55,55,25/10/1935,,"Livro de Emplacamento. n,20. p,22",Cintia,8/10/2018
187,187-55,56,Rua Helvetia,1,1,03/08/1908,24/10/1935,"Livro de Emplacamento. n,20. p,22",Cintia,8/10/2018
115,115-10,"10,7",Rua Manoel Dutra,10,10,15/12/1937,,"Livro de Emplacamento. n,24. p,137",Cintia,8/10/2018
115,115-10,"10,7",Rua Manoel Dutra,2,2,19/06/1908,14/12/1937,"Livro de Emplacamento. n,24. p,137",Cintia,8/10/2018
115,115-330,"331,2",Rua Manoel Dutra,330,330,15/12/1937,,"Livro de Emplacamento. n,24. p,137",Cintia,8/10/2018
115,115-330,"331,2",Rua Manoel Dutra,60,60,12/03/1925,14/12/1937,"Livro de Emplacamento. n,24. p,137",Cintia,8/10/2018
115,115-330,"331,2",Rua Manoel Dutra,58,58,19/06/1908,11/03/1925,"Livro de Emplacamento. n,24. p,137",Cintia,8/10/2018
115,115-330,"331,2",Rua Manoel Dutra,44,44,18/06/1908,18/06/1908,"Livro de Emplacamento. n,24. p,137",Cintia,8/10/2018
115,115-648,"648,7",Rua Manoel Dutra,648,648,15/12/1937,,"Livro de Emplacamento. n,24. p,137",Cintia,8/10/2018
115,115-648,"648,7",Rua Manoel Dutra,118,118,14/12/1937,14/12/1937,"Livro de Emplacamento. n,24. p,137",Cintia,8/10/2018
115,115-636,"636,6",Rua Manoel Dutra,636,636,15/12/1937,,"Livro de Emplacamento. n,24. p,137",Cintia,8/10/2018
115,115-636,"636,6",Rua Manoel Dutra,116,116,12/03/1925,14/12/1937,"Livro de Emplacamento. n,24. p,137",Cintia,8/10/2018
115,115-636,"636,6",Rua Manoel Dutra,"100,3",100 D,11/03/1925,11/03/1925,"Livro de Emplacamento. n,24. p,137",Cintia,8/10/2018
115,115-578,"577,3",Rua Manoel Dutra,578,578,15/12/1937,,"Livro de Emplacamento. n,24. p,137",Cintia,8/10/2018
115,115-578,"577,3",Rua Manoel Dutra,96,96,12/03/1925,14/12/1937,"Livro de Emplacamento. n,24. p,137",Cintia,8/10/2018
115,115-578,"577,3",Rua Manoel Dutra,94,94,19/06/1908,11/03/1925,"Livro de Emplacamento. n,24. p,137",Cintia,8/10/2018
115,115-578,"577,3",Rua Manoel Dutra,76,76,18/06/1908,18/06/1908,"Livro de Emplacamento. n,24. p,137",Cintia,8/10/2018
115,115-37,36,Rua Manoel Dutra,37,37,15/12/1937,,"Livro de Emplacamento. n,24. p,137",Cintia,8/10/2018
115,115-37,36,Rua Manoel Dutra,1,1,19/06/1908,14/12/1937,"Livro de Emplacamento. n,24. p,137",Cintia,8/10/2018
115,115-307,"307,3",Rua Manoel Dutra,307,307,15/12/1937,,"Livro de Emplacamento. n,24. p,137",Cintia,8/10/2018
115,115-307,"307,3",Rua Manoel Dutra,59,59,12/03/1925,14/12/1937,"Livro de Emplacamento. n,24. p,137",Cintia,8/10/2018
115,115-307,"307,3",Rua Manoel Dutra,53,53,29/08/1911,11/03/1925,"Livro de Emplacamento. n,24. p,137",Cintia,8/10/2018
115,115-307,"307,3",Rua Manoel Dutra,51,51,19/06/1908,28/08/1911,"Livro de Emplacamento. n,24. p,137",Cintia,8/10/2018
115,115-307,"307,3",Rua Manoel Dutra,35,35,18/06/1908,18/06/1908,"Livro de Emplacamento. n,24. p,137",Cintia,8/10/2018
115,115-581,581,Rua Manoel Dutra,581,581,15/12/1937,,"Livro de Emplacamento. n,24. p,137",Cintia,8/10/2018
115,115-581,581,Rua Manoel Dutra,113,113,12/03/1925,14/12/1937,"Livro de Emplacamento. n,24. p,137",Cintia,8/10/2018
115,115-581,581,Rua Manoel Dutra,87,87,19/06/1908,11/03/1925,"Livro de Emplacamento. n,24. p,137",Cintia,8/10/2018
115,115-581,581,Rua Manoel Dutra,69,69,18/06/1908,18/06/1908,"Livro de Emplacamento. n,24. p,137",Cintia,8/10/2018
115,115-641,"640,3",Rua Manoel Dutra,641,641,15/12/1937,,"Livro de Emplacamento. n,24. p,137",Cintia,8/10/2018
115,115-641,"640,3",Rua Manoel Dutra,133,133,12/03/1925,14/12/1937,"Livro de Emplacamento. n,24. p,137",Cintia,8/10/2018
115,115-641,"640,3",Rua Manoel Dutra,103,103,29/08/1911,11/03/1925,"Livro de Emplacamento. n,24. p,137",Cintia,8/10/2018
115,115-641,"640,3",Rua Manoel Dutra,85,85 B,28/08/1911,28/08/1911,"Livro de Emplacamento. n,24. p,137",Cintia,8/10/2018
116,116-181,"181,2",Rua Sabara,181,181,07/12/1935,,"Livro de Emplacamento. n,2. p,213",Cintia,8/10/2018
116,116-181,"181,2",Rua Sabara,3,3,18/02/1909,06/12/1935,"Livro de Emplacamento. n,2. p,213",Cintia,8/10/2018
116,116-181,"181,2",Rua Sabara,1,1 tinta,17/02/1909,17/02/1909,"Livro de Emplacamento. n,2. p,213",Cintia,8/10/2018
116,116-207,"207,4",Rua Sabara,207,207,07/12/1935,,"Livro de Emplacamento. n,2. p,213",Cintia,8/10/2018
116,116-207,"207,4",Rua Sabara,7,7,18/02/1909,06/12/1935,"Livro de Emplacamento. n,2. p,213",Cintia,8/10/2018
116,116-207,"207,4",Rua Sabara,5,5,17/02/1909,17/02/1909,"Livro de Emplacamento. n,2. p,213",Cintia,8/10/2018
116,116-267,"266,7",Rua Sabara,267,267,07/12/1935,,"Livro de Emplacamento. n,2. p,213",Cintia,8/10/2018
116,116-267,"266,7",Rua Sabara,11,11 tinta,06/06/1911,06/12/1935,"Livro de Emplacamento. n,2. p,213",Cintia,8/10/2018
116,116-455,"454,9",Rua Sabara,455,455,07/12/1935,,"Livro de Emplacamento. n,2. p,213",Cintia,8/10/2018
116,116-455,"454,9",Rua Sabara,35,35,06/12/1935,06/12/1935,"Livro de Emplacamento. n,2. p,213",Cintia,8/10/2018
116,116-168,168,Rua Sabara,168,168,07/12/1935,,"Livro de Emplacamento. n,2. p,213",Cintia,8/10/2018
116,116-168,168,Rua Sabara,16,16,06/06/1911,06/12/1935,"Livro de Emplacamento. n,2. p,213",Cintia,8/10/2018
116,116-246,"246,8",Rua Sabara,246,246,07/12/1935,,"Livro de Emplacamento. n,2. p,213",Cintia,8/10/2018
116,116-246,"246,8",Rua Sabara,22,22,18/02/1909,06/12/1935,"Livro de Emplacamento. n,2. p,213",Cintia,8/10/2018
116,116-290,"290,9",Rua Sabara,290,290,07/12/1935,,"Livro de Emplacamento. n,2. p,213",Cintia,8/10/2018
116,116-290,"290,9",Rua Sabara,34,34,18/02/1909,06/12/1935,"Livro de Emplacamento. n,2. p,213",Cintia,8/10/2018
116,116-458,"457,8",Rua Sabara,458,458,07/12/1935,,"Livro de Emplacamento. n,2. p,213",Cintia,8/10/2018
116,116-458,"457,8",Rua Sabara,60,60,06/12/1935,06/12/1935,"Livro de Emplacamento. n,2. p,213",Cintia,8/10/2018
280,280-21,20,Rua Carlos de Campos,21,21,25/06/1942,,"Livro de Emplacamento. n,29. p,317",Cintia,8/10/2018
280,280-21,20,Rua Carlos de Campos,1,1,22/02/1927,24/06/1942,"Livro de Emplacamento. n,29. p,317",Cintia,8/10/2018
280,280-165,"164,4",Rua Carlos de Campos,165,165,25/06/1942,,"Livro de Emplacamento. n,29. p,317",Cintia,8/10/2018
280,280-165,"164,4",Rua Carlos de Campos,33,33,22/02/1927,24/06/1942,"Livro de Emplacamento. n,29. p,317",Cintia,8/10/2018
280,280-46,"45,5",Rua Carlos de Campos,46,46,25/06/1942,,"Livro de Emplacamento. n,29. p,317",Cintia,8/10/2018
280,280-46,"45,5",Rua Carlos de Campos,4,4,22/02/1927,24/06/1942,"Livro de Emplacamento. n,29. p,317",Cintia,8/10/2018
280,280-46,"45,5",Rua Carlos de Campos,2,2,16/05/1917,21/02/1927,"Livro de Emplacamento. n,29. p,317",Cintia,8/10/2018
280,280-160,"160,4",Rua Carlos de Campos,160,160,25/06/1942,,"Livro de Emplacamento. n,29. p,317",Cintia,8/10/2018
280,280-160,"160,4",Rua Carlos de Campos,40,40,22/02/1927,24/06/1942,"Livro de Emplacamento. n,29. p,317",Cintia,8/10/2018
280,280-160,"160,4",Rua Carlos de Campos,36,36,16/05/1917,21/02/1927,"Livro de Emplacamento. n,29. p,317",Cintia,8/10/2018
99,99-19,"19,3",Rua Martinho Prado,19,19,19/05/1936,,"Livro de Emplacamento. n,21. p,129",Cintia,8/10/2018
99,99-19,"19,3",Rua Martinho Prado,1,1,27/02/1909,18/05/1936,"Livro de Emplacamento. n,21. p,129",Cintia,8/10/2018
286,286-9,"8,7",Rua Martinho Prado,9,9,26/10/1933,,"Livro de Emplacamento. n,19. p,102. p,12. p,5",Cintia,8/10/2018
286,286-9,"8,7",Rua Martinho Prado,1,1,01/09/1927,25/10/1933,"Livro de Emplacamento. n,19. p,102. p,12. p,5",Cintia,8/10/2018
286,286-121,"121,3",Rua Martinho Prado,121,121,26/10/1933,,"Livro de Emplacamento. n,19. p,102. p,12. p,5",Cintia,8/10/2018
286,286-121,"121,3",Rua Martinho Prado,25,25,01/09/1927,25/10/1933,"Livro de Emplacamento. n,19. p,102. p,12. p,5",Cintia,8/10/2018
286,286-121,"121,3",Rua Martinho Prado,19,19,31/08/1927,31/08/1927,"Livro de Emplacamento. n,19. p,102. p,12. p,5",Cintia,8/10/2018
286,286-301,300,Rua Martinho Prado,301,301,26/10/1933,,"Livro de Emplacamento. n,19. p,102. p,12. p,5",Cintia,8/10/2018
286,286-301,300,Rua Martinho Prado,55,55,01/09/1927,25/10/1933,"Livro de Emplacamento. n,19. p,102. p,12. p,5",Cintia,8/10/2018
286,286-301,300,Rua Martinho Prado,44,44,31/08/1927,31/08/1927,"Livro de Emplacamento. n,19. p,102. p,12. p,5",Cintia,8/10/2018
286,286-28,28,Rua Martinho Prado,28,28,26/10/1933,,"Livro de Emplacamento. n,19. p,102. p,12. p,5",Cintia,8/10/2018
286,286-28,28,Rua Martinho Prado,2,2,01/09/1927,25/10/1933,"Livro de Emplacamento. n,19. p,102. p,12. p,5",Cintia,8/10/2018
286,286-48,"47,9",Rua Martinho Prado,48,48,26/10/1933,,"Livro de Emplacamento. n,19. p,102. p,12. p,5",Cintia,8/10/2018
286,286-48,"47,9",Rua Martinho Prado,10,10,01/09/1927,25/10/1933,"Livro de Emplacamento. n,19. p,102. p,12. p,5",Cintia,8/10/2018
286,286-48,"47,9",Rua Martinho Prado,6,6,24/04/1917,31/08/1927,"Livro de Emplacamento. n,19. p,102. p,12. p,5",Cintia,8/10/2018
286,286-154,"154,3",Rua Martinho Prado,154,154,26/10/1933,,"Livro de Emplacamento. n,19. p,102. p,12. p,5",Cintia,8/10/2018
286,286-154,"154,3",Rua Martinho Prado,40,40,01/09/1927,25/10/1933,"Livro de Emplacamento. n,19. p,102. p,12. p,5",Cintia,8/10/2018
286,286-154,"154,3",Rua Martinho Prado,30,30,24/04/1917,31/08/1927,"Livro de Emplacamento. n,19. p,102. p,12. p,5",Cintia,8/10/2018
286,286-154,"154,3",Rua Martinho Prado,"32,1",32A,23/04/1917,23/04/1917,"Livro de Emplacamento. n,19. p,102. p,12. p,5",Cintia,8/10/2018
286,286-272,"272,7",Rua Martinho Prado,272,272,26/10/1933,,"Livro de Emplacamento. n,19. p,102. p,12. p,5",Cintia,8/10/2018
286,286-272,"272,7",Rua Martinho Prado,80,80,01/09/1927,25/10/1933,"Livro de Emplacamento. n,19. p,102. p,12. p,5",Cintia,8/10/2018
286,286-272,"272,7",Rua Martinho Prado,62,62,24/04/1917,31/08/1927,"Livro de Emplacamento. n,19. p,102. p,12. p,5",Cintia,8/10/2018
286,286-300,"300,3",Rua Martinho Prado,300,300,26/10/1933,,"Livro de Emplacamento. n,19. p,102. p,12. p,5",Cintia,8/10/2018
286,286-300,"300,3",Rua Martinho Prado,"88,1",88A,01/09/1927,25/10/1933,"Livro de Emplacamento. n,19. p,102. p,12. p,5",Cintia,8/10/2018
286,286-300,"300,3",Rua Martinho Prado,64,64 terreo,31/08/1927,31/08/1927,"Livro de Emplacamento. n,19. p,102. p,12. p,5",Cintia,8/10/2018
18,18-11,"11,5",Rua General Carneiro,11,11,16/09/1940,,"Livro de Emplacamento. n,27. p,270",Cintia,8/10/2018
18,18-11,"11,5",Rua General Carneiro,1,1,29/03/1909,15/09/1940,"Livro de Emplacamento. n,27. p,270",Cintia,8/10/2018
18,18-157,"157,5",Rua General Carneiro,157,157,16/09/1940,,"Livro de Emplacamento. n,27. p,270",Cintia,8/10/2018
18,18-157,"157,5",Rua General Carneiro,45,45,29/03/1909,15/09/1940,"Livro de Emplacamento. n,27. p,270",Cintia,8/10/2018
18,18-301,"301,6",Rua General Carneiro,301,301,16/09/1940,,"Livro de Emplacamento. n,27. p,270",Cintia,8/10/2018
18,18-301,"301,6",Rua General Carneiro,95,95,29/03/1909,15/09/1940,"Livro de Emplacamento. n,27. p,270",Cintia,8/10/2018
60,60-35,"34,9",Rua Asdrubal do Nascimento,35,35,10/08/1936,,"Livro de Emplacamento. n,21. p,229",Cintia,8/10/2018
60,60-35,"34,9",Rua Asdrubal do Nascimento,1,1,27/01/1912,09/08/1936,"Livro de Emplacamento. n,21. p,229",Cintia,8/10/2018
60,60-35,"34,9",Rua Asdrubal do Nascimento,3,3,03/07/1908,26/01/1912,"Livro de Emplacamento. n,21. p,229",Cintia,8/10/2018
60,60-92,"91,7",Rua Asdrubal do Nascimento,92,92,10/08/1936,,"Livro de Emplacamento. n,21. p,229",Cintia,8/10/2018
60,60-92,"91,7",Rua Asdrubal do Nascimento,"4,1",4A,03/07/1908,09/08/1936,"Livro de Emplacamento. n,21. p,229",Cintia,8/10/2018
60,60-254,"253,9",Rua Asdrubal do Nascimento,254,254,10/08/1936,,"Livro de Emplacamento. n,21. p,229",Cintia,8/10/2018
60,60-254,"253,9",Rua Asdrubal do Nascimento,50,50,03/07/1908,09/08/1936,"Livro de Emplacamento. n,21. p,229",Cintia,8/10/2018
60,60-254,"253,9",Rua Asdrubal do Nascimento,44,44,02/08/1908,02/08/1908,"Livro de Emplacamento. n,21. p,229",Cintia,8/10/2018
60,60-494,"494,1",Rua Asdrubal do Nascimento,494,494,10/08/1936,,"Livro de Emplacamento. n,21. p,229",Cintia,8/10/2018
60,60-494,"494,1",Rua Asdrubal do Nascimento,96,96,27/01/1912,09/08/1936,"Livro de Emplacamento. n,21. p,229",Cintia,8/10/2018
60,60-494,"494,1",Rua Asdrubal do Nascimento,112,112,26/01/1912,26/01/1912,"Livro de Emplacamento. n,21. p,229",Cintia,8/10/2018
60,60-306,"306,5",Rua Asdrubal do Nascimento,306,306,10/08/1936,,"Livro de Emplacamento. n,21. p,229",Cintia,8/10/2018
60,60-306,"306,5",Rua Asdrubal do Nascimento,66,66,03/07/1908,09/08/1936,"Livro de Emplacamento. n,21. p,229",Cintia,8/10/2018
60,60-306,"306,5",Rua Asdrubal do Nascimento,60,60,02/08/1908,02/08/1908,"Livro de Emplacamento. n,21. p,229",Cintia,8/10/2018
72,72-31,"31,3",Rua Quirino de Andrade,31,31,06/09/1936,,"Livro de Emplacamento. n,21. p,225",Cintia,8/10/2018
72,72-31,"31,3",Rua Quirino de Andrade,1,1,27/09/1930,05/09/1936,"Livro de Emplacamento. n,21. p,225",Cintia,8/10/2018
72,72-149,"148,6",Rua Quirino de Andrade,149,149,06/09/1936,,"Livro de Emplacamento. n,21. p,225",Cintia,8/10/2018
72,72-149,"148,6",Rua Quirino de Andrade,25,25,27/09/1930,05/09/1936,"Livro de Emplacamento. n,21. p,225",Cintia,8/10/2018
72,72-149,"148,6",Rua Quirino de Andrade,"45,1",45A,26/09/1930,26/09/1930,"Livro de Emplacamento. n,21. p,225",Cintia,8/10/2018
72,72-243,"242,5",Rua Quirino de Andrade,243,243,06/09/1936,,"Livro de Emplacamento. n,21. p,225",Cintia,8/10/2018
72,72-243,"242,5",Rua Quirino de Andrade,57,57,27/09/1930,05/09/1936,"Livro de Emplacamento. n,21. p,225",Cintia,8/10/2018
72,72-243,"242,5",Rua Quirino de Andrade,75,75,26/09/1930,26/09/1930,"Livro de Emplacamento. n,21. p,225",Cintia,8/10/2018
71,71-47,"46,1",Rua Coronel Xavier de Toledo,47,47,28/12/1938,,"Livro de Emplacamento. n,26. p,31",Cintia,8/10/2018
71,71-47,"46,1",Rua Coronel Xavier de Toledo,3,3,19/02/1909,27/12/1938,"Livro de Emplacamento. n,26. p,31",Cintia,8/10/2018
71,71-101,"101,8",Rua Coronel Xavier de Toledo,101,101,28/12/1938,,"Livro de Emplacamento. n,26. p,31",Cintia,8/10/2018
71,71-101,"101,8",Rua Coronel Xavier de Toledo,15,15,19/02/1909,27/12/1938,"Livro de Emplacamento. n,26. p,31",Cintia,8/10/2018
71,71-171,"171,9",Rua Coronel Xavier de Toledo,171,171,28/12/1938,,"Livro de Emplacamento. n,26. p,31",Cintia,8/10/2018
71,71-171,"171,9",Rua Coronel Xavier de Toledo,35,35,19/02/1909,27/12/1938,"Livro de Emplacamento. n,26. p,31",Cintia,8/10/2018
71,71-171,"171,9",Rua Coronel Xavier de Toledo,33,33,18/02/1909,18/02/1909,"Livro de Emplacamento. n,26. p,31",Cintia,8/10/2018
71,71-28,"29,3",Rua Coronel Xavier de Toledo,28,28,28/12/1938,,"Livro de Emplacamento. n,26. p,31",Cintia,8/10/2018
71,71-28,"29,3",Rua Coronel Xavier de Toledo,6,6,19/02/1909,27/12/1938,"Livro de Emplacamento. n,26. p,31",Cintia,8/10/2018
71,71-78,"77,8",Rua Coronel Xavier de Toledo,78,78,28/12/1938,,"Livro de Emplacamento. n,26. p,31",Cintia,8/10/2018
71,71-78,"77,8",Rua Coronel Xavier de Toledo,16,16,19/02/1909,27/12/1938,"Livro de Emplacamento. n,26. p,31",Cintia,8/10/2018
71,71-150,"149,7",Rua Coronel Xavier de Toledo,150,150,28/12/1938,,"Livro de Emplacamento. n,26. p,31",Cintia,8/10/2018
71,71-150,"149,7",Rua Coronel Xavier de Toledo,38,38,19/02/1909,27/12/1938,"Livro de Emplacamento. n,26. p,31",Cintia,8/10/2018
70,70-46,"46,2",Rua 7 de Abril,46,46,25/05/1939,,"Livro de Emplacamento. n,26. p,239",Cintia,8/10/2018
70,70-46,"46,2",Rua 7 de Abril,12,12,23/02/1909,24/05/1939,"Livro de Emplacamento. n,26. p,239",Cintia,8/10/2018
70,70-216,"216,9",Rua 7 de Abril,216,216,25/05/1939,,"Livro de Emplacamento. n,26. p,239",Cintia,8/10/2018
70,70-216,"216,9",Rua 7 de Abril,58,58,23/02/1909,24/05/1939,"Livro de Emplacamento. n,26. p,239",Cintia,8/10/2018
70,70-75,"75,2",Rua 7 de Abril,75,75,25/05/1939,,"Livro de Emplacamento. n,26. p,239",Cintia,8/10/2018
70,70-75,"75,2",Rua 7 de Abril,19,19,23/02/1909,24/05/1939,"Livro de Emplacamento. n,26. p,239",Cintia,8/10/2018
70,70-173,"172,1",Rua 7 de Abril,173,173,25/05/1939,,"Livro de Emplacamento. n,26. p,239",Cintia,8/10/2018
70,70-173,"172,1",Rua 7 de Abril,41,41,23/02/1909,24/05/1939,"Livro de Emplacamento. n,26. p,239",Cintia,8/10/2018
70,70-397,"396,8",Rua 7 de Abril,397,397,25/05/1939,,"Livro de Emplacamento. n,26. p,239",Cintia,8/10/2018
70,70-397,"396,8",Rua 7 de Abril,83,83,23/02/1909,24/05/1939,"Livro de Emplacamento. n,26. p,239",Cintia,8/10/2018
68,68-51,"50,4",Conselheiro Crispiniano,51,51,27/02/1939,,"Livro de Emplacamento. n,26. p,96",Cintia,8/10/2018
68,68-51,"50,4",Conselheiro Crispiniano,78,78,22/02/1908,26/02/1939,"Livro de Emplacamento. n,26. p,96",Cintia,8/10/2018
68,68-51,"50,4",Conselheiro Crispiniano,74,74,21/02/1908,21/02/1908,"Livro de Emplacamento. n,26. p,96",Cintia,8/10/2018
68,68-165,"164,9",Conselheiro Crispiniano,165,165,27/02/1939,,"Livro de Emplacamento. n,26. p,96",Cintia,8/10/2018
68,68-165,"164,9",Conselheiro Crispiniano,40,40,22/02/1908,26/02/1939,"Livro de Emplacamento. n,26. p,96",Cintia,8/10/2018
68,68-165,"164,9",Conselheiro Crispiniano,38,38,21/02/1908,21/02/1908,"Livro de Emplacamento. n,26. p,96",Cintia,8/10/2018
68,68-403,"404,3",Conselheiro Crispiniano,403,403,27/02/1939,,"Livro de Emplacamento. n,26. p,96",Cintia,8/10/2018
68,68-403,"404,3",Conselheiro Crispiniano,2,2,22/02/1908,26/02/1939,"Livro de Emplacamento. n,26. p,96",Cintia,8/10/2018
68,68-14,"13,5",Conselheiro Crispiniano,14,14,27/02/1939,,"Livro de Emplacamento. n,26. p,96",Cintia,8/10/2018
68,68-14,"13,5",Conselheiro Crispiniano,47,47,22/02/1922,26/02/1939,"Livro de Emplacamento. n,26. p,96",Cintia,8/10/2018
68,68-14,"13,5",Conselheiro Crispiniano,67,67,21/02/1922,21/02/1922,"Livro de Emplacamento. n,26. p,96",Cintia,8/10/2018
68,68-108,"108,2",Conselheiro Crispiniano,108,108,27/02/1939,,"Livro de Emplacamento. n,26. p,96",Cintia,8/10/2018
68,68-108,"108,2",Conselheiro Crispiniano,23,23,22/02/1922,26/02/1939,"Livro de Emplacamento. n,26. p,96",Cintia,8/10/2018
68,68-108,"108,2",Conselheiro Crispiniano,43,43,21/02/1922,21/02/1922,"Livro de Emplacamento. n,26. p,96",Cintia,8/10/2018
68,68-414,"414,1",Conselheiro Crispiniano,414,414,27/02/1939,,"Livro de Emplacamento. n,26. p,96",Cintia,8/10/2018
68,68-414,"414,1",Conselheiro Crispiniano,1,1,22/02/1922,26/02/1939,"Livro de Emplacamento. n,26. p,96",Cintia,8/10/2018
148,148-38,39,Rua Cavalheiro,38,38,03/11/1936,,"Livro de Emplacamento. n,21. p,332",Cintia,8/10/2018
148,148-38,39,Rua Cavalheiro,2,2,13/06/1908,02/11/1936,"Livro de Emplacamento. n,21. p,332",Cintia,8/10/2018
148,148-88,"87,2",Rua Cavalheiro,88,88,03/11/1936,,"Livro de Emplacamento. n,21. p,332",Cintia,8/10/2018
148,148-88,"87,2",Rua Cavalheiro,22,22,26/08/1930,02/11/1936,"Livro de Emplacamento. n,21. p,332",Cintia,8/10/2018
181,181-95,96,Rua Carvalho,95,95,07/02/1939,,Livro de Emplacamento,Cintia,8/10/2018
181,181-95,96,Rua Carvalho,182,182,03/06/1929,06/02/1939,Livro de Emplacamento,Cintia,8/10/2018
181,181-95,96,Rua Carvalho,140,140,02/06/1929,02/06/1929,Livro de Emplacamento,Cintia,8/10/2018
181,181-44,"43,6",Rua Carvalho,44,44,07/02/1939,,Livro de Emplacamento,Cintia,8/10/2018
181,181-44,"43,6",Rua Carvalho,203,203,03/06/1929,06/02/1939,Livro de Emplacamento,Cintia,8/10/2018
337,337-29,"29,5",Rua Antonio Paes,29,29,23/07/1936,,"Livro de Emplacamento. n,21. p,189",Cintia,8/10/2018
337,337-29,"29,5",Rua Antonio Paes,1,1,23/05/1909,22/07/1936,"Livro de Emplacamento. n,21. p,189",Cintia,8/10/2018
337,337-113,"112,5",Rua Antonio Paes,113,113,23/07/1936,,"Livro de Emplacamento. n,21. p,189",Cintia,8/10/2018
337,337-113,"112,5",Rua Antonio Paes,17,17,21/08/1930,22/07/1936,"Livro de Emplacamento. n,21. p,189",Cintia,8/10/2018
337,337-113,"112,5",Rua Antonio Paes,19,19,23/05/1909,20/08/1930,"Livro de Emplacamento. n,21. p,189",Cintia,8/10/2018
337,337-147,"146,7",Rua Antonio Paes,147,147,23/07/1936,,"Livro de Emplacamento. n,21. p,189",Cintia,8/10/2018
337,337-147,"146,7",Rua Antonio Paes,27,27,21/08/1930,22/07/1936,"Livro de Emplacamento. n,21. p,189",Cintia,8/10/2018
337,337-147,"146,7",Rua Antonio Paes,33,33,20/08/1930,20/08/1930,"Livro de Emplacamento. n,21. p,189",Cintia,8/10/2018
337,337-36,"35,2",Rua Antonio Paes,36,36,23/07/1936,,"Livro de Emplacamento. n,21. p,189",Cintia,8/10/2018
337,337-36,"35,2",Rua Antonio Paes,2,2,23/05/1909,22/07/1936,"Livro de Emplacamento. n,21. p,189",Cintia,8/10/2018
337,337-162,"162,2",Rua Antonio Paes,162,162,23/07/1936,,"Livro de Emplacamento. n,21. p,189",Cintia,8/10/2018
337,337-162,"162,2",Rua Antonio Paes,34,34,21/08/1930,22/07/1936,"Livro de Emplacamento. n,21. p,189",Cintia,8/10/2018
337,337-162,"162,2",Rua Antonio Paes,14,14,20/08/1930,20/08/1930,"Livro de Emplacamento. n,21. p,189",Cintia,8/10/2018
338,338-39,38,Rua Plinio Ramos,39,39,23/07/1936,,"Livro de Emplacamento. n,21. p,191",Cintia,8/10/2018
338,338-39,38,Rua Plinio Ramos,1,1,02/06/1929,22/07/1936,"Livro de Emplacamento. n,21. p,191",Cintia,8/10/2018
338,338-145,"144,7",Rua Plinio Ramos,145,145,23/07/1936,,"Livro de Emplacamento. n,21. p,191",Cintia,8/10/2018
338,338-145,"144,7",Rua Plinio Ramos,23,23,02/06/1929,22/07/1936,"Livro de Emplacamento. n,21. p,191",Cintia,8/10/2018
338,338-159,"158,3",Rua Plinio Ramos,159,159,23/07/1936,,"Livro de Emplacamento. n,21. p,191",Cintia,8/10/2018
338,338-159,"158,3",Rua Plinio Ramos,29,29,02/06/1929,22/07/1936,"Livro de Emplacamento. n,21. p,191",Cintia,8/10/2018
338,338-50,50,Rua Plinio Ramos,50,50,23/07/1936,,"Livro de Emplacamento. n,21. p,191",Cintia,8/10/2018
338,338-50,50,Rua Plinio Ramos,2,2,02/06/1929,22/07/1936,"Livro de Emplacamento. n,21. p,191",Cintia,8/10/2018
338,338-50,50,Rua Plinio Ramos,16,16,01/06/1929,01/06/1929,"Livro de Emplacamento. n,21. p,191",Cintia,8/10/2018
338,338-112,"112,7",Rua Plinio Ramos,112,112,23/07/1936,,"Livro de Emplacamento. n,21. p,191",Cintia,8/10/2018
338,338-112,"112,7",Rua Plinio Ramos,16,16,02/06/1929,22/07/1936,"Livro de Emplacamento. n,21. p,191",Cintia,8/10/2018
338,338-112,"112,7",Rua Plinio Ramos,26,26,01/06/1929,01/06/1929,"Livro de Emplacamento. n,21. p,191",Cintia,8/10/2018
338,338-180,"180,7",Rua Plinio Ramos,180,180,23/07/1936,,"Livro de Emplacamento. n,21. p,191",Cintia,8/10/2018
338,338-180,"180,7",Rua Plinio Ramos,38,38,02/06/1929,22/07/1936,"Livro de Emplacamento. n,21. p,191",Cintia,8/10/2018
338,338-180,"180,7",Rua Plinio Ramos,46,46,01/06/1929,01/06/1929,"Livro de Emplacamento. n,21. p,191",Cintia,8/10/2018
362,362-106,"106,9",Rua Ceres,106,106,20/12/1937,,"Livro de Emplacamento. n,24. p,147",Cintia,8/10/2018
362,362-106,"106,9",Rua Ceres,12,12,19/12/1937,19/12/1937,"Livro de Emplacamento. n,24. p,147",Cintia,8/10/2018
362,362-150,"150,2",Rua Ceres,150,150,20/12/1937,,"Livro de Emplacamento. n,24. p,147",Cintia,8/10/2018
362,362-150,"150,2",Rua Ceres,142,142,19/12/1937,19/12/1937,"Livro de Emplacamento. n,24. p,147",Cintia,8/10/2018
362,362-25,"25,2",Rua Ceres,25,25,20/12/1937,,"Livro de Emplacamento. n,24. p,147",Cintia,8/10/2018
362,362-25,"25,2",Rua Ceres,17,17,19/12/1937,19/12/1937,"Livro de Emplacamento. n,24. p,147",Cintia,8/10/2018
363,363-26,"26,5",Rua Carlos Garcia,26,26,15/04/1936,,"Livro de Emplacamento. n,17. p,9A",Cintia,8/10/2018
363,363-26,"26,5",Rua Carlos Garcia,4,4,19/01/1909,14/04/1936,"Livro de Emplacamento. n,17. p,9A",Cintia,8/10/2018
363,363-92,"92,1",Rua Carlos Garcia,92,92,15/04/1936,,"Livro de Emplacamento. n,17. p,9A",Cintia,8/10/2018
363,363-92,"92,1",Rua Carlos Garcia,26,26,19/01/1909,14/04/1936,"Livro de Emplacamento. n,17. p,9A",Cintia,8/10/2018
363,363-92,"92,1",Rua Carlos Garcia,16,16,18/01/1909,18/01/1909,"Livro de Emplacamento. n,17. p,9A",Cintia,8/10/2018
363,363-152,"151,9",Rua Carlos Garcia,152,152,15/04/1936,,"Livro de Emplacamento. n,17. p,9A",Cintia,8/10/2018
363,363-152,"151,9",Rua Carlos Garcia,50,50,19/01/1909,14/04/1936,"Livro de Emplacamento. n,17. p,9A",Cintia,8/10/2018
363,363-152,"151,9",Rua Carlos Garcia,40,40,18/01/1909,18/01/1909,"Livro de Emplacamento. n,17. p,9A",Cintia,8/10/2018
363,363-49,"49,3",Rua Carlos Garcia,49,49,15/04/1936,,"Livro de Emplacamento. n,17. p,9A",Cintia,8/10/2018
363,363-49,"49,3",Rua Carlos Garcia,7,7,19/01/1909,14/04/1936,"Livro de Emplacamento. n,17. p,9A",Cintia,8/10/2018
363,363-49,"49,3",Rua Carlos Garcia,1,1,18/01/1909,18/01/1909,"Livro de Emplacamento. n,17. p,9A",Cintia,8/10/2018
363,363-101,"101,5",Rua Carlos Garcia,101,101,15/04/1936,,"Livro de Emplacamento. n,17. p,9A",Cintia,8/10/2018
363,363-101,"101,5",Rua Carlos Garcia,23,23,14/10/1926,14/04/1936,"Livro de Emplacamento. n,17. p,9A",Cintia,8/10/2018
363,363-101,"101,5",Rua Carlos Garcia,21,21,18/01/1909,13/10/1926,"Livro de Emplacamento. n,17. p,9A",Cintia,8/10/2018
363,363-149,149,Rua Carlos Garcia,149,149,15/04/1936,,"Livro de Emplacamento. n,17. p,9A",Cintia,8/10/2018
363,363-149,149,Rua Carlos Garcia,39,39,19/01/1909,14/04/1936,"Livro de Emplacamento. n,17. p,9A",Cintia,8/10/2018
363,363-149,149,Rua Carlos Garcia,29,29,18/01/1909,18/01/1909,"Livro de Emplacamento. n,17. p,9A",Cintia,8/10/2018
367,367-6,"6,1",Rua Florida,6,6,20/04/1936,,"Livro de Emplacamento. n,21. p,54",Cintia,8/10/2018
367,367-6,"6,1",Rua Florida,2,2,04/04/1909,19/04/1936,"Livro de Emplacamento. n,21. p,54",Cintia,8/10/2018
367,367-108,"107,7",Rua Florida,108,108,20/04/1936,,"Livro de Emplacamento. n,21. p,54",Cintia,8/10/2018
367,367-108,"107,7",Rua Florida,22,22,26/07/1927,19/04/1936,"Livro de Emplacamento. n,21. p,54",Cintia,8/10/2018
367,367-108,"107,7",Rua Florida,34,34,04/04/1909,25/07/1927,"Livro de Emplacamento. n,21. p,54",Cintia,8/10/2018
367,367-77,"76,7",Rua Florida,77,77,20/04/1936,,"Livro de Emplacamento. n,21. p,54",Cintia,8/10/2018
367,367-77,"76,7",Rua Florida,1,1,26/07/1927,19/04/1936,"Livro de Emplacamento. n,21. p,54",Cintia,8/10/2018
367,367-77,"76,7",Rua Florida,13,13,04/04/1909,25/07/1927,"Livro de Emplacamento. n,21. p,54",Cintia,8/10/2018
367,367-165,"164,9",Rua Florida,165,165,20/04/1936,,"Livro de Emplacamento. n,21. p,54",Cintia,8/10/2018
367,367-165,"164,9",Rua Florida,19,19,26/07/1927,19/04/1936,"Livro de Emplacamento. n,21. p,54",Cintia,8/10/2018
367,367-165,"164,9",Rua Florida,43,43,04/04/1909,25/07/1927,"Livro de Emplacamento. n,21. p,54",Cintia,8/10/2018
369,369-30,"30,6",Rua Correa de Andrade,30,30,30/06/1936,,"Livro de Emplacamento. n,20. p,342",Cintia,8/10/2018
369,369-30,"30,6",Rua Correa de Andrade,2,2,08/06/1908,29/06/1936,"Livro de Emplacamento. n,20. p,342",Cintia,8/10/2018
369,369-130,"130,1",Rua Correa de Andrade,130,130,30/06/1936,,"Livro de Emplacamento. n,20. p,342",Cintia,8/10/2018
369,369-130,"130,1",Rua Correa de Andrade,18,18,08/08/1928,29/06/1936,"Livro de Emplacamento. n,20. p,342",Cintia,8/10/2018
369,369-130,"130,1",Rua Correa de Andrade,10,10,08/06/1908,07/08/1928,"Livro de Emplacamento. n,20. p,342",Cintia,8/10/2018
369,369-130,"130,1",Rua Correa de Andrade,4,4,07/06/1908,07/06/1908,"Livro de Emplacamento. n,20. p,342",Cintia,8/10/2018
369,369-252,"251,6",Rua Correa de Andrade,252,252,30/06/1936,,"Livro de Emplacamento. n,20. p,342",Cintia,8/10/2018
369,369-252,"251,6",Rua Correa de Andrade,38,38,08/08/1928,29/06/1936,"Livro de Emplacamento. n,20. p,342",Cintia,8/10/2018
369,369-252,"251,6",Rua Correa de Andrade,30,30,08/06/1908,07/08/1928,"Livro de Emplacamento. n,20. p,342",Cintia,8/10/2018
369,369-252,"251,6",Rua Correa de Andrade,24,24,07/06/1908,07/06/1908,"Livro de Emplacamento. n,20. p,342",Cintia,8/10/2018
369,369-21,"21,5",Rua Correa de Andrade,21,21,30/06/1936,,"Livro de Emplacamento. n,20. p,342",Cintia,8/10/2018
369,369-21,"21,5",Rua Correa de Andrade,1,1,08/06/1908,29/06/1936,"Livro de Emplacamento. n,20. p,342",Cintia,8/10/2018
369,369-97,96,Rua Correa de Andrade,97,97,30/06/1936,,"Livro de Emplacamento. n,20. p,342",Cintia,8/10/2018
369,369-97,96,Rua Correa de Andrade,21,21,08/08/1928,29/06/1936,"Livro de Emplacamento. n,20. p,342",Cintia,8/10/2018
369,369-97,96,Rua Correa de Andrade,17,17,08/06/1908,07/08/1928,"Livro de Emplacamento. n,20. p,342",Cintia,8/10/2018
369,369-97,96,Rua Correa de Andrade,13,13,07/06/1908,07/06/1908,"Livro de Emplacamento. n,20. p,342",Cintia,8/10/2018
369,369-207,207,Rua Correa de Andrade,207,207,30/06/1936,,"Livro de Emplacamento. n,20. p,342",Cintia,8/10/2018
369,369-207,207,Rua Correa de Andrade,43,43,08/08/1928,29/06/1936,"Livro de Emplacamento. n,20. p,342",Cintia,8/10/2018
369,369-207,207,Rua Correa de Andrade,39,39,08/06/1908,07/08/1928,"Livro de Emplacamento. n,20. p,342",Cintia,8/10/2018
369,369-207,207,Rua Correa de Andrade,35,35,07/06/1908,07/06/1908,"Livro de Emplacamento. n,20. p,342",Cintia,8/10/2018
373,373-27,27,Rua Henrique Dias,27,27,04/12/1936,,"Livro de Emplacamento. n,21. p,354",Cintia,8/10/2018
373,373-27,27,Rua Henrique Dias,1,1,19/03/1908,03/12/1936,"Livro de Emplacamento. n,21. p,354",Cintia,8/10/2018
373,373-171,"170,5",Rua Henrique Dias,171,171,04/12/1936,,"Livro de Emplacamento. n,21. p,354",Cintia,8/10/2018
373,373-171,"170,5",Rua Henrique Dias,35,35,26/09/1911,03/12/1936,"Livro de Emplacamento. n,21. p,354",Cintia,8/10/2018
373,373-171,"170,5",Rua Henrique Dias,33,33,19/03/1908,25/09/1911,"Livro de Emplacamento. n,21. p,354",Cintia,8/10/2018
373,373-171,"170,5",Rua Henrique Dias,"29,1",29A,18/03/1908,18/03/1908,"Livro de Emplacamento. n,21. p,354",Cintia,8/10/2018
373,373-263,"262,2",Rua Henrique Dias,263,263,04/12/1936,,"Livro de Emplacamento. n,21. p,354",Cintia,8/10/2018
373,373-263,"262,2",Rua Henrique Dias,61,61,26/09/1911,03/12/1936,"Livro de Emplacamento. n,21. p,354",Cintia,8/10/2018
373,373-263,"262,2",Rua Henrique Dias,57,57,19/03/1908,25/09/1911,"Livro de Emplacamento. n,21. p,354",Cintia,8/10/2018
373,373-273,"273,8",Rua Henrique Dias,273,273,04/12/1936,,"Livro de Emplacamento. n,21. p,354",Cintia,8/10/2018
373,373-273,"273,8",Rua Henrique Dias,65,65,26/09/1911,03/12/1936,"Livro de Emplacamento. n,21. p,354",Cintia,8/10/2018
373,373-32,"32,5",Rua Henrique Dias,32,32,04/12/1936,,"Livro de Emplacamento. n,21. p,354",Cintia,8/10/2018
373,373-32,"32,5",Rua Henrique Dias,2,2,19/03/1908,03/12/1936,"Livro de Emplacamento. n,21. p,354",Cintia,8/10/2018
373,373-202,201,Rua Henrique Dias,202,202,04/12/1936,,"Livro de Emplacamento. n,21. p,354",Cintia,8/10/2018
373,373-202,201,Rua Henrique Dias,44,44,26/09/1911,03/12/1936,"Livro de Emplacamento. n,21. p,354",Cintia,8/10/2018
373,373-202,201,Rua Henrique Dias,36,36,19/03/1908,25/09/1911,"Livro de Emplacamento. n,21. p,354",Cintia,8/10/2018
373,373-314,"314,9",Rua Henrique Dias,314,314,04/12/1936,,"Livro de Emplacamento. n,21. p,354",Cintia,8/10/2018
373,373-314,"314,9",Rua Henrique Dias,84,84,26/09/1911,03/12/1936,"Livro de Emplacamento. n,21. p,354",Cintia,8/10/2018
373,373-314,"314,9",Rua Henrique Dias,82,82,19/03/1908,25/09/1911,"Livro de Emplacamento. n,21. p,354",Cintia,8/10/2018
373,373-314,"314,9",Rua Henrique Dias,50,50,18/03/1908,18/03/1908,"Livro de Emplacamento. n,21. p,354",Cintia,8/10/2018
396,396-24,"23,3",Rua Rocha,24,24,23/01/1942,,"Livro de Emplacamento. n,28. p,308",Cintia,8/10/2018
396,396-24,"23,3",Rua Rocha,2,2,22/01/1942,22/01/1942,"Livro de Emplacamento. n,28. p,308",Cintia,8/10/2018
396,396-64,63,Rua Rocha,64,64,23/01/1942,,"Livro de Emplacamento. n,28. p,308",Cintia,8/10/2018
396,396-64,63,Rua Rocha,10,10,22/01/1942,22/01/1942,"Livro de Emplacamento. n,28. p,308",Cintia,8/10/2018
396,396-112,"111,3",Rua Rocha,112,112,23/01/1942,,"Livro de Emplacamento. n,28. p,308",Cintia,8/10/2018
396,396-112,"111,3",Rua Rocha,24,24,22/01/1942,22/01/1942,"Livro de Emplacamento. n,28. p,308",Cintia,8/10/2018
396,396-9,"9,5",Rua Rocha,9,9,23/01/1942,,"Livro de Emplacamento. n,28. p,308",Cintia,8/10/2018
396,396-9,"9,5",Rua Rocha,5,5,22/01/1942,22/01/1942,"Livro de Emplacamento. n,28. p,308",Cintia,8/10/2018
396,396-167,"167,7",Rua Rocha,167,167,23/01/1942,,"Livro de Emplacamento. n,28. p,308",Cintia,8/10/2018
396,396-167,"167,7",Rua Rocha,21,21,02/06/1919,22/01/1942,"Livro de Emplacamento. n,28. p,308",Cintia,8/10/2018
396,396-167,"167,7",Rua Rocha,79,79,01/06/1919,01/06/1919,"Livro de Emplacamento. n,28. p,308",Cintia,8/10/2018
396,396-233,"232,7",Rua Rocha,233,233,23/01/1942,,"Livro de Emplacamento. n,28. p,308",Cintia,8/10/2018
396,396-233,"232,7",Rua Rocha,41,41,22/01/1942,22/01/1942,"Livro de Emplacamento. n,28. p,308",Cintia,8/10/2018
488,488-113,"113,8",Rua Flora,113,113,29/04/1936,,"Livro de Emplacamento. n,21. p,265",Cintia,8/10/2018
488,488-113,"113,8",Rua Flora,11,11,04/02/1918,28/04/1936,"Livro de Emplacamento. n,21. p,265",Cintia,8/10/2018
488,488-117,"117,4",Rua Flora,117,117,29/04/1936,,"Livro de Emplacamento. n,21. p,265",Cintia,8/10/2018
488,488-117,"117,4",Rua Flora,13,13,04/02/1918,28/04/1936,"Livro de Emplacamento. n,21. p,265",Cintia,8/10/2018
488,488-117,"117,4",Rua Flora,5,5,03/01/1918,03/01/1918,"Livro de Emplacamento. n,21. p,265",Cintia,8/10/2018
488,488-34,"33,2",Rua Flora,34,34,29/04/1936,,"Livro de Emplacamento. n,21. p,265",Cintia,8/10/2018
488,488-34,"33,2",Rua Flora,2,2,24/01/1912,28/04/1936,"Livro de Emplacamento. n,21. p,265",Cintia,8/10/2018
488,488-92,"91,2",Rua Flora,92,92,29/04/1936,,"Livro de Emplacamento. n,21. p,265",Cintia,8/10/2018
488,488-92,"91,2",Rua Flora,16,16,04/02/1918,28/04/1936,"Livro de Emplacamento. n,21. p,265",Cintia,8/10/2018
488,488-92,"91,2",Rua Flora,8,8,24/01/1912,03/01/1918,"Livro de Emplacamento. n,21. p,265",Cintia,8/10/2018
488,488-136,"135,1",Rua Flora,136,136,29/04/1936,,"Livro de Emplacamento. n,21. p,265",Cintia,8/10/2018
488,488-136,"135,1",Rua Flora,34,34,04/02/1918,28/04/1936,"Livro de Emplacamento. n,21. p,265",Cintia,8/10/2018
488,488-184,"184,8",Rua Flora,184,184,29/04/1936,,"Livro de Emplacamento. n,21. p,265",Cintia,8/10/2018
488,488-184,"184,8",Rua Flora,56,56,28/04/1936,28/04/1936,"Livro de Emplacamento. n,21. p,265",Cintia,8/10/2018
505,505-85,"85,3",Rua Conselheiro Carrao,85,85,18/02/1936,,"Livro de Emplacamento. n,20. p,361",Cintia,8/10/2018
505,505-85,"85,3",Rua Conselheiro Carrao,1,1,04/06/1908,17/02/1936,"Livro de Emplacamento. n,20. p,361",Cintia,8/10/2018
505,505-98,"98,6",Rua Conselheiro Carrao,98,98,18/02/1936,,"Livro de Emplacamento. n,20. p,361",Cintia,8/10/2018
505,505-98,"98,6",Rua Conselheiro Carrao,4,4,04/07/1908,17/02/1936,"Livro de Emplacamento. n,20. p,361",Cintia,8/10/2018
505,505-98,"98,6",Rua Conselheiro Carrao,6,6,03/06/1908,03/06/1908,"Livro de Emplacamento. n,20. p,361",Cintia,8/10/2018
505,505-474,473,Rua Conselheiro Carrao,474,474,18/02/1936,,"Livro de Emplacamento. n,20. p,361",Cintia,8/10/2018
505,505-474,473,Rua Conselheiro Carrao,82,82,19/10/1922,17/02/1936,"Livro de Emplacamento. n,20. p,361",Cintia,8/10/2018
505,505-474,473,Rua Conselheiro Carrao,94,94,28/08/1911,18/10/1922,"Livro de Emplacamento. n,20. p,361",Cintia,8/10/2018
505,505-474,473,Rua Conselheiro Carrao,82,82,04/07/1908,27/08/1911,"Livro de Emplacamento. n,20. p,361",Cintia,8/10/2018
505,505-474,473,Rua Conselheiro Carrao,"74,1",74A,03/06/1908,03/06/1908,"Livro de Emplacamento. n,20. p,361",Cintia,8/10/2018
505,505-530,"529,3",Rua Conselheiro Carrao,530,530,18/02/1936,,"Livro de Emplacamento. n,20. p,361",Cintia,8/10/2018
505,505-530,"529,3",Rua Conselheiro Carrao,96,96,19/10/1922,17/02/1936,"Livro de Emplacamento. n,20. p,361",Cintia,8/10/2018
505,505-530,"529,3",Rua Conselheiro Carrao,108,108,28/08/1911,18/10/1922,"Livro de Emplacamento. n,20. p,361",Cintia,8/10/2018
505,505-558,"558,8",Rua Conselheiro Carrao,558,558,18/02/1936,,"Livro de Emplacamento. n,20. p,361",Cintia,8/10/2018
505,505-558,"558,8",Rua Conselheiro Carrao,106,106,19/10/1922,17/02/1936,"Livro de Emplacamento. n,20. p,361",Cintia,8/10/2018
522,522-17,"17,9",Rua Silva Pinto,17,17,08/08/1934,,"Livro de Emplacamento. n,19. p,158",Cintia,8/10/2018
522,522-17,"17,9",Rua Silva Pinto,1,1,18/05/1909,07/08/1934,"Livro de Emplacamento. n,19. p,158",Cintia,8/10/2018
522,522-59,"59,9",Rua Silva Pinto,59,59,08/08/1934,,"Livro de Emplacamento. n,19. p,158",Cintia,8/10/2018
522,522-59,"59,9",Rua Silva Pinto,11,11,18/05/1909,07/08/1934,"Livro de Emplacamento. n,19. p,158",Cintia,8/10/2018
522,522-59,"59,9",Rua Silva Pinto,"7,1",7A,17/05/1909,17/05/1909,"Livro de Emplacamento. n,19. p,158",Cintia,8/10/2018
522,522-79,"78,5",Rua Silva Pinto,79,79,08/08/1934,,"Livro de Emplacamento. n,19. p,158",Cintia,8/10/2018
522,522-79,"78,5",Rua Silva Pinto,19,19,18/05/1909,07/08/1934,"Livro de Emplacamento. n,19. p,158",Cintia,8/10/2018
522,522-79,"78,5",Rua Silva Pinto,15,15,17/05/1909,17/05/1909,"Livro de Emplacamento. n,19. p,158",Cintia,8/10/2018
522,522-2,2,Rua Silva Pinto,2,2,18/05/1909,07/08/1934,"Livro de Emplacamento. n,19. p,158",Cintia,8/10/2018
522,522-18,"18,8",Rua Silva Pinto,18,18,08/08/1934,,"Livro de Emplacamento. n,19. p,158",Cintia,8/10/2018
522,522-18,"18,8",Rua Silva Pinto,8,8,07/08/1934,07/08/1934,"Livro de Emplacamento. n,19. p,158",Cintia,8/10/2018
522,522-78,78,Rua Silva Pinto,78,78,08/08/1934,,"Livro de Emplacamento. n,19. p,158",Cintia,8/10/2018
522,522-78,78,Rua Silva Pinto,16,16,18/05/1909,07/08/1934,"Livro de Emplacamento. n,19. p,158",Cintia,8/10/2018
287,287-41,"41,4",Rua Mendes Junior,41,41,30/06/1933,,"Livro de Emplacamento. n,19. p,70",Cintia,8/10/2018
287,287-41,"41,4",Rua Mendes Junior,5,5,05/04/1917,29/06/1933,"Livro de Emplacamento. n,19. p,70",Cintia,8/10/2018
287,287-59,"59,9",Rua Mendes Junior,59,59,30/06/1933,,"Livro de Emplacamento. n,19. p,70",Cintia,8/10/2018
287,287-59,"59,9",Rua Mendes Junior,9,9,05/04/1917,29/06/1933,"Livro de Emplacamento. n,19. p,70",Cintia,8/10/2018
287,287-22,"21,3",Rua Mendes Junior,22,22,30/06/1933,,"Livro de Emplacamento. n,19. p,70",Cintia,8/10/2018
287,287-22,"21,3",Rua Mendes Junior,2,2,05/04/1917,29/06/1933,"Livro de Emplacamento. n,19. p,70",Cintia,8/10/2018
287,287-40,"40,9",Rua Mendes Junior,40,40,30/06/1933,,"Livro de Emplacamento. n,19. p,70",Cintia,8/10/2018
287,287-40,"40,9",Rua Mendes Junior,8,8,05/04/1917,29/06/1933,"Livro de Emplacamento. n,19. p,70",Cintia,8/10/2018
287,287-40,"40,9",Rua Mendes Junior,10,10,04/04/1917,04/04/1917,"Livro de Emplacamento. n,19. p,70",Cintia,8/10/2018
287,287-122,"122,2",Rua Mendes Junior,122,122,30/06/1933,,"Livro de Emplacamento. n,19. p,70",Cintia,8/10/2018
287,287-122,"122,2",Rua Mendes Junior,14,14,16/08/1929,29/06/1933,"Livro de Emplacamento. n,19. p,70",Cintia,8/10/2018
287,287-122,"122,2",Rua Mendes Junior,20,20,05/04/1917,15/08/1929,"Livro de Emplacamento. n,19. p,70",Cintia,8/10/2018
288,288-21,21,Rua Casemiro de Abreu,21,21,09/08/1938,,"Livro de Emplacamento. n,25. p,95. n,12. p,6",Cintia,8/10/2018
288,288-21,21,Rua Casemiro de Abreu,3,3,10/10/1908,08/08/1938,"Livro de Emplacamento. n,25. p,95. n,12. p,6",Cintia,8/10/2018
288,288-24,25,Rua Casemiro de Abreu,24,24,09/08/1938,,"Livro de Emplacamento. n,25. p,95. n,12. p,6",Cintia,8/10/2018
288,288-24,25,Rua Casemiro de Abreu,4,4,10/10/1908,08/08/1938,"Livro de Emplacamento. n,25. p,95. n,12. p,6",Cintia,8/10/2018
288,288-452,"452,1",Rua Casemiro de Abreu,96,96,27/03/1911,30/08/1927,"Livro de Emplacamento. n,25. p,95. n,12. p,6",Cintia,8/10/2018
288,288-452,"452,1",Rua Casemiro de Abreu,68,68,10/10/1908,26/03/1911,"Livro de Emplacamento. n,25. p,95. n,12. p,6",Cintia,8/10/2018
288,288-452,"452,1",Rua Casemiro de Abreu,58,58,09/10/1908,09/10/1908,"Livro de Emplacamento. n,25. p,95. n,12. p,6",Cintia,8/10/2018
288,288-626,"626,4",Rua Casemiro de Abreu,626,626,09/08/1938,,"Livro de Emplacamento. n,25. p,95. n,12. p,6",Cintia,8/10/2018
288,288-626,"626,4",Rua Casemiro de Abreu,146,146,31/08/1927,08/08/1938,"Livro de Emplacamento. n,25. p,95. n,12. p,6",Cintia,8/10/2018
288,288-626,"626,4",Rua Casemiro de Abreu,140,140,10/10/1908,30/08/1927,"Livro de Emplacamento. n,25. p,95. n,12. p,6",Cintia,8/10/2018
218,218-26,"26,5",Rua Joao Theodoro,26,26,20/03/1937,,"Livro de Emplacamento. n,22. p,165",Cintia,8/10/2018
218,218-26,"26,5",Rua Joao Theodoro,2,2,18/02/1907,19/03/1937,"Livro de Emplacamento. n,22. p,165",Cintia,8/10/2018
218,218-501,"501,5",Rua Joao Theodoro,501,501,20/03/1937,,"Livro de Emplacamento. n,22. p,165",Cintia,8/10/2018
218,218-501,"501,5",Rua Joao Theodoro,7,7,18/02/1907,19/03/1937,"Livro de Emplacamento. n,22. p,165",Cintia,8/10/2018
218,218-1205,"1204,3",Rua Joao Theodoro,1205,1205,20/03/1937,,"Livro de Emplacamento. n,22. p,165",Cintia,8/10/2018
218,218-1205,"1204,3",Rua Joao Theodoro,135,135,18/09/1925,19/03/1937,"Livro de Emplacamento. n,22. p,165",Cintia,8/10/2018
218,218-1205,"1204,3",Rua Joao Theodoro,69,69,18/02/1907,17/09/1925,"Livro de Emplacamento. n,22. p,165",Cintia,8/10/2018
218,218-1611,"1611,6",Rua Joao Theodoro,1611,1611,20/03/1937,,"Livro de Emplacamento. n,22. p,165",Cintia,8/10/2018
218,218-1611,"1611,6",Rua Joao Theodoro,259,259,18/09/1925,19/03/1937,"Livro de Emplacamento. n,22. p,165",Cintia,8/10/2018
218,218-1611,"1611,6",Rua Joao Theodoro,191,191,05/03/1911,17/09/1925,"Livro de Emplacamento. n,22. p,165",Cintia,8/10/2018
218,218-1611,"1611,6",Rua Joao Theodoro,171,171,30/06/1909,04/03/1911,"Livro de Emplacamento. n,22. p,165",Cintia,8/10/2018
218,218-1611,"1611,6",Rua Joao Theodoro,133,133,18/02/1907,29/06/1909,"Livro de Emplacamento. n,22. p,165",Cintia,8/10/2018
218,218-1611,"1611,6",Rua Joao Theodoro,35,35,17/02/1907,17/02/1907,"Livro de Emplacamento. n,22. p,165",Cintia,8/10/2018
32,32-112,"111,4",rua barao de duprat,112,112,10/07/1936,,"livros de emplacamento 2-12-1911 - L2. -p,17",Cintia,8/10/2018
32,32-112,"111,4",rua barao de duprat,2,2,10/09/1927,10/06/1936,"livros de emplacamento 2-12-1911 - L2. -p,17",Cintia,8/10/2018
32,32-338,"338,7",rua barao de duprat,338,338,10/07/1936,,"livros de emplacamento 2-12-1911 - L2. -p,17",Cintia,8/10/2018
32,32-338,"338,7",rua barao de duprat,34,34,10/10/1927,10/06/1936,"livros de emplacamento 2-12-1911 - L2. -p,17",Cintia,8/10/2018
32,32-338,"338,7",rua barao de duprat,46,46,10/09/1927,10/09/1927,"livros de emplacamento 2-12-1911 - L2. -p,17",Cintia,8/10/2018
32,32-594,"593,3",rua barao de duprat,594,594,10/07/1936,,"livros de emplacamento 2-12-1911 - L2. -p,17",Cintia,8/10/2018
32,32-594,"593,3",rua barao de duprat,70,70,10/10/1927,10/06/1936,"livros de emplacamento 2-12-1911 - L2. -p,17",Cintia,8/10/2018
32,32-594,"593,3",rua barao de duprat,22,22,10/09/1927,10/09/1927,"livros de emplacamento 2-12-1911 - L2. -p,17",Cintia,8/10/2018
32,32-15,"15,5",rua barao de duprat,15,15,10/07/1936,,"livros de emplacamento 2-12-1911 - L2. -p,17",Cintia,8/10/2018
32,32-15,"15,5",rua barao de duprat,1,1,03/08/1916,10/06/1936,"livros de emplacamento 2-12-1911 - L2. -p,17",Cintia,8/10/2018
32,32-79,"79,8",rua barao de duprat,79,79,10/07/1936,,"livros de emplacamento 2-12-1911 - L2. -p,17",Cintia,8/10/2018
32,32-79,"79,8",rua barao de duprat,9,9,10/10/1927,10/06/1936,"livros de emplacamento 2-12-1911 - L2. -p,17",Cintia,8/10/2018
32,32-79,"79,8",rua barao de duprat,5,5,12/08/1911,10/09/1927,"livros de emplacamento 2-12-1911 - L2. -p,17",Cintia,8/10/2018
32,32-305,"304,3",rua barao de duprat,305,305,10/07/1936,,"livros de emplacamento 2-12-1911 - L2. -p,17",Cintia,8/10/2018
32,32-305,"304,3",rua barao de duprat,49,49,10/10/1927,10/06/1936,"livros de emplacamento 2-12-1911 - L2. -p,17",Cintia,8/10/2018
32,32-305,"304,3",rua barao de duprat,45,45,03/08/1916,10/09/1927,"livros de emplacamento 2-12-1911 - L2. -p,17",Cintia,8/10/2018
32,32-305,"304,3",rua barao de duprat,39,39,12/08/1911,03/07/1916,"livros de emplacamento 2-12-1911 - L2. -p,17",Cintia,8/10/2018
32,32-305,"304,3",rua barao de duprat,27,27,12/07/1911,12/07/1911,"livros de emplacamento 2-12-1911 - L2. -p,17",Cintia,8/10/2018
32,32-515,"514,9",rua barao de duprat,515,515,10/07/1936,,"livros de emplacamento 2-12-1911 - L2. -p,17",Cintia,8/10/2018
32,32-515,"514,9",rua barao de duprat,81,81,10/10/1927,10/06/1936,"livros de emplacamento 2-12-1911 - L2. -p,17",Cintia,8/10/2018
32,32-515,"514,9",rua barao de duprat,67,67,03/08/1916,10/09/1927,"livros de emplacamento 2-12-1911 - L2. -p,17",Cintia,8/10/2018
32,32-609,"609,5",rua barao de duprat,609,609,10/07/1936,,"livros de emplacamento 2-12-1911 - L2. -p,17",Cintia,8/10/2018
32,32-609,"609,5",rua barao de duprat,111,111,10/06/1936,10/06/1936,"livros de emplacamento 2-12-1911 - L2. -p,17",Cintia,8/10/2018
155,155-33,"33,5",rua coronel mursa,33,33,31/08/1936,,"livros de emplacamento 1-8-1908  - L2. p,74; 25-1-1912 - L3. p,34; 9-10-1930 - L17. p,107; 31-8-1936 - L21. p,267/268""",Cintia,8/10/2018
155,155-33,"33,5",rua coronel mursa,1,1,08/01/1908,30/08/1936,"livros de emplacamento 1-8-1908  - L2. p,74; 25-1-1912 - L3. p,34; 9-10-1930 - L17. p,107; 31-8-1936 - L21. p,267/268""",Cintia,8/10/2018
155,155-93,"93,4",rua coronel mursa,93,93,31/08/1936,,"livros de emplacamento 1-8-1908  - L2. p,74; 25-1-1912 - L3. p,34; 9-10-1930 - L17. p,107; 31-8-1936 - L21. p,267/268""",Cintia,8/10/2018
155,155-93,"93,4",rua coronel mursa,19,19,08/01/1908,30/08/1936,"livros de emplacamento 1-8-1908  - L2. p,74; 25-1-1912 - L3. p,34; 9-10-1930 - L17. p,107; 31-8-1936 - L21. p,267/268""",Cintia,8/10/2018
155,155-171,"171,5",rua coronel mursa,171,171,31/08/1936,,"livros de emplacamento 1-8-1908  - L2. p,74; 25-1-1912 - L3. p,34; 9-10-1930 - L17. p,107; 31-8-1936 - L21. p,267/268""",Cintia,8/10/2018
155,155-171,"171,5",rua coronel mursa,37,37,10/09/1930,30/08/1936,"livros de emplacamento 1-8-1908  - L2. p,74; 25-1-1912 - L3. p,34; 9-10-1930 - L17. p,107; 31-8-1936 - L21. p,267/268""",Cintia,8/10/2018
155,155-171,"171,5",rua coronel mursa,35,35,08/01/1908,10/08/1930,"livros de emplacamento 1-8-1908  - L2. p,74; 25-1-1912 - L3. p,34; 9-10-1930 - L17. p,107; 31-8-1936 - L21. p,267/268""",Cintia,8/10/2018
155,155-66,"66,8",rua coronel mursa,66,66,31/08/1936,,"livros de emplacamento 1-8-1908  - L2. p,74; 25-1-1912 - L3. p,34; 9-10-1930 - L17. p,107; 31-8-1936 - L21. p,267/268""",Cintia,8/10/2018
155,155-66,"66,8",rua coronel mursa,4,4,10/09/1930,30/08/1936,"livros de emplacamento 1-8-1908  - L2. p,74; 25-1-1912 - L3. p,34; 9-10-1930 - L17. p,107; 31-8-1936 - L21. p,267/268""",Cintia,8/10/2018
155,155-66,"66,8",rua coronel mursa,12,12,08/01/1908,10/08/1930,"livros de emplacamento 1-8-1908  - L2. p,74; 25-1-1912 - L3. p,34; 9-10-1930 - L17. p,107; 31-8-1936 - L21. p,267/268""",Cintia,8/10/2018
155,155-174,"174,4",rua coronel mursa,174,174,31/08/1936,,"livros de emplacamento 1-8-1908  - L2. p,74; 25-1-1912 - L3. p,34; 9-10-1930 - L17. p,107; 31-8-1936 - L21. p,267/268""",Cintia,8/10/2018
155,155-174,"174,4",rua coronel mursa,42,42,10/09/1930,30/08/1936,"livros de emplacamento 1-8-1908  - L2. p,74; 25-1-1912 - L3. p,34; 9-10-1930 - L17. p,107; 31-8-1936 - L21. p,267/268""",Cintia,8/10/2018
155,155-174,"174,4",rua coronel mursa,54,54,08/01/1908,10/08/1930,"livros de emplacamento 1-8-1908  - L2. p,74; 25-1-1912 - L3. p,34; 9-10-1930 - L17. p,107; 31-8-1936 - L21. p,267/268""",Cintia,8/10/2018
155,155-174,"174,4",rua coronel mursa,50,50,31/07/1908,31/07/1908,"livros de emplacamento 1-8-1908  - L2. p,74; 25-1-1912 - L3. p,34; 9-10-1930 - L17. p,107; 31-8-1936 - L21. p,267/268""",Cintia,8/10/2018
155,155-290,"289,7",rua coronel mursa,290,290,31/08/1936,,"livros de emplacamento 1-8-1908  - L2. p,74; 25-1-1912 - L3. p,34; 9-10-1930 - L17. p,107; 31-8-1936 - L21. p,267/268""",Cintia,8/10/2018
155,155-290,"289,7",rua coronel mursa,54,54,10/09/1930,30/08/1936,"livros de emplacamento 1-8-1908  - L2. p,74; 25-1-1912 - L3. p,34; 9-10-1930 - L17. p,107; 31-8-1936 - L21. p,267/268""",Cintia,8/10/2018
155,155-290,"289,7",rua coronel mursa,64,64,10/08/1930,10/08/1930,"livros de emplacamento 1-8-1908  - L2. p,74; 25-1-1912 - L3. p,34; 9-10-1930 - L17. p,107; 31-8-1936 - L21. p,267/268""",Cintia,8/10/2018
202,202-50,"50,5",rua guarany,50,50,24/03/1937,,"livros de emplacamento 17-11-1908 - L4. p,73. 26-2-1911 - L4. p,82; 24-3-1937 - L22. p. 84 a 86""",Cintia,8/10/2018
202,202-50,"50,5",rua guarany,4,4,17/11/1908,23/03/1937,"livros de emplacamento 17-11-1908 - L4. p,73. 26-2-1911 - L4. p,82; 24-3-1937 - L22. p. 84 a 86""",Cintia,8/10/2018
202,202-170,"169,9",rua guarany,170,170,24/03/1937,,"livros de emplacamento 17-11-1908 - L4. p,73. 26-2-1911 - L4. p,82; 24-3-1937 - L22. p. 84 a 86""",Cintia,8/10/2018
202,202-170,"169,9",rua guarany,32,32,17/11/1908,23/03/1937,"livros de emplacamento 17-11-1908 - L4. p,73. 26-2-1911 - L4. p,82; 24-3-1937 - L22. p. 84 a 86""",Cintia,8/10/2018
202,202-326,"326,8",rua guarany,326,326,24/03/1937,,"livros de emplacamento 17-11-1908 - L4. p,73. 26-2-1911 - L4. p,82; 24-3-1937 - L22. p. 84 a 86""",Cintia,8/10/2018
202,202-326,"326,8",rua guarany,70,70,17/11/1908,23/03/1937,"livros de emplacamento 17-11-1908 - L4. p,73. 26-2-1911 - L4. p,82; 24-3-1937 - L22. p. 84 a 86""",Cintia,8/10/2018
202,202-37,"36,9",rua guarany,37,37,24/03/1937,,"livros de emplacamento 17-11-1908 - L4. p,73. 26-2-1911 - L4. p,82; 24-3-1937 - L22. p. 84 a 86""",Cintia,8/10/2018
202,202-37,"36,9",rua guarany,3,3,17/11/1908,23/03/1937,"livros de emplacamento 17-11-1908 - L4. p,73. 26-2-1911 - L4. p,82; 24-3-1937 - L22. p. 84 a 86""",Cintia,8/10/2018
202,202-169,"169,5",rua guarany,169,169,24/03/1937,,"livros de emplacamento 17-11-1908 - L4. p,73. 26-2-1911 - L4. p,82; 24-3-1937 - L22. p. 84 a 86""",Cintia,8/10/2018
202,202-169,"169,5",rua guarany,27,27,17/11/1908,23/03/1937,"livros de emplacamento 17-11-1908 - L4. p,73. 26-2-1911 - L4. p,82; 24-3-1937 - L22. p. 84 a 86""",Cintia,8/10/2018
202,202-283,"283,6",rua guarany,283,283,24/03/1937,,"livros de emplacamento 17-11-1908 - L4. p,73. 26-2-1911 - L4. p,82; 24-3-1937 - L22. p. 84 a 86""",Cintia,8/10/2018
202,202-283,"283,6",rua guarany,51,51,17/11/1908,23/03/1937,"livros de emplacamento 17-11-1908 - L4. p,73. 26-2-1911 - L4. p,82; 24-3-1937 - L22. p. 84 a 86""",Cintia,8/10/2018
403,403-59,"59,1",rua de santo antonio,59,59,30/11/1940,,"4-6-1908 - L8. p,113 a 114",Cintia,8/10/2018
403,403-59,"59,1",rua de santo antonio,1,1,07/04/1908,29/11/1940,"4-6-1908 - L8. p,113 a 114",Cintia,8/10/2018
403,403-261,"260,7",rua de santo antonio,261,261,30/11/1940,,"4-6-1908 - L8. p,113 a 114",Cintia,8/10/2018
403,403-261,"260,7",rua de santo antonio,55,55,08/02/1928,29/11/1940,"4-6-1908 - L8. p,113 a 114",Cintia,8/10/2018
403,403-261,"260,7",rua de santo antonio,57,57,07/04/1908,08/01/1928,"4-6-1908 - L8. p,113 a 114",Cintia,8/10/2018
403,403-261,"260,7",rua de santo antonio,33,33,07/03/1908,07/03/1908,"4-6-1908 - L8. p,113 a 114",Cintia,8/10/2018
403,403-30,"30,3",rua de santo antonio,30,30,30/11/1940,,"4-6-1908 - L8. p,113 a 114",Cintia,8/10/2018
403,403-30,"30,3",rua de santo antonio,2,2,03/08/1909,29/11/1940,"4-6-1908 - L8. p,113 a 114",Cintia,8/10/2018
403,403-30,"30,3",rua de santo antonio,4,4,07/04/1908,03/07/1909,"4-6-1908 - L8. p,113 a 114",Cintia,8/10/2018
403,403-170,"170,9",rua de santo antonio,170,170,30/11/1940,,"4-6-1908 - L8. p,113 a 114",Cintia,8/10/2018
403,403-170,"170,9",rua de santo antonio,46,46,08/02/1928,29/11/1940,"4-6-1908 - L8. p,113 a 114",Cintia,8/10/2018
403,403-170,"170,9",rua de santo antonio,40,40,07/04/1908,08/01/1928,"4-6-1908 - L8. p,113 a 114",Cintia,8/10/2018
403,403-170,"170,9",rua de santo antonio,30,30 tinta,07/03/1908,07/03/1908,"4-6-1908 - L8. p,113 a 114",Cintia,8/10/2018
403,403-840,"830,1",rua de santo antonio,840,840,30/11/1940,,"4-6-1908 - L8. p,113 a 114",Cintia,8/10/2018
403,403-840,"830,1",rua de santo antonio,188,188,08/02/1928,29/11/1940,"4-6-1908 - L8. p,113 a 114",Cintia,8/10/2018
403,403-840,"830,1",rua de santo antonio,184,184,03/01/1912,08/01/1928,"4-6-1908 - L8. p,113 a 114",Cintia,8/10/2018
403,403-840,"830,1",rua de santo antonio,170,170,07/04/1908,28/02/1912,"4-6-1908 - L8. p,113 a 114",Cintia,8/10/2018
403,403-840,"830,1",rua de santo antonio,134,134,07/03/1908,07/03/1908,"4-6-1908 - L8. p,113 a 114",Cintia,8/10/2018
403,403-1120,"1119,9",rua de santo antonio,1120,1120,30/11/1940,,"4-6-1908 - L8. p,113 a 114",Cintia,8/10/2018
403,403-1120,"1119,9",rua de santo antonio,278,278,03/01/1912,29/11/1940,"4-6-1908 - L8. p,113 a 114",Cintia,8/10/2018
403,403-1120,"1119,9",rua de santo antonio,260,260,07/04/1908,28/02/1912,"4-6-1908 - L8. p,113 a 114",Cintia,8/10/2018
403,403-1120,"1119,9",rua de santo antonio,224,224,07/03/1908,07/03/1908,"4-6-1908 - L8. p,113 a 114",Cintia,8/10/2018
403,403-1322,"1322,1",rua de santo antonio,1322,1322,30/11/1940,,"4-6-1908 - L8. p,113 a 114",Cintia,8/10/2018
403,403-1322,"1322,1",rua de santo antonio,328,328,08/02/1928,29/11/1940,"4-6-1908 - L8. p,113 a 114",Cintia,8/10/2018
403,403-1322,"1322,1",rua de santo antonio,330,330,03/01/1912,08/01/1928,"4-6-1908 - L8. p,113 a 114",Cintia,8/10/2018
403,403-1322,"1322,1",rua de santo antonio,312,312,07/04/1908,28/02/1912,"4-6-1908 - L8. p,113 a 114",Cintia,8/10/2018
403,403-1322,"1322,1",rua de santo antonio,268,268,07/03/1908,07/03/1908,"4-6-1908 - L8. p,113 a 114",Cintia,8/10/2018
21,21-9,"9,1",rua de sao bento,9,9,10/02/1936,,"Livros de emplacamento 12-1-1910 - L8. p,151",Cintia,8/10/2018
21,21-9,"9,1",rua de sao bento,1,1,01/12/1910,10/01/1936,"Livros de emplacamento 12-1-1910 - L8. p,151",Cintia,8/10/2018
21,21-87,87,rua de sao bento,87,87,10/02/1936,,"Livros de emplacamento 12-1-1910 - L8. p,151",Cintia,8/10/2018
21,21-87,87,rua de sao bento,15,15,13/03/1928,10/01/1936,"Livros de emplacamento 12-1-1910 - L8. p,151",Cintia,8/10/2018
21,21-87,87,rua de sao bento,21,21 e/t,01/12/1910,03/12/1928,"Livros de emplacamento 12-1-1910 - L8. p,151",Cintia,8/10/2018
21,21-293,"293,1",rua de sao bento,293,293,10/02/1936,,"Livros de emplacamento 12-1-1910 - L8. p,151",Cintia,8/10/2018
21,21-293,"293,1",rua de sao bento,35,35,13/03/1928,10/01/1936,"Livros de emplacamento 12-1-1910 - L8. p,151",Cintia,8/10/2018
21,21-293,"293,1",rua de sao bento,47,47,01/12/1910,03/12/1928,"Livros de emplacamento 12-1-1910 - L8. p,151",Cintia,8/10/2018
21,21-481,482,rua de sao bento,481,481,10/02/1936,,"Livros de emplacamento 12-1-1910 - L8. p,151",Cintia,8/10/2018
21,21-481,482,rua de sao bento,59,59,13/03/1928,10/01/1936,"Livros de emplacamento 12-1-1910 - L8. p,151",Cintia,8/10/2018
21,21-481,482,rua de sao bento,79,79,01/12/1910,03/12/1928,"Livros de emplacamento 12-1-1910 - L8. p,151",Cintia,8/10/2018
21,21-561,"561,4",rua de sao bento,561,561,10/02/1936,,"Livros de emplacamento 12-1-1910 - L8. p,151",Cintia,8/10/2018
21,21-561,"561,4",rua de sao bento,"73,2",73 b,13/03/1928,10/01/1936,"Livros de emplacamento 12-1-1910 - L8. p,151",Cintia,8/10/2018
21,21-561,"561,4",rua de sao bento,"97,1",97 a,01/12/1910,03/12/1928,"Livros de emplacamento 12-1-1910 - L8. p,151",Cintia,8/10/2018
21,21-16,"15,5",rua de sao bento,16,16,10/02/1936,,"Livros de emplacamento 12-1-1910 - L8. p,151",Cintia,8/10/2018
21,21-16,"15,5",rua de sao bento,2,2,01/12/1910,10/01/1936,"Livros de emplacamento 12-1-1910 - L8. p,151",Cintia,8/10/2018
21,21-176,"176,2",rua de sao bento,176,176,10/02/1936,,"Livros de emplacamento 12-1-1910 - L8. p,151",Cintia,8/10/2018
21,21-176,"176,2",rua de sao bento,16,16,13/03/1928,10/01/1936,"Livros de emplacamento 12-1-1910 - L8. p,151",Cintia,8/10/2018
21,21-176,"176,2",rua de sao bento,18,18,01/12/1910,03/12/1928,"Livros de emplacamento 12-1-1910 - L8. p,151",Cintia,8/10/2018
21,21-176,"176,2",rua de sao bento,8,8,01/11/1910,01/11/1910,"Livros de emplacamento 12-1-1910 - L8. p,151",Cintia,8/10/2018
21,21-406,"406,7",rua de sao bento,406,406,10/02/1936,,"Livros de emplacamento 12-1-1910 - L8. p,151",Cintia,8/10/2018
21,21-406,"406,7",rua de sao bento,54,54,13/03/1928,10/01/1936,"Livros de emplacamento 12-1-1910 - L8. p,151",Cintia,8/10/2018
21,21-406,"406,7",rua de sao bento,62,62,01/12/1910,03/12/1928,"Livros de emplacamento 12-1-1910 - L8. p,151",Cintia,8/10/2018
21,21-406,"406,7",rua de sao bento,50,50,01/11/1910,01/11/1910,"Livros de emplacamento 12-1-1910 - L8. p,151",Cintia,8/10/2018
21,21-556,"556,9",rua de sao bento,556,556,10/02/1936,,"Livros de emplacamento 12-1-1910 - L8. p,151",Cintia,8/10/2018
21,21-556,"556,9",rua de sao bento,"76,3",76c,13/03/1928,10/01/1936,"Livros de emplacamento 12-1-1910 - L8. p,151",Cintia,8/10/2018
21,21-556,"556,9",rua de sao bento,88,88 e/t,01/12/1910,03/12/1928,"Livros de emplacamento 12-1-1910 - L8. p,151",Cintia,8/10/2018
194,194-10,"10,1",rua dos italianos,10,10,20/05/1937,,"Livros de emplacamento 24-5-1908 - L5. p,19",Cintia,8/10/2018
194,194-10,"10,1",rua dos italianos,2,2,24/05/1908,19/05/1937,"Livros de emplacamento 24-5-1908 - L5. p,19",Cintia,8/10/2018
194,194-220,"219,1",rua dos italianos,234,234,24/05/1908,19/05/1937,"Livros de emplacamento 24-5-1908 - L5. p,19",Cintia,8/10/2018
194,194-220,"219,1",rua dos italianos,1304,1304,20/05/1937,,"Livros de emplacamento 24-5-1908 - L5. p,19",Cintia,8/10/2018
194,194-25,"25,1",rua dos italianos,25,25,20/05/1937,,"Livros de emplacamento 24-5-1908 - L5. p,19",Cintia,8/10/2018
194,194-25,"25,1",rua dos italianos,1,1,24/05/1908,19/05/1937,"Livros de emplacamento 24-5-1908 - L5. p,19",Cintia,8/10/2018
194,194-123,"123,1",rua dos italianos,801,801,20/05/1937,,"Livros de emplacamento 24-5-1908 - L5. p,19",Cintia,8/10/2018
194,194-123,"123,1",rua dos italianos,167,167,24/05/1908,19/05/1937,"Livros de emplacamento 24-5-1908 - L5. p,19",Cintia,8/10/2018
22,22-39,38,rua libero badaro,39,39,25/09/1936,,"livro de emplacamento ""3-2-1909 - L6. p,15;  15-5-1915 - L6. p,35/36; 9-6-1922 - L6. p,48; 28-4-1928 - L13. p,194; 25-9-1936 - L21. p. 296 a 298""",Cintia,8/10/2018
22,22-73,"72,5",rua libero badaro,73,73,25/09/1936,,"livro de emplacamento ""3-2-1909 - L6. p,15;  15-5-1915 - L6. p,35/36; 9-6-1922 - L6. p,48; 28-4-1928 - L13. p,194; 25-9-1936 - L21. p. 296 a 298""",Cintia,8/10/2018
22,22-73,"72,5",rua libero badaro,52,52 s,28/04/1928,24/09/1936,"livro de emplacamento ""3-2-1909 - L6. p,15;  15-5-1915 - L6. p,35/36; 9-6-1922 - L6. p,48; 28-4-1928 - L13. p,194; 25-9-1936 - L21. p. 296 a 298""",Cintia,8/10/2018
22,22-89,"89,9",rua libero badaro,89,89,25/09/1936,,"livro de emplacamento ""3-2-1909 - L6. p,15;  15-5-1915 - L6. p,35/36; 9-6-1922 - L6. p,48; 28-4-1928 - L13. p,194; 25-9-1936 - L21. p. 296 a 298""",Cintia,8/10/2018
22,22-89,"89,9",rua libero badaro,50,50,28/04/1928,24/09/1936,"livro de emplacamento ""3-2-1909 - L6. p,15;  15-5-1915 - L6. p,35/36; 9-6-1922 - L6. p,48; 28-4-1928 - L13. p,194; 25-9-1936 - L21. p. 296 a 298""",Cintia,8/10/2018
22,22-89,"89,9",rua libero badaro,144,144,14/05/1915,27/04/1928,"livro de emplacamento ""3-2-1909 - L6. p,15;  15-5-1915 - L6. p,35/36; 9-6-1922 - L6. p,48; 28-4-1928 - L13. p,194; 25-9-1936 - L21. p. 296 a 298""",Cintia,8/10/2018
22,22-89,"89,9",rua libero badaro,7,7,02/03/1909,13/05/1915,"livro de emplacamento ""3-2-1909 - L6. p,15;  15-5-1915 - L6. p,35/36; 9-6-1922 - L6. p,48; 28-4-1928 - L13. p,194; 25-9-1936 - L21. p. 296 a 298""",Cintia,8/10/2018
22,22-89,"89,9",rua libero badaro,3,3,02/02/1909,02/02/1909,"livro de emplacamento ""3-2-1909 - L6. p,15;  15-5-1915 - L6. p,35/36; 9-6-1922 - L6. p,48; 28-4-1928 - L13. p,194; 25-9-1936 - L21. p. 296 a 298""",Cintia,8/10/2018
22,22-499,"499,3",rua libero badaro,499,499,25/09/1936,,"livro de emplacamento ""3-2-1909 - L6. p,15;  15-5-1915 - L6. p,35/36; 9-6-1922 - L6. p,48; 28-4-1928 - L13. p,194; 25-9-1936 - L21. p. 296 a 298""",Cintia,8/10/2018
22,22-499,"499,3",rua libero badaro,20,20,28/04/1928,24/09/1936,"livro de emplacamento ""3-2-1909 - L6. p,15;  15-5-1915 - L6. p,35/36; 9-6-1922 - L6. p,48; 28-4-1928 - L13. p,194; 25-9-1936 - L21. p. 296 a 298""",Cintia,8/10/2018
22,22-499,"499,3",rua libero badaro,60,60,14/05/1915,27/04/1928,"livro de emplacamento ""3-2-1909 - L6. p,15;  15-5-1915 - L6. p,35/36; 9-6-1922 - L6. p,48; 28-4-1928 - L13. p,194; 25-9-1936 - L21. p. 296 a 298""",Cintia,8/10/2018
22,22-499,"499,3",rua libero badaro,101,101,02/03/1909,13/05/1915,"livro de emplacamento ""3-2-1909 - L6. p,15;  15-5-1915 - L6. p,35/36; 9-6-1922 - L6. p,48; 28-4-1928 - L13. p,194; 25-9-1936 - L21. p. 296 a 298""",Cintia,8/10/2018
22,22-499,"499,3",rua libero badaro,"91,1",91B,02/02/1909,02/02/1909,"livro de emplacamento ""3-2-1909 - L6. p,15;  15-5-1915 - L6. p,35/36; 9-6-1922 - L6. p,48; 28-4-1928 - L13. p,194; 25-9-1936 - L21. p. 296 a 298""",Cintia,8/10/2018
22,22-377,377,rua libero badaro,377,377,25/09/1936,,"livro de emplacamento ""3-2-1909 - L6. p,15;  15-5-1915 - L6. p,35/36; 9-6-1922 - L6. p,48; 28-4-1928 - L13. p,194; 25-9-1936 - L21. p. 296 a 298""",Cintia,8/10/2018
22,22-377,377,rua libero badaro,34,34,28/04/1928,24/09/1936,"livro de emplacamento ""3-2-1909 - L6. p,15;  15-5-1915 - L6. p,35/36; 9-6-1922 - L6. p,48; 28-4-1928 - L13. p,194; 25-9-1936 - L21. p. 296 a 298""",Cintia,8/10/2018
22,22-377,377,rua libero badaro,98,98,14/05/1915,27/04/1928,"livro de emplacamento ""3-2-1909 - L6. p,15;  15-5-1915 - L6. p,35/36; 9-6-1922 - L6. p,48; 28-4-1928 - L13. p,194; 25-9-1936 - L21. p. 296 a 298""",Cintia,8/10/2018
22,22-665,"664,4",rua libero badaro,665,665,25/09/1936,,"livro de emplacamento ""3-2-1909 - L6. p,15;  15-5-1915 - L6. p,35/36; 9-6-1922 - L6. p,48; 28-4-1928 - L13. p,194; 25-9-1936 - L21. p. 296 a 298""",Cintia,8/10/2018
22,22-665,"664,4",rua libero badaro,2,2,14/05/1915,24/09/1936,"livro de emplacamento ""3-2-1909 - L6. p,15;  15-5-1915 - L6. p,35/36; 9-6-1922 - L6. p,48; 28-4-1928 - L13. p,194; 25-9-1936 - L21. p. 296 a 298""",Cintia,8/10/2018
22,22-665,"664,4",rua libero badaro,145,145,13/05/1915,13/05/1915,,Cintia,8/10/2018
22,22-82,82,rua libero badaro,82,82,25/09/1936,,"livro de emplacamento ""3-2-1909 - L6. p,15;  15-5-1915 - L6. p,35/36; 9-6-1922 - L6. p,48; 28-4-1928 - L13. p,194; 25-9-1936 - L21. p. 296 a 298""",Cintia,8/10/2018
22,22-118,"117,8",rua libero badaro,118,118,25/09/1936,,"livro de emplacamento ""3-2-1909 - L6. p,15;  15-5-1915 - L6. p,35/36; 9-6-1922 - L6. p,48; 28-4-1928 - L13. p,194; 25-9-1936 - L21. p. 296 a 298""",Cintia,8/10/2018
22,22-118,"117,8",rua libero badaro,75,75,28/04/1928,24/09/1936,"livro de emplacamento ""3-2-1909 - L6. p,15;  15-5-1915 - L6. p,35/36; 9-6-1922 - L6. p,48; 28-4-1928 - L13. p,194; 25-9-1936 - L21. p. 296 a 298""",Cintia,8/10/2018
22,22-118,"117,8",rua libero badaro,195,195,14/05/1915,27/04/1928,"livro de emplacamento ""3-2-1909 - L6. p,15;  15-5-1915 - L6. p,35/36; 9-6-1922 - L6. p,48; 28-4-1928 - L13. p,194; 25-9-1936 - L21. p. 296 a 298""",Cintia,8/10/2018
22,22-118,"117,8",rua libero badaro,10,10 tinta,02/03/1909,13/05/1915,"livro de emplacamento ""3-2-1909 - L6. p,15;  15-5-1915 - L6. p,35/36; 9-6-1922 - L6. p,48; 28-4-1928 - L13. p,194; 25-9-1936 - L21. p. 296 a 298""",Cintia,8/10/2018
22,22-332,"331,6",rua libero badaro,332,332,25/09/1936,,"livro de emplacamento ""3-2-1909 - L6. p,15;  15-5-1915 - L6. p,35/36; 9-6-1922 - L6. p,48; 28-4-1928 - L13. p,194; 25-9-1936 - L21. p. 296 a 298""",Cintia,8/10/2018
22,22-332,"331,6",rua libero badaro,43,43sob,28/04/1928,24/09/1936,"livro de emplacamento ""3-2-1909 - L6. p,15;  15-5-1915 - L6. p,35/36; 9-6-1922 - L6. p,48; 28-4-1928 - L13. p,194; 25-9-1936 - L21. p. 296 a 298""",Cintia,8/10/2018
22,22-332,"331,6",rua libero badaro,109,109,15/05/1915,27/09/1928,,Cintia,8/10/2018
22,22-332,"331,6",rua libero badaro,58,58,02/03/1909,14/05/1915,,Cintia,8/10/2018
22,22-324,"324,1",rua libero badaro,324,324,25/09/1936,,,Cintia,8/10/2018
22,22-324,"324,1",rua libero badaro,45,45,28/04/1928,24/09/1936,"livro de emplacamento ""3-2-1909 - L6. p,15;  15-5-1915 - L6. p,35/36; 9-6-1922 - L6. p,48; 28-4-1928 - L13. p,194; 25-9-1936 - L21. p. 296 a 298""",Cintia,8/10/2018
22,22-324,"324,1",rua libero badaro,115,115,15/05/1915,27/09/1928,,Cintia,8/10/2018
22,22-438,"438,3",rua libero badaro,438,438,25/09/1936,,"livro de emplacamento ""3-2-1909 - L6. p,15;  15-5-1915 - L6. p,35/36; 9-6-1922 - L6. p,48; 28-4-1928 - L13. p,194; 25-9-1936 - L21. p. 296 a 298""",Cintia,8/10/2018
22,22-438,"438,3",rua libero badaro,29,29,28/04/1928,24/09/1936,"livro de emplacamento ""3-2-1909 - L6. p,15;  15-5-1915 - L6. p,35/36; 9-6-1922 - L6. p,48; 28-4-1928 - L13. p,194; 25-9-1936 - L21. p. 296 a 298""",Cintia,8/10/2018
22,22-438,"438,3",rua libero badaro,71,71,15/05/1915,27/04/1928,"livro de emplacamento ""3-2-1909 - L6. p,15;  15-5-1915 - L6. p,35/36; 9-6-1922 - L6. p,48; 28-4-1928 - L13. p,194; 25-9-1936 - L21. p. 296 a 298""",Cintia,8/10/2018
22,22-438,"438,3",rua libero badaro,82,82,02/03/1909,14/05/1915,"livro de emplacamento ""3-2-1909 - L6. p,15;  15-5-1915 - L6. p,35/36; 9-6-1922 - L6. p,48; 28-4-1928 - L13. p,194; 25-9-1936 - L21. p. 296 a 298""",Cintia,8/10/2018
22,22-666,"665,2",rua libero badaro,666,666,25/09/1936,,"livro de emplacamento ""3-2-1909 - L6. p,15;  15-5-1915 - L6. p,35/36; 9-6-1922 - L6. p,48; 28-4-1928 - L13. p,194; 25-9-1936 - L21. p. 296 a 298""",Cintia,8/10/2018
22,22-666,"665,2",rua libero badaro,1,1,14/05/1915,24/09/1936,"livro de emplacamento ""3-2-1909 - L6. p,15;  15-5-1915 - L6. p,35/36; 9-6-1922 - L6. p,48; 28-4-1928 - L13. p,194; 25-9-1936 - L21. p. 296 a 298""",Cintia,8/10/2018
22,22-666,"665,2",rua libero badaro,134,134,02/03/1909,13/05/1915,"livro de emplacamento ""3-2-1909 - L6. p,15;  15-5-1915 - L6. p,35/36; 9-6-1922 - L6. p,48; 28-4-1928 - L13. p,194; 25-9-1936 - L21. p. 296 a 298""",Cintia,8/10/2018
22,22-666,"665,2",rua libero badaro,118,118 tinta,02/02/1909,02/02/1909,"livro de emplacamento ""3-2-1909 - L6. p,15;  15-5-1915 - L6. p,35/36; 9-6-1922 - L6. p,48; 28-4-1928 - L13. p,194; 25-9-1936 - L21. p. 296 a 298""",Cintia,8/10/2018
163,163-5,"5,7",rua souza lima,5,5,24/01/1936,,"livro de emplacamento ""21-4-1908 - L8. p,92; 18-5-1909 - L8. p,144; 24-7-1911 - L8. p,181; 24-1-1936 - L20. p,330-331""",Cintia,8/10/2018
163,163-5,"5,7",rua souza lima,66,66,24/06/1911,23/01/1936,"livro de emplacamento ""21-4-1908 - L8. p,92; 18-5-1909 - L8. p,144; 24-7-1911 - L8. p,181; 24-1-1936 - L20. p,330-331""",Cintia,8/10/2018
163,163-15,"14,6",rua souza lima,15,15,24/01/1936,,"livro de emplacamento ""21-4-1908 - L8. p,92; 18-5-1909 - L8. p,144; 24-7-1911 - L8. p,181; 24-1-1936 - L20. p,330-331""",Cintia,8/10/2018
163,163-15,"14,6",rua souza lima,64,64,18/05/1909,23/01/1936,"livro de emplacamento ""21-4-1908 - L8. p,92; 18-5-1909 - L8. p,144; 24-7-1911 - L8. p,181; 24-1-1936 - L20. p,330-331""",Cintia,8/10/2018
163,163-67,"67,7",rua souza lima,67,67,24/01/1936,,"livro de emplacamento ""21-4-1908 - L8. p,92; 18-5-1909 - L8. p,144; 24-7-1911 - L8. p,181; 24-1-1936 - L20. p,330-331""",Cintia,8/10/2018
163,163-67,"67,7",rua souza lima,52,52,18/05/1909,23/01/1936,"livro de emplacamento ""21-4-1908 - L8. p,92; 18-5-1909 - L8. p,144; 24-7-1911 - L8. p,181; 24-1-1936 - L20. p,330-331""",Cintia,8/10/2018
163,163-67,"67,7",rua souza lima,46,46,21/04/1908,17/05/1909,"livro de emplacamento ""21-4-1908 - L8. p,92; 18-5-1909 - L8. p,144; 24-7-1911 - L8. p,181; 24-1-1936 - L20. p,330-331""",Cintia,8/10/2018
163,163-67,"67,7",rua souza lima,44,44,20/04/1908,20/04/1908,"livro de emplacamento ""21-4-1908 - L8. p,92; 18-5-1909 - L8. p,144; 24-7-1911 - L8. p,181; 24-1-1936 - L20. p,330-331""",Cintia,8/10/2018
163,163-191,"191,2",rua souza lima,191,191,24/01/1936,,"livro de emplacamento ""21-4-1908 - L8. p,92; 18-5-1909 - L8. p,144; 24-7-1911 - L8. p,181; 24-1-1936 - L20. p,330-331""",Cintia,8/10/2018
163,163-191,"191,2",rua souza lima,26,26,18/05/1909,23/01/1936,"livro de emplacamento ""21-4-1908 - L8. p,92; 18-5-1909 - L8. p,144; 24-7-1911 - L8. p,181; 24-1-1936 - L20. p,330-331""",Cintia,8/10/2018
163,163-307,"306,2",rua souza lima,307,307,24/01/1936,,"livro de emplacamento ""21-4-1908 - L8. p,92; 18-5-1909 - L8. p,144; 24-7-1911 - L8. p,181; 24-1-1936 - L20. p,330-331""",Cintia,8/10/2018
163,163-307,"306,2",rua souza lima,2,2,21/04/1908,23/01/1936,"livro de emplacamento ""21-4-1908 - L8. p,92; 18-5-1909 - L8. p,144; 24-7-1911 - L8. p,181; 24-1-1936 - L20. p,330-331""",Cintia,8/10/2018
163,163-46,"45,2",rua souza lima,46,46,24/01/1936,,"livro de emplacamento ""21-4-1908 - L8. p,92; 18-5-1909 - L8. p,144; 24-7-1911 - L8. p,181; 24-1-1936 - L20. p,330-331""",Cintia,8/10/2018
163,163-46,"45,2",rua souza lima,73,73,24/06/1911,23/01/1936,"livro de emplacamento ""21-4-1908 - L8. p,92; 18-5-1909 - L8. p,144; 24-7-1911 - L8. p,181; 24-1-1936 - L20. p,330-331""",Cintia,8/10/2018
163,163-212,"211,8",rua souza lima,212,212,24/01/1936,,"livro de emplacamento ""21-4-1908 - L8. p,92; 18-5-1909 - L8. p,144; 24-7-1911 - L8. p,181; 24-1-1936 - L20. p,330-331""",Cintia,8/10/2018
163,163-212,"211,8",rua souza lima,29,29,21/04/1908,23/01/1936,"livro de emplacamento ""21-4-1908 - L8. p,92; 18-5-1909 - L8. p,144; 24-7-1911 - L8. p,181; 24-1-1936 - L20. p,330-331""",Cintia,8/10/2018
163,163-212,"211,8",rua souza lima,25,25 tinta,20/04/1908,20/04/1908,"livro de emplacamento ""21-4-1908 - L8. p,92; 18-5-1909 - L8. p,144; 24-7-1911 - L8. p,181; 24-1-1936 - L20. p,330-331""",Cintia,8/10/2018
163,163-330,"329,6",rua souza lima,330,330,24/01/1936,,"livro de emplacamento ""21-4-1908 - L8. p,92; 18-5-1909 - L8. p,144; 24-7-1911 - L8. p,181; 24-1-1936 - L20. p,330-331""",Cintia,8/10/2018
163,163-330,"329,6",rua souza lima,1,1,20/04/1908,23/01/1936,"livro de emplacamento ""21-4-1908 - L8. p,92; 18-5-1909 - L8. p,144; 24-7-1911 - L8. p,181; 24-1-1936 - L20. p,330-331""",Cintia,8/10/2018
163,211-52,"52,4",rua souza lima,52,52,18/03/1937,,"livro de emplacamento ""16-10-1908 - L1. p,98; 25-11-1911 - L2. p,13; 8-3-1920 - L2. p,55; 2-6-1928 - L13. p,57; xx-3-1937 - L22. p,57/58/173""",Cintia,8/10/2018
163,211-52,"52,4",rua souza lima,2,2,06/02/1928,17/03/1937,"livro de emplacamento ""16-10-1908 - L1. p,98; 25-11-1911 - L2. p,13; 8-3-1920 - L2. p,55; 2-6-1928 - L13. p,57; xx-3-1937 - L22. p,57/58/173""",Cintia,8/10/2018
211,211-60,60,rua bandeirantes,60,60,18/03/1937,,"livro de emplacamento ""16-10-1908 - L1. p,98; 25-11-1911 - L2. p,13; 8-3-1920 - L2. p,55; 2-6-1928 - L13. p,57; xx-3-1937 - L22. p,57/58/173""",Cintia,8/10/2018
211,211-60,60,rua bandeirantes,4,4,06/02/1928,17/03/1937,"livro de emplacamento ""16-10-1908 - L1. p,98; 25-11-1911 - L2. p,13; 8-3-1920 - L2. p,55; 2-6-1928 - L13. p,57; xx-3-1937 - L22. p,57/58/173""",Cintia,8/10/2018
211,211-60,60,rua bandeirantes,2,2,03/08/1920,06/01/1928,"livro de emplacamento ""16-10-1908 - L1. p,98; 25-11-1911 - L2. p,13; 8-3-1920 - L2. p,55; 2-6-1928 - L13. p,57; xx-3-1937 - L22. p,57/58/173""",Cintia,8/10/2018
211,211-60,60,rua bandeirantes,81,81,03/07/1920,03/07/1920,"livro de emplacamento ""16-10-1908 - L1. p,98; 25-11-1911 - L2. p,13; 8-3-1920 - L2. p,55; 2-6-1928 - L13. p,57; xx-3-1937 - L22. p,57/58/173""",Cintia,8/10/2018
211,211-134,134,rua bandeirantes,134,134,18/03/1937,,"livro de emplacamento ""16-10-1908 - L1. p,98; 25-11-1911 - L2. p,13; 8-3-1920 - L2. p,55; 2-6-1928 - L13. p,57; xx-3-1937 - L22. p,57/58/173""",Cintia,8/10/2018
211,211-134,134,rua bandeirantes,22,22,06/02/1928,17/03/1937,"livro de emplacamento ""16-10-1908 - L1. p,98; 25-11-1911 - L2. p,13; 8-3-1920 - L2. p,55; 2-6-1928 - L13. p,57; xx-3-1937 - L22. p,57/58/173""",Cintia,8/10/2018
211,211-134,134,rua bandeirantes,16,16,03/08/1920,06/01/1928,"livro de emplacamento ""16-10-1908 - L1. p,98; 25-11-1911 - L2. p,13; 8-3-1920 - L2. p,55; 2-6-1928 - L13. p,57; xx-3-1937 - L22. p,57/58/173""",Cintia,8/10/2018
211,211-134,134,rua bandeirantes,55,55,25/11/1911,03/07/1920,"livro de emplacamento ""16-10-1908 - L1. p,98; 25-11-1911 - L2. p,13; 8-3-1920 - L2. p,55; 2-6-1928 - L13. p,57; xx-3-1937 - L22. p,57/58/173""",Cintia,8/10/2018
211,211-188,"187,5",rua bandeirantes,188,188,18/03/1937,,"livro de emplacamento ""16-10-1908 - L1. p,98; 25-11-1911 - L2. p,13; 8-3-1920 - L2. p,55; 2-6-1928 - L13. p,57; xx-3-1937 - L22. p,57/58/173""",Cintia,8/10/2018
211,211-188,"187,5",rua bandeirantes,36,36,06/02/1928,17/03/1937,"livro de emplacamento ""16-10-1908 - L1. p,98; 25-11-1911 - L2. p,13; 8-3-1920 - L2. p,55; 2-6-1928 - L13. p,57; xx-3-1937 - L22. p,57/58/173""",Cintia,8/10/2018
211,211-188,"187,5",rua bandeirantes,32,32,03/08/1920,06/01/1928,"livro de emplacamento ""16-10-1908 - L1. p,98; 25-11-1911 - L2. p,13; 8-3-1920 - L2. p,55; 2-6-1928 - L13. p,57; xx-3-1937 - L22. p,57/58/173""",Cintia,8/10/2018
211,211-188,"187,5",rua bandeirantes,41,41,16/10/1908,03/07/1920,"livro de emplacamento ""16-10-1908 - L1. p,98; 25-11-1911 - L2. p,13; 8-3-1920 - L2. p,55; 2-6-1928 - L13. p,57; xx-3-1937 - L22. p,57/58/173""",Cintia,8/10/2018
211,211-332,"332,7",rua bandeirantes,332,332,18/03/1937,,"livro de emplacamento ""16-10-1908 - L1. p,98; 25-11-1911 - L2. p,13; 8-3-1920 - L2. p,55; 2-6-1928 - L13. p,57; xx-3-1937 - L22. p,57/58/173""",Cintia,8/10/2018
211,211-332,"332,7",rua bandeirantes,66,66,06/02/1928,17/03/1937,"livro de emplacamento ""16-10-1908 - L1. p,98; 25-11-1911 - L2. p,13; 8-3-1920 - L2. p,55; 2-6-1928 - L13. p,57; xx-3-1937 - L22. p,57/58/173""",Cintia,8/10/2018
211,211-332,"332,7",rua bandeirantes,60,60,03/08/1920,06/01/1928,"livro de emplacamento ""16-10-1908 - L1. p,98; 25-11-1911 - L2. p,13; 8-3-1920 - L2. p,55; 2-6-1928 - L13. p,57; xx-3-1937 - L22. p,57/58/173""",Cintia,8/10/2018
211,211-332,"332,7",rua bandeirantes,5,5,16/10/1908,03/07/1920,"livro de emplacamento ""16-10-1908 - L1. p,98; 25-11-1911 - L2. p,13; 8-3-1920 - L2. p,55; 2-6-1928 - L13. p,57; xx-3-1937 - L22. p,57/58/173""",Cintia,8/10/2018
211,211-25,"24,1",rua bandeirantes,25,25,18/03/1937,,"livro de emplacamento ""16-10-1908 - L1. p,98; 25-11-1911 - L2. p,13; 8-3-1920 - L2. p,55; 2-6-1928 - L13. p,57; xx-3-1937 - L22. p,57/58/173""",Cintia,8/10/2018
211,211-25,"24,1",rua bandeirantes,1,1,03/08/1920,17/03/1937,"livro de emplacamento ""16-10-1908 - L1. p,98; 25-11-1911 - L2. p,13; 8-3-1920 - L2. p,55; 2-6-1928 - L13. p,57; xx-3-1937 - L22. p,57/58/173""",Cintia,8/10/2018
211,211-25,"24,1",rua bandeirantes,82,82,25/11/1911,03/07/1920,"livro de emplacamento ""16-10-1908 - L1. p,98; 25-11-1911 - L2. p,13; 8-3-1920 - L2. p,55; 2-6-1928 - L13. p,57; xx-3-1937 - L22. p,57/58/173""",Cintia,8/10/2018
211,211-25,"24,1",rua bandeirantes,70,70,16/10/1908,24/11/1911,"livro de emplacamento ""16-10-1908 - L1. p,98; 25-11-1911 - L2. p,13; 8-3-1920 - L2. p,55; 2-6-1928 - L13. p,57; xx-3-1937 - L22. p,57/58/173""",Cintia,8/10/2018
211,211-199,199,rua bandeirantes,199,199,18/03/1937,,"livro de emplacamento ""16-10-1908 - L1. p,98; 25-11-1911 - L2. p,13; 8-3-1920 - L2. p,55; 2-6-1928 - L13. p,57; xx-3-1937 - L22. p,57/58/173""",Cintia,8/10/2018
211,211-199,199,rua bandeirantes,27,27,03/08/1920,17/03/1937,"livro de emplacamento ""16-10-1908 - L1. p,98; 25-11-1911 - L2. p,13; 8-3-1920 - L2. p,55; 2-6-1928 - L13. p,57; xx-3-1937 - L22. p,57/58/173""",Cintia,8/10/2018
211,211-199,199,rua bandeirantes,58,58,25/11/1911,03/07/1920,"livro de emplacamento ""16-10-1908 - L1. p,98; 25-11-1911 - L2. p,13; 8-3-1920 - L2. p,55; 2-6-1928 - L13. p,57; xx-3-1937 - L22. p,57/58/173""",Cintia,8/10/2018
211,211-199,199,rua bandeirantes,50,50,16/10/1908,24/11/1911,"livro de emplacamento ""16-10-1908 - L1. p,98; 25-11-1911 - L2. p,13; 8-3-1920 - L2. p,55; 2-6-1928 - L13. p,57; xx-3-1937 - L22. p,57/58/173""",Cintia,8/10/2018
211,211-319,"319,3",rua bandeirantes,319,319,18/03/1937,,"livro de emplacamento ""16-10-1908 - L1. p,98; 25-11-1911 - L2. p,13; 8-3-1920 - L2. p,55; 2-6-1928 - L13. p,57; xx-3-1937 - L22. p,57/58/173""",Cintia,8/10/2018
211,211-319,"319,3",rua bandeirantes,47,47,03/08/1920,17/03/1937,"livro de emplacamento ""16-10-1908 - L1. p,98; 25-11-1911 - L2. p,13; 8-3-1920 - L2. p,55; 2-6-1928 - L13. p,57; xx-3-1937 - L22. p,57/58/173""",Cintia,8/10/2018
211,211-319,"319,3",rua bandeirantes,34,34,16/10/1908,03/07/1920,"livro de emplacamento ""16-10-1908 - L1. p,98; 25-11-1911 - L2. p,13; 8-3-1920 - L2. p,55; 2-6-1928 - L13. p,57; xx-3-1937 - L22. p,57/58/173""",Cintia,8/10/2018
10,10-23,"22,4",Rua Benjamin Constant,23,23,11/2/1909,,"Livro de Emplacamento L21. P,338 e L2. P10",Cintia,8/10/2018
10,10-23,"22,4",Rua Benjamin Constant,81,81,9/2/1909,10/2/1909,"Livro de Emplacamento L21. P,338 e L2. P10",Cintia,8/10/2018
10,10-29,"29,1",Rua Benjamin Constant,29,29,11/2/1909,,"Livro de Emplacamento L21. P,338 e L2. P10",Cintia,8/10/2018
10,10-77,"77,3",Rua Benjamin Constant,77,77,16/10/1936,,"Livro de Emplacamento L21. P,338",Cintia,8/10/2018
10,10-77,"77,3",Rua Benjamin Constant,13,13,11/2/1909,15/10/1936,"Livro de Emplacamento L21. P,338 e L2. P10",Cintia,8/10/2018
10,10-77,"77,3",Rua Benjamin Constant,13,13 Tinta,10/2/1909,10/2/1909,"Livro de Emplacamento L21. P,338 e L2. P10",Cintia,8/10/2018
10,10-181,"182,4",Rua Benjamin Constant,181,181,16/10/1936,,"Livro de Emplacamento L21. P,338",Cintia,8/10/2018
10,10-181,"182,4",Rua Benjamin Constant,33,33,11/2/1909,15/10/1936,"Livro de Emplacamento L21. P,338",Cintia,8/10/2018
10,10-181,"182,4",Rua Benjamin Constant,27,27,10/2/1909,10/2/1909,Livro de Emplacamento L2. P10,Cintia,8/10/2018
10,10-18,"18,4",Rua Benjamin Constant,18,18,16/10/1936,,"Livro de Emplacamento L21. P,338",Cintia,8/10/2018
10,10-18,"18,4",Rua Benjamin Constant,2,2,11/2/1909,15/10/1936,"Livro de Emplacamento L21. P,338 e L2. P10",Cintia,8/10/2018
10,10-18,"18,4",Rua Benjamin Constant,2,2,10/2/1909,10/2/1909,"Livro de Emplacamento L21. P,338 e L2. P10",Cintia,8/10/2018
10,10-66,"66,4",Rua Benjamin Constant,66,66,16/10/1936,16/10/1936,"Livro de Emplacamento L21. P,338",Cintia,8/10/2018
10,10-66,"66,4",Rua Benjamin Constant,22,22,11/2/1909,15/10/1936,"Livro de Emplacamento L21. P,338 e L2. P10",Cintia,8/10/2018
10,10-66,"66,4",Rua Benjamin Constant,8,8,10/2/1909,10/2/1909,"Livro de Emplacamento L21. P,338 e L2. P10",Cintia,8/10/2018
10,10-210,"210,9",Rua Benjamin Constant,210,210,16/10/1936,,"Livro de Emplacamento L21. P,338",Cintia,8/10/2018
10,10-210,"210,9",Rua Benjamin Constant,52,52,11/2/1909,15/10/1936,"Livro de Emplacamento L21. P,338 e L2. P10",Cintia,8/10/2018
10,10-210,"210,9",Rua Benjamin Constant,28,289,10/2/1909,10/2/1909,"Livro de Emplacamento L21. P,338 e L2. P10",Cintia,8/10/2018
132,132-65,"65,7",Rua Claudino Pinto,65,65,14/5/1936,,"Livro de Emplacamento L3. P,68. L15 P,11 e L21 P,119",Cintia,8/10/2018
132,132-79,"78,4",Rua Claudino Pinto,79,79,14/5/1936,,"Livro de Emplacamento L3. P,68. L15 P,11 e L21 P,119",Cintia,8/10/2018
132,132-79,"78,4",Rua Claudino Pinto,9,9,22/1/1929,13/5/1936,"Livro de Emplacamento L3. P,68. L15 P,11 e L21 P,119",Cintia,8/10/2018
132,132-79,"78,4",Rua Claudino Pinto,3,3,26/8/1920,21/1/1929,"Livro de Emplacamento L3. P,68. L15 P,11 e L21 P,119",Cintia,8/10/2018
132,132-79,"78,4",Rua Claudino Pinto,3,3 Tinta,25/8/1920,25/8/1920,"Livro de Emplacamento L3. P,68. L15 P,11 e L21 P,119",Cintia,8/10/2018
132,132-85,"85,5",Rua Claudino Pinto,85,85,14/5/1936,,"Livro de Emplacamento L3. P,68. L15 P,11 e L21 P,119",Cintia,8/10/2018
132,132-85,"85,5",Rua Claudino Pinto,11,11,22/1/1929,13/5/1936,"Livro de Emplacamento L3. P,68. L15 P,11 e L21 P,119",Cintia,8/10/2018
132,132-85,"85,5",Rua Claudino Pinto,5,5,26/8/1920,21/1/1929,"Livro de Emplacamento L3. P,68. L15 P,11 e L21 P,119",Cintia,8/10/2018
132,132-193,193,Rua Claudino Pinto,193,193,14/5/1936,,"Livro de Emplacamento L3. P,68. L15 P,11 e L21 P,119",Cintia,8/10/2018
132,132-193,193,Rua Claudino Pinto,39,39,22/1/1929,13/5/1936,"Livro de Emplacamento L3. P,68. L15 P,11 e L21 P,119",Cintia,8/10/2018
132,132-193,193,Rua Claudino Pinto,33,33,26/8/1920,21/1/1929,"Livro de Emplacamento L3. P,68. L15 P,11 e L21 P,119",Cintia,8/10/2018
132,132-193,193,Rua Claudino Pinto,27,27,25/8/1920,25/8/1920,"Livro de Emplacamento L3. P,68. L15 P,11 e L21 P,119",Cintia,8/10/2018
132,132-34,"34,3",Rua Claudino Pinto,34,34,14/5/1936,,"Livro de Emplacamento L3. P,68. L15 P,11 e L21 P,119",Cintia,8/10/2018
132,132-34,"34,3",Rua Claudino Pinto,2,2,26/1/1929,13/5/1936,"Livro de Emplacamento L3. P,68. L15 P,11 e L21 P,119",Cintia,8/10/2018
132,132-118,"116,5",Rua Claudino Pinto,118,118,14/5/1936,,"Livro de Emplacamento L3. P,68. L15 P,11 e L21 P,119",Cintia,8/10/2018
132,132-118,"116,5",Rua Claudino Pinto,14,14,26/8/1920,13/5/1936,"Livro de Emplacamento L3. P,68. L15 P,11 e L21 P,119",Cintia,8/10/2018
132,132-156,"154,7",Rua Claudino Pinto,156,156,14/5/1936,,"Livro de Emplacamento L3. P,68. L15 P,11 e L21 P,119",Cintia,8/10/2018
132,132-156,"154,7",Rua Claudino Pinto,30,30,22/1/1929,13/5/1936,"Livro de Emplacamento L3. P,68. L15 P,11 e L21 P,119",Cintia,8/10/2018
132,132-156,"154,7",Rua Claudino Pinto,24,24,26/8/1920,21/1/1929,"Livro de Emplacamento L3. P,68. L15 P,11 e L21 P,119",Cintia,8/10/2018
8,132-156,"154,7",Rua Quintino Bocayuva,24,24,25/8/1920,25/8/1920,"Livro de Emplacamento L3. P,68. L15 P,11 e L21 P,119",Cintia,8/10/2018
8,8-49,"48,4",Rua Quintino Bocayuva,49,49,5/6/1940,,"Livro de Emplacamento L8 P,23 e L27 P,125-126",Cintia,8/10/2018
8,8-101,"102,2",Rua Quintino Bocayuva,101,101,5/6/1940,,"Livro de Emplacamento L8 P,23 e L27 P,125-126",Cintia,8/10/2018
8,8-101,"102,2",Rua Quintino Bocayuva,15,15,24/3/1909,4/6/1940,"Livro de Emplacamento L8 P,23 e L27 P,125-126",Cintia,8/10/2018
8,8-101,"102,2",Rua Quintino Bocayuva,15,15,23/3/1909,23/3/1909,"Livro de Emplacamento L8 P,23 e L27 P,125-126",Cintia,8/10/2018
8,8-205,"204,5",Rua Quintino Bocayuva,205,205,5/6/1940,,"Livro de Emplacamento L8 P,23 e L27 P,125-126",Cintia,8/10/2018
8,8-205,"204,5",Rua Quintino Bocayuva,29,29,23/3/1909,23/3/1909,"Livro de Emplacamento L8 P,23 e L27 P,125-126",Cintia,8/10/2018
8,8-205,"204,5",Rua Quintino Bocayuva,209,209,5/6/1940,,"Livro de Emplacamento L8 P,23 e L27 P,125-126",Cintia,8/10/2018
8,8-16,"15,6",Rua Quintino Bocayuva,16,16,5/6/1940,,"Livro de Emplacamento L8 P,23 e L27 P,125-126",Cintia,8/10/2018
8,8-58,"57,5",Rua Quintino Bocayuva,58,58,5/6/1940,,"Livro de Emplacamento L8 P,23 e L27 P,125-126",Cintia,8/10/2018
8,8-58,"57,5",Rua Quintino Bocayuva,12,12,24/3/1909,4/6/1940,"Livro de Emplacamento L8 P,23 e L27 P,125-126",Cintia,8/10/2018
8,8-58,"57,5",Rua Quintino Bocayuva,0,0,23/3/1909,23/3/1909,"Livro de Emplacamento L8 P,23 e L27 P,125-126",Cintia,8/10/2018
8,8-88,"87,4",Rua Quintino Bocayuva,88,88,5/1/1940,,"Livro de Emplacamento L8 P,23 e L27 P,125-126",Cintia,8/10/2018
8,8-88,"87,4",Rua Quintino Bocayuva,24,24,24/3/1909,4/6/1940,"Livro de Emplacamento L8 P,23 e L27 P,125-126",Cintia,8/10/2018
8,8-88,"87,4",Rua Quintino Bocayuva,0,0,23/3/1909,23/3/1909,"Livro de Emplacamento L8 P,23 e L27 P,125-126",Cintia,8/10/2018
8,8-114,"114,4",Rua Quintino Bocayuva,114,114,5/1/1940,,"Livro de Emplacamento L8 P,23 e L27 P,125-126",Cintia,8/10/2018
8,8-114,"114,4",Rua Quintino Bocayuva,34,34,24/3/1909,4/6/1940,"Livro de Emplacamento L8 P,23 e L27 P,125-126",Cintia,8/10/2018
8,8-114,"114,4",Rua Quintino Bocayuva,12,12,23/3/1909,23/3/1909,"Livro de Emplacamento L8 P,23 e L27 P,125-126",Cintia,8/10/2018
8,8-208,"207,3",Rua Quintino Bocayuva,208,208,5/1/1940,,"Livro de Emplacamento L8 P,23 e L27 P,125-126",Cintia,8/10/2018
8,8-192,"191,7",Rua Quintino Bocayuva,192,192,5/1/1940,,"Livro de Emplacamento L8 P,23 e L27 P,125-126",Cintia,8/10/2018
8,8-192,"191,7",Rua Quintino Bocayuva,60,60,24/3/1909,4/6/1940,"Livro de Emplacamento L8 P,23 e L27 P,125-126",Cintia,8/10/2018
8,8-192,"191,7",Rua Quintino Bocayuva,30,30,23/3/1909,23/3/1909,"Livro de Emplacamento L8 P,23 e L27 P,125-126",Cintia,8/10/2018
424,424-45,"45,7",Rua jaceguay,45,45,18/7/1935,,"Livro de Emplacamento L5 P,46. L5 P,59. L19 P,327-329",Cintia,8/10/2018
424,424-45,"45,7",Rua jaceguay,1,1,20/11/1908,17/7/1935,"Livro de Emplacamento L5 P,46. L5 P,59. L19 P,327-329",Cintia,8/10/2018
424,424-45,"45,7",Rua jaceguay,1,1,19/11/1908,19/11/1908,"Livro de Emplacamento L5 P,46. L5 P,59. L19 P,327-329",Cintia,8/10/2018
424,424-75,"75,5",Rua jaceguay,75,75,18/7/1935,,"Livro de Emplacamento L5 P,46. L5 P,59. L19 P,327-329",Cintia,8/10/2018
424,424-75,"75,5",Rua jaceguay,9,9,2/6/1921,17/7/1935,"Livro de Emplacamento L5 P,46. L5 P,59. L19 P,327-329",Cintia,8/10/2018
424,424-75,"75,5",Rua jaceguay,3,3,20/11/1908,1/6/1921,"Livro de Emplacamento L5 P,46. L5 P,59. L19 P,327-329",Cintia,8/10/2018
424,424-75,"75,5",Rua jaceguay,3,3,19/11/1908,19/11/1908,"Livro de Emplacamento L5 P,46. L5 P,59. L19 P,327-329",Cintia,8/10/2018
424,424-243,243,Rua jaceguay,243,243,18/7/1935,,"Livro de Emplacamento L5 P,46. L5 P,59. L19 P,327-329",Cintia,8/10/2018
424,424-243,243,Rua jaceguay,66,66,28/3/1911,17/7/1935,"Livro de Emplacamento L5 P,46. L5 P,59. L19 P,327-329",Cintia,8/10/2018
424,424-243,243,Rua jaceguay,60,60,20/11/1908,27/3/1911,"Livro de Emplacamento L5 P,46. L5 P,59. L19 P,327-329",Cintia,8/10/2018
107,107-45,45,rua itambe,45,45,14/11/1935,,Livro de emplacamento 20. p. 186,Cintia,8/10/2018
107,107-45,45,rua itambe,1,1,13/11/1935,13/11/1935,Livro de emplacamento 20. p. 186,Cintia,8/10/2018
107,107-99,"185,8",rua itambe,185,185,14/11/1935,,Livro de emplacamento 20. p. 186,Cintia,8/10/2018
107,107-99,"185,8",rua itambe,17,17,04/11/1929,13/11/1935,Livro de emplacamento 20. p. 186,Cintia,8/10/2018
107,107-99,"185,8",rua itambe,7,7,04/10/1929,04/10/1929,Livro de emplacamento 20. p. 186,Cintia,8/10/2018
107,107-321,"320,8",rua itambe,321,321,14/11/1935,,Livro de emplacamento 20. p. 186,Cintia,8/10/2018
107,107-321,"320,8",rua itambe,31,31,27/10/1929,13/11/1935,Livro de emplacamento 20. p. 186,Cintia,8/10/2018
107,107-321,"320,8",rua itambe,21,21,12/12/1908,26/10/1929,Livro de emplacamento 15. p. 91,Cintia,8/10/2018
107,107-321,"320,8",rua itambe,13,13,11/12/1908,11/12/1908,Livro de emplacamento 5. p. 17,Cintia,8/10/2018
107,107-505,"504,8",rua itambe,505,505,14/11/1935,,Livro de emplacamento 20. p. 186,Cintia,8/10/2018
107,107-505,"504,8",rua itambe,67,67,27/10/1929,13/11/1935,Livro de emplacamento 20. p. 186,Cintia,8/10/2018
107,107-505,"504,8",rua itambe,53,53,17/05/1919,26/10/1929,Livro de emplacamento 15. p. 91,Cintia,8/10/2018
107,107-505,"504,8",rua itambe,47,47,16/05/1919,16/05/1919,Livro de emplacamento 5. p. 32,Cintia,8/10/2018
107,107-154,155,rua itambe,154,154,14/11/1935,,Livro de emplacamento 20. p. 187,Cintia,8/10/2018
107,107-154,155,rua itambe,2,2,13/11/1935,13/11/1935,Livro de emplacamento 20. p. 187,Cintia,8/10/2018
107,107-322,322,rua itambe,322,322,14/11/1935,,Livro de emplacamento 20. p. 187,Cintia,8/10/2018
107,107-322,322,rua itambe,22,22,27/10/1929,13/11/1935,Livro de emplacamento 20. p. 187,Cintia,8/10/2018
107,107-322,322,rua itambe,18,18,26/10/1929,26/10/1929,Livro de emplacamento 20. p. 91,Cintia,8/10/2018
107,107-506,"506,1",rua itambe,506,506,14/11/1935,,Livro de emplacamento 20. p. 187,Cintia,8/10/2018
107,107-506,"506,1",rua itambe,50,50,27/10/1929,13/11/1935,Livro de emplacamento 20. p. 187,Cintia,8/10/2018
107,107-506,"506,1",rua itambe,46,46,26/10/1929,26/10/1929,Livro de emplacamento 15. p. 91,Cintia,8/10/2018
48,48-21,"21,5",rua dom jose de barros,21,21,27/06/1935,,Livro de emplacamento 19. p. 307,Cintia,8/10/2018
48,48-21,"21,5",rua dom jose de barros,62,62,24/02/1909,26/06/1935,Livro de emplacamento 19. p. 307,Cintia,8/10/2018
48,48-155,"155,3",rua dom jose de barros,155,155,27/06/1935,,Livro de emplacamento 19. p. 307,Cintia,8/10/2018
48,48-155,"155,3",rua dom jose de barros,35,35,24/02/1909,26/06/1935,Livro de emplacamento 19. p. 307,Cintia,8/10/2018
48,48-155,"155,3",rua dom jose de barros,39,39,23/02/1909,23/02/1909,Livro de emplacamento 4. p. 1,Cintia,8/10/2018
48,48-323,"322,9",rua dom jose de barros,323,323,27/06/1935,,Livro de emplacamento 19. p. 307,Cintia,8/10/2018
48,48-323,"322,9",rua dom jose de barros,4,4,24/02/1909,26/06/1935,Livro de emplacamento 19. p. 307,Cintia,8/10/2018
48,48-10,"10,8",rua dom jose de barros,10,10,27/06/1935,,Livro de emplacamento 19. p. 308,Cintia,8/10/2018
48,48-10,"10,8",rua dom jose de barros,53,53,24/02/1909,26/06/1935,Livro de emplacamento 19. p. 308,Cintia,8/10/2018
48,48-156,"155,5",rua dom jose de barros,156,156,27/06/1935,,Livro de emplacamento 19. p. 308,Cintia,8/10/2018
48,48-156,"155,5",rua dom jose de barros,25,"25,2",24/02/1909,26/06/1935,Livro de emplacamento 19. p. 308,Cintia,8/10/2018
48,48-342,"342,9",rua dom jose de barros,342,342,27/06/1935,,Livro de emplacamento 19. p. 308,Cintia,8/10/2018
48,48-342,"342,9",rua dom jose de barros,1,1,24/02/1909,26/06/1935,Livro de emplacamento 19. p. 308,Cintia,8/10/2018
109,109-15,"14,2",avenida hygienopolis,15,15,12/11/1935,,Livro de emplacamento 20. p. 176,Cintia,8/10/2018
109,109-15,"14,2",avenida hygienopolis,1,1,14/12/1905,11/11/1935,Livro de emplacamento 20. p. 176,Cintia,8/10/2018
109,109-293,"292,9",avenida hygienopolis,293,293,12/11/1935,,Livro de emplacamento 20. p. 176,Cintia,8/10/2018
109,109-293,"292,9",avenida hygienopolis,7,7,14/12/1905,11/11/1935,Livro de emplacamento 20. p. 176,Cintia,8/10/2018
109,109-431,"430,5",avenida hygienopolis,431,431,12/11/1935,,Livro de emplacamento 20. p. 176,Cintia,8/10/2018
109,109-431,"430,5",avenida hygienopolis,15,15,14/12/1905,11/11/1935,Livro de emplacamento 20. p. 176,Cintia,8/10/2018
109,109-431,"430,5",avenida hygienopolis,17,17,13/12/1905,13/12/1905,Livro de emplamcento 4. p. 98,Cintia,8/10/2018
109,109-18,"17,1",avenida hygienopolis,18,18,12/11/1935,,Livro de emplacamento 20. p. 177,Cintia,8/10/2018
109,109-18,"17,1",avenida hygienopolis,2,2,11/11/1935,11/11/1935,Livro de emplacamento 20. p. 177,Cintia,8/10/2018
109,109-254,"254,5",avenida hygienopolis,436,436,12/11/1935,,Livro de emplacamento 20. p. 177,Cintia,8/10/2018
109,109-254,"254,5",avenida hygienopolis,20,20,11/11/1935,11/11/1935,Livro de emplacamento 20. p. 177,Cintia,8/10/2018
255,255-30,"30,7",rua camomil,30,30,19/05/1937,,Livro de emplacamento 22. p. 145,Cintia,8/10/2018
255,255-30,"30,7",rua camomil,2,2,20/01/1928,18/05/1937,Livro de emplacamento 22. p. 145,Cintia,8/10/2018
255,255-170,"169,1",rua camomil,170,170,19/05/1937,,Livro de emplacamento 22. p. 145,Cintia,8/10/2018
255,255-170,"169,1",rua camomil,30,30,20/01/1928,18/05/1937,Livro de emplacamento 22. p. 145,Cintia,8/10/2018
255,255-170,"169,1",rua camomil,16,16,19/01/1928,19/01/1928,Livro de emplacamento 13. p. 73,Cintia,8/10/2018
255,255-272,"265,6",rua camomil,266,266,19/05/1937,,Livro de emplacamento 22. p. 145,Cintia,8/10/2018
255,255-272,"265,6",rua camomil,42,42,20/01/1928,18/05/1937,Livro de emplacamento 22. p. 145,Cintia,8/10/2018
255,255-272,"265,6",rua camomil,26,26,19/01/1928,19/01/1928,Livro de emplacamento 13. p. 73,Cintia,8/10/2018
255,255-29,30,rua camomil,29,29,19/05/1937,,Livro de emplacamento 22. p. 146,Cintia,8/10/2018
255,255-29,30,rua camomil,1,1,20/01/1928,18/05/1937,Livro de emplacamento 22. p. 146,Cintia,8/10/2018
255,255-183,"183,4",rua camomil,183,183,19/05/1937,,Livro de emplacamento 22. p. 146,Cintia,8/10/2018
255,255-183,"183,4",rua camomil,39,39,18/05/1937,18/05/1937,Livro de emplacamento 22. p. 146,Cintia,8/10/2018
255,255-287,"286,8",rua camomil,287,287,19/05/1937,,Livro de emplacamento 22. p. 146,Cintia,8/10/2018
255,255-287,"286,8",rua camomil,"53,1",53A,20/01/1928,18/05/1937,Livro de emplacamento 22. p. 146,Cintia,8/10/2018
170,135-19,"19,4",rua albuquerque lins,20,20,16/10/1935,,Livro de emplacamento 20. p. 104,Cintia,8/10/2018
170,170-19,"19,4",rua albuquerque lins,2,2,01/03/1929,15/10/1935,Livro de emplacamento 20. p. 104,Cintia,8/10/2018
170,170-19,"19,4",rua albuquerque lins,242,242,16/10/1935,,Livro de emplacamento 20. p. 104,Cintia,8/10/2018
170,170-242,"241,5",rua albuquerque lins,48,48,01/03/1929,15/10/1935,Livro de emplacamento 20. p. 104,Cintia,8/10/2018
170,170-242,"241,5",rua albuquerque lins,44,44,01/02/1929,01/02/1929,Livro de emplacamento 15. p. 4,Cintia,8/10/2018
170,170-544,"544,6",rua albuquerque lins,544,544,16/10/1935,,Livro de emplacamento 20. p. 104,Cintia,8/10/2018
170,170-544,"544,6",rua albuquerque lins,88,88,01/03/1929,15/10/1935,Livro de emplacamento 20. p. 104,Cintia,8/10/2018
170,170-544,"544,6",rua albuquerque lins,78,78,28/08/1925,01/02/1929,Livro de emplacamento 15. p. 4,Cintia,8/10/2018
170,170-544,"544,6",rua albuquerque lins,88,88,27/08/1925,27/08/1925,Livro de emplacamento 1. p. 81,Cintia,8/10/2018
170,170-9,"9,6",rua albuquerque lins,9,9,16/10/1935,,Livro de emplacamento 20. p. 102,Cintia,8/10/2018
170,170-9,"9,6",rua albuquerque lins,1,1,15/10/1935,15/10/1935,Livro de emplacamento 20. p. 102,Cintia,8/10/2018
170,170-263,"263,5",rua albuquerque lins,263,263,16/10/1935,,Livro de emplacamento 20. p. 102,Cintia,8/10/2018
170,170-263,"263,5",rua albuquerque lins,"27,1",27A,01/03/1929,15/10/1935,Livro de emplacamento 20. p. 102,Cintia,8/10/2018
170,170-263,"263,5",rua albuquerque lins,51,51,01/02/1929,01/02/1929,Livro de emplacamento 15. p. 4,Cintia,8/10/2018
170,170-545,"544,8",rua albuquerque lins,545,545,16/10/1935,,Livro de emplacamento 20. p. 102,Cintia,8/10/2018
170,170-545,"544,8",rua albuquerque lins,61,61,01/03/1929,15/10/1935,Livro de emplacamento 20. p. 102,Cintia,8/10/2018
170,170-545,"544,8",rua albuquerque lins,87,87,01/02/1929,01/02/1929,Livro de emplacamento 15. p. 4,Cintia,8/10/2018
309,309-49,"48,4",rua do arouche,49,49,25/10/1935,,Livro de emplacamento 20. p. 122,Cintia,8/10/2018
309,309-49,"48,4",rua do arouche,1,1,15/02/1929,24/10/1935,Livro de emplacamento 20. p. 122,Cintia,8/10/2018
309,309-133,"133,6",rua do arouche,133,133,25/10/1935,,Livro de emplacamento 20. p. 122,Cintia,8/10/2018
309,309-133,"133,6",rua do arouche,11,11,15/02/1929,24/10/1935,Livro de emplacamento 20. p. 122,Cintia,8/10/2018
309,309-133,"133,6",rua do arouche,7,7,26/02/1924,14/02/1929,Livro de emplacamento 15. p. 29,Cintia,8/10/2018
309,309-183,"183,4",rua do arouche,183,183,25/10/1935,,Livro de emplacamento 20. p. 122,Cintia,8/10/2018
309,309-183,"183,4",rua do arouche,21,21,15/02/1929,24/10/1935,Livro de emplacamento 20. p. 122,Cintia,8/10/2018
309,309-183,"183,4",rua do arouche,35,35,26/02/1924,14/02/1929,Livro de emplacamento 15. p. 29,Cintia,8/10/2018
309,309-24,"23,5",rua do arouche,24,24,25/10/1935,,Livro de emplacamento 20. p. 123,Cintia,8/10/2018
309,309-24,"23,5",rua do arouche,"2,1",2S,15/02/1929,24/10/1935,Livro de emplacamento 20. p. 123,Cintia,8/10/2018
309,309-132,"131,4",rua do arouche,132,132,25/10/1935,,Livro de emplacamento 20. p. 123,Cintia,8/10/2018
309,309-132,"131,4",rua do arouche,18,18,15/02/1929,24/10/1935,Livro de emplacamento 20. p. 123,Cintia,8/10/2018
309,309-132,"131,4",rua do arouche,28,28,11/06/1915,14/02/1929,Livro de emplacamento 15. p. 29,Cintia,8/10/2018
309,309-132,"131,4",rua do arouche,16,16,11/05/1915,11/05/1915,Livro de emplacamento 1. p. 56,Cintia,8/10/2018
309,309-188,"188,4",rua do arouche,188,188,25/10/1935,,"Livro de emplacamento 20. p,123 ",Cintia,8/10/2018
309,309-188,"188,4",rua do arouche,"32,1",32E,15/02/1929,24/10/1935,Livro de emplacamento 20. p. 123. 15. p. 29,Cintia,8/10/2018
309,309-188,"188,4",rua do arouche,63,63,19/03/1925,18/10/1929,Livro de emplacamento 19. p. 99,Cintia,8/10/2018
309,309-188,"188,4",rua do arouche,71,71,18/03/1925,18/03/1925,Livro de emplacamento 10. p. 52,Cintia,8/10/2018
297,297-9,"9,2",rua canuto do val,9,9,24/12/1935,,Livro de emplacamento 20. p. 252,Cintia,8/10/2018
297,297-9,"9,2",rua canuto do val,1,1,23/12/1935,23/12/1935,Livro de emplacamento 20. p. 252,Cintia,8/10/2018
297,297-165,"165,1",rua canuto do val,165,165,24/12/1935,,Livro de emplacamento 20. p. 252,Cintia,8/10/2018
297,297-165,"165,1",rua canuto do val,25,25,19/12/1929,23/12/1935,Livro de emplacamento 20. p. 252,Cintia,8/10/2018
297,297-165,"165,1",rua canuto do val,15,15,01/03/1928,18/12/1929,"Livro de emplacamento 16. p,57",Cintia,8/10/2018
297,297-165,"165,1",rua canuto do val,39,39,01/02/1928,01/02/1928,Livro de emplacamento 13. p. 72,Cintia,8/10/2018
297,297-245,244,rua canuto do val,245,245,24/12/1935,,Livro de emplacamento 20. p. 252,Cintia,8/10/2018
297,297-245,244,rua canuto do val,35,35,19/12/1929,23/12/1935,Livro de emplacamento 20. p. 252,Cintia,8/10/2018
297,297-245,244,rua canuto do val,25,25,01/03/1928,18/12/1929,"Livro de emplacamento 16. p,57",Cintia,8/10/2018
297,297-245,244,rua canuto do val,49,49,08/11/1911,01/02/1928,Livro de emplacamento 13. p. 72,Cintia,8/10/2018
297,297-54,"54,4",rua canuto do val,54,54,24/12/1935,,Livro de emplacamento 20. p. 252,Cintia,8/10/2018
297,297-54,"54,4",rua canuto do val,4,4,01/03/1928,23/12/1935,Livro de emplacamento 20. p. 252,Cintia,8/10/2018
297,297-186,"186,9",rua canuto do val,186,186,24/12/1935,,Livro de emplacamento 20. p. 252,Cintia,8/10/2018
297,297-196,"186,9",rua canuto do val,14,14,01/03/1928,23/12/1935,Livro de emplacamento 20. p. 252,Cintia,8/10/2018
297,297-196,"186,9",rua canuto do val,36,36,08/11/1911,01/02/1928,Livro de emplacamento 13. p. 72,Cintia,8/10/2018
297,297-242,"242,3",rua canuto do val,242,242,24/12/1935,,Livro de emplacamento 20. p. 252,Cintia,8/10/2018
297,297-242,"242,3",rua canuto do val,26,26A,01/03/1928,23/12/1935,Livro de emplacamento 20. p. 252,Cintia,8/10/2018
297,297-242,"242,3",rua canuto do val,48,48,08/11/1911,01/02/1928,Livro de emplacamento 13. p. 72,Cintia,8/10/2018
297,297-242,"242,3",rua canuto do val,44,44,08/10/1911,08/10/1911,Livro de emplacamento 3. p. 3,Cintia,8/10/2018
49,49-23,"23,1",rua antonio godoy,23,23,30/12/1937,,Livro de emplacamento 24. p. 144,Cintia,8/10/2018
297,49-23,"23,1",rua antonio godoy,24,24,29/12/1937,29/12/1937,Livro de emplacamento 24. p. 144,Cintia,8/10/2018
297,49-91,"90,7",rua canuto do val,91,91,30/12/1937,,Livro de emplacamento 24. p. 145,Cintia,8/10/2018
297,49-91,"90,7",rua canuto do val,12,12,29/12/1937,29/12/1937,Livro de emplacamento 24. p. 146,Cintia,8/10/2018
297,49-121,"121,9",rua canuto do val,121,121,30/12/1937,,Livro de emplacamento 24. p. 147,Cintia,8/10/2018
297,49-121,"121,9",rua canuto do val,2,2,29/12/1937,29/12/1937,Livro de emplacamento 24. p. 148,Cintia,8/10/2018
297,49-38,"37,3",rua canuto do val,38,38,30/12/1937,,Livro de emplacamento 24. p. 149,Cintia,8/10/2018
297,49-52,"52,6",rua canuto do val,52,52,30/12/1937,,Livro de emplacamento 24. p. 150,Cintia,8/10/2018
297,49-52,"52,6",rua canuto do val,3,3,29/12/1937,29/12/1937,Livro de emplacamento 24. p. 151,Cintia,8/10/2018
297,49-90,"89,1",rua canuto do val,90,90,30/12/1937,,Livro de emplacamento 24. p. 152,Cintia,8/10/2018
297,49-90,"89,1",rua canuto do val,1,1,29/12/1937,29/12/1937,Livro de emplacamento 24. p. 153,Cintia,8/10/2018
294,294-33,"32,5",rua fortunato,33,33,26/10/1935, ,Livro de emplacamento 20. p. 133,Cintia,8/10/2018
294,294-33,"32,5",rua fortunato,1,1,15/08/1918,25/10/1935,Livro de emplacamento 20. p. 133,Cintia,8/10/2018
294,294-145,"145,3",rua fortunato,145,145,26/10/1935,,Livro de emplacamento 20. p. 133,Cintia,8/10/2018
294,294-145,"145,3",rua fortunato,25,25,22/09/1928,25/10/1935,Livro de emplacamento 20. p. 133,Cintia,8/10/2018
294,294-145,"145,3",rua fortunato,17,17,15/08/1918,21/09/1928,LIvro de emplacamento 13. p. 125,Cintia,8/10/2018
294,294-145,"145,3",rua fortunato,11,11,14/08/1918,14/08/1918,Livro de emplacamento 4. p. 59,Cintia,8/10/2018
294,294-259,258,rua fortunato,259,259,26/10/1935,,Livro de emplacamento 20. p. 133,Cintia,8/10/2018
294,294-259,258,rua fortunato,53,53,22/09/1928,25/10/1935,Livro de emplacamento 20. p. 133,Cintia,8/10/2018
294,294-259,258,rua fortunato,75,75,15/08/1918,21/09/1928,Livro de emplamcamento 20. p. 133,Cintia,8/10/2018
294,294-259,258,rua fortunato,47,47,14/08/1918,14/08/1918,Livro de emplacamento 4. p. 59,Cintia,8/10/2018
294,294-14,"14,4",rua fortunato,14,14,26/10/1935,,Livro de emplacamento 20. p. 134,Cintia,8/10/2018
294,294-14,"14,4",rua fortunato,2,2,28/12/1908,25/10/1935,Livro de emplacamento 20. p. 134,Cintia,8/10/2018
294,294-174,"174,7",rua fortunato,174,174,26/10/1935,,Livro de emplacamento 20. p. 134,Cintia,8/10/2018
294,294-174,"174,7",rua fortunato,46,46,15/08/1918,25/10/1935,Livro de emplacamento 20. p. 134,Cintia,8/10/2018
294,294-174,"174,7",rua fortunato,36,36a,28/12/1908,14/08/1918,Livro de emplacamento 4. p. 59. 36,Cintia,8/10/2018
294,294-174,"174,7",rua fortunato,32,32,27/12/1908,27/12/1908,Livro de emplacamento 4. p. 36,Cintia,8/10/2018
294,294-286,285,rua fortunato,286,286,26/10/1935,,Livro de emplacamento 20. p. 134,Cintia,8/10/2018
294,294-286,285,rua fortunato,84,84,22/09/1928,25/10/1935,Livro de emplacamento 20. p. 134,Cintia,8/10/2018
294,294-286,285,rua fortunato,86,86,28/12/1908,21/09/1928,Livro de emplacamento 13. p. 125,Cintia,8/10/2018
294,294-286,285,rua fortunato,76,76,27/12/1908,27/12/1908,Livro de emplacamento 4. p. 36,Cintia,8/10/2018
189,189-99,"99,1",rua barao de campinas,99,99,25/09/1935,,Livro de emplacamento 20. p. 25,Cintia,8/10/2018
189,189-99,"99,1",rua barao de campinas,1,1,06/04/1928,24/09/1935,Livro de emplacamento 20. p. 25,Cintia,8/10/2018
189,189-375,"374,4",rua barao de campinas,374,374,25/09/1935,,Livro de emplacamento 20. p. 25,Cintia,8/10/2018
189,189-375,"374,4",rua barao de campinas,787,787,25/09/1935,,Livro de emplacamento 20. p. 25,Cintia,8/10/2018
189,189-375,"374,4",rua barao de campinas,125,125,24/09/1935,24/09/1935,Livro de emplacamento 20. p. 25,Cintia,8/10/2018
403,403-39,38,rua de santo antonio,39,39,30/11/1940,,Livro de emplacamento 27. p. 347,Cintia,8/10/2018
403,403-39,38,rua de santo antonio,"1,1",1,29/11/1940,29/11/1940,Livro de emplacamento 27. p. 347,Cintia,8/10/2018
403,403-241,"240,4",rua de santo antonio,241,241,30/11/1940,,Livro de emplacamento 27. p. 347,Cintia,8/10/2018
403,403-241,"240,4",rua de santo antonio,51,51,08/02/1928,29/11/1940,Livro de emplacamento 27. p. 347,Cintia,8/10/2018
403,403-241,"240,4",rua de santo antonio,53,53,08/01/1928,08/01/1928,Livro de emplacamento 14. p. 91,Cintia,8/10/2018
403,403-639,"639,8",rua de santo antonio,639,639,30/11/1940,,Livro de emplacamento 27. p. 347,Cintia,8/10/2018
403,403-639,"639,8",rua de santo antonio,103,103,06/04/1908,29/11/1940,Livro de emplacamento 27. p. 347,Cintia,8/10/2018
403,403-639,"639,8",rua de santo antonio,73,73,06/03/1908,06/03/1908,Livro de emplacamento 8. p. 114,Cintia,8/10/2018
403,403-863,863,rua de santo antonio,863,863,30/11/1940,,Livro de emplacamento 27. p. 348,Cintia,8/10/2018
403,403-863,863,rua de santo antonio,151,151,08/02/1928,29/11/1940,Livro de emplacamento 27. p. 348,Cintia,8/10/2018
403,403-863,863,rua de santo antonio,153,153,03/01/1912,08/01/1928,Livro de emplacamento 14. p. 91,Cintia,8/10/2018
403,403-863,863,rua de santo antonio,145,145,06/04/1908,30/03/1912,Livro de emplacamento 8. p. 186,Cintia,8/10/2018
403,403-863,863,rua de santo antonio,105,105,06/03/1908,06/03/1908,Livro de emplacamento 8. p. 114,Cintia,8/10/2018
403,403-1105,"1105,8",rua de santo antonio,1105,1105,30/11/1940,,Livro de emplacamento 27. p. 348,Cintia,8/10/2018
403,403-1105,"1105,8",rua de santo antonio,201,201,08/02/1928,29/11/1940,Livro de emplacamento 27. p. 348,Cintia,8/10/2018
403,403-1105,"1105,8",rua de santo antonio,205,205,03/01/1912,08/01/1928,Livro de emplacamento 14. p. 91,Cintia,8/10/2018
403,403-1325,1325,rua de santo antonio,1325,1325,30/11/1940,,Livro de emplacamento 27. p. 347,Cintia,8/10/2018
403,403-1325,1325,rua de santo antonio,237,237,08/02/1928,29/11/1940,Livro de emplacamento 27. p. 347,Cintia,8/10/2018
403,403-1325,1325,rua de santo antonio,245,245,03/01/1912,08/01/1928,Livro de emplacamento 14. p. 92,Cintia,8/10/2018
403,403-30,"30,3",rua de santo antonio,30,30,30/11/1940,,Livro de emplacamento 27. p. 350,Cintia,8/10/2018
403,403-30,"30,3",rua de santo antonio,2,2,29/11/1940,29/11/1940,Livro de emplacamento 27. p. 350,Cintia,8/10/2018
403,403-244,"243,3",rua de santo antonio,244,244,30/11/1940,,Livro de emplacamento 27. p. 350,Cintia,8/10/2018
403,403-244,"243,3",rua de santo antonio,58,58,08/02/1928,29/11/1940,Livro de emplacamento 27. p. 350,Cintia,8/10/2018
403,403-244,"243,3",rua de santo antonio,52,52,06/04/1908,08/01/1928,Livro de emplacamento 14. p. 90,Cintia,8/10/2018
403,403-244,"243,3",rua de santo antonio,40,40,06/03/1908,06/03/1908,Livro de emplacamento 8. p. 113,Cintia,8/10/2018
403,403-676,"675,9",rua de santo antonio,676,676,30/11/1940,,Livro de emplacamento 27. p. 351,Cintia,8/10/2018
403,403-676,"675,9",rua de santo antonio,146,146,08/02/1928,29/11/1940,Livro de emplacamento 27. p. 351,Cintia,8/10/2018
403,403-676,"675,9",rua de santo antonio,142,142,06/04/1908,08/01/1928,Livro de emplacamento 14. p. 90,Cintia,8/10/2018
403,403-900,"900,7",rua de santo antonio,900,900,30/11/1940,,Livro de emplacamento 27. p. 351,Cintia,8/10/2018
403,403-900,"900,7",rua de santo antonio,210,210,08/02/1928,29/11/1940,Livro de emplacamento 27. p. 351,Cintia,8/10/2018
403,403-900,"900,7",rua de santo antonio,"202,1",202,08/01/1928,08/01/1928,Livro de emplacamento 14. p. 90,Cintia,8/10/2018
403,403-1326,"1325,8",rua de santo antonio,1326,1326,30/11/1940,,Livro de emplacamento 27. p. 352,Cintia,8/10/2018
403,403-1326,"1325,8",rua de santo antonio,330,330,08/02/1928,29/11/1940,Livro de emplacamento 27. p. 352,Cintia,8/10/2018
403,403-1326,"1325,8",rua de santo antonio,332,332,08/01/1928,08/01/1928,Livro de emplacamento 14. p. 91,Cintia,8/10/2018
45,45-15,"14,4",avenida sao joao,15,15,05/05/1933,,Livro de emplacamento 19. p. 40,Cintia,8/10/2018
45,45-15,"14,4",avenida sao joao,3,3,14/05/1908,05/04/1933,Livro de emplacamento 19. p. 40,Cintia,8/10/2018
45,45-15,"14,4",avenida sao joao,1,1,13/05/1908,13/05/1908,Livro de emplacamento 8. p. 105,Cintia,8/10/2018
45,45-209,"209,6",avenida sao joao,209,209,05/05/1933,,Livro de emplacamento 19. p. 40,Cintia,8/10/2018
45,45-209,"209,6",avenida sao joao,77,77,14/05/1908,05/04/1933,Livro de emplacamento 19. p. 40,Cintia,8/10/2018
45,45-209,"209,6",avenida sao joao,49,49,13/05/1908,13/05/1908,Livro de emplacamento 8. p. 105,Cintia,8/10/2018
45,45-399,"399,8",avenida sao joao,399,399,05/05/1933,,Livro de emplacamento 19. p. 40,Cintia,8/10/2018
45,45-399,"399,8",avenida sao joao,131,131,14/05/1908,05/04/1933,Livro de emplacamento 19. p. 40,Cintia,8/10/2018
45,45-399,"399,8",avenida sao joao,101,101,13/05/1908,13/05/1908,Livro de emplacamento 8. p. 105,Cintia,8/10/2018
45,45-519,"519,5",avenida sao joao,519,519,05/05/1933,,Livro de emplacamento 19. p. 41,Cintia,8/10/2018
45,45-519,"519,5",avenida sao joao,167,167,14/05/1908,05/04/1933,Livro de emplacamento 19. p. 41,Cintia,8/10/2018
45,45-519,"519,5",avenida sao joao,125,125,13/05/1908,13/05/1908,Livro de emplacamento 8. p. 105,Cintia,8/10/2018
45,45-881,"880,4",avenida sao joao,881,881,05/05/1933,,Livro de emplacamento 19. p. 42,Cintia,8/10/2018
45,45-881,"880,4",avenida sao joao,"249,1",249,10/01/1911,05/04/1933,Livro de emplacamento 19. p. 42,Cintia,8/10/2018
45,45-881,"880,4",avenida sao joao,233,233,14/05/1908,30/10/1911,Livro de emplacamento 8. p 164,Cintia,8/10/2018
45,45-881,"880,4",avenida sao joao,187,187,13/05/1908,13/05/1908,Livro de emplacamento 8. p. 105,Cintia,8/10/2018
45,45-1183,"1183,8",avenida sao joao,1183,1183,05/05/1933,,Livro de emplacamento 19. p. 42,Cintia,8/10/2018
45,45-1183,"1183,8",avenida sao joao,315,315,10/01/1911,05/04/1933,Livro de emplacamento 19. p. 42,Cintia,8/10/2018
45,45-1183,"1183,8",avenida sao joao,297,297,14/05/1908,30/10/1911,Livro de emplacamento 8. p 164,Cintia,8/10/2018
45,45-1183,"1183,8",avenida sao joao,251,251,13/05/1908,13/05/1908,Livro de emplacamento 8. p. 105,Cintia,8/10/2018
45,45-1327,"1326,8",avenida sao joao,1327,1327,05/05/1933,,Livro de emplacamento 19. p. 43,Cintia,8/10/2018
45,45-1327,"1326,8",avenida sao joao,357,357,10/01/1933,05/04/1933,Livro de emplacamento 8. p 164,Cintia,8/10/2018
45,45-1327,"1326,8",avenida sao joao,453,453,10/01/1911, ,Livro de emplacamento 19. p. 43,Cintia,8/10/2018
45,45-1327,"1326,8",avenida sao joao,427,427,30/10/1933,30/10/1933,Livro de emplacamento 8. p. 164,Cintia,8/10/2018
45,45-16,"16,3",avenida sao joao,16,16,05/05/1933,,Livro de emplacamento 19. p. 44,Cintia,8/10/2018
45,45-16,"16,3",avenida sao joao,2,2,14/05/1908,05/04/1933,Livro de emplacamento 19. p. 44,Cintia,8/10/2018
45,45-284,"283,3",avenida sao joao,248,248,05/05/1933,,Livro de emplacamento 19. p. 44,Cintia,8/10/2018
45,45-284,"283,3",avenida sao joao,24,24,14/05/1908,05/04/1933,Livro de emplacamento 19. p. 44,Cintia,8/10/2018
45,45-284,"283,3",avenida sao joao,"16,1",16,13/05/1908,13/05/1908,Livro de emplacamento 8. p. 99,Cintia,8/10/2018
45,45-508,508,avenida sao joao,508,508,05/05/1933,,Livro de emplacamento 19. p. 44,Cintia,8/10/2018
45,45-508,508,avenida sao joao,50,50,14/05/1908,05/04/1933,Livro de emplacamento 19. p. 44,Cintia,8/10/2018
45,45-508,508,avenida sao joao,28,28,13/05/1908,13/05/1908,Livro de emplacamento 8. p. 99,Cintia,8/10/2018
45,45-864,"863,6",avenida sao joao,864,864,05/05/1933,,Livro de emplacamento 19. p. 44,Cintia,8/10/2018
45,45-864,"863,6",avenida sao joao,134,134,10/01/1911,05/04/1933,Livro de emplacamento 19. p. 44,Cintia,8/10/2018
45,45-864,"863,6",avenida sao joao,132,132,14/05/1908,30/09/1911,Livro de emplacamento 8. p. 166,Cintia,8/10/2018
45,45-864,"863,6",avenida sao joao,84,84,13/05/1908,13/05/1908,Livro de emplacamento 8. p. 99,Cintia,8/10/2018
45,45-1236,"1236,6",avenida sao joao,1236,1236,14/05/1908,,Livro de emplacamento 19. p. 45,Cintia,8/10/2018
45,45-1236,"1236,6",avenida sao joao,252,252,10/01/1911,05/04/1933,Livro de emplacamento 19. p. 45,Cintia,8/10/2018
45,45-1236,"1236,6",avenida sao joao,240,240,14/05/1908,30/09/1911,Livro de emplacamento 8. p. 166,Cintia,8/10/2018
45,45-1236,"1236,6",avenida sao joao,172,172,13/05/1908,13/05/1908,Livro de emplacamento 8. p. 99,Cintia,8/10/2018
45,45-1476,"1476,6",avenida sao joao,1476,1476,05/05/1933,,Livro de emplacamento 19. p. 45,Cintia,8/10/2018
45,45-1476,"1476,6",avenida sao joao,300,300,10/01/1911,05/04/1933,Livro de emplacamento 19. p. 45,Cintia,8/10/2018
45,45-1476,"1476,6",rua saracura pequena,288,288,14/05/1908,30/09/1911,Livro de emplacamento 19. p. 45,Cintia,8/10/2018
45,45-1476,"1476,6",rua saracura pequena,222,222,13/05/1908,13/05/1908,Livro de emplacamento 8. p. 99,Cintia,8/10/2018
395,395-21,"21,6",rua saracura pequena,21,21,21/04/1944,,Livro de emplacamento 30. p. 329,Cintia,8/10/2018
395,395-21,"21,6",rua saracura pequena,1,1,20/04/1944,20/04/1944,Livro de emplacamento 30. p. 329,Cintia,8/10/2018
395,395-107,"107,8",rua saracura pequena,107,107,21/04/1944,,Livro de emplacamento 30. p. 329,Cintia,8/10/2018
395,395-107,"107,8",rua saracura pequena,27,27,20/04/1944,20/04/1944,Livro de emplacamento 30. p. 329,Cintia,8/10/2018
395,395-179,179,rua saracura pequena,179,179,21/04/1944,,Livro de emplacamento 30. p. 329,Cintia,8/10/2018
395,395-179,179,rua saracura pequena,55,55,20/04/1944,20/04/1944,Livro de emplacamento 30. p. 329,Cintia,8/10/2018
169,169-29,"28,9",rua adolpho gordo,29,29,26/10/1935,,Livro de emplacamento 20. p. 50,Cintia,8/10/2018
169,169-29,"28,9",rua adolpho gordo,1,1,19/01/1909,25/10/1935,Livro de emplacamento 29. p. 50,Cintia,8/10/2018
169,169-139,"139,9",rua adolpho gordo,139,139,26/10/1935,,Livro de emplacamento 20. p. 50,Cintia,8/10/2018
169,169-139,"139,9",rua adolpho gordo,21,21,19/01/1909,25/10/1935,Livro de emplacamento 20. p. 50,Cintia,8/10/2018
169,169-139,"139,9",rua adolpho gordo,41,41,18/01/1909,18/01/1909,Livro de emplacamento 1. p. 20,Cintia,8/10/2018
169,169-293,"292,1",rua adolpho gordo,293,293,26/10/1935,,Livro de emplacamento 20. p. 50,Cintia,8/10/2018
169,169-293,"292,1",rua adolpho gordo,49,49,14/08/1930,25/10/1935,Livro de emplacamento 20. p. 50,Cintia,8/10/2018
169,169-293,"292,1",rua adolpho gordo,53,53,13/08/1930,13/08/1930,Livro de emplacamento 17. p. 71,Cintia,8/10/2018
257,257-47,"46,8",rua carnot,47,47,17/05/1937,,Livro de emplacamento 22. p. 175,Cintia,8/10/2018
257,257-47,"46,8",rua carnot,1,1,25/06/1920,16/05/1937,Livro de emplacamento 22. p. 175,Cintia,8/10/2018
257,257-479,"479,8",rua carnot,479,479,17/05/1937,,Livro de emplacamento 22. p. 176,Cintia,8/10/2018
257,257-479,"479,8",rua carnot,63,63,23/04/1929,16/05/1937,Livro de emplacamento 22. p. 176,Cintia,8/10/2018
257,257-479,"479,8",rua carnot,59,59,23/02/1923,23/04/1929,Livro de emplacamento 22. p. 176,Cintia,8/10/2018
257,257-479,"479,8",rua carnot,829,829,17/05/1937,,Livro de emplacamento 22. p. 176,Cintia,8/10/2018
257,257-479,"479,8",rua carnot,139,139,16/05/1937,16/05/1937,Livro de emplacamento 22. p. 176,Cintia,8/10/2018
257,257-50,"48,6",rua carnot,50,50,17/05/1937,,Livro de emplacamento 22. p. 176,Cintia,8/10/2018
257,257-50,"48,6",rua carnot,2,2,23/04/1929,16/05/1937,Livro de emplacamento 22. p. 176,Cintia,8/10/2018
257,257-58,"427,5",rua carnot,428,428,17/05/1937,,Livro de emplacamento 22. p. 176,Cintia,8/10/2018
257,257-58,"427,5",rua carnot,58,58,23/04/1929,16/05/1937,Livro de emplacamento 22. p. 176,Cintia,8/10/2018
257,257-58,"427,5",rua carnot,116,116,23/04/1929,16/05/1937,Livro de emplacamento 22. p. 176,Cintia,8/10/2018
257,257-58,"427,5",rua carnot,108,108,22/04/1929,22/04/1929,Livro de emplacamento 22. p. 176,Cintia,8/10/2018
305,305-16,"16,8",rua washington luis,16,16,02/03/1938,,Livro de emplacamento 20. p. 207,Cintia,8/10/2018
305,305-16,"16,8",rua washington luis,,2,13/08/1927,02/02/1938,Livro de emplacamento 20. p. 207,Cintia,8/10/2018
305,305-242,"241,5",rua washington luis,242,242,02/03/1938,,Livro de emplacamento 24. p. 207,Cintia,8/10/2018
305,305-242,"241,5",rua washington luis,24,24,13/08/1927,02/02/1938,Livro de emplacamento 20. p. 207,Cintia,8/10/2018
305,305-242,"241,5",rua washington luis,32,32,23/10/1922,08/12/1927,Livro de emplacamento 11. p. 193,Cintia,8/10/2018
305,305-242,"241,5",rua washington luis,16,16,22/03/1922,22/10/1922,Livro de emplacamento 10. p. 64,Cintia,8/10/2018
305,305-242,"241,5",rua washington luis,6,6,21/03/1922,21/03/1922,Livro de emplacamento 10. p. 62,Cintia,8/10/2018
305,305-388,"387,9",rua washington luis,388,388,02/03/1928,,"Livro de emplacamento 24. p,207",Cintia,8/10/2018
305,305-388,"387,9",rua washington luis,52,52,13/08/1927,02/02/1938,Livro de emplacamento 24. p. 207,Cintia,8/10/2018
305,305-388,"387,9",rua washington luis,66,66,08/12/1927,08/12/1927,Livro de emplacamento 24. p. 207,Cintia,8/10/2018
305,305-37,"37,2",rua washington luis,37,37,02/03/1938,,Livro de emplacamento 20. p. 207,Cintia,8/10/2018
305,305-37,"37,2",rua washington luis,1,1,03/01/1924,02/02/1938,Livro de emplacamento 20. P. 207,Cintia,8/10/2018
305,305-273,"272,7",rua washington luis,273,273,02/03/1938,,Livro de emplacamento 20. p. 207,Cintia,8/10/2018
305,305-273,"272,7",rua washington luis,37,37,13/08/1927,02/02/1938,Livro de emplacamento 20. p. 207,Cintia,8/10/2018
305,305-273,"272,7",rua washington luis,29,29,03/01/1924,08/12/1927,Livro de emplacamento 11. p. 192,Cintia,8/10/2018
305,305-387,"388,1",rua washington luis,387,387,02/03/1938,,Livro de emplacamento 20. p. 207,Cintia,8/10/2018
305,305-387,"388,1",rua washington luis,57,57,13/08/1927,02/02/1938,Livro de emplacamento 20. p. 207,Cintia,8/10/2018
305,305-387,"388,1",rua washington luis,49,49,03/01/1924,08/12/1927,Livro de emplacamento 11. p. 192,Cintia,8/10/2018
308,308-97,"97,4",rua viera de carvalho,97,97,20/09/1935,,Livro de emplacamento 20. p. 45,Cintia,8/10/2018
308,308-97,"97,4",rua viera de carvalho,5,5,19/09/1935,19/09/1935,Livro de emplacamento 20. p. 45,Cintia,8/10/2018
308,308-185,"185,3",rua viera de carvalho,185,185,20/09/1935,,Livro de emplacamento 20. p. 45,Cintia,8/10/2018
308,308-185,"185,3",rua viera de carvalho,33,33,19/09/1935,19/09/1935,Livro de emplacamento 20. p. 45,Cintia,8/10/2018
308,308-46,"46,6",rua viera de carvalho,2,2,20/09/1935,,Livro de emplacamento 20. p. 45,Cintia,8/10/2018
308,308-46,"46,6",rua viera de carvalho,46,46,19/09/1935,19/09/1935,Livro de emplacamento 20.p. 45,Cintia,8/10/2018
308,308-192,"191,6",rua viera de carvalho,192,192,20/09/1935,,Livro de emplacamento 20. p. 45,Cintia,8/10/2018
308,308-192,"191,6",rua viera de carvalho,20,20,19/09/1935,19/09/1935,Livro de emplacamento 20. p. 45,Cintia,8/10/2018
465,465-35,"34,3",rua nitcheroy,35,35,08/11/1959,,Livro de emplacamento 39. p. 18. 19,Cintia,8/10/2018
465,465-35,"34,3",rua nitcheroy,1,1,28/04/1911,08/10/1959,Livro de emplacamento 39. p. 18. 19,Cintia,8/10/2018
465,465-97,97,rua nitcheroy,97,97,08/11/1959,,Livro de emplacamento 39. p. 18. 19,Cintia,8/10/2018
465,465-97,97,rua nitcheroy,21,21,08/10/1959,08/10/1959,Livro de emplacamento 39. p. 18. 19,Cintia,8/10/2018
465,465-139,139,rua nitcheroy,139,139,08/11/1959,,Livro de emplacamento 39. p. 18. 19,Cintia,8/10/2018
465,465-139,139,rua nitcheroy,31,31,08/10/1959,08/10/1959,Livro de emplacamento 39. p. 18. 19,Cintia,8/10/2018
465,465-14,"14,7",rua nitcheroy,14,14,08/11/1959,,Livro de emplacamento 39. p. 18. 19,Cintia,8/10/2018
465,465-14,"14,7",rua nitcheroy,2,2,20/04/1911,08/10/1959,Livro de emplacamento 39. p. 18. 19,Cintia,8/10/2018
465,465-90,90,rua nitcheroy,90,90,08/11/1959,,Livro de emplacamento 39. p. 18. 19,Cintia,8/10/2018
465,465-90,90,rua nitcheroy,36,36,08/10/1959,08/10/1959,Livro de emplacamento 39. p. 18. 19,Cintia,8/10/2018
465,465-144,"143,4",rua nitcheroy,721,721,16/05/1935,,"Livro de Emplacamento. n,19. p,269. n,4. p,87",Cintia,8/10/2018
465,465-144,"143,3",rua nitcheroy,135,135,24/08/1908,15/05/1935,"Livro de Emplacamento. n,19. p,269. n,4. p,87",Cintia,8/10/2018
417,417-39,"38,4",rua francisca miquelina,39,39,15/04/1936,,"Livro de Emplacamento. n,21. p,37",Cintia,8/10/2018
417,417-39,"38,4",rua francisca miquelina,9,9,06/03/1908,14/04/1936,"Livro de Emplacamento. n,21. p,37",Cintia,8/10/2018
417,417-39,"38,4",rua francisca miquelina,7,7 tinta,06/02/1908,06/02/1908,"Livro de Emplacamento. n,21. p,37",Cintia,8/10/2018
417,417-135,"135,1",rua francisca miquelina,135,135,15/04/1936,,"Livro de Emplacamento. n,21. p,37",Cintia,8/10/2018
417,417-135,"135,1",rua francisca miquelina,35,35,06/03/1908,14/04/1936,"Livro de Emplacamento. n,21. p,37",Cintia,8/10/2018
417,417-183,183,rua francisca miquelina,183,183,15/04/1936,,"Livro de Emplacamento. n,21. p,37",Cintia,8/10/2018
417,417-183,183,rua francisca miquelina,47,47,06/03/1908,14/04/1936,"Livro de Emplacamento. n,21. p,37",Cintia,8/10/2018
417,417-18,"18,7",rua francisca miquelina,18,18,15/04/1936,,"Livro de Emplacamento. n,21. p,37",Cintia,8/10/2018
417,417-18,"18,7",rua francisca miquelina,2,2,06/03/1908,14/04/1936,"Livro de Emplacamento. n,21. p,37",Cintia,8/10/2018
417,417-104,"104,9",rua francisca miquelina,104,104,15/04/1936,,"Livro de Emplacamento. n,21. p,37",Cintia,8/10/2018
417,417-104,"104,9",rua francisca miquelina,30,30,06/03/1908,14/04/1936,"Livro de Emplacamento. n,21. p,37",Cintia,8/10/2018
417,417-316,"316,7",rua francisca miquelina,316,316,15/04/1936,,"Livro de Emplacamento. n,21. p,37",Cintia,8/10/2018
417,417-316,"316,7",rua francisca miquelina,86,86,06/03/1908,14/04/1936,"Livro de Emplacamento. n,21. p,37",Cintia,8/10/2018
282,282-14,"14,3",rua dr virgilio nascimento,14,14,22/07/1937,,"Livro de Emplacamento. n,23a. p,1",Cintia,8/10/2018
282,282-14,"14,3",rua dr virgilio nascimento,2,2,05/09/1929,21/07/1937,"Livro de Emplacamento. n,23a. p,1",Cintia,8/10/2018
282,282-14,"14,3",rua dr virgilio nascimento,4,4,03/03/1913,05/08/1929,"Livro de Emplacamento. n,23a. p,1",Cintia,8/10/2018
282,282-46,47,rua dr virgilio nascimento,46,46,22/07/1937,,"Livro de Emplacamento. n,23a. p,1",Cintia,8/10/2018
282,282-46,47,rua dr virgilio nascimento,14,14,05/09/1929,21/07/1937,"Livro de Emplacamento. n,23a. p,1",Cintia,8/10/2018
282,282-46,47,rua dr virgilio nascimento,16,16,03/03/1913,05/08/1929,"Livro de Emplacamento. n,23a. p,1",Cintia,8/10/2018
282,282-46,47,rua dr virgilio nascimento,8,8 tinta,03/02/1913,03/02/1913,"Livro de Emplacamento. n,23a. p,1",Cintia,8/10/2018
282,282-17,"16,5",rua dr virgilio nascimento,17,17,22/07/1937,,"Livro de Emplacamento. n,23a. p,1",Cintia,8/10/2018
282,282-17,"16,5",rua dr virgilio nascimento,1,1,12/04/1923,21/07/1937,"Livro de Emplacamento. n,23a. p,1",Cintia,8/10/2018
282,282-41,"41,6",rua dr virgilio nascimento,41,41,22/07/1937,,"Livro de Emplacamento. n,23a. p,1",Cintia,8/10/2018
282,282-41,"41,6",rua dr virgilio nascimento,13,13,05/09/1929,21/07/1937,"Livro de Emplacamento. n,23a. p,1",Cintia,8/10/2018
282,282-41,"41,6",rua dr virgilio nascimento,15,15,12/04/1923,05/08/1929,"Livro de Emplacamento. n,23a. p,1",Cintia,8/10/2018
215,215-16,"16,4",Avenida Tiradentes,16,16,10/11/1940,,"Livro de Emplacamento. n,27. p,305. 306. 307,308,309,310",Cintia,8/10/2018
215,215-16,"16,4",Avenida Tiradentes,2,2,02/05/1908,10/10/1940,"Livro de Emplacamento. n,27. p,305. 306. 307,308,309,310",Cintia,8/10/2018
215,215-214,213,Avenida Tiradentes,214,214,11/10/1940,,"Livro de Emplacamento. n,27. p,305. 306. 307,308,309,310",Cintia,8/10/2018
215,215-214,213,Avenida Tiradentes,20,20,02/05/1908,10/10/1940,"Livro de Emplacamento. n,27. p,305. 306. 307,308,309,310",Cintia,8/10/2018
215,215-440,"439,5",Avenida Tiradentes,440,440,11/10/1940,,"Livro de Emplacamento. n,27. p,305. 306. 307,308,309,310",Cintia,8/10/2018
215,215-440,"439,5",Avenida Tiradentes,60,60,02/05/1908,10/10/1940,"Livro de Emplacamento. n,27. p,305. 306. 307,308,309,310",Cintia,8/10/2018
215,215-890,"890,6",Avenida Tiradentes,890,890,11/10/1940,,"Livro de Emplacamento. n,27. p,305. 306. 307,308,309,310",Cintia,8/10/2018
215,215-890,"890,6",Avenida Tiradentes,98,98,05/06/1917,10/10/1940,"Livro de Emplacamento. n,27. p,305. 306. 307,308,309,310",Cintia,8/10/2018
215,215-890,"890,6",Avenida Tiradentes,100,100,02/05/1908,05/05/1917,"Livro de Emplacamento. n,27. p,305. 306. 307,308,309,310",Cintia,8/10/2018
215,215-890,"890,6",Avenida Tiradentes,94,94,02/04/1908,02/04/1908,"Livro de Emplacamento. n,27. p,305. 306. 307,308,309,310",Cintia,8/10/2018
215,215-1338,"1337,1",Avenida Tiradentes,1338,1338,11/10/1940,,"Livro de Emplacamento. n,27. p,305. 306. 307,308,309,310",Cintia,8/10/2018
215,215-1338,"1337,1",Avenida Tiradentes,182,182,05/06/1917,10/10/1940,"Livro de Emplacamento. n,27. p,305. 306. 307,308,309,310",Cintia,8/10/2018
215,215-1338,"1337,1",Avenida Tiradentes,190,190,02/05/1908,05/05/1917,"Livro de Emplacamento. n,27. p,305. 306. 307,308,309,310",Cintia,8/10/2018
215,215-1338,"1337,1",Avenida Tiradentes,182,182,02/05/1908,05/04/1908,"Livro de Emplacamento. n,27. p,305. 306. 307,308,309,310",Cintia,8/10/2018
215,215-1566,"1567,3",Avenida Tiradentes,1566,1566,11/10/1940,,"Livro de Emplacamento. n,27. p,305. 306. 307,308,309,310",Cintia,8/10/2018
215,215-1566,"1567,3",Avenida Tiradentes,256,256,05/06/1917,10/10/1940,"Livro de Emplacamento. n,27. p,305. 306. 307,308,309,310",Cintia,8/10/2018
215,215-1566,"1567,3",Avenida Tiradentes,264,264,02/05/1908,05/05/1917,"Livro de Emplacamento. n,27. p,305. 306. 307,308,309,310",Cintia,8/10/2018
215,215-1566,"1567,3",Avenida Tiradentes,250,250,05/04/1908,05/04/1908,"Livro de Emplacamento. n,27. p,305. 306. 307,308,309,310",Cintia,8/10/2018
215,215-141,141,Avenida Tiradentes,141,141,10/11/1940,,"Livro de Emplacamento. n,27. p,305. 306. 307,308,309,310",Cintia,8/10/2018
215,215-141,141,Avenida Tiradentes,1,1,10/10/1940,10/10/1940,"Livro de Emplacamento. n,27. p,305. 306. 307,308,309,310",Cintia,8/10/2018
215,215-273,273,Avenida Tiradentes,273,273,11/10/1940,,"Livro de Emplacamento. n,27. p,305. 306. 307,308,309,310",Cintia,8/10/2018
215,215-273,273,Avenida Tiradentes,3,3,02/05/1908,10/10/1940,"Livro de Emplacamento. n,27. p,305. 306. 307,308,309,310",Cintia,8/10/2018
215,215-679,"679,4",Avenida Tiradentes,679,679,11/10/1940,,"Livro de Emplacamento. n,27. p,305. 306. 307,308,309,310",Cintia,8/10/2018
215,215-679,"679,4",Avenida Tiradentes,9,9,02/05/1908,10/10/1940,"Livro de Emplacamento. n,27. p,305. 306. 307,308,309,310",Cintia,8/10/2018
215,215-679,"679,4",Avenida Tiradentes,3,3,05/04/1908,05/04/1908,"Livro de Emplacamento. n,27. p,305. 306. 307,308,309,310",Cintia,8/10/2018
215,215-939,"939,4",Avenida Tiradentes,939,939,11/10/1940,,"Livro de Emplacamento. n,27. p,305. 306. 307,308,309,310",Cintia,8/10/2018
215,215-939,"939,4",Avenida Tiradentes,33,33,,10/10/1940,"Livro de Emplacamento. n,27. p,305. 306. 307,308,309,310",Cintia,8/10/2018
215,215-1375,1375,Avenida Tiradentes,1375,1375,11/10/1940,,"Livro de Emplacamento. n,27. p,305. 306. 307,308,309,310",Cintia,8/10/2018
215,215-1375,1375,Avenida Tiradentes,91,91,02/05/1908,10/10/1940,"Livro de Emplacamento. n,27. p,305. 306. 307,308,309,310",Cintia,8/10/2018
215,215-1375,1375,Avenida Tiradentes,75,75,,05/04/1908,"Livro de Emplacamento. n,27. p,305. 306. 307,308,309,310",Cintia,8/10/2018
215,215-1555,"1555,1",Avenida Tiradentes,1555,1555,11/10/1940,,"Livro de Emplacamento. n,27. p,305. 306. 307,308,309,310",Cintia,8/10/2018
215,215-1555,"1555,1",Avenida Tiradentes,"157,1",157D,02/05/1908,10/10/1940,"Livro de Emplacamento. n,27. p,305. 306. 307,308,309,310",Cintia,8/10/2018
215,215-1555,"1555,1",Avenida Tiradentes,137,137,,05/04/1908,"Livro de Emplacamento. n,27. p,305. 306. 307,308,309,310",Cintia,8/10/2018
190,190-256,"256,6",Rua Anhaia,256,256,24/05/1937,,"Livros de Emplacamento L1. p,37",Cintia,8/10/2018
190,190-256,"256,6",Rua Anhaia,74,74,25/04/1909,23/05/1937,"Livros de Emplacamento L1. p,37",Cintia,8/10/2018
190,190-542,"542,7",Rua Anhaia,542,542,24/05/1937,,"Livros de Emplacamento L1. p,37",Cintia,8/10/2018
190,190-542,"542,7",Rua Anhaia,136,136,22/09/1930,23/05/1937,"Livros de Emplacamento L1. p,37",Cintia,8/10/2018
190,190-542,"542,7",Rua Anhaia,128,128,25/04/1909,21/09/1930,"Livros de Emplacamento L1. p,37",Cintia,8/10/2018
190,190-542,"542,7",Rua Anhaia,108,108,24/04/1909,24/04/1909,"Livros de Emplacamento L1. p,37",Cintia,8/10/2018
190,190-826,"826,8",Rua Anhaia,826,826,24/05/1937,,"Livros de Emplacamento L1. p,37",Cintia,8/10/2018
190,190-826,"826,8",Rua Anhaia,196,196,22/09/1930,23/05/1937,"Livros de Emplacamento L1. p,37",Cintia,8/10/2018
190,190-826,"826,8",Rua Anhaia,174,174,25/04/1909,21/09/1930,"Livros de Emplacamento L1. p,37",Cintia,8/10/2018
190,190-826,"826,8",Rua Anhaia,144,144,24/04/1909,24/04/1909,"Livros de Emplacamento L1. p,37",Cintia,8/10/2018
190,190-1014,"1013,9",Rua Anhaia,1014,1014,24/05/1937,,"Livros de Emplacamento L1. p,37",Cintia,8/10/2018
190,190-1014,"1013,9",Rua Anhaia,242,242,22/09/1930,23/05/1937,"Livros de Emplacamento L1. p,37",Cintia,8/10/2018
190,190-1014,"1013,9",Rua Anhaia,218,218,24/04/1909,21/09/1930,"Livros de Emplacamento L1. p,37",Cintia,8/10/2018
190,190-1014,"1013,9",Rua Anhaia,176,176,24/04/1909,24/04/1909,"Livros de Emplacamento L1. p,37",Cintia,8/10/2018
190,190-1246,"1245,9",Rua Anhaia,1246,1246,24/05/1937,,"Livros de Emplacamento L1. p,37",Cintia,8/10/2018
190,190-1246,"1245,9",Rua Anhaia,300,300,23/05/1937,23/05/1937,"Livros de Emplacamento L1. p,37",Cintia,8/10/2018
190,190-273,273,Rua Anhaia,273,273,24/05/1937,,"Livros de Emplacamento L1. p,37",Cintia,8/10/2018
190,190-273,273,Rua Anhaia,57,57,22/09/1930,23/05/1937,"Livros de Emplacamento L1. p,37",Cintia,8/10/2018
190,190-273,273,Rua Anhaia,61,61,24/04/1909,21/09/1930,"Livros de Emplacamento L1. p,37",Cintia,8/10/2018
190,190-273,273,Rua Anhaia,53,53,24/04/1909,24/04/1909,"Livros de Emplacamento L1. p,37",Cintia,8/10/2018
190,190-501,502,Rua Anhaia,501,501,24/05/1937,,"Livros de Emplacamento L1. p,37",Cintia,8/10/2018
190,190-501,502,Rua Anhaia,113,113,22/09/1930,23/05/1937,"Livros de Emplacamento L1. p,37",Cintia,8/10/2018
190,190-501,502,Rua Anhaia,121,121,17/11/1911,21/09/1930,"Livros de Emplacamento L1. p,37",Cintia,8/10/2018
190,190-897,"896,8",Rua Anhaia,897,897,24/05/1937,,"Livros de Emplacamento L1. p,37",Cintia,8/10/2018
190,190-897,"896,8",Rua Anhaia,209,209,22/09/1930,23/05/1937,"Livros de Emplacamento L1. p,37",Cintia,8/10/2018
190,190-897,"896,8",Rua Anhaia,215,215,17/11/1911,21/09/1930,"Livros de Emplacamento L1. p,37",Cintia,8/10/2018
190,190-1117,"1117,5",Rua Anhaia,1117,1117,24/05/1937,,"Livros de Emplacamento L1. p,37",Cintia,8/10/2018
190,190-1117,"1117,5",Rua Anhaia,263,263,22/09/1930,23/05/1937,"Livros de Emplacamento L1. p,37",Cintia,8/10/2018
190,190-1117,"1117,5",Rua Anhaia,267,267,24/04/1909,21/09/1930,"Livros de Emplacamento L1. p,37",Cintia,8/10/2018
190,190-1117,"1117,5",Rua Anhaia,207,207,24/04/1909,24/04/1909,"Livros de Emplacamento L1. p,37",Cintia,8/10/2018
190,190-1219,1220,Rua Anhaia,1219,1219,24/05/1937,,"Livros de Emplacamento L1. p,37",Cintia,8/10/2018
190,190-1219,1220,Rua Anhaia,289,289,23/05/1937,23/05/1937,"Livros de Emplacamento L1. p,37",Cintia,8/10/2018
177,177-622,"621,5",Rua Barra Funda,622,622,21/01/1936,,"Livros de Emplacamento L2. p,1",Cintia,8/10/2018
177,177-622,"621,5",Rua Barra Funda,124,124,08/06/1929,20/01/1936,"Livros de Emplacamento L2. p,1",Cintia,8/10/2018
177,177-622,"621,5",Rua Barra Funda,128,128,26/07/1911,08/05/1929,"Livros de Emplacamento L2. p,1",Cintia,8/10/2018
177,177-1082,"1082,2",Rua Barra Funda,1082,1082,21/01/1936,,"Livros de Emplacamento L2. p,1",Cintia,8/10/2018
177,177-1082,"1082,2",Rua Barra Funda,220,220,08/06/1929,20/01/1936,"Livros de Emplacamento L2. p,1",Cintia,8/10/2018
177,177-1082,"1082,2",Rua Barra Funda,208,208,26/07/1911,08/05/1929,"Livros de Emplacamento L2. p,1",Cintia,8/10/2018
193,193-49,"50,3",Avenida Rudge,49,49,23/05/1938,,Livros de Emplacamento L8,Cintia,8/10/2018
193,193-49,"50,3",Avenida Rudge,3,3,16/12/1922,22/05/1938,Livros de Emplacamento L8,Cintia,8/10/2018
193,193-325,"326,4",Avenida Rudge,325,325,23/05/1938,,Livros de Emplacamento L8,Cintia,8/10/2018
193,193-325,"326,4",Avenida Rudge,55,55,27/05/1915,22/05/1938,Livros de Emplacamento L8,Cintia,8/10/2018
193,193-325,"326,4",Avenida Rudge,85,85 tinta,26/05/1915,26/05/1915,Livros de Emplacamento L8,Cintia,8/10/2018
193,193-607,"608,1",Avenida Rudge,607,607,23/05/1938,,Livros de Emplacamento L8,Cintia,8/10/2018
193,193-607,"608,1",Avenida Rudge,109,109,27/05/1915,22/05/1938,Livros de Emplacamento L8,Cintia,8/10/2018
193,193-931,"930,7",Avenida Rudge,931,931,23/05/1938,,Livros de Emplacamento L8,Cintia,8/10/2018
193,193-931,"930,7",Avenida Rudge,180,180 T,22/05/1938,22/05/1938,Livros de Emplacamento L8,Cintia,8/10/2018
193,193-110,"110,1",Avenida Rudge,110,110,23/05/1938,,Livros de Emplacamento L8,Cintia,8/10/2018
193,193-110,"110,1",Avenida Rudge,10,10,27/05/1915,22/05/1938,Livros de Emplacamento L8,Cintia,8/10/2018
193,193-346,"346,1",Avenida Rudge,346,346,23/05/1938,,Livros de Emplacamento L8,Cintia,8/10/2018
193,193-346,"346,1",Avenida Rudge,66,66,27/05/1915,22/05/1938,Livros de Emplacamento L8,Cintia,8/10/2018
193,193-752,751,Avenida Rudge,752,752,23/05/1938,,Livros de Emplacamento L8,Cintia,8/10/2018
193,193-752,751,Avenida Rudge,136,136,27/05/1915,22/05/1938,Livros de Emplacamento L8,Cintia,8/10/2018
193,193-752,751,Avenida Rudge,164,164 tinta,26/05/1915,26/05/1915,Livros de Emplacamento L8,Cintia,8/10/2018
710,710-44,44,Avenida dos Americanos,44,44,21/05/1947,,"Livros de Emplacamento L1. p,75",Cintia,8/10/2018
710,710-44,44,Avenida dos Americanos,2,2A,20/05/1947,20/05/1947,"Livros de Emplacamento L1. p,75",Cintia,8/10/2018
710,710-242,"243,3",Avenida dos Americanos,242,242,21/05/1947,,"Livros de Emplacamento L1. p,75",Cintia,8/10/2018
710,710-242,"243,3",Avenida dos Americanos,16,16,02/02/1923,20/05/1947,"Livros de Emplacamento L1. p,75",Cintia,8/10/2018
710,710-350,350,Avenida dos Americanos,350,350,21/05/1947,,"Livros de Emplacamento L1. p,75",Cintia,8/10/2018
710,710-350,350,Avenida dos Americanos,40,40,02/02/1923,20/05/1947,"Livros de Emplacamento L1. p,75",Cintia,8/10/2018
710,710-350,350,Avenida dos Americanos,30,30,02/01/1923,02/01/1923,"Livros de Emplacamento L1. p,75",Cintia,8/10/2018
710,710-444,"445,1",Avenida dos Americanos,444,444,21/05/1947,,"Livros de Emplacamento L1. p,75",Cintia,8/10/2018
710,710-444,"445,1",Avenida dos Americanos,54,54,02/02/1923,20/05/1947,"Livros de Emplacamento L1. p,75",Cintia,8/10/2018
710,710-444,"445,1",Avenida dos Americanos,38,38,02/01/1923,02/01/1923,"Livros de Emplacamento L1. p,75",Cintia,8/10/2018
710,710-728,"727,6",Avenida dos Americanos,728,728,21/05/1947,,"Livros de Emplacamento L1. p,75",Cintia,8/10/2018
710,710-728,"727,6",Avenida dos Americanos,80,80,20/05/1947,20/05/1947,"Livros de Emplacamento L1. p,75",Cintia,8/10/2018
710,710-155,"155,3",Avenida dos Americanos,155,155,21/05/1947,,"Livros de Emplacamento L1. p,75",Cintia,8/10/2018
710,710-155,"155,3",Avenida dos Americanos,15,15,02/02/1923,20/05/1947,"Livros de Emplacamento L1. p,75",Cintia,8/10/2018
710,710-333,"333,3",Avenida dos Americanos,333,333,21/05/1947,,"Livros de Emplacamento L1. p,75",Cintia,8/10/2018
710,710-333,"333,3",Avenida dos Americanos,87,87,20/05/1947,20/05/1947,"Livros de Emplacamento L1. p,75",Cintia,8/10/2018
710,710-365,"366,3",Avenida dos Americanos,365,361,21/05/1947,,"Livros de Emplacamento L1. p,75",Cintia,8/10/2018
710,710-365,"366,3",Avenida dos Americanos,97,97,20/05/1947,20/05/1947,"Livros de Emplacamento L1. p,75",Cintia,8/10/2018
716,716-11,"11,6",Rua Anhanguera,11,11,28/10/1935,,Livros de Emplacamento L1. p45,Cintia,8/10/2018
716,716-11,"11,6",Rua Anhanguera,1,1,24/04/1912,27/10/1935,Livros de Emplacamento L1. p45,Cintia,8/10/2018
716,716-107,"107,5",Rua Anhanguera,107,107,28/10/1935,,Livros de Emplacamento L1. p45,Cintia,8/10/2018
716,716-107,"107,5",Rua Anhanguera,27,27,09/01/1930,27/10/1935,Livros de Emplacamento L1. p45,Cintia,8/10/2018
716,716-107,"107,5",Rua Anhanguera,21,21,24/04/1912,31/08/1930,Livros de Emplacamento L1. p45,Cintia,8/10/2018
716,716-223,"223,7",Rua Anhanguera,223,223,28/10/1935,,Livros de Emplacamento L1. p45,Cintia,8/10/2018
716,716-223,"223,7",Rua Anhanguera,49,49,09/01/1930,27/10/1935,Livros de Emplacamento L1. p45,Cintia,8/10/2018
716,716-223,"223,7",Rua Anhanguera,41,41,24/04/1912,31/08/1930,Livros de Emplacamento L1. p45,Cintia,8/10/2018
716,716-497,"496,7",Rua Anhanguera,497,497,28/10/1935,,Livros de Emplacamento L1. p45,Cintia,8/10/2018
716,716-497,"496,7",Rua Anhanguera,111,111,09/01/1930,27/10/1935,Livros de Emplacamento L1. p45,Cintia,8/10/2018
716,716-497,"496,7",Rua Anhanguera,81,81 tinta,31/08/1930,31/08/1930,Livros de Emplacamento L1. p45,Cintia,8/10/2018
716,716-979,"978,5",Rua Anhanguera,979,979,28/10/1935,,Livros de Emplacamento L1. p45,Cintia,8/10/2018
716,716-979,"978,5",Rua Anhanguera,193,193,09/01/1930,27/10/1935,Livros de Emplacamento L1. p45,Cintia,8/10/2018
716,716-979,"978,5",Rua Anhanguera,123,123,31/08/1930,31/08/1930,Livros de Emplacamento L1. p45,Cintia,8/10/2018
716,716-10,"9,8",Rua Anhanguera,10,10,28/10/1935,,Livros de Emplacamento L1. p45,Cintia,8/10/2018
716,716-10,"9,8",Rua Anhanguera,2,2,24/04/1912,27/10/1935,Livros de Emplacamento L1. p45,Cintia,8/10/2018
716,716-162,163,Rua Anhanguera,162,162,28/10/1935,,Livros de Emplacamento L1. p45,Cintia,8/10/2018
716,716-162,163,Rua Anhanguera,30,30,09/01/1930,27/10/1935,Livros de Emplacamento L1. p45,Cintia,8/10/2018
716,716-162,163,Rua Anhanguera,20,20,24/04/1912,31/08/1930,Livros de Emplacamento L1. p45,Cintia,8/10/2018
716,716-256,256,Rua Anhanguera,256,256,28/10/1935,,Livros de Emplacamento L1. p45,Cintia,8/10/2018
716,716-256,256,Rua Anhanguera,46,46,09/01/1930,27/10/1935,Livros de Emplacamento L1. p45,Cintia,8/10/2018
716,716-256,256,Rua Anhanguera,36,36,24/04/1912,31/08/1930,Livros de Emplacamento L1. p45,Cintia,8/10/2018
716,716-584,584,Rua Anhanguera,584,584,28/10/1935,,Livros de Emplacamento L1. p45,Cintia,8/10/2018
716,716-584,584,Rua Anhanguera,106,106,09/01/1930,27/10/1935,Livros de Emplacamento L1. p45,Cintia,8/10/2018
716,716-584,584,Rua Anhanguera,64,64,31/08/1930,31/08/1930,Livros de Emplacamento L1. p45,Cintia,8/10/2018
716,716-888,"888,9",Rua Anhanguera,888,888,28/10/1935,,Livros de Emplacamento L1. p45,Cintia,8/10/2018
716,716-888,"888,9",Rua Anhanguera,166,166,09/01/1930,27/10/1935,Livros de Emplacamento L1. p45,Cintia,8/10/2018
716,716-888,"888,9",Rua Anhanguera,88,88 tinta,31/08/1930,31/08/1930,Livros de Emplacamento L1. p45,Cintia,8/10/2018
703,703-64,"63,3",Rua Baroneza de Porto Carreiro,64,64,22/11/1935,,"Livros de Emplacamento L2. p,67",Cintia,8/10/2018
703,703-64,"63,3",Rua Baroneza de Porto Carreiro,2,2,21/11/1935,21/11/1935,"Livros de Emplacamento L2. p,67",Cintia,8/10/2018
703,703-270,"270,8",Rua Baroneza de Porto Carreiro,270,270,22/11/1935,,"Livros de Emplacamento L2. p,67",Cintia,8/10/2018
703,703-270,"270,8",Rua Baroneza de Porto Carreiro,28,28,26/12/1925,21/11/1935,"Livros de Emplacamento L2. p,67",Cintia,8/10/2018
703,703-270,"270,8",Rua Baroneza de Porto Carreiro,10,10,25/12/1925,25/12/1925,"Livros de Emplacamento L2. p,67",Cintia,8/10/2018
703,703-336,"335,3",Rua Baroneza de Porto Carreiro,336,336,22/11/1935,,"Livros de Emplacamento L2. p,67",Cintia,8/10/2018
703,703-336,"335,3",Rua Baroneza de Porto Carreiro,40,40,21/11/1935,21/11/1935,"Livros de Emplacamento L2. p,67",Cintia,8/10/2018
703,703-105,"104,5",Rua Baroneza de Porto Carreiro,105,105,22/11/1935,,"Livros de Emplacamento L2. p,67",Cintia,8/10/2018
703,703-105,"104,5",Rua Baroneza de Porto Carreiro,1,1,21/11/1935,21/11/1935,"Livros de Emplacamento L2. p,67",Cintia,8/10/2018
703,703-211,"211,1",Rua Baroneza de Porto Carreiro,211,211,22/11/1935,,"Livros de Emplacamento L2. p,67",Cintia,8/10/2018
703,703-211,"211,1",Rua Baroneza de Porto Carreiro,21,21,21/11/1935,21/11/1935,"Livros de Emplacamento L2. p,67",Cintia,8/10/2018
703,703-307,"307,2",Rua Baroneza de Porto Carreiro,307,307,22/11/1935,,"Livros de Emplacamento L2. p,67",Cintia,8/10/2018
703,703-307,"307,2",Rua Baroneza de Porto Carreiro,39,39,21/11/1935,21/11/1935,"Livros de Emplacamento L2. p,67",Cintia,8/10/2018
714,714-15,"15,4",Rua Boracea,15,15,25/05/1942,,"Livros de Emplacamento L2. p,34",Cintia,8/10/2018
714,714-15,"15,4",Rua Boracea,1,1,24/04/1912,24/05/1942,"Livros de Emplacamento L2. p,34",Cintia,8/10/2018
714,714-79,79,Rua Boracea,79,79,25/05/1942,,"Livros de Emplacamento L2. p,34",Cintia,8/10/2018
714,714-79,79,Rua Boracea,31,31,24/04/1912,24/05/1942,"Livros de Emplacamento L2. p,34",Cintia,8/10/2018
714,714-271,271,Rua Boracea,271,271,25/05/1942,,"Livros de Emplacamento L2. p,34",Cintia,8/10/2018
714,714-271,271,Rua Boracea,57,57,24/04/1912,24/05/1942,"Livros de Emplacamento L2. p,34",Cintia,8/10/2018
714,714-110,"110,1",Rua Boracea,110,110,25/05/1942,,"Livros de Emplacamento L2. p,34",Cintia,8/10/2018
714,714-110,"110,1",Rua Boracea,"2,1",2A,24/05/1942,24/05/1942,"Livros de Emplacamento L2. p,34",Cintia,8/10/2018
714,714-258,"257,1",Rua Boracea,258,258,25/05/1942,,"Livros de Emplacamento L2. p,34",Cintia,8/10/2018
714,714-258,"257,1",Rua Boracea,36,36,24/05/1942,24/05/1942,"Livros de Emplacamento L2. p,34",Cintia,8/10/2018
695,695-202,"201,8",Rua Christina Thomaz,202,202,04/11/1938,,"Livros de Emplacamento L24. p,278",Cintia,8/10/2018
695,695-202,"201,8",Rua Christina Thomaz,3,3,30/09/1916,04/10/1938,"Livros de Emplacamento L24. p,278",Cintia,8/10/2018
695,695-202,"201,8",Rua Christina Thomaz,15,15,24/04/1909,29/09/1916,"Livros de Emplacamento L24. p,278",Cintia,8/10/2018
695,695-200,"199,7",Rua Christina Thomaz,200,200,04/11/1938,,"Livros de Emplacamento L24. p,278",Cintia,8/10/2018
695,695-200,"199,7",Rua Christina Thomaz,5,5,30/09/1916,04/10/1938,"Livros de Emplacamento L24. p,278",Cintia,8/10/2018
695,695-200,"199,7",Rua Christina Thomaz,17,17,24/04/1909,29/09/1916,"Livros de Emplacamento L24. p,278",Cintia,8/10/2018
695,695-190,"189,2",Rua Christina Thomaz,190,190,04/11/1938,,"Livros de Emplacamento L24. p,278",Cintia,8/10/2018
695,695-190,"189,2",Rua Christina Thomaz,7,7,04/10/1938,04/10/1938,"Livros de Emplacamento L24. p,278",Cintia,8/10/2018
695,695-217,"217,6",Rua Christina Thomaz,217,217,04/11/1938,,"Livros de Emplacamento L24. p,278",Cintia,8/10/2018
695,695-217,"217,6",Rua Christina Thomaz,4,4,30/09/1916,04/10/1938,"Livros de Emplacamento L24. p,278",Cintia,8/10/2018
695,695-217,"217,6",Rua Christina Thomaz,10,10,24/04/1909,29/09/1916,"Livros de Emplacamento L24. p,278",Cintia,8/10/2018
695,695-217,"217,6",Rua Christina Thomaz,2,2,23/04/1909,23/04/1909,"Livros de Emplacamento L24. p,278",Cintia,8/10/2018
695,695-185,"185,6",Rua Christina Thomaz,185,185,04/11/1938,,"Livros de Emplacamento L24. p,278",Cintia,8/10/2018
695,695-185,"185,6",Rua Christina Thomaz,10,10,30/09/1916,04/10/1938,"Livros de Emplacamento L24. p,278",Cintia,8/10/2018
695,695-185,"185,6",Rua Christina Thomaz,20,20,24/04/1909,29/09/1916,"Livros de Emplacamento L24. p,278",Cintia,8/10/2018
695,695-185,"185,6",Rua Christina Thomaz,8,8,23/04/1909,23/04/1909,"Livros de Emplacamento L24. p,278",Cintia,8/10/2018
695,695-65,"64,7",Rua Christina Thomaz,65,65,04/11/1938,,"Livros de Emplacamento L24. p,278",Cintia,8/10/2018
695,695-65,"64,7",Rua Christina Thomaz,20,20,30/09/1916,04/10/1938,"Livros de Emplacamento L24. p,278",Cintia,8/10/2018
695,695-65,"64,7",Rua Christina Thomaz,96,96 tinta,29/09/1916,29/09/1916,"Livros de Emplacamento L24. p,278",Cintia,8/10/2018
713,713-36,"35,8",Rua Cruzeiro,36,36,20/05/1942,,"Livros de Emplacamento L2. p,71",Cintia,8/10/2018
713,713-36,"35,8",Rua Cruzeiro,2,2,27/08/1930,19/05/1942,"Livros de Emplacamento L2. p,71",Cintia,8/10/2018
713,713-524,"524,6",Rua Cruzeiro,524,524,20/05/1942,,"Livros de Emplacamento L2. p,71",Cintia,8/10/2018
713,713-524,"524,6",Rua Cruzeiro,76,76,27/08/1930,19/05/1942,"Livros de Emplacamento L2. p,71",Cintia,8/10/2018
713,713-524,"524,6",Rua Cruzeiro,30,30,26/08/1930,26/08/1930,"Livros de Emplacamento L2. p,71",Cintia,8/10/2018
713,713-802,"801,6",Rua Cruzeiro,802,802,20/05/1942,,"Livros de Emplacamento L2. p,71",Cintia,8/10/2018
713,713-802,"801,6",Rua Cruzeiro,122,122,27/08/1930,19/05/1942,"Livros de Emplacamento L2. p,71",Cintia,8/10/2018
713,713-802,"801,6",Rua Cruzeiro,64,64,10/11/1907,26/08/1930,"Livros de Emplacamento L2. p,71",Cintia,8/10/2018
713,713-970,"970,5",Rua Cruzeiro,970,970,20/05/1942,,"Livros de Emplacamento L2. p,71",Cintia,8/10/2018
713,713-970,"970,5",Rua Cruzeiro,162,162,27/08/1930,19/05/1942,"Livros de Emplacamento L2. p,71",Cintia,8/10/2018
713,713-970,"970,5",Rua Cruzeiro,90,90,10/11/1907,26/08/1930,"Livros de Emplacamento L2. p,71",Cintia,8/10/2018
713,713-157,156,Rua Cruzeiro,157,157,20/05/1942,,"Livros de Emplacamento L2. p,71",Cintia,8/10/2018
713,713-157,156,Rua Cruzeiro,13,13,27/08/1930,19/05/1942,"Livros de Emplacamento L2. p,71",Cintia,8/10/2018
713,713-157,156,Rua Cruzeiro,9,9,26/08/1930,26/08/1930,"Livros de Emplacamento L2. p,71",Cintia,8/10/2018
713,713-597,"596,5",Rua Cruzeiro,597,597,20/05/1942,,"Livros de Emplacamento L2. p,71",Cintia,8/10/2018
713,713-597,"596,5",Rua Cruzeiro,77,77,27/08/1930,19/05/1942,"Livros de Emplacamento L2. p,71",Cintia,8/10/2018
713,713-597,"596,5",Rua Cruzeiro,45,45,10/11/1907,26/08/1930,"Livros de Emplacamento L2. p,71",Cintia,8/10/2018
713,713-721,"721,5",Rua Cruzeiro,721,721,20/05/1942,,"Livros de Emplacamento L2. p,71",Cintia,8/10/2018
713,713-721,"721,5",Rua Cruzeiro,105,105,27/08/1930,19/05/1942,"Livros de Emplacamento L2. p,71",Cintia,8/10/2018
713,713-721,"721,5",Rua Cruzeiro,69,69,10/11/1907,26/08/1930,"Livros de Emplacamento L2. p,71",Cintia,8/10/2018
713,713-959,"958,9",Rua Cruzeiro,959,959,20/05/1942,,"Livros de Emplacamento L2. p,71",Cintia,8/10/2018
713,713-959,"958,9",Rua Cruzeiro,145,145,27/08/1930,19/05/1942,"Livros de Emplacamento L2. p,71",Cintia,8/10/2018
713,713-959,"958,9",Rua Cruzeiro,103,103,26/08/1930,26/08/1930,"Livros de Emplacamento L2. p,71",Cintia,8/10/2018
697,697-18,"18,6",Rua Areal,18,18,05/12/1937,,"Livros de Emplacamento L1. p,16",Cintia,8/10/2018
697,697-18,"18,6",Rua Areal,2,2,24/04/1909,05/11/1937,"Livros de Emplacamento L1. p,16",Cintia,8/10/2018
697,697-128,"128,8",Rua Areal,128,128,05/12/1937,,"Livros de Emplacamento L1. p,16",Cintia,8/10/2018
697,697-128,"128,8",Rua Areal,32,32,09/04/1930,05/11/1937,"Livros de Emplacamento L1. p,16",Cintia,8/10/2018
697,697-128,"128,8",Rua Areal,30,30,24/04/1909,09/03/1930,"Livros de Emplacamento L1. p,16",Cintia,8/10/2018
697,697-226,"225,8",Rua Areal,226,226,05/12/1937,,"Livros de Emplacamento L1. p,16",Cintia,8/10/2018
697,697-226,"225,8",Rua Areal,60,60,09/04/1930,05/11/1937,"Livros de Emplacamento L1. p,16",Cintia,8/10/2018
697,697-226,"225,8",Rua Areal,58,58,24/04/1909,09/03/1930,"Livros de Emplacamento L1. p,16",Cintia,8/10/2018
697,697-79,"79,2",Rua Areal,79,79,05/12/1937,,"Livros de Emplacamento L1. p,16",Cintia,8/10/2018
697,697-79,"79,2",Rua Areal,3,3,09/04/1930,05/11/1937,"Livros de Emplacamento L1. p,16",Cintia,8/10/2018
697,697-79,"79,2",Rua Areal,7,7,24/04/1909,09/03/1930,"Livros de Emplacamento L1. p,16",Cintia,8/10/2018
697,697-137,"137,3",Rua Areal,137,137,05/12/1937,,"Livros de Emplacamento L1. p,16",Cintia,8/10/2018
697,697-137,"137,3",Rua Areal,27,27,09/04/1930,05/11/1937,"Livros de Emplacamento L1. p,16",Cintia,8/10/2018
697,697-137,"137,3",Rua Areal,31,31,24/04/1909,09/03/1930,"Livros de Emplacamento L1. p,16",Cintia,8/10/2018
697,697-225,224,Rua Areal,225,225,05/12/1937,,"Livros de Emplacamento L1. p,16",Cintia,8/10/2018
697,697-225,224,Rua Areal,57,57,09/04/1930,05/11/1937,"Livros de Emplacamento L1. p,16",Cintia,8/10/2018
697,697-225,224,Rua Areal,61,61,24/04/1909,09/03/1930,"Livros de Emplacamento L1. p,16",Cintia,8/10/2018
697,697-249,"248,1",Rua Areal,249,249,05/12/1937,,"Livros de Emplacamento L1. p,16",Cintia,8/10/2018
697,697-249,"248,1",Rua Areal,"61,1",61A,09/04/1930,05/11/1937,"Livros de Emplacamento L1. p,16",Cintia,8/10/2018
697,697-249,"248,1",Rua Areal,"67,1",67B,09/03/1930,09/03/1930,"Livros de Emplacamento L1. p,16",Cintia,8/10/2018
213,213-40,"40,7",Rua Rodrigo de Barros,40,40,04/02/1937,,"Livro de Emplacamentos L8. p,26",Cintia,8/10/2018
213,213-40,"40,7",Rua Rodrigo de Barros,2,2,26/07/1907,04/01/1937,"Livro de Emplacamentos L8. p,26",Cintia,8/10/2018
213,213-322,"321,4",Rua Rodrigo de Barros,322,322,04/02/1937,,"Livro de Emplacamentos L8. p,26",Cintia,8/10/2018
213,213-322,"321,4",Rua Rodrigo de Barros,58,58,26/07/1907,04/01/1937,"Livro de Emplacamentos L8. p,26",Cintia,8/10/2018
213,213-400,"399,1",Rua Rodrigo de Barros,400,400,04/02/1937,,"Livro de Emplacamentos L8. p,26",Cintia,8/10/2018
213,213-400,"399,1",Rua Rodrigo de Barros,78,78,26/07/1907,04/01/1937,"Livro de Emplacamentos L8. p,26",Cintia,8/10/2018
213,213-450,450,Rua Rodrigo de Barros,450,450,04/02/1937,,"Livro de Emplacamentos L8. p,26",Cintia,8/10/2018
213,213-450,450,Rua Rodrigo de Barros,88,88,04/01/1937,04/01/1937,"Livro de Emplacamentos L8. p,26",Cintia,8/10/2018
213,213-63,63,Rua Rodrigo de Barros,63,63,04/02/1937,,"Livro de Emplacamentos L8. p,26",Cintia,8/10/2018
213,213-63,63,Rua Rodrigo de Barros,1,1,26/07/1907,04/01/1937,"Livro de Emplacamentos L8. p,26",Cintia,8/10/2018
213,213-219,"219,8",Rua Rodrigo de Barros,219,219,04/02/1937,,"Livro de Emplacamentos L8. p,26",Cintia,8/10/2018
213,213-219,"219,8",Rua Rodrigo de Barros,49,49,26/07/1907,04/01/1937,"Livro de Emplacamentos L8. p,26",Cintia,8/10/2018
213,213-219,"219,8",Rua Rodrigo de Barros,33,33,25/07/1907,25/07/1907,"Livro de Emplacamentos L8. p,26",Cintia,8/10/2018
213,213-369,"369,4",Rua Rodrigo de Barros,369,369,04/02/1937,,"Livro de Emplacamentos L8. p,26",Cintia,8/10/2018
213,213-369,"369,4",Rua Rodrigo de Barros,85,85,23/03/1912,04/01/1937,"Livro de Emplacamentos L8. p,26",Cintia,8/10/2018
213,213-369,"369,4",Rua Rodrigo de Barros,81,81,26/07/1907,22/03/1912,"Livro de Emplacamentos L8. p,26",Cintia,8/10/2018
213,213-369,"369,4",Rua Rodrigo de Barros,53,53,25/07/1907,25/07/1907,"Livro de Emplacamentos L8. p,26",Cintia,8/10/2018
711,711-33,"32,4",Rua Garibaldi,33,33,29/05/1942,,"Livro de Emplacamentos L4. p,67",Cintia,8/10/2018
711,711-33,"32,4",Rua Garibaldi,1,1,28/05/1942,28/05/1942,"Livro de Emplacamentos L4. p,67",Cintia,8/10/2018
711,711-231,"231,7",Rua Garibaldi,231,231,29/05/1942,,"Livro de Emplacamentos L4. p,67",Cintia,8/10/2018
711,711-231,"231,7",Rua Garibaldi,11,11,28/05/1942,28/05/1942,"Livro de Emplacamentos L4. p,67",Cintia,8/10/2018
711,711-521,"521,6",Rua Garibaldi,521,521,29/05/1942,,"Livro de Emplacamentos L4. p,67",Cintia,8/10/2018
711,711-521,"521,6",Rua Garibaldi,59,59,12/12/1907,28/05/1942,"Livro de Emplacamentos L4. p,67",Cintia,8/10/2018
711,711-521,"521,6",Rua Garibaldi,35,35,11/12/1907,11/12/1907,"Livro de Emplacamentos L4. p,67",Cintia,8/10/2018
711,711-565,"565,5",Rua Garibaldi,565,565,29/05/1942,,"Livro de Emplacamentos L4. p,67",Cintia,8/10/2018
711,711-565,"565,5",Rua Garibaldi,63,63,12/12/1907,28/05/1942,"Livro de Emplacamentos L4. p,67",Cintia,8/10/2018
711,711-621,"621,2",Rua Garibaldi,621,621,29/05/1942,,"Livro de Emplacamentos L4. p,67",Cintia,8/10/2018
711,711-621,"621,2",Rua Garibaldi,73,73,28/05/1942,28/05/1942,"Livro de Emplacamentos L4. p,67",Cintia,8/10/2018
711,711-236,"235,2",Rua Garibaldi,236,236,29/05/1942,,"Livro de Emplacamentos L4. p,67",Cintia,8/10/2018
711,711-236,"235,2",Rua Garibaldi,2,2,12/12/1907,28/05/1942,"Livro de Emplacamentos L4. p,67",Cintia,8/10/2018
711,711-410,"409,1",Rua Garibaldi,410,410,29/05/1942,,"Livro de Emplacamentos L4. p,67",Cintia,8/10/2018
711,711-410,"409,1",Rua Garibaldi,44,44,12/12/1907,28/05/1942,"Livro de Emplacamentos L4. p,67",Cintia,8/10/2018
711,711-410,"409,1",Rua Garibaldi,42,42,11/12/1907,11/12/1907,"Livro de Emplacamentos L4. p,67",Cintia,8/10/2018
711,711-660,"659,9",Rua Garibaldi,660,660,29/05/1942,,"Livro de Emplacamentos L4. p,67",Cintia,8/10/2018
711,711-660,"659,9",Rua Garibaldi,82,82,12/12/1907,28/05/1942,"Livro de Emplacamentos L4. p,67",Cintia,8/10/2018
711,711-660,"659,9",Rua Garibaldi,86,86,11/12/1907,11/12/1907,"Livro de Emplacamentos L4. p,67",Cintia,8/10/2018
711,711-718,"718,8",Rua Garibaldi,718,718,29/05/1942,,"Livro de Emplacamentos L4. p,67",Cintia,8/10/2018
711,711-718,"718,8",Rua Garibaldi,100,100,28/05/1942,28/05/1942,"Livro de Emplacamentos L4. p,67",Cintia,8/10/2018
693,693-127,"125,9",Rua General Flores,127,127,15/04/1937,,Livros de Emplacamento L4. p. 73,Cintia,8/10/2018
693,693-127,"125,9",Rua General Flores,5,5,15/06/1928,14/04/1937,Livros de Emplacamento L4. p. 73,Cintia,8/10/2018
693,693-127,"125,9",Rua General Flores,3,3,10/12/1908,14/06/1928,Livros de Emplacamento L4. p. 73,Cintia,8/10/2018
693,693-367,"366,8",Rua General Flores,367,367,15/04/1937,,Livros de Emplacamento L4. p. 73,Cintia,8/10/2018
693,693-367,"366,8",Rua General Flores,45,45,15/06/1928,14/04/1937,Livros de Emplacamento L4. p. 73,Cintia,8/10/2018
693,693-367,"366,8",Rua General Flores,41,41,10/12/1908,14/06/1928,Livros de Emplacamento L4. p. 73,Cintia,8/10/2018
693,693-367,"366,8",Rua General Flores,35,35,12/09/1908,12/09/1908,Livros de Emplacamento L4. p. 73,Cintia,8/10/2018
693,693-581,"580,4",Rua General Flores,581,581,15/04/1937,,Livros de Emplacamento L4. p. 73,Cintia,8/10/2018
693,693-581,"580,4",Rua General Flores,95,95,15/06/1928,14/04/1937,Livros de Emplacamento L4. p. 73,Cintia,8/10/2018
693,693-581,"580,4",Rua General Flores,83,83,10/12/1908,14/06/1928,Livros de Emplacamento L4. p. 73,Cintia,8/10/2018
693,693-581,"580,4",Rua General Flores,75,75,12/09/1908,12/09/1908,Livros de Emplacamento L4. p. 73,Cintia,8/10/2018
693,693-78,"78,9",Rua General Flores,78,78,15/04/1937,,Livros de Emplacamento L4. p. 73,Cintia,8/10/2018
693,693-78,"78,9",Rua General Flores,14,14,15/06/1928,14/04/1937,Livros de Emplacamento L4. p. 73,Cintia,8/10/2018
693,693-78,"78,9",Rua General Flores,20,20,10/12/1908,14/06/1928,Livros de Emplacamento L4. p. 73,Cintia,8/10/2018
693,693-234,"234,6",Rua General Flores,234,234,15/04/1937,,Livros de Emplacamento L4. p. 73,Cintia,8/10/2018
693,693-234,"234,6",Rua General Flores,54,54,15/06/1928,14/04/1937,Livros de Emplacamento L4. p. 73,Cintia,8/10/2018
693,693-234,"234,6",Rua General Flores,62,62,10/12/1908,14/06/1928,Livros de Emplacamento L4. p. 73,Cintia,8/10/2018
693,693-486,"486,5",Rua General Flores,486,486,15/04/1937,,Livros de Emplacamento L4. p. 73,Cintia,8/10/2018
693,693-486,"486,5",Rua General Flores,102,102,15/06/1928,14/04/1937,Livros de Emplacamento L4. p. 73,Cintia,8/10/2018
693,693-486,"486,5",Rua General Flores,110,110,02/09/1915,14/06/1928,Livros de Emplacamento L4. p. 73,Cintia,8/10/2018
693,693-486,"486,5",Rua General Flores,98,98,10/12/1908,02/08/1915,Livros de Emplacamento L4. p. 73,Cintia,8/10/2018
693,693-486,"486,5",Rua General Flores,108,108,12/09/1908,12/09/1908,Livros de Emplacamento L4. p. 73,Cintia,8/10/2018
693,693-586,"585,8",Rua General Flores,586,586,15/04/1937,,Livros de Emplacamento L4. p. 73,Cintia,8/10/2018
693,693-586,"585,8",Rua General Flores,132,132,15/06/1928,14/04/1937,Livros de Emplacamento L4. p. 73,Cintia,8/10/2018
693,693-586,"585,8",Rua General Flores,136,136,14/06/1928,14/06/1928,Livros de Emplacamento L4. p. 73,Cintia,8/10/2018
693,693-556,"556,2",Rua General Flores,556,556,15/04/1937,,Livros de Emplacamento L4. p. 73,Cintia,8/10/2018
693,693-556,"556,2",Rua General Flores,122,122,15/06/1928,14/04/1937,Livros de Emplacamento L4. p. 73,Cintia,8/10/2018
693,693-556,"556,2",Rua General Flores,124,124,02/09/1915,14/06/1928,Livros de Emplacamento L4. p. 73,Cintia,8/10/2018
693,693-556,"556,2",Rua General Flores,112,112,02/08/1915,02/08/1915,Livros de Emplacamento L4. p. 73,Cintia,8/10/2018
706,706-35,"35,7",Rua James Holland,35,35,07/07/1939,,"Livros de Emplacamento L17. p,168",Cintia,8/10/2018
706,706-35,"35,7",Rua James Holland,3,3,07/06/1939,07/06/1939,"Livros de Emplacamento L17. p,168",Cintia,8/10/2018
706,706-113,"112,1",Rua James Holland,113,113,07/07/1939,,"Livros de Emplacamento L17. p,168",Cintia,8/10/2018
706,706-113,"112,1",Rua James Holland,21,21,20/01/1935,07/06/1939,"Livros de Emplacamento L17. p,168",Cintia,8/10/2018
706,706-387,"387,7",Rua James Holland,387,387,07/07/1939,,"Livros de Emplacamento L17. p,168",Cintia,8/10/2018
706,706-387,"387,7",Rua James Holland,65,65,20/01/1935,07/06/1939,"Livros de Emplacamento L17. p,168",Cintia,8/10/2018
706,706-425,"424,9",Rua James Holland,425,425,07/07/1939,,"Livros de Emplacamento L17. p,168",Cintia,8/10/2018
706,706-425,"424,9",Rua James Holland,75,75,20/01/1935,07/06/1939,"Livros de Emplacamento L17. p,168",Cintia,8/10/2018
706,706-228,"228,7",Rua James Holland,228,228,07/07/1939,,"Livros de Emplacamento L17. p,168",Cintia,8/10/2018
706,706-228,"228,7",Rua James Holland,40,40,20/01/1935,07/06/1939,"Livros de Emplacamento L17. p,168",Cintia,8/10/2018
706,706-228,"228,7",Rua James Holland,10,10,19/01/1935,19/01/1935,"Livros de Emplacamento L17. p,168",Cintia,8/10/2018
706,706-270,"270,9",Rua James Holland,270,270,07/07/1939,,"Livros de Emplacamento L17. p,168",Cintia,8/10/2018
706,706-270,"270,9",Rua James Holland,46,46,20/01/1935,07/06/1939,"Livros de Emplacamento L17. p,168",Cintia,8/10/2018
706,706-270,"270,9",Rua James Holland,16,16,19/01/1935,19/01/1935,"Livros de Emplacamento L17. p,168",Cintia,8/10/2018
733,733-25,"25,6",Rua Jorge Velho,25,25,20/07/1938,,"Livro de Emplacamento L25. p,37",Cintia,8/10/2018
733,733-25,"25,6",Rua Jorge Velho,1,1,19/07/1938,19/07/1938,"Livro de Emplacamento L25. p,37",Cintia,8/10/2018
733,733-75,"74,6",Rua Jorge Velho,75,75,20/07/1938,,"Livro de Emplacamento L25. p,37",Cintia,8/10/2018
733,733-75,"74,6",Rua Jorge Velho,11,11,19/07/1938,19/07/1938,"Livro de Emplacamento L25. p,37",Cintia,8/10/2018
733,733-109,"109,3",Rua Jorge Velho,109,109,20/07/1938,,"Livro de Emplacamento L25. p,37",Cintia,8/10/2018
733,733-109,"109,3",Rua Jorge Velho,23,23,19/07/1938,19/07/1938,"Livro de Emplacamento L25. p,37",Cintia,8/10/2018
733,733-42,"41,4",Rua Jorge Velho,42,42,20/07/1938,,"Livro de Emplacamento L25. p,37",Cintia,8/10/2018
733,733-42,"41,4",Rua Jorge Velho,1,1B,19/07/1938,19/07/1938,"Livro de Emplacamento L25. p,37",Cintia,8/10/2018
733,733-74,"73,3",Rua Jorge Velho,74,74,20/07/1938,,"Livro de Emplacamento L25. p,37",Cintia,8/10/2018
733,733-74,"73,3",Rua Jorge Velho,4,4,19/07/1938,19/07/1938,"Livro de Emplacamento L25. p,37",Cintia,8/10/2018
733,733-122,"122,6",Rua Jorge Velho,122,122,20/07/1938,,"Livro de Emplacamento L25. p,37",Cintia,8/10/2018
733,733-122,"122,6",Rua Jorge Velho,10,10,19/07/1938,19/07/1938,"Livro de Emplacamento L25. p,37",Cintia,8/10/2018
708,708-15,"15,3",Rua Lusitania,15,15,19/05/1938,,"Livro de Emplacamento L24. p,328",Cintia,8/10/2018
708,708-15,"15,3",Rua Lusitania,1,1,18/05/1938,18/05/1938,"Livro de Emplacamento L24. p,328",Cintia,8/10/2018
708,708-397,"397,6",Rua Lusitania,397,397,19/05/1938,,"Livro de Emplacamento L24. p,328",Cintia,8/10/2018
708,708-397,"397,6",Rua Lusitania,21,21,18/05/1938,18/05/1938,"Livro de Emplacamento L24. p,328",Cintia,8/10/2018
708,708-445,"446,3",Rua Lusitania,445,445,19/05/1938,,"Livro de Emplacamento L24. p,328",Cintia,8/10/2018
708,708-445,"446,3",Rua Lusitania,43,43 tra,18/05/1938,18/05/1938,"Livro de Emplacamento L24. p,328",Cintia,8/10/2018
708,708-66,"66,2",Rua Lusitania,66,66,19/05/1938,,"Livro de Emplacamento L24. p,328",Cintia,8/10/2018
708,708-66,"66,2",Rua Lusitania,2,2,18/05/1938,18/05/1938,"Livro de Emplacamento L24. p,328",Cintia,8/10/2018
708,708-294,"294,5",Rua Lusitania,294,294,19/05/1938,,"Livro de Emplacamento L24. p,328",Cintia,8/10/2018
708,708-294,"294,5",Rua Lusitania,50,50,18/05/1938,18/05/1938,"Livro de Emplacamento L24. p,328",Cintia,8/10/2018
708,708-466,"466,6",Rua Lusitania,466,466,19/05/1938,,"Livro de Emplacamento L24. p,328",Cintia,8/10/2018
708,708-466,"466,6",Rua Lusitania,90,90,18/05/1938,18/05/1938,"Livro de Emplacamento L24. p,328",Cintia,8/10/2018
731,731-20,20,Rua Pedro Thomaz,20,20,22/06/1936,,"Livros de Emplacamento L7. p,111",Cintia,8/10/2018
731,731-20,20,Rua Pedro Thomaz,2,2,19/04/1909,21/06/1936,"Livros de Emplacamento L7. p,111",Cintia,8/10/2018
731,731-28,28,Rua Pedro Thomaz,28,28,22/06/1936,,"Livros de Emplacamento L7. p,111",Cintia,8/10/2018
731,731-28,28,Rua Pedro Thomaz,6,6,19/04/1909,21/06/1936,"Livros de Emplacamento L7. p,111",Cintia,8/10/2018
731,731-44,"43,7",Rua Pedro Thomaz,44,44,22/06/1936,,"Livros de Emplacamento L7. p,111",Cintia,8/10/2018
731,731-44,"43,7",Rua Pedro Thomaz,8,8,21/06/1936,21/06/1936,"Livros de Emplacamento L7. p,111",Cintia,8/10/2018
731,731-15,"14,1",Rua Pedro Thomaz,15,15,22/06/1936,,"Livros de Emplacamento L7. p,111",Cintia,8/10/2018
731,731-15,"14,1",Rua Pedro Thomaz,1,1,19/04/1909,21/06/1936,"Livros de Emplacamento L7. p,111",Cintia,8/10/2018
731,731-37,37,Rua Pedro Thomaz,37,37,22/06/1936,,"Livros de Emplacamento L7. p,111",Cintia,8/10/2018
731,731-37,37,Rua Pedro Thomaz,11,11,19/04/1909,21/06/1936,"Livros de Emplacamento L7. p,111",Cintia,8/10/2018
731,731-55,"56,7",Rua Pedro Thomaz,55,55,22/06/1936,,"Livros de Emplacamento L7. p,111",Cintia,8/10/2018
731,731-55,"56,7",Rua Pedro Thomaz,21,21,19/04/1909,21/06/1936,"Livros de Emplacamento L7. p,111",Cintia,8/10/2018
731,731-73,"72,6",Rua Pedro Thomaz,73,73,22/06/1936,,"Livros de Emplacamento L7. p,111",Cintia,8/10/2018
731,731-73,"72,6",Rua Pedro Thomaz,27,27,21/06/1936,21/06/1936,"Livros de Emplacamento L7. p,111",Cintia,8/10/2018
726,726-39,"38,1",Rua Rodolpho Miranda,39,39,26/05/1937,,"Livros de Emplacamento L14. p,60",Cintia,8/10/2018
726,726-39,"38,1",Rua Rodolpho Miranda,1,1 sob,20/08/1928,25/05/1937,"Livros de Emplacamento L14. p,60",Cintia,8/10/2018
726,726-175,"175,6",Rua Rodolpho Miranda,175,175,26/05/1937,,"Livros de Emplacamento L14. p,60",Cintia,8/10/2018
726,726-175,"175,6",Rua Rodolpho Miranda,25,25,20/08/1928,25/05/1937,"Livros de Emplacamento L14. p,60",Cintia,8/10/2018
726,726-175,"175,6",Rua Rodolpho Miranda,35,35,19/08/1928,19/08/1928,"Livros de Emplacamento L14. p,60",Cintia,8/10/2018
726,726-323,"322,2",Rua Rodolpho Miranda,323,323,26/05/1937,,"Livros de Emplacamento L14. p,60",Cintia,8/10/2018
726,726-323,"322,2",Rua Rodolpho Miranda,65,65,20/08/1928,25/05/1937,"Livros de Emplacamento L14. p,60",Cintia,8/10/2018
726,726-323,"322,2",Rua Rodolpho Miranda,75,75,19/08/1928,19/08/1928,"Livros de Emplacamento L14. p,60",Cintia,8/10/2018
726,726-76,"76,8",Rua Rodolpho Miranda,76,76,26/05/1937,,"Livros de Emplacamento L14. p,60",Cintia,8/10/2018
726,726-76,"76,8",Rua Rodolpho Miranda,2,2,20/08/1928,25/05/1937,"Livros de Emplacamento L14. p,60",Cintia,8/10/2018
726,726-204,"204,1",Rua Rodolpho Miranda,204,204,26/05/1937,,"Livros de Emplacamento L14. p,60",Cintia,8/10/2018
726,726-204,"204,1",Rua Rodolpho Miranda,28,28,20/08/1928,25/05/1937,"Livros de Emplacamento L14. p,60",Cintia,8/10/2018
726,726-204,"204,1",Rua Rodolpho Miranda,34,34,19/08/1928,19/08/1928,"Livros de Emplacamento L14. p,60",Cintia,8/10/2018
726,726-320,"320,7",Rua Rodolpho Miranda,320,320,26/05/1937,,"Livros de Emplacamento L14. p,60",Cintia,8/10/2018
726,726-320,"320,7",Rua Rodolpho Miranda,58,58,20/08/1928,25/05/1937,"Livros de Emplacamento L14. p,60",Cintia,8/10/2018
726,726-320,"320,7",Rua Rodolpho Miranda,64,64,19/08/1928,19/08/1928,"Livros de Emplacamento L14. p,60",Cintia,8/10/2018
725,725-61,"61,6",Rua Salvador Leme,61,61,09/05/1938,,"Livro de Emplacamento L25. p,125",Cintia,8/10/2018
725,725-61,"61,6",Rua Salvador Leme,1,1,09/04/1938,09/04/1938,"Livro de Emplacamento L25. p,125",Cintia,8/10/2018
725,725-161,"161,4",Rua Salvador Leme,161,161,09/05/1938,,"Livro de Emplacamento L25. p,125",Cintia,8/10/2018
725,725-161,"161,4",Rua Salvador Leme,11,11,09/04/1938,09/04/1938,"Livro de Emplacamento L25. p,125",Cintia,8/10/2018
725,725-417,"417,1",Rua Salvador Leme,417,417,09/05/1938,,"Livro de Emplacamento L25. p,125",Cintia,8/10/2018
725,725-417,"417,1",Rua Salvador Leme,99,99,09/04/1938,09/04/1938,"Livro de Emplacamento L25. p,125",Cintia,8/10/2018
725,725-52,52,Rua Salvador Leme,52,52,09/05/1938,,"Livro de Emplacamento L25. p,125",Cintia,8/10/2018
725,725-52,52,Rua Salvador Leme,2,2,09/04/1938,09/04/1938,"Livro de Emplacamento L25. p,125",Cintia,8/10/2018
725,725-122,"122,1",Rua Salvador Leme,122,122,09/05/1938,,"Livro de Emplacamento L25. p,125",Cintia,8/10/2018
725,725-122,"122,1",Rua Salvador Leme,22,22,09/04/1938,09/04/1938,"Livro de Emplacamento L25. p,125",Cintia,8/10/2018
725,725-334,"333,9",Rua Salvador Leme,334,334,09/05/1938,,"Livro de Emplacamento L25. p,125",Cintia,8/10/2018
725,725-334,"333,9",Rua Salvador Leme,50,50,09/04/1938,09/04/1938,"Livro de Emplacamento L25. p,125",Cintia,8/10/2018
729,729-10,"10,9",Rua Salta salta,10,10,25/07/1941,,"Livros de Emplacamento L8. p,142",Cintia,8/10/2018
729,729-10,"10,9",Rua Salta salta,2,2,23/04/1909,24/07/1941,"Livros de Emplacamento L8. p,142",Cintia,8/10/2018
729,729-50,"49,9",Rua Salta salta,50,50,25/07/1941,,"Livros de Emplacamento L8. p,142",Cintia,8/10/2018
729,729-50,"49,9",Rua Salta salta,14,14,23/04/1909,24/07/1941,"Livros de Emplacamento L8. p,142",Cintia,8/10/2018
729,729-100,"100,1",Rua Salta salta,100,100,25/07/1941,,"Livros de Emplacamento L8. p,142",Cintia,8/10/2018
729,729-100,"100,1",Rua Salta salta,28,28,23/04/1909,24/07/1941,"Livros de Emplacamento L8. p,142",Cintia,8/10/2018
729, 729-238,238,Rua Salta salta,238,238,25/07/1941,,"Livros de Emplacamento L8. p,142",Cintia,8/10/2018
729, 729-238,238,Rua Salta salta,56,56,24/07/1941,24/07/1941,"Livros de Emplacamento L8. p,142",Cintia,8/10/2018
707,707-132,"131,1",Rua Solimoes,132,132,20/05/1938,,"Livros de Emplacamento L9. p,63",Cintia,8/10/2018
707,707-132,"131,1",Rua Solimoes,2,2,06/05/1926,19/05/1938,"Livros de Emplacamento L9. p,63",Cintia,8/10/2018
707,707-174,"173,3",Rua Solimoes,174,174,20/05/1938,,"Livros de Emplacamento L9. p,63",Cintia,8/10/2018
707,707-174,"173,3",Rua Solimoes,10,10,06/05/1926,19/05/1938,"Livros de Emplacamento L9. p,63",Cintia,8/10/2018
707,707-226,"226,8",Rua Solimoes,226,226,20/05/1938,,"Livros de Emplacamento L9. p,63",Cintia,8/10/2018
707,707-226,"226,8",Rua Solimoes,16,16,06/05/1926,19/05/1938,"Livros de Emplacamento L9. p,63",Cintia,8/10/2018
707,707-226,"226,8",Rua Solimoes,6,6,06/04/1926,06/04/1926,"Livros de Emplacamento L9. p,63",Cintia,8/10/2018
707,707-149,149,Rua Solimoes,149,149,20/05/1938,,"Livros de Emplacamento L9. p,63",Cintia,8/10/2018
707,707-149,149,Rua Solimoes,1,1,06/05/1926,19/05/1938,"Livros de Emplacamento L9. p,63",Cintia,8/10/2018
707,707-221,"221,6",Rua Solimoes,221,221,20/05/1938,,"Livros de Emplacamento L9. p,63",Cintia,8/10/2018
707,707-221,"221,6",Rua Solimoes,15,15,06/05/1926,19/05/1938,"Livros de Emplacamento L9. p,63",Cintia,8/10/2018
707,707-221,"221,6",Rua Solimoes,9,9,06/04/1926,06/04/1926,"Livros de Emplacamento L9. p,63",Cintia,8/10/2018
707,707-325,"325,7",Rua Solimoes,325,325,20/05/1938,,"Livros de Emplacamento L9. p,63",Cintia,8/10/2018
707,707-325,"325,7",Rua Solimoes,27,27,06/05/1926,19/05/1938,"Livros de Emplacamento L9. p,63",Cintia,8/10/2018
707,707-325,"325,7",Rua Solimoes,19,19,06/04/1926,06/04/1926,"Livros de Emplacamento L9. p,63",Cintia,8/10/2018
177,177-1082,"1082,2",Rua Barra Funda,1082,1082,21/01/1936,,"Livros de Emplacamento L2. p,1",Cintia,8/10/2018
177,177-1082,"1082,2",Rua Barra Funda,220,220,08/06/1929,20/01/1936,"Livros de Emplacamento L2. p,1",Cintia,8/10/2018
177,177-1082,"1082,2",Rua Barra Funda,208,208,26/07/1911,08/05/1929,"Livros de Emplacamento L2. p,1",Cintia,8/10/2018
177,177-811,811,Rua Barra Funda,811,811,21/01/1936,,"Livros de Emplacamento L2. p,1",Cintia,8/10/2018
177,177-811,811,Rua Barra Funda,173,173,08/06/1929,20/01/1936,"Livros de Emplacamento L2. p,1",Cintia,8/10/2018
177,177-811,811,Rua Barra Funda,179,179,04/03/1908,08/05/1929,"Livros de Emplacamento L2. p,1",Cintia,8/10/2018
177,177-811,811,Rua Barra Funda,149,149,04/02/1908,04/02/1908,"Livros de Emplacamento L2. p,1",Cintia,8/10/2018
177,177-1153,"1152,6",Rua Barra Funda,1153,1153,21/01/1936,,"Livros de Emplacamento L2. p,1",Cintia,8/10/2018
177,177-1153,"1152,6",Rua Barra Funda,265,265,08/06/1929,20/01/1936,"Livros de Emplacamento L2. p,1",Cintia,8/10/2018
177,177-1153,"1152,6",Rua Barra Funda,253,253,04/03/1908,08/05/1929,"Livros de Emplacamento L2. p,1",Cintia,8/10/2018
177,177-1153,"1152,6",Rua Barra Funda,215,215,04/02/1908,04/02/1908,"Livros de Emplacamento L2. p,1",Cintia,8/10/2018
172,171-701,700,Rua Brigadeiro Galvão,701,701,03/01/1936,,"Livros de Emplacamento L2. p,2 a 6",Cintia,8/10/2018
172,171-701,700,Rua Brigadeiro Galvão,155,155,14/08/1929,29/02/1936,"Livros de Emplacamento L2. p,2 a 6",Cintia,8/10/2018
172,171-701,700,Rua Brigadeiro Galvão,163,163,22/12/1916,13/08/1929,"Livros de Emplacamento L2. p,2 a 6",Cintia,8/10/2018
172,171-701,700,Rua Brigadeiro Galvão,151,151,20/04/1908,21/12/1916,"Livros de Emplacamento L2. p,2 a 6",Cintia,8/10/2018
172,171-701,700,Rua Brigadeiro Galvão,139,139,19/04/1908,19/04/1908,"Livros de Emplacamento L2. p,2 a 6",Cintia,8/10/2018
172,171-1001,1000,Rua Brigadeiro Galvão,1001,1001,03/01/1936,,"Livros de Emplacamento L2. p,2 a 6",Cintia,8/10/2018
172,171-1001,1000,Rua Brigadeiro Galvão,231,231,14/08/1929,29/02/1936,"Livros de Emplacamento L2. p,2 a 6",Cintia,8/10/2018
172,171-1001,1000,Rua Brigadeiro Galvão,239,239,22/12/1916,13/08/1929,"Livros de Emplacamento L2. p,2 a 6",Cintia,8/10/2018
172,171-1001,1000,Rua Brigadeiro Galvão,217,217,20/04/1908,21/12/1916,"Livros de Emplacamento L2. p,2 a 6",Cintia,8/10/2018
172,171-1001,1000,Rua Brigadeiro Galvão,147,147,19/04/1908,19/04/1908,"Livros de Emplacamento L2. p,2 a 6",Cintia,8/10/2018
172,171-498,498,Rua Brigadeiro Galvão,498,498,03/01/1936,,"Livros de Emplacamento L2. p,2 a 6",Cintia,8/10/2018
172,171-498,498,Rua Brigadeiro Galvão,106,106,14/08/1929,29/02/1936,"Livros de Emplacamento L2. p,2 a 6",Cintia,8/10/2018
172,171-498,498,Rua Brigadeiro Galvão,100,100,20/04/1908,13/08/1929,"Livros de Emplacamento L2. p,2 a 6",Cintia,8/10/2018
172,171-498,498,Rua Brigadeiro Galvão,74,74,19/04/1908,19/04/1908,"Livros de Emplacamento L2. p,2 a 6",Cintia,8/10/2018
172,171-840,"840,4",Rua Brigadeiro Galvão,840,840,03/01/1936,,"Livros de Emplacamento L2. p,2 a 6",Cintia,8/10/2018
172,171-840,"840,4",Rua Brigadeiro Galvão,180,180,14/08/1929,29/02/1936,"Livros de Emplacamento L2. p,2 a 6",Cintia,8/10/2018
172,171-840,"840,4",Rua Brigadeiro Galvão,168,168,20/04/1908,13/08/1929,"Livros de Emplacamento L2. p,2 a 6",Cintia,8/10/2018
172,171-840,"840,4",Rua Brigadeiro Galvão,138,138,19/04/1908,19/04/1908,"Livros de Emplacamento L2. p,2 a 6",Cintia,8/10/2018
172,171-1046,"1046,6",Rua Brigadeiro Galvão,1046,1046,03/01/1936,,"Livros de Emplacamento L2. p,2 a 6",Cintia,8/10/2018
172,171-1046,"1046,6",Rua Brigadeiro Galvão,234,234,14/08/1929,29/02/1936,"Livros de Emplacamento L2. p,2 a 6",Cintia,8/10/2018
172,171-1046,"1046,6",Rua Brigadeiro Galvão,220,220,20/04/1908,13/08/1929,"Livros de Emplacamento L2. p,2 a 6",Cintia,8/10/2018
172,171-1046,"1046,6",Rua Brigadeiro Galvão,192,192,19/04/1908,19/04/1908,"Livros de Emplacamento L2. p,2 a 6",Cintia,8/10/2018
172,171-1208,"1208,3",Rua Brigadeiro Galvão,1208,1208,03/01/1936,,"Livros de Emplacamento L2. p,2 a 6",Cintia,8/10/2018
172,171-1208,"1208,3",Rua Brigadeiro Galvão,268,268,29/02/1936,29/02/1936,"Livros de Emplacamento L2. p,2 a 6",Cintia,8/10/2018
197,197-279,"278,4",Rua Correa dos Santos,279,279,23/03/1937,,"Livros de Emplacamento L2. p,74",Cintia,8/10/2018
197,197-279,"278,4",Rua Correa dos Santos,63,63,25/09/1930,22/03/1937,"Livros de Emplacamento L2. p,74",Cintia,8/10/2018
197,197-279,"278,4",Rua Correa dos Santos,69,69,02/08/1911,24/09/1930,"Livros de Emplacamento L2. p,74",Cintia,8/10/2018
197,197-279,"278,4",Rua Correa dos Santos,63,63,18/07/1909,02/07/1911,"Livros de Emplacamento L2. p,74",Cintia,8/10/2018
194,194-999,999,Rua dos Italianos,999,999,20/05/1937,,"Livros de Emplacamento L5. p,19",Cintia,8/10/2018
194,194-999,999,Rua dos Italianos,215,215,02/11/1915,19/05/1937,"Livros de Emplacamento L5. p,19",Cintia,8/10/2018
194,194-999,999,Rua dos Italianos,177,177,24/05/1908,02/10/1915,"Livros de Emplacamento L5. p,19",Cintia,8/10/2018
194,194-1201,"1201,8",Rua dos Italianos,1201,1201,20/05/1937,,"Livros de Emplacamento L5. p,19",Cintia,8/10/2018
194,194-1201,"1201,8",Rua dos Italianos,261,261,02/11/1915,19/05/1937,"Livros de Emplacamento L5. p,19",Cintia,8/10/2018
194,194-1201,"1201,8",Rua dos Italianos,221,221,24/05/1908,02/10/1915,"Livros de Emplacamento L5. p,19",Cintia,8/10/2018
202,202-428,"427,8",Rua Guarany,428,428,24/03/1937,,"livros de emplacamento 17-11-1908 - L4. p,73. 26-2-1911 - L4. p,82; 24-3-1937 - L22. p. 84 a 86""",Cintia,8/10/2018
202,202-428,"427,8",Rua Guarany,94,94,02/02/1911,23/03/1937,"livros de emplacamento 17-11-1908 - L4. p,73. 26-2-1911 - L4. p,82; 24-3-1937 - L22. p. 84 a 86""",Cintia,8/10/2018
202,202-428,"427,8",Rua Guarany,90,90,17/11/1908,02/01/1911,"livros de emplacamento 17-11-1908 - L4. p,73. 26-2-1911 - L4. p,82; 24-3-1937 - L22. p. 84 a 86""",Cintia,8/10/2018
202,202-472,"471,7",Rua Guarany,472,472,24/03/1937,,"livros de emplacamento 17-11-1908 - L4. p,73. 26-2-1911 - L4. p,82; 24-3-1937 - L22. p. 84 a 86""",Cintia,8/10/2018
202,202-472,"471,7",Rua Guarany,100,100,02/02/1911,23/03/1937,"livros de emplacamento 17-11-1908 - L4. p,73. 26-2-1911 - L4. p,82; 24-3-1937 - L22. p. 84 a 86""",Cintia,8/10/2018
202,202-484,"484,4",Rua Guarany,484,484,24/03/1937,,"livros de emplacamento 17-11-1908 - L4. p,73. 26-2-1911 - L4. p,82; 24-3-1937 - L22. p. 84 a 86""",Cintia,8/10/2018
202,202-484,"484,4",Rua Guarany,104,104,23/03/1937,23/03/1937,"livros de emplacamento 17-11-1908 - L4. p,73. 26-2-1911 - L4. p,82; 24-3-1937 - L22. p. 84 a 86""",Cintia,8/10/2018
202,202-449,"449,6",Rua Guarany,449,,24/03/1937,,"livros de emplacamento 17-11-1908 - L4. p,73. 26-2-1911 - L4. p,82; 24-3-1937 - L22. p. 84 a 86""",Cintia,8/10/2018
202,202-449,"449,6",Rua Guarany,85,85,17/11/1908,23/03/1937,"livros de emplacamento 17-11-1908 - L4. p,73. 26-2-1911 - L4. p,82; 24-3-1937 - L22. p. 84 a 86""",Cintia,8/10/2018
202,202-473,"473,3",Rua Guarany,473,473,24/03/1937,,"livros de emplacamento 17-11-1908 - L4. p,73. 26-2-1911 - L4. p,82; 24-3-1937 - L22. p. 84 a 86""",Cintia,8/10/2018
202,202-473,"473,3",Rua Guarany,93,93,02/02/1911,23/03/1937,"livros de emplacamento 17-11-1908 - L4. p,73. 26-2-1911 - L4. p,82; 24-3-1937 - L22. p. 84 a 86""",Cintia,8/10/2018
202,202-283,"283,5",Rua Guarany,283,283,24/03/1937,,"livros de emplacamento 17-11-1908 - L4. p,73. 26-2-1911 - L4. p,82; 24-3-1937 - L22. p. 84 a 86""",Cintia,8/10/2018
202,202-283,"283,5",Rua Guarany,51,51,17/11/1908,23/03/1937,"livros de emplacamento 17-11-1908 - L4. p,73. 26-2-1911 - L4. p,82; 24-3-1937 - L22. p. 84 a 86""",Cintia,8/10/2018
205,205-711,"712,2",Rua Prates,711,711,05/11/1937,,"Livros de emplacamento 16-10-1908 - L7. p,96",Cintia,8/10/2018
205,205-711,"712,2",Rua Prates,145,145,02/09/1911,05/10/1937,"Livros de emplacamento 16-10-1908 - L7. p,96",Cintia,8/10/2018
205,205-711,"712,2",Rua Prates,51,51,16/10/1908,02/08/1911,"Livros de emplacamento 16-10-1908 - L7. p,96",Cintia,8/10/2018
205,205-711,"712,2",Rua Prates,47,47,15/10/1908,15/10/1908,"Livros de emplacamento 16-10-1908 - L7. p,96",Cintia,8/10/2018
205,205-845,"844,7",Rua Prates,845,845,05/11/1937,,"Livros de emplacamento 16-10-1908 - L7. p,96",Cintia,8/10/2018
205,205-845,"844,7",Rua Prates,161,161,15/10/1908,15/10/1908,"Livros de emplacamento 16-10-1908 - L7. p,96",Cintia,8/10/2018
205,205-712,"712,9",Rua Prates,712,712,05/11/1937,,"Livros de emplacamento 16-10-1908 - L7. p,96",Cintia,8/10/2018
205,205-712,"712,9",Rua Prates,70,70,02/09/1911,05/10/1937,"Livros de emplacamento 16-10-1908 - L7. p,96",Cintia,8/10/2018
205,205-712,"712,9",Rua Prates,36,36,16/10/1908,02/08/1911,"Livros de emplacamento 16-10-1908 - L7. p,96",Cintia,8/10/2018
205,205-874,"874,2",Rua Prates,874,874,05/11/1937,,"Livros de emplacamento 16-10-1908 - L7. p,96",Cintia,8/10/2018
205,205-874,"874,2",Rua Prates,72,72,05/10/1937,05/10/1937,"Livros de emplacamento 16-10-1908 - L7. p,96",Cintia,8/10/2018
522,522-195,"195,7",Rua Silva Pinto,195,195,08/08/1934,,"Livro de Emplacamento. n,19. p,158",Cintia,8/10/2018
522,522-195,"195,7",Rua Silva Pinto,43,43,05/12/1909,08/07/1934,"Livro de Emplacamento. n,19. p,158",Cintia,8/10/2018
522,522-195,"195,7",Rua Silva Pinto,35,35,05/11/1909,05/11/1909,"Livro de Emplacamento. n,19. p,158",Cintia,8/10/2018
522,522-429,"427,8",Rua Silva Pinto,429,429,08/08/1934,,"Livro de Emplacamento. n,19. p,158",Cintia,8/10/2018
522,522-429,"427,8",Rua Silva Pinto,95,95,02/06/1911,08/07/1934,"Livro de Emplacamento. n,19. p,158",Cintia,8/10/2018
522,522-429,"427,8",Rua Silva Pinto,97,97,05/12/1909,02/05/1911,"Livro de Emplacamento. n,19. p,158",Cintia,8/10/2018
522,522-429,"427,8",Rua Silva Pinto,81,81,05/11/1909,05/11/1909,"Livro de Emplacamento. n,19. p,158",Cintia,8/10/2018
522,522-467,466,Rua Silva Pinto,467,467,08/08/1934,,"Livro de Emplacamento. n,19. p,158",Cintia,8/10/2018
522,522-467,466,Rua Silva Pinto,111,111,27/01/1915,08/07/1934,"Livro de Emplacamento. n,19. p,158",Cintia,8/10/2018
522,522-262,"261,5",Rua Silva Pinto,262,262,08/08/1934,,"Livro de Emplacamento. n,19. p,158",Cintia,8/10/2018
522,522-262,"261,5",Rua Silva Pinto,44,44,05/12/1909,08/07/1934,"Livro de Emplacamento. n,19. p,158",Cintia,8/10/2018
522,522-438,"438,2",Rua Silva Pinto,438,438,08/08/1934,,"Livro de Emplacamento. n,19. p,158",Cintia,8/10/2018
522,522-438,"438,2",Rua Silva Pinto,96,96,02/06/1911,08/07/1934,"Livro de Emplacamento. n,19. p,158",Cintia,8/10/2018
522,522-438,"438,2",Rua Silva Pinto,88,88,05/12/1909,02/05/1911,"Livro de Emplacamento. n,19. p,158",Cintia,8/10/2018
522,522-438,"438,2",Rua Silva Pinto,80,80 tinta,05/11/1909,05/11/1909,"Livro de Emplacamento. n,19. p,158",Cintia,8/10/2018
522,522-466,"466,2",Rua Silva Pinto,466,466,08/08/1934,,"Livro de Emplacamento. n,19. p,158",Cintia,8/10/2018
522,522-466,"466,2",Rua Silva Pinto,108,108,02/06/1911,08/07/1934,"Livro de Emplacamento. n,19. p,158",Cintia,8/10/2018
522,522-466,"466,2",Rua Silva Pinto,100,100,02/05/1911,02/05/1911,"Livro de Emplacamento. n,19. p,158",Cintia,8/10/2018
690,690-61,"61,2",Rua Barra do Tibagy,61,61,16/03/1937,,Livro de Emplacamento  L1,Cintia,8/10/2018
690,690-61,"61,2",Rua Barra do Tibagy,7,7,03/09/1928,15/03/1937,Livro de Emplacamento  L1,Cintia,8/10/2018
690,690-61,"61,2",Rua Barra do Tibagy,76,76,29/09/1916,03/08/1928,Livro de Emplacamento  L1,Cintia,8/10/2018
690,690-61,"61,2",Rua Barra do Tibagy,102,102,02/09/1915,28/09/1916,Livro de Emplacamento  L1,Cintia,8/10/2018
690,690-61,"61,2",Rua Barra do Tibagy,46,46 tinta,02/08/1915,02/08/1915,Livro de Emplacamento  L1,Cintia,8/10/2018
690,690-259,"258,2",Rua Barra do Tibagy,259,259,16/03/1937,,Livro de Emplacamento  L1,Cintia,8/10/2018
690,690-259,"258,2",Rua Barra do Tibagy,41,41,03/09/1928,15/03/1937,Livro de Emplacamento  L1,Cintia,8/10/2018
690,690-259,"258,2",Rua Barra do Tibagy,60,60,29/09/1916,03/08/1928,Livro de Emplacamento  L1,Cintia,8/10/2018
690,690-259,"258,2",Rua Barra do Tibagy,74,74,02/09/1915,28/09/1916,Livro de Emplacamento  L1,Cintia,8/10/2018
690,690-259,"258,2",Rua Barra do Tibagy,38,38,25/07/1908,02/08/1915,Livro de Emplacamento  L1,Cintia,8/10/2018
690,690-679,"608,7",Rua Barra do Tibagy,679,679,16/03/1937,,Livro de Emplacamento  L1,Cintia,8/10/2018
690,690-679,"608,7",Rua Barra do Tibagy,103,103,03/09/1928,15/03/1937,Livro de Emplacamento  L1,Cintia,8/10/2018
690,690-679,"608,7",Rua Barra do Tibagy,36,36,29/09/1916,03/08/1928,Livro de Emplacamento  L1,Cintia,8/10/2018
690,690-679,"608,7",Rua Barra do Tibagy,52,52,28/09/1616,28/09/1616,Livro de Emplacamento  L1,Cintia,8/10/2018
690,690-845,"844,3",Rua Barra do Tibagy,845,845,16/03/1937,,Livro de Emplacamento  L1,Cintia,8/10/2018
690,690-845,"844,3",Rua Barra do Tibagy,145,145,03/09/1928,15/03/1937,Livro de Emplacamento  L1,Cintia,8/10/2018
690,690-845,"844,3",Rua Barra do Tibagy,6,6,02/09/1915,03/08/1928,Livro de Emplacamento  L1,Cintia,8/10/2018
690,690-24,"25,4",Rua Barra do Tibagy,24,24,16/03/1937,,Livro de Emplacamento  L1,Cintia,8/10/2018
690,690-24,"25,4",Rua Barra do Tibagy,6,6,03/09/1928,15/03/1937,Livro de Emplacamento  L1,Cintia,8/10/2018
690,690-24,"25,4",Rua Barra do Tibagy,113,113,24/11/1921,03/08/1928,Livro de Emplacamento  L1,Cintia,8/10/2018
690,690-24,"25,4",Rua Barra do Tibagy,75,75,29/09/1916,23/11/1921,Livro de Emplacamento  L1,Cintia,8/10/2018
690,690-24,"25,4",Rua Barra do Tibagy,89,89,02/09/1915,28/09/1616,Livro de Emplacamento  L1,Cintia,8/10/2018
690,690-256,"256,2",Rua Barra do Tibagy,256,256,16/03/1937,,Livro de Emplacamento  L1,Cintia,8/10/2018
690,690-256,"256,2",Rua Barra do Tibagy,62,62,03/09/1928,15/03/1937,Livro de Emplacamento  L1,Cintia,8/10/2018
690,690-256,"256,2",Rua Barra do Tibagy,63,63,24/11/1921,03/08/1928,Livro de Emplacamento  L1,Cintia,8/10/2018
690,690-256,"256,2",Rua Barra do Tibagy,27,27,29/09/1916,23/11/1921,Livro de Emplacamento  L1,Cintia,8/10/2018
690,690-256,"256,2",Rua Barra do Tibagy,41,41,25/07/1908,28/09/1616,Livro de Emplacamento  L1,Cintia,8/10/2018
690,690-592,"591,3",Rua Barra do Tibagy,592,592,16/03/1937,,Livro de Emplacamento  L1,Cintia,8/10/2018
690,690-592,"591,3",Rua Barra do Tibagy,104,104,03/09/1928,15/03/1937,Livro de Emplacamento  L1,Cintia,8/10/2018
690,690-592,"591,3",Rua Barra do Tibagy,47,47,24/11/1921,03/08/1928,Livro de Emplacamento  L1,Cintia,8/10/2018
690,690-592,"591,3",Rua Barra do Tibagy,15,15,29/09/1916,23/11/1921,Livro de Emplacamento  L1,Cintia,8/10/2018
690,690-592,"591,3",Rua Barra do Tibagy,9,9,25/07/1908,28/09/1616,Livro de Emplacamento  L1,Cintia,8/10/2018
690,690-852,"852,1",Rua Barra do Tibagy,852,852,16/03/1937,,Livro de Emplacamento  L1,Cintia,8/10/2018
690,690-852,"852,1",Rua Barra do Tibagy,170,170,03/09/1928,15/03/1937,Livro de Emplacamento  L1,Cintia,8/10/2018
690,690-852,"852,1",Rua Barra do Tibagy,5,5,29/09/1916,03/08/1928,Livro de Emplacamento  L1,Cintia,8/10/2018
696,696-47,"46,3",Rua Tenente Penna,47,47,16/03/1937,,Livros de Emplacamento L8. p. 98,Cintia,8/10/2018
696,696-47,"46,3",Rua Tenente Penna,82,82,22/07/1908,15/03/1937,Livros de Emplacamento L8. p. 98,Cintia,8/10/2018
696,696-47,"46,3",Rua Tenente Penna,74,74,21/07/1908,21/07/1908,Livros de Emplacamento L8. p. 98,Cintia,8/10/2018
696,696-201,"200,8",Rua Tenente Penna,201,201,16/03/1937,,Livros de Emplacamento L8. p. 98,Cintia,8/10/2018
696,696-201,"200,8",Rua Tenente Penna,40,40,22/07/1908,15/03/1937,Livros de Emplacamento L8. p. 98,Cintia,8/10/2018
696,696-201,"200,8",Rua Tenente Penna,30,30,21/07/1908,21/07/1908,Livros de Emplacamento L8. p. 98,Cintia,8/10/2018
696,696-331,"331,9",Rua Tenente Penna,311,311,16/03/1937,,Livros de Emplacamento L8. p. 98,Cintia,8/10/2018
696,696-331,"331,9",Rua Tenente Penna,18,18,28/01/1915,15/03/1937,Livros de Emplacamento L8. p. 98,Cintia,8/10/2018
696,696-331,"331,9",Rua Tenente Penna,12,12,22/07/1908,27/01/1915,Livros de Emplacamento L8. p. 98,Cintia,8/10/2018
696,696-331,"331,9",Rua Tenente Penna,4,4,21/07/1908,21/07/1908,Livros de Emplacamento L8. p. 98,Cintia,8/10/2018
696,696-411,"410,5",Rua Tenente Penna,411,411,16/03/1937,,Livros de Emplacamento L8. p. 98,Cintia,8/10/2018
696,696-411,"410,5",Rua Tenente Penna,2,2,15/03/1937,15/03/1937,Livros de Emplacamento L8. p. 98,Cintia,8/10/2018
696,696-100,"99,5",Rua Tenente Penna,100,100,16/03/1937,,Livros de Emplacamento L8. p. 98,Cintia,8/10/2018
696,696-100,"99,5",Rua Tenente Penna,73,73,18/01/1917,15/03/1937,Livros de Emplacamento L8. p. 98,Cintia,8/10/2018
696,696-100,"99,5",Rua Tenente Penna,63,63,22/07/1908,17/01/1917,Livros de Emplacamento L8. p. 98,Cintia,8/10/2018
696,696-244,"243,2",Rua Tenente Penna,244,244,16/03/1937,,Livros de Emplacamento L8. p. 98,Cintia,8/10/2018
696,696-244,"243,2",Rua Tenente Penna,51,51,22/07/1908,15/03/1937,Livros de Emplacamento L8. p. 98,Cintia,8/10/2018
696,696-244,"243,2",Rua Tenente Penna,39,39,21/07/1908,21/07/1908,Livros de Emplacamento L8. p. 98,Cintia,8/10/2018
696,696-372,"371,1",Rua Tenente Penna,372,372,16/03/1937,,Livros de Emplacamento L8. p. 98,Cintia,8/10/2018
696,696-372,"371,1",Rua Tenente Penna,7,7,22/07/1908,15/03/1937,Livros de Emplacamento L8. p. 98,Cintia,8/10/2018
696,696-372,"371,1",Rua Tenente Penna,"1,1",1A,21/07/1908,21/07/1908,Livros de Emplacamento L8. p. 98,Cintia,8/10/2018
696,696-426,"425,5",Rua Tenente Penna,426,426,16/03/1937,,Livros de Emplacamento L8. p. 98,Cintia,8/10/2018
696,696-426,"425,5",Rua Tenente Penna,1,1,28/01/1915,15/03/1937,Livros de Emplacamento L8. p. 98,Cintia,8/10/2018
689,689-29,"29,3",Rua Solon,29,29,17/03/1937,,Livros de Emplacamento L8. p. 98,Cintia,8/10/2018
689,689-29,"29,3",Rua Solon,134,134,23/07/1908,16/03/1937,Livros de Emplacamento L8. p. 98,Cintia,8/10/2018
689,689-357,"357,1",Rua Solon,357,357,17/03/1937,,Livros de Emplacamento L8. p. 98,Cintia,8/10/2018
689,689-357,"357,1",Rua Solon,70,70,23/06/1908,16/03/1937,Livros de Emplacamento L8. p. 98,Cintia,8/10/2018
689,689-553,"553,1",Rua Solon,553,553,17/03/1937,,Livros de Emplacamento L8. p. 98,Cintia,8/10/2018
689,689-553,"553,1",Rua Solon,20,20,23/06/1908,16/03/1937,Livros de Emplacamento L8. p. 98,Cintia,8/10/2018
689,689-687,"686,1",Rua Solon,687,687,17/03/1937,,Livros de Emplacamento L8. p. 98,Cintia,8/10/2018
689,689-687,"686,1",Rua Solon,4,4,23/06/1908,16/03/1937,Livros de Emplacamento L8. p. 98,Cintia,8/10/2018
689,689-10,"11,1",Rua Solon,10,10,17/03/1937,,Livros de Emplacamento L8. p. 98,Cintia,8/10/2018
689,689-10,"11,1",Rua Solon,211,211,16/06/1914,16/03/1937,Livros de Emplacamento L8. p. 98,Cintia,8/10/2018
689,689-10,"11,1",Rua Solon,155,155,23/06/1908,15/06/1914,Livros de Emplacamento L8. p. 98,Cintia,8/10/2018
689,689-10,"11,1",Rua Solon,149,149,22/06/1908,22/06/1908,Livros de Emplacamento L8. p. 98,Cintia,8/10/2018
689,689-400,"399,9",Rua Solon,400,400,17/03/1937,,Livros de Emplacamento L8. p. 98,Cintia,8/10/2018
689,689-400,"399,9",Rua Solon,101,101,16/06/1914,16/03/1937,Livros de Emplacamento L8. p. 98,Cintia,8/10/2018
689,689-400,"399,9",Rua Solon,53,53,23/06/1908,15/06/1914,Livros de Emplacamento L8. p. 98,Cintia,8/10/2018
689,689-580,"579,9",Rua Solon,580,580,17/03/1937,,Livros de Emplacamento L8. p. 98,Cintia,8/10/2018
689,689-580,"579,9",Rua Solon,49,49,16/06/1914,16/03/1937,Livros de Emplacamento L8. p. 98,Cintia,8/10/2018
689,689-580,"579,9",Rua Solon,17,17,23/06/1908,15/06/1914,Livros de Emplacamento L8. p. 98,Cintia,8/10/2018
689,689-806,"806,2",Rua Solon,806,806,17/03/1937,,Livros de Emplacamento L8. p. 98,Cintia,8/10/2018
689,689-806,"806,2",Rua Solon,3,3,16/06/1914,16/03/1937,Livros de Emplacamento L8. p. 98,Cintia,8/10/2018
694,694-9,"9,9",Rua Tucuman,9,9,29/03/1937,,"Livro de Emplacamento L22. p,76",Cintia,8/10/2018
694,694-45,"46,2",Rua Tucuman,45,45,29/03/1937,,"Livro de Emplacamento L22. p,76",Cintia,8/10/2018
694,694-45,"46,2",Rua Tucuman,14,14,28/03/1937,28/03/1937,"Livro de Emplacamento L22. p,76",Cintia,8/10/2018
694,694-79,"79,5",Rua Tucuman,78,79,29/03/1937,,"Livro de Emplacamento L22. p,76",Cintia,8/10/2018
694,694-79,"79,5",Rua Tucuman,2,2,28/03/1937,28/03/1937,"Livro de Emplacamento L22. p,76",Cintia,8/10/2018
694,694-8,"9,3",Rua Tucuman,8,8,29/03/1937,,"Livro de Emplacamento L22. p,76",Cintia,8/10/2018
694,694-38,"37,8",Rua Tucuman,38,38,29/03/1937,,"Livro de Emplacamento L22. p,76",Cintia,8/10/2018
694,694-38,"37,8",Rua Tucuman,13,13,28/03/1937,28/03/1937,"Livro de Emplacamento L22. p,76",Cintia,8/10/2018
694,694-80,"79,7",Rua Tucuman,80,80,29/03/1937,,"Livro de Emplacamento L22. p,76",Cintia,8/10/2018
694,694-80,"79,7",Rua Tucuman,1,1,28/03/1937,28/03/1937,"Livro de Emplacamento L22. p,76",Cintia,8/10/2018
702,702-39,"38,6",rua visconde de taway,39,39,20/05/1937,,Livros de Emplacamento 28/09/1928 L14,Cintia,8/10/2018
702,702-161,"160,9",rua visconde de taway,161,161,20/05/1937,,Livros de Emplacamento 28/09/1928 L14,Cintia,8/10/2018
702,702-161,"160,9",rua visconde de taway,19,19,28/09/1928,19/05/1937,Livros de Emplacamento 28/09/1928 L14,Cintia,8/10/2018
702,702-161,"160,9",rua visconde de taway,17,17,27/09/1928,27/09/1928,Livros de Emplacamento 28/09/1928 L14,Cintia,8/10/2018
702,702-245,"245,4",rua visconde de taway,245,245,20/05/1937,,Livros de Emplacamento 28/09/1928 L14,Cintia,8/10/2018
702,702-245,"245,4",rua visconde de taway,39,39,28/09/1928,19/05/1937,Livros de Emplacamento 28/09/1928 L14,Cintia,8/10/2018
702,702-245,"245,4",rua visconde de taway,21,21,27/09/1928,27/09/1928,Livros de Emplacamento 28/09/1928 L14,Cintia,8/10/2018
702,702-397,"396,5",rua visconde de taway,397,397,20/05/1937,,Livros de Emplacamento 28/09/1928 L14,Cintia,8/10/2018
702,702-12,12,rua visconde de taway,12,12,20/05/1937,,Livros de Emplacamento 28/09/1928 L14,Cintia,8/10/2018
702,702-12,12,rua visconde de taway,2,2,28/09/1928,19/05/1937,Livros de Emplacamento 28/09/1928 L14,Cintia,8/10/2018
702,702-176,"176,8",rua visconde de taway,176,176,20/05/1937,,Livros de Emplacamento 28/09/1928 L14,Cintia,8/10/2018
702,702-176,"176,8",rua visconde de taway,22,22,28/09/1928,19/05/1937,Livros de Emplacamento 28/09/1928 L14,Cintia,8/10/2018
702,702-176,"176,8",rua visconde de taway,20,20,27/09/1928,27/09/1928,Livros de Emplacamento 28/09/1928 L14,Cintia,8/10/2018
702,702-340,"339,1",rua visconde de taway,340,340,20/05/1937,,Livros de Emplacamento 28/09/1928 L14,Cintia,8/10/2018
702,702-340,"339,1",rua visconde de taway,52,52,28/09/1928,19/05/1937,Livros de Emplacamento 28/09/1928 L14,Cintia,8/10/2018
702,702-340,"339,1",rua visconde de taway,24,24,27/09/1928,27/09/1928,Livros de Emplacamento 28/09/1928 L14,Cintia,8/10/2018
515,515-47,"46,3",Alameda Glette,47,47,25/09/1935,,"Livro de Emplacamento. n,20. p,46",Cintia,8/10/2018
515,515-47,"46,3",Alameda Glette,1,1,02/05/1908,24/09/1935,"Livro de Emplacamento. n,20. p,46",Cintia,8/10/2018
515,515-639,"639,4",Alameda Glette,639,639,25/09/1935,,"Livro de Emplacamento. n,20. p,46",Cintia,8/10/2018
515,515-639,"639,4",Alameda Glette,43,43,02/05/1908,24/09/1935,"Livro de Emplacamento. n,20. p,46",Cintia,8/10/2018
515,515-639,"639,4",Alameda Glette,49,49,01/05/1908,01/05/1908,"Livro de Emplacamento. n,20. p,46",Cintia,8/10/2018
515,515-1071,"1070,3",Alameda Glette,1071,1071,25/09/1935,,"Livro de Emplacamento. n,20. p,46",Cintia,8/10/2018
515,515-1071,"1070,3",Alameda Glette,97,97,02/05/1908,24/09/1935,"Livro de Emplacamento. n,20. p,46",Cintia,8/10/2018
515,515-1071,"1070,3",Alameda Glette,105,105,01/05/1908,01/05/1908,"Livro de Emplacamento. n,20. p,46",Cintia,8/10/2018
515,515-222,"222,4",Alameda Glette,222,222,25/09/1935,,"Livro de Emplacamento. n,20. p,46",Cintia,8/10/2018
515,515-222,"222,4",Alameda Glette,8,8,02/05/1908,24/09/1935,"Livro de Emplacamento. n,20. p,46",Cintia,8/10/2018
515,515-222,"222,4",Alameda Glette,10,10,01/05/1908,01/05/1908,"Livro de Emplacamento. n,20. p,46",Cintia,8/10/2018
515,515-710,710,Alameda Glette,710,710,25/09/1935,,"Livro de Emplacamento. n,20. p,46",Cintia,8/10/2018
515,515-710,710,Alameda Glette,34,34,02/05/1908,24/09/1935,"Livro de Emplacamento. n,20. p,46",Cintia,8/10/2018
515,515-1084,"1084,7",Alameda Glette,1084,1084,25/09/1935,,"Livro de Emplacamento. n,20. p,46",Cintia,8/10/2018
515,515-1084,"1084,7",Alameda Glette,118,118,12/04/1911,24/09/1935,"Livro de Emplacamento. n,20. p,46",Cintia,8/10/2018
515,515-1084,"1084,7",Alameda Glette,90,90,02/05/1908,11/04/1911,"Livro de Emplacamento. n,20. p,46",Cintia,8/10/2018
715,715-101,"101,7",Rua do Bosque,101,101,18/09/1941,,"Livros de Emplacamento L2. p,30",Cintia,8/10/2018
715,715-101,"101,7",Rua do Bosque,15,15,23/03/1928,17/09/1941,"Livros de Emplacamento L2. p,30",Cintia,8/10/2018
715,715-199,"199,2",Rua do Bosque,199,199,18/09/1941,,"Livros de Emplacamento L2. p,30",Cintia,8/10/2018
715,715-199,"199,2",Rua do Bosque,19,19,23/03/1928,17/09/1941,"Livros de Emplacamento L2. p,30",Cintia,8/10/2018
715,715-199,"199,2",Rua do Bosque,41,41,27/04/1912,22/03/1928,"Livros de Emplacamento L2. p,30",Cintia,8/10/2018
715,715-405,"404,5",Rua do Bosque,405,405,18/09/1941,,"Livros de Emplacamento L2. p,30",Cintia,8/10/2018
715,715-405,"404,5",Rua do Bosque,67,67,23/03/1928,17/09/1941,"Livros de Emplacamento L2. p,30",Cintia,8/10/2018
715,715-405,"404,5",Rua do Bosque,91,91,27/04/1912,22/03/1928,"Livros de Emplacamento L2. p,30",Cintia,8/10/2018
715,715-1081,1080,Rua do Bosque,1081,1081,18/09/1941,,"Livros de Emplacamento L2. p,30",Cintia,8/10/2018
715,715-1081,1080,Rua do Bosque,197,197,23/03/1928,17/09/1941,"Livros de Emplacamento L2. p,30",Cintia,8/10/2018
715,715-1081,1080,Rua do Bosque,217,217,22/03/1928,22/03/1928,"Livros de Emplacamento L2. p,30",Cintia,8/10/2018
715,715-26,"25,5",Rua do Bosque,26,26,18/09/1941,,"Livros de Emplacamento L2. p,30",Cintia,8/10/2018
715,715-26,"25,5",Rua do Bosque,4,4,23/03/1928,17/09/1941,"Livros de Emplacamento L2. p,30",Cintia,8/10/2018
715,715-26,"25,5",Rua do Bosque,2,2A,22/03/1928,22/03/1928,"Livros de Emplacamento L2. p,30",Cintia,8/10/2018
715,715-210,"210,8",Rua do Bosque,210,210,18/09/1941,,"Livros de Emplacamento L2. p,30",Cintia,8/10/2018
715,715-210,"210,8",Rua do Bosque,40,40A,23/03/1928,17/09/1941,"Livros de Emplacamento L2. p,30",Cintia,8/10/2018
715,715-210,"210,8",Rua do Bosque,42,42,27/04/1912,22/03/1928,"Livros de Emplacamento L2. p,30",Cintia,8/10/2018
715,715-386,"386,5",Rua do Bosque,386,386,18/09/1941,,"Livros de Emplacamento L2. p,30",Cintia,8/10/2018
715,715-386,"386,5",Rua do Bosque,84,84,23/03/1928,17/09/1941,"Livros de Emplacamento L2. p,30",Cintia,8/10/2018
715,715-386,"386,5",Rua do Bosque,90,90,27/04/1912,22/03/1928,"Livros de Emplacamento L2. p,30",Cintia,8/10/2018
715,715-804,"803,9",Rua do Bosque,804,804,18/09/1941,,"Livros de Emplacamento L2. p,30",Cintia,8/10/2018
715,715-804,"803,9",Rua do Bosque,154,154,23/03/1928,17/09/1941,"Livros de Emplacamento L2. p,30",Cintia,8/10/2018
715,715-804,"803,9",Rua do Bosque,142,142,22/03/1928,22/03/1928,"Livros de Emplacamento L2. p,30",Cintia,8/10/2018
715,715-1300,"1299,2",Rua do Bosque,1300,1300,18/09/1941,,"Livros de Emplacamento L2. p,30",Cintia,8/10/2018
715,715-1300,"1299,2",Rua do Bosque,262,262,01/07/1929,17/09/1941,"Livros de Emplacamento L2. p,30",Cintia,8/10/2018
715,715-1300,"1299,2",Rua do Bosque,232,232,23/03/1928,01/06/1929,"Livros de Emplacamento L2. p,30",Cintia,8/10/2018
98,98_1562,"1562,6",rua augusta,1562,1562,21/02/1936,,Livro de emplacamento 20. p. 385,Cintia,8/10/2018
98,98_1562,"1562,6",rua augusta,292,292,27/06/1927,20/02/1936,Livro de emplacamento 24. p. 82,Cintia,8/10/2018
98,98_2950,"295,04",rua augusta,2950,2950,21/02/1936,,Livro de emplacamento 20. p. 387,Cintia,8/10/2018
98,98_2950,"295,04",rua augusta,528,528,27/06/1927,20/02/1936,Livro de emplacamento 20. p. 24,Cintia,8/10/2018
98,98_65,"65,2",rua augusta,66,66,21/02/1936,,Livro de emplacamento 17. p. 199,Cintia,8/10/2018
98,98_65,"65,2",rua augusta,8,8,27/06/1927,20/02/1936,Livro de emplacamento 24. p. 85,Cintia,8/10/2018
98,98_159,"159,4",rua augusta,159,159,21/02/1936,,Livro de emplacamento 20. p. 378,Cintia,8/10/2018
98,98_159,"159,4",rua augusta,25,25,27/06/1927,20/02/1936,Livro de emplacamento 17. p. 199,Cintia,8/10/2018
98,98_855,"854,2",rua augusta,855,855,21/02/1936,,Livro de emplacamento 17. p. 197,Cintia,8/10/2018
98,98_855,"854,2",rua augusta,191,191,27/06/1927,20/02/1936,Livro de emplacamento 24. p. 88,Cintia,8/10/2018
98,98_2291,2291,rua augusta,2291,2291,21/02/1936,,Livro de emplacamento 17. p. 198,Cintia,8/10/2018
98,98_2291,2291,rua augusta,595,595,27/06/1927,20/02/1936,Livro de emplacamento 17. p. 198,Cintia,8/10/2018
11730,1730-340,"340,5",rua theodoro sampaio,340,340,3/10/1937,,Livro de emplacamento 24. p. 80,Cintia,8/10/2018
1730,1730-340,"340,5",rua theodoro sampaio,60,60,20/9/1927,10/02/1937,Livro de emplacamento 17. p. 199,Cintia,8/10/2018
1730,1730-340,"340,5",rua theodoro sampaio,22,22,1/9/1911,19/9/1927,Livro de emplacamento 09. p. 97,Cintia,8/10/2018
1730,1730-1406,"1407,4",rua theodoro sampaio,1406,1406,3/10/1937,,Livro de emplacamento 24. p. 82,Cintia,8/10/2018
1730,1730-1406,"1407,4",rua theodoro sampaio,240,240,20/9/1927,10/02/1937,Livro de emplacamento 17. p. 199,Cintia,8/10/2018
1730,1730-2666,"2666,7",rua theodoro sampaio,2666,2666,3/10/1937,,Livro de emplacamento 24. p. 83,Cintia,8/10/2018
1730,1730-2666,"2666,7",rua theodoro sampaio,400,400,20/9/1927,10/02/1937,Livro de emplacamento 17. p. 199,Cintia,8/10/2018
1730,1730-567,"567,2",rua theodoro sampaio,567,567,3/10/1937,,Livro de emplacamento 24. p. 85,Cintia,8/10/2018
1730,1730-567,"567,2",rua theodoro sampaio,93,93,1/9/1911,10/02/1937,Livro de emplacamento 17. p. 197,Cintia,8/10/2018
1730,1730-1405,"1405,3",rua theodoro sampaio,1405,1405,3/10/1937,,Livro de emplacamento 24. p. 7,Cintia,8/10/2018
1730,1730-1405,"1405,3",rua theodoro sampaio,241,241,20/9/1927,10/02/1937,Livro de emplacamento 17. p. 197,Cintia,8/10/2018
1730,1730-2675,"2674,5",rua theodoro sampaio,2675,2675,3/10/1937,,Livro de emplacamento 24. p. 88,Cintia,8/10/2018
1730,1730-2675,"2674,5",rua theodoro sampaio,347,347,20/9/1927,10/02/1937,Livro de emplacamento 17. p. 198,Cintia,8/10/2018
1578,1578-386,"386,7",rua simão alvares,386,386,03/08/1938,,,Cintia,8/10/2018
1578,1578-386,"386,7",rua simão alvares,54,54,03/06/1929,03/07/1938,,Cintia,8/10/2018
1578,1578-386,"386,7",rua simão alvares,76,76,03/05/1929,03/05/1929,p. 49,Cintia,8/10/2018
1578,1578-394,"393,4",rua simão alvares,394,394,03/08/1938,,,Cintia,8/10/2018
1578,1578-394,"393,4",rua simão alvares,56,56,03/06/1929,03/07/1938,,Cintia,8/10/2018
1578,1578-394,"393,4",rua simão alvares,78,78,03/05/1929,03/05/1929,p. 49,Cintia,8/10/2018
1578,1578-280,"280,9",rua simão alvares,280,280,03/08/1938,,,Cintia,8/10/2018
1578,1578-280,"280,9",rua simão alvares,28,28,03/06/1929,03/07/1938,,Cintia,8/10/2018
1578,1578-280,"280,9",rua simão alvares,50,50,03/05/1929,03/05/1929,p. 49,Cintia,8/10/2018
1578,1578-291,"291,5",rua simão alvares,291,291,03/08/1938,,,Cintia,8/10/2018
1578,1578-291,"291,5",rua simão alvares,31,31,03/06/1929,03/07/1938,,Cintia,8/10/2018
1578,1578-291,"291,5",rua simão alvares,27,27,03/05/1929,03/05/1929,p. 49,Cintia,8/10/2018
1578,1578-301,"301,3",rua simão alvares,301,301,03/08/1938,,,Cintia,8/10/2018
1578,1578-301,"301,3",rua simão alvares,33,33,03/06/1929,03/07/1938,,Cintia,8/10/2018
1578,1578-301,"301,3",rua simão alvares,29,29,03/05/1929,03/05/1929,p. 49,Cintia,8/10/2018
1578,1578-285,"284,5",rua simão alvares,285,285,03/08/1938,,,Cintia,8/10/2018
1578,1578-285,"284,5",rua simão alvares,29,29,03/06/1929,03/07/1938,,Cintia,8/10/2018
1578,1578-285,"284,5",rua simão alvares,25,25,03/05/1929,03/05/1929,,Cintia,8/10/2018
1741,11741-181,"181,6",rua cunha gago,181,181,04/30/1938,,Livro de Emplacamento n. 24. p. 307,Cintia,8/10/2018
1741,11741-181,"181,6",rua cunha gago,23,23,24/10/1927,04/29/1938,Livro de Emplacamento n. 11. p. 44,Cintia,8/10/2018
1741,11741-181,"181,6",rua cunha gago,20,20,23/10/1927,23/10/1927,Livro de Emplacamento n. 11. p. 44,Cintia,8/10/2018
1741,11741-217,"216,8",rua cunha gago,217,217,04/30/1938,,Livro de Emplacamento n. 24. p. 307,Cintia,8/10/2018
1741,11741-217,"216,8",rua cunha gago,33,33,24/10/1927,04/29/1938,Livro de Emplacamento n. 11. p. 44,Cintia,8/10/2018
1741,11741-217,"216,8",rua cunha gago,12,12,23/10/1927,23/10/1927,Livro de Emplacamento n. 11. p. 44,Cintia,8/10/2018
1741,11741-193,"193,4",rua cunha gago,193,193,04/30/1938,,Livro de Emplacamento n. 24. p. 307,Cintia,8/10/2018
1741,11741-193,"193,4",rua cunha gago,27,27,24/10/1927,04/29/1938,Livro de Emplacamento n. 11. p. 44,Cintia,8/10/2018
1741,11741-193,"193,4",rua cunha gago,16,16,23/10/1927,23/10/1927,Livro de Emplacamento n. 11. p. 44,Cintia,8/10/2018
1741,11741-106,"106,6",rua cunha gago,106,106,04/30/1938,,Livro de Emplacamento n. 24. p. 305,Cintia,8/10/2018
1741,11741-106,"106,6",rua cunha gago,10,10,24/10/1927,04/29/1938,Livro de Emplacamento n. 11. p. 44,Cintia,8/10/2018
1741,11741-106,"106,6",rua cunha gago,53,53,23/10/1927,23/10/1927,Livro de Emplacamento n. 11. p. 44,Cintia,8/10/2018
1741,11741-116,"116,6",rua cunha gago,116,116,04/30/1938,,Livro de Emplacamento n. 24. p. 305,Cintia,8/10/2018
1741,11741-116,"116,6",rua cunha gago,12,12,24/10/1927,04/29/1938,Livro de Emplacamento n. 11. p. 44,Cintia,8/10/2018
1741,11741-116,"116,6",rua cunha gago,51,51,23/10/1927,23/10/1927,Livro de Emplacamento n. 11. p. 44,Cintia,8/10/2018
1741,11741-192,"193,2",rua cunha gago,192,192,04/30/1938,,Livro de Emplacamento n. 24. p. 305,Cintia,8/10/2018
1741,11741-192,"193,2",rua cunha gago,32,32,24/10/1927,04/29/1938,Livro de Emplacamento n. 11. p. 44,Cintia,8/10/2018
1741,11741-192,"193,2",rua cunha gago,33,33,23/10/1927,23/10/1927,Livro de Emplacamento n. 11. p. 44,Cintia,8/10/2018
1743,1743-37,"36,4",rua arthur azevedo,37,37,21/11/1935,,"Livro de Emplacamento n. 20. p,192",Cintia,8/10/2018
1743,1743-37,"36,4",rua arthur azevedo,1,1,04/06/1926,20/11/1935,"Livro de Emplacamento n. 1. p,92",Cintia,8/10/2018
1743,1743-67,"67,4",rua arthur azevedo,67,67,21/11/1935,,"Livro de Emplacamento n. 20. p,192",Cintia,8/10/2018
1743,1743-67,"67,4",rua arthur azevedo,5,5,04/06/1926,20/11/1935,"Livro de Emplacamento n. 1. p,92",Cintia,8/10/2018
1743,1743-73,"73,2",rua arthur azevedo,73,73,21/11/1935,,"Livro de Emplacamento n. 20. p,192",Cintia,8/10/2018
1743,1743-73,"73,2",rua arthur azevedo,7,7,04/06/1926,20/11/1935,"Livro de Emplacamento n. 1. p,92",Cintia,8/10/2018
1743,1743-32,"31,6",rua arthur azevedo,32,32,21/11/1935,,"Livro de Emplacamento n. 20. p,195",Cintia,8/10/2018
1743,1743-32,"31,6",rua arthur azevedo,2,2,04/06/1926,20/11/1935,"Livro de Emplacamento n. 1. p,92",Cintia,8/10/2018
1743,1743-152,152,rua arthur azevedo,152,152,21/11/1935,,"Livro de Emplacamento n. 20. p,195",Cintia,8/10/2018
1743,1743-152,152,rua arthur azevedo,14,14,04/06/1926,20/11/1935,"Livro de Emplacamento n. 1. p,92",Cintia,8/10/2018
1743,1743-196,"195,8",rua arthur azevedo,196,196,21/11/1935,,"Livro de Emplacamento n. 20. p,195",Cintia,8/10/2018
1743,1743-196,"195,8",rua arthur azevedo,26,26,04/06/1926,20/11/1935,"Livro de Emplacamento n. 1. p,92",Cintia,8/10/2018
1744,1744-1157,"1156,3",rua dos pinheiros,1157,1157,03/12/1942,,,Cintia,8/10/2018
1744,1744-1157,"1156,3",rua dos pinheiros,159,159,09/28/1927,03/12/1942,,Cintia,8/10/2018
1744,1744-1157,"1156,3",rua dos pinheiros,99,99,04/1921,09/27/1927,"Livro de emplacamento n,7. p. 186",Cintia,8/10/2018
1744,1744-1157,"1156,3",rua dos pinheiros,85,85,03/1921,03/1921,"Livro de emplacamento n,7. p. 186",Cintia,8/10/2018
1744,1744-1427,"1427,3",rua dos pinheiros,1427,1427,03/12/1942,,,Cintia,8/10/2018
1744,1744-1427,"1427,3",rua dos pinheiros,189,189,09/28/1927,03/12/1942,"Livro de emplacamento n,12. p. 18-19",Cintia,8/10/2018
1744,1744-1427,"1427,3",rua dos pinheiros,119,119,04/1921,09/27/1927,"Livro de emplacamento n,7. p. 186",Cintia,8/10/2018
1744,1744-1427,"1427,3",rua dos pinheiros,197,197,03/1921,03/1921,"Livro de emplacamento n,7. p. 186",Cintia,8/10/2018
1744,1744-1559,"1558,2",rua dos pinheiros,1559,1559,03/12/1942,,,Cintia,8/10/2018
1744,1744-1559,"1558,2",rua dos pinheiros,215,215,09/28/1927,03/12/1942,"Livro de emplacamento n,12. p. 18-19",Cintia,8/10/2018
1744,1744-1559,"1558,2",rua dos pinheiros,135,135,04/1921,09/27/1927,"Livro de emplacamento n,7. p. 186",Cintia,8/10/2018
1744,1744-1559,"1558,2",rua dos pinheiros,205,205,03/1921,03/1921,"Livro de emplacamento n,7. p. 186",Cintia,8/10/2018
1744,1744-456,"458,9",rua dos pinheiros,456,456,03/12/1942,,,Cintia,8/10/2018
1744,1744-456,"458,9",rua dos pinheiros,52,52,09/28/1927,03/12/1942,"Livro de emplacamento n,12. p. 18-19",Cintia,8/10/2018
1744,1744-456,"458,9",rua dos pinheiros,24,24,04/1921,09/27/1927,"Livro de emplacamento n,7. p. 186",Cintia,8/10/2018
1744,1744-456,"458,9",rua dos pinheiros,10,10,03/1921,03/1921,"Livro de emplacamento n,7. p. 186",Cintia,8/10/2018
1744,1744-1022,"1022,1",rua dos pinheiros,1022,1022,03/12/1942,,,Cintia,8/10/2018
1744,1744-1022,"1022,1",rua dos pinheiros,132,132,09/28/1927,03/12/1942,"Livro de emplacamento n,12. p. 18-19",Cintia,8/10/2018
1744,1744-1022,"1022,1",rua dos pinheiros,48,48,04/1921,09/27/1927,"Livro de emplacamento n,7. p. 186",Cintia,8/10/2018
1744,1744-1022,"1022,1",rua dos pinheiros,78,78,03/1921,03/1921,"Livro de emplacamento n,7. p. 186",Cintia,8/10/2018
1744,1744-1574,1573,rua dos pinheiros,1574,1574,03/12/1942,,,Cintia,8/10/2018
1744,1744-1574,1573,rua dos pinheiros,222,222,09/28/1927,03/12/1942,"Livro de emplacamento n,12. p. 18-19",Cintia,8/10/2018
1744,1744-1574,1573,rua dos pinheiros,78,78,04/1921,09/27/1927,"Livro de emplacamento n,7. p. 186",Cintia,8/10/2018
1744,1744-1574,1573,rua dos pinheiros,104,104,03/1921,03/1921,"Livro de emplacamento n,7. p. 186",Cintia,8/10/2018
1745,1745-360,"361,5",rua mateus grou,360,360,02/12/1938,,"Livro de Emplacamento n. 24. p,195",Cintia,8/10/2018
1745,1745-360,"361,5",rua mateus grou,54,54,09/07/1928,02/11/1938,"Livro de Emplacamento n. 14. p,3",Cintia,8/10/2018
1745,1745-360,"361,5",rua mateus grou,13,13,09/06/1928,09/06/1928,"Livro de Emplacamento n. 14. p,3",Cintia,8/10/2018
1745,1745-386,386,rua mateus grou,386,386,02/12/1938,,"Livro de Emplacamento n. 24. p,195",Cintia,8/10/2018
1745,1745-386,386,rua mateus grou,60,60,09/07/1928,02/11/1938,"Livro de Emplacamento n. 14. p,3",Cintia,8/10/2018
1745,1745-386,386,rua mateus grou,9,9,09/06/1928,09/06/1928,"Livro de Emplacamento n. 14. p,3",Cintia,8/10/2018
1745,1745-512,511,rua mateus grou,512,512,02/12/1938,,"Livro de Emplacamento n. 24. p,195",Cintia,8/10/2018
1745,1745-512,511,rua mateus grou,72,72,09/07/1928,02/11/1938,"Livro de Emplacamento n. 14. p,3",Cintia,8/10/2018
1745,1745-512,511,rua mateus grou,10,10,09/06/1928,09/06/1928,"Livro de Emplacamento n. 14. p,3",Cintia,8/10/2018
1745,1745-261,"260,8",rua mateus grou,261,261,02/12/1938,,"Livro de Emplacamento n. 24. p,195",Cintia,8/10/2018
1745,1745-261,"260,8",rua mateus grou,35,35,09/07/1928,02/11/1938,"Livro de Emplacamento n. 14. p,3",Cintia,8/10/2018
1745,1745-261,"260,8",rua mateus grou,33,33,09/06/1928,09/06/1928,"Livro de Emplacamento n. 14. p,3",Cintia,8/10/2018
1745,1745-271,"271,8",rua mateus grou,271,271,02/12/1938,,"Livro de Emplacamento n. 24. p,195",Cintia,8/10/2018
1745,1745-271,"271,8",rua mateus grou,37,37,09/07/1928,02/11/1938,"Livro de Emplacamento n. 14. p,3",Cintia,8/10/2018
1745,1745-271,"271,8",rua mateus grou,35,35,09/06/1928,09/06/1928,"Livro de Emplacamento n. 14. p,3",Cintia,8/10/2018
1745,1745-279,"278,3",rua mateus grou,279,279,02/12/1938,,"Livro de Emplacamento n. 24. p,195",Cintia,8/10/2018
1745,1745-279,"278,3",rua mateus grou,39,39,09/07/1928,02/11/1938,"Livro de Emplacamento n. 14. p,3",Cintia,8/10/2018
1745,1745-279,"278,3",rua mateus grou,37,37,09/06/1928,09/06/1928,"Livro de Emplacamento n. 14. p,3",Cintia,8/10/2018
1752,1752-442,"443,1",rua pedroso de moraes,442,442,05/06/1938,05/06/1938,,Cintia,8/10/2018
1752,1752-442,"443,1",rua pedroso de moraes,44,44,26/10/1927,05/06/1938,L. 11. p. 184,Cintia,8/10/2018
1752,1752-442,"443,1",rua pedroso de moraes,18,18,25/10/1927,25/10/1927,L. 11. p. 184,Cintia,8/10/2018
1752,1752-458,"454,6",rua pedroso de moraes,458,458,05/06/1938,05/06/1938,,Cintia,8/10/2018
1752,1752-458,"454,6",rua pedroso de moraes,48,48,26/10/1927,05/06/1938,L. 11. p. 184,Cintia,8/10/2018
1752,1752-458,"454,6",rua pedroso de moraes,22,22,25/10/1927,25/10/1927,L. 11. p. 184,Cintia,8/10/2018
1752,1752-454,"453,2",rua pedroso de moraes,454,454,05/06/1938,05/06/1938,,Cintia,8/10/2018
1752,1752-454,"453,2",rua pedroso de moraes,46,46,26/10/1927,05/06/1938,L. 11. p. 184,Cintia,8/10/2018
1752,1752-454,"453,2",rua pedroso de moraes,10,10,25/10/1927,25/10/1927,L. 11. p. 184,Cintia,8/10/2018
1765,1765-231,"231,8",rua arcoverde,231,231,18/12/1938,,,Cintia,8/10/2018
1765,1765-231,"231,8",rua arcoverde,39,39,09/14/1911,17/12/1938,,Cintia,8/10/2018
1765,1765-231,"231,8",rua arcoverde,27,27,09/13/1911,09/13/1911,"Livro de Emplacamento. n. _ p,71",Cintia,8/10/2018
1765,1765-243,244,rua arcoverde,243,243,18/12/1938,,,Cintia,8/10/2018
1765,1765-243,244,rua arcoverde,41,41,09/14/1911,17/12/1938,,Cintia,8/10/2018
1765,1765-243,244,rua arcoverde,29,29,09/13/1911,09/13/1911,"Livro de Emplacamento. n. _ p,71",Cintia,8/10/2018
1765,1765-105,"104,5",rua arcoverde,105,105,18/12/1938,,,Cintia,8/10/2018
1765,1765-105,"104,5",rua arcoverde,17,17,02/03/1928,17/12/1938,,Cintia,8/10/2018
1765,1765-105,"104,5",rua arcoverde,11,11,09/14/1911,02/02/1928,"Livro de Emplacamento. n. _ p,71",Cintia,8/10/2018
1765,1765-119,"118,2",rua arcoverde,119,119,18/12/1938,,,Cintia,8/10/2018
1765,1765-119,"118,2",rua arcoverde,19,19,02/03/1928,17/12/1938,,Cintia,8/10/2018
1765,1765-119,"118,2",rua arcoverde,13,13,09/14/1911,02/02/1928,"Livro de Emplacamento. n. _ p,71",Cintia,8/10/2018
1765,1765-2850,"2850,1",rua arcoverde,2850,2850,18/12/1938,,,Cintia,8/10/2018
1765,1765-2850,"2850,1",rua arcoverde,366,366,02/03/1928,17/12/1938,,Cintia,8/10/2018
1765,1765-2850,"2850,1",rua arcoverde,218,218,07/01/1921,02/02/1928,,Cintia,8/10/2018
1765,1765-2850,"2850,1",rua arcoverde,38,38,06/30/1921,06/30/1921,p. 26,Cintia,8/10/2018
1765,1765-2888,2887,rua arcoverde,2888,2888,18/12/1938,,,Cintia,8/10/2018
1765,1765-2888,2887,rua arcoverde,372,372,02/03/1928,17/12/1938,,Cintia,8/10/2018
1765,1765-2888,2887,rua arcoverde,224,224,07/01/1921,02/02/1928,,Cintia,8/10/2018
1765,1765-2888,2887,rua arcoverde,46,46,06/30/1921,06/30/1921,p. 26,Cintia,8/10/2018
1765,1765-2910,"2910,5",rua arcoverde,2910,2910,18/12/1938,,,Cintia,8/10/2018
1765,1765-2910,"2910,5",rua arcoverde,378,378,02/03/1928,17/12/1938,,Cintia,8/10/2018
1765,1765-2910,"2910,5",rua arcoverde,230,230,07/01/1921,02/02/1928,,Cintia,8/10/2018
1765,1765-2910,"2910,5",rua arcoverde,52,52,06/30/1921,06/30/1921,p. 26,Cintia,8/10/2018
1765,1765-2922,"2921,7",rua arcoverde,2922,2922,18/12/1938,,,Cintia,8/10/2018
1765,1765-2922,"2921,7",rua arcoverde,380,380,02/03/1928,17/12/1938,,Cintia,8/10/2018
1765,1765-2922,"2921,7",rua arcoverde,232,232,07/01/1921,02/02/1928,,Cintia,8/10/2018
1765,1765-2922,"2921,7",rua arcoverde,54,54,06/30/1921,06/30/1921,p. 26,Cintia,8/10/2018
1766,1766-253,"253,8",rua fernão dias,253,253,06/09/1939,,Livro de Emplacamento n. 25. p. 311,Cintia,8/10/2018
1766,1766-253,"253,8",rua fernão dias,102,102,13/11/1928,06/08/1939,Livro de Emplacamento n. 13. p. 134,Cintia,8/10/2018
1766,1766-253,"253,8",rua fernão dias,82,82,03/30/1926,12/11/1928,Livro de Emplacamento n. 13. p. 134,Cintia,8/10/2018
1766,1766-253,"253,8",rua fernão dias,72,72,03/29/1926,03/29/1926,Livro de Emplacamento n. 9. p. 161,Cintia,8/10/2018
1766,1766-249,"248,1",rua fernão dias,249,249,06/09/1939,,Livro de Emplacamento n. 25. p. 311,Cintia,8/10/2018
1766,1766-249,"248,1",rua fernão dias,104,104,13/11/1928,06/08/1939,Livro de Emplacamento n. 13. p. 134,Cintia,8/10/2018
1766,1766-249,"248,1",rua fernão dias,84,84,03/30/1926,12/11/1928,Livro de Emplacamento n. 13. p. 134,Cintia,8/10/2018
1766,1766-249,"248,1",rua fernão dias,74,74,03/29/1926,03/29/1926,Livro de Emplacamento n. 9. p. 161,Cintia,8/10/2018
1766,1766-125,124,rua fernão dias,125,125,06/09/1939,,Livro de Emplacamento n. 25. p. 311,Cintia,8/10/2018
1766,1766-125,124,rua fernão dias,138,138,11/13/1928,06/08/1939,Livro de Emplacamento n. 13. p. 134,Cintia,8/10/2018
1766,1766-125,124,rua fernão dias,106,106,03/30/1926,12/11/1928,Livro de Emplacamento n. 13. p. 134,Cintia,8/10/2018
1766,1766-125,124,rua fernão dias,100,100,03/29/1926,03/29/1926,Livro de Emplacamento n. 9. p. 161,Cintia,8/10/2018
1766,1766-492,"492,5",rua fernão dias,492,492,06/09/1939,,Livro de Emplacamento n. 25. p. 311,Cintia,8/10/2018
1766,1766-492,"492,5",rua fernão dias,51,51,03/30/1926,06/08/1939,Livro de Emplacamento n. 13. p. 134,Cintia,8/10/2018
1766,1766-492,"492,5",rua fernão dias,29,29,03/29/1926,03/29/1926,Livro de Emplacamento n. 9. p. 161,Cintia,8/10/2018
1766,1766-54,55,rua fernão dias,54,54,06/09/1939,,Livro de Emplacamento n. 25. p. 314,Cintia,8/10/2018
1766,1766-54,55,rua fernão dias,52,52,11/13/1928,06/08/1939,Livro de Emplacamento n. 13. p. 134,Cintia,8/10/2018
1766,1766-54,55,rua fernão dias,44,44,12/11/1928,12/11/1928,Livro de Emplacamento n. 13. p. 134,Cintia,8/10/2018
1766,1766-24,23,rua fernão dias,24,24,06/09/1939,,Livro de Emplacamento n. 25. p. 314,Cintia,8/10/2018
1766,1766-24,23,rua fernão dias,30,30,11/13/1928,06/08/1939,Livro de Emplacamento n. 13. p. 134,Cintia,8/10/2018
1766,1766-24,23,rua fernão dias,22,22,12/11/1928,12/11/1928,Livro de Emplacamento n. 13. p. 134,Cintia,8/10/2018
2001,2001-191,"191,3",rua abolicao,191,191,18/08/1936,,"Livro de Emplacamento. n. _ p,249",Cintia,8/10/2018
2001,2001-191,"191,3",rua abolicao,31,31,06/08/1930,17/08/1936,"Livro de Emplacamento. n. _ p,44",Cintia,8/10/2018
2001,2001-191,"191,3",rua abolicao,29,29,23/09/1908,05/08/1930,"Livro de Emplacamento. n. _ p,10",Cintia,8/10/2018
2001,2001-131,"130,03",rua abolicao,131,131,18/08/1936,,"Livro de Emplacamento. n. _ p,249",Cintia,8/10/2018
2001,2001-131,"130,03",rua abolicao,13,13,23/09/1908,17/08/1936,,Cintia,8/10/2018
2001,2001-131,"130,03",rua abolicao,11,11a,21/09/1908,22/09/1908,"Livro de Emplacamento. n. _ p,10",Cintia,8/10/2018
2001,2001-275,"274,3",rua abolicao,275,275,18/08/1936,,"Livro de Emplacamento. n. _ p,249",Cintia,8/10/2018
2001,2001-275,"274,3",rua abolicao,55,55,06/08/1930,17/08/1936,,Cintia,8/10/2018
2001,2001-275,"274,3",rua abolicao,49,49,05/08/1930,06/08/1930,"Livro de Emplacamento. n. _ p,44",Cintia,8/10/2018
2001,2001-14,"13,5",rua abolicao,14,14,18/08/1936,,"Livro de Emplacamento. n. _ p,250",Cintia,8/10/2018
2001,2001-14,"13,5",rua abolicao,6,6,21/09/1908,17/08/1936,"Livro de Emplacamento. n. _ p,10",Cintia,8/10/2018
2001,2001-56,56,rua abolicao,56,56,18/08/1936,,"Livro de Emplacamento. n. _ p,250",Cintia,8/10/2018
2001,2001-56,56,rua abolicao,2,2,21/09/1908,17/08/1936,"Livro de Emplacamento. n. _ p,10",Cintia,8/10/2018
2001,2001-254,"253,1",rua abolicao,254,254,18/08/1936,,"Livro de Emplacamento. n. _ p,250",Cintia,8/10/2018
2001,2001-254,"253,1",rua abolicao,38,38,06/08/1930,17/08/1936,"Livro de Emplacamento. n. _ p,44",Cintia,8/10/2018
2001,2001-254,"253,1",rua abolicao,36,36,23/09/1908,05/08/1930,,Cintia,8/10/2018
2001,2001-254,"253,1",rua abolicao,32,32,21/09/1908,22/09/1908,"Livro de Emplacamento. n. _ p,10",Cintia,8/10/2018
2001,2001-275,469,rua abolicao,468,468,18/08/1936,,"Livro de Emplacamento. n. _ p,250",Cintia,8/10/2018
2001,2001-275,469,rua abolicao,84,84,06/08/1930,17/08/1936,,Cintia,8/10/2018
2001,2001-275,469,rua abolicao,76,76,04/08/1930,05/08/1930,"Livro de Emplacamento. n. _ p,44",Cintia,8/10/2018
416,416-67,"67,5",rua aguiar de barros,67,67,31/03/1936,,"Livro de Emplacamento. n. _ p,399",Cintia,8/10/2018
416,416-67,"67,5",rua aguiar de barros,5,5,25/03/1911,30/03/1936,"Livro de Emplacamento. n,1 p,28",Cintia,8/10/2018
416,416-143,"143,9",rua aguiar de barros,143,143,31/03/1936,,"Livro de Emplacamento. n. _ p,399",Cintia,8/10/2018
416,416-143,"143,9",rua aguiar de barros,17,17,27/03/1911,30/03/1936,,Cintia,8/10/2018
416,416-143,"143,9",rua aguiar de barros,15,15,25/03/1911,26/03/1911,"Livro de Emplacamento. n,1 p,28",Cintia,8/10/2018
416,416-185,"184,1",rua aguiar de barros,185,185,31/03/1936,,"Livro de Emplacamento. n. _ p,399",Cintia,8/10/2018
416,416-185,"184,1",rua aguiar de barros,29,29,23/01/1912,30/03/1936,"Livro de Emplacamento. n,1 p,42",Cintia,8/10/2018
416,416-26,"26,2",rua aguiar de barros,26,26,31/03/1936,,"Livro de Emplacamento. n. _ p,399",Cintia,8/10/2018
416,416-26,"26,2",rua aguiar de barros,4,4,25/03/1911,30/03/1936,"Livro de Emplacamento. n,1 p,28",Cintia,8/10/2018
416,416-54,"54,7",rua aguiar de barros,54,54,31/03/1936,,"Livro de Emplacamento. n. _ p,399",Cintia,8/10/2018
416,416-54,"54,7",rua aguiar de barros,14,14,25/03/1911,30/03/1936,"Livro de Emplacamento. n,1 p,28",Cintia,8/10/2018
416,416-122,"122,8",rua aguiar de barros,122,122,31/03/1936,,"Livro de Emplacamento. n. _ p,399",Cintia,8/10/2018
416,416-122,"122,8",rua aguiar de barros,30,30,25/03/1911,30/03/1936,"Livro de Emplacamento. n,1 p,28",Cintia,8/10/2018
2002,2002-197,196,rua almirante maques de leao,197,197,28/04/1942,,"Livro de Emplacamento. n,29 p,303",Cintia,8/10/2018
2002,2002-197,196,rua almirante maques de leao,5,5,30/05/1928,27/04/1942,,Cintia,8/10/2018
2002,2002-197,196,rua almirante maques de leao,7,7,12/11/1924,29/05/1928,"Livro de Emplacamento. n,13 p,26",Cintia,8/10/2018
2002,2002-197,196,rua almirante maques de leao,23,23,10/11/1924,11/11/1924,"Livro de Emplacamento. n,1 p,82",Cintia,8/10/2018
2002,2002-249,"249,4",rua almirante maques de leao,249,249,28/04/1942,,"Livro de Emplacamento. n,29 p,303",Cintia,8/10/2018
2002,2002-249,"249,4",rua almirante maques de leao,21,21,30/05/1928,27/04/1942,"Livro de Emplacamento. n,13 p,26",Cintia,8/10/2018
2002,2002-249,"249,4",rua almirante maques de leao,25,25,12/11/1924,29/05/1928,,Cintia,8/10/2018
2002,2002-249,"249,4",rua almirante maques de leao,37,37,10/11/1924,11/11/1924,"Livro de Emplacamento. n,1 p,82",Cintia,8/10/2018
2002,2002-815,"814,5",rua almirante maques de leao,815,815,28/04/1942,,"Livro de Emplacamento. n,29 p,303",Cintia,8/10/2018
2002,2002-815,"814,5",rua almirante maques de leao,155,155,30/05/1928,27/04/1942,,Cintia,8/10/2018
2002,2002-815,"814,5",rua almirante maques de leao,185,185,28/05/1928,29/05/1928,"Livro de Emplacamento. n,13 p,26",Cintia,8/10/2018
2002,2002-186,"186,1",rua almirante maques de leao,186,186,28/04/1942,,"Livro de Emplacamento. n,29 p,301",Cintia,8/10/2018
2002,2002-186,"186,1",rua almirante maques de leao,18,18,30/05/1928,27/04/1942,,Cintia,8/10/2018
2002,2002-186,"186,1",rua almirante maques de leao,30,30,28/05/1928,29/05/1928,"Livro de Emplacamento. n,13 p,25",Cintia,8/10/2018
2002,2002-328,"328,2",rua almirante maques de leao,328,328,28/04/1942,,"Livro de Emplacamento. n,29 p,301",Cintia,8/10/2018
2002,2002-328,"328,2",rua almirante maques de leao,48,48,30/05/1928,27/04/1942,,Cintia,8/10/2018
2002,2002-328,"328,2",rua almirante maques de leao,64,64,28/05/1928,29/05/1928,"Livro de Emplacamento. n,13 p,25",Cintia,8/10/2018
2002,2002-482,"482,5",rua almirante maques de leao,482,482,28/04/1942,,"Livro de Emplacamento. n,29 p,301",Cintia,8/10/2018
2002,2002-482,"482,5",rua almirante maques de leao,82,82,30/05/1928,27/04/1942,,Cintia,8/10/2018
2002,2002-482,"482,5",rua almirante maques de leao,100,100,28/05/1928,29/05/1928,"Livro de Emplacamento. n,13 p,25",Cintia,8/10/2018
2002,2002-776,"775,7",rua almirante maques de leao,776,776,28/04/1942,,"Livro de Emplacamento. n,29 p,302",Cintia,8/10/2018
2002,2002-776,"775,7",rua almirante maques de leao,154,154,30/05/1928,27/04/1942,,Cintia,8/10/2018
2002,2002-776,"775,7",rua almirante maques de leao,178,178,28/05/1928,29/05/1928,"Livro de Emplacamento. n,13 p,25",Cintia,8/10/2018
2003,2003-183,"183,8",rua alfredo ellis,183,183,14/04/1936,,"Livro de Emplacamento. n,21 p,28",Cintia,8/10/2018
2003,2003-183,"183,8",rua alfredo ellis,9,9,20/12/1928,13/04/1936,,Cintia,8/10/2018
2003,2003-183,"183,8",rua alfredo ellis,5,5,18/12/1928,19/12/1928,"Livro de Emplacamento. n,13 p,35",Cintia,8/10/2018
2003,2003-183,"208,9",rua alfredo ellis,209,209,14/04/1936,,"Livro de Emplacamento. n,21 p,28",Cintia,8/10/2018
2003,2003-183,"208,9",rua alfredo ellis,17,17,20/12/1928,13/04/1936,,Cintia,8/10/2018
2003,2003-183,"208,9",rua alfredo ellis,13,13,18/12/1928,19/12/1928,"Livro de Emplacamento. n,13 p,35",Cintia,8/10/2018
2003,2003-301,"300,8",rua alfredo ellis,301,301,14/04/1936,,"Livro de Emplacamento. n,21 p,28",Cintia,8/10/2018
2003,2003-301,"300,8",rua alfredo ellis,25,25,20/12/1928,13/04/1936,,Cintia,8/10/2018
2003,2003-301,"300,8",rua alfredo ellis,21,21,18/12/1928,19/12/1928,"Livro de Emplacamento. n,13 p,35",Cintia,8/10/2018
2003,2003-183,"83,8",rua alfredo ellis,84,84,14/04/1936,,"Livro de Emplacamento. n,21 p,29",Cintia,8/10/2018
2003,2003-183,"83,8",rua alfredo ellis,12,12,20/12/1928,13/04/1936,,Cintia,8/10/2018
2003,2003-183,"83,8",rua alfredo ellis,10,10a,18/12/1928,19/12/1928,"Livro de Emplacamento. n,13 p,35",Cintia,8/10/2018
2003,2003-210,"209,8",rua alfredo ellis,210,210,14/04/1936,,"Livro de Emplacamento. n,21 p,29",Cintia,8/10/2018
2003,2003-210,"209,8",rua alfredo ellis,22,22,20/12/1928,13/04/1936,,Cintia,8/10/2018
2003,2003-210,"209,8",rua alfredo ellis,16,16,18/12/1928,19/12/1928,"Livro de Emplacamento. n,13 p,35",Cintia,8/10/2018
2003,2003-286,"258,4",rua alfredo ellis,286,286,14/04/1936,,"Livro de Emplacamento. n,21 p,29",Cintia,8/10/2018
2003,2003-286,"258,4",rua alfredo ellis,30,30,20/12/1928,13/04/1936,,Cintia,8/10/2018
2003,2003-286,"258,4",rua alfredo ellis,18,18,18/12/1928,19/12/1928,"Livro de Emplacamento. n,13 p,35",Cintia,8/10/2018
60,60-125,"124,4",rua asdrubal nascimento,125,125,10/08/1936,,"Livro de Emplacamento. n,21 p,229",Cintia,8/10/2018
60,60-125,"124,4",rua asdrubal nascimento,19,19,01/07/1908,09/08/1936,"Livro de Emplacamento. n,1 p,3",Cintia,8/10/2018
60,60-283,"282,2",rua asdrubal nascimento,283,283,10/08/1936,,"Livro de Emplacamento. n,21 p,229",Cintia,8/10/2018
60,60-283,"282,2",rua asdrubal nascimento,67,67,03/07/1908,09/08/1936,,Cintia,8/10/2018
60,60-283,"282,2",rua asdrubal nascimento,61,61,01/07/1908,02/07/1908,"Livro de Emplacamento. n,1 p,3",Cintia,8/10/2018
60,60-483,"482,8",rua asdrubal nascimento,483,483,10/08/1936,,"Livro de Emplacamento. n,21 p,330",Cintia,8/10/2018
60,60-483,"482,8",rua asdrubal nascimento,117,117,27/01/1912,09/08/1936,,Cintia,8/10/2018
60,60-483,"482,8",rua asdrubal nascimento,115,115,03/07/1908,26/01/1912,"Livro de Emplacamento. n,1 p,44",Cintia,8/10/2018
60,60-483,"482,8",rua asdrubal nascimento,95,95,01/07/1908,02/07/1908,"Livro de Emplacamento. n,1 p,3",Cintia,8/10/2018
60,60-138,"137,7",rua asdrubal nascimento,138,138,10/08/1936,,"Livro de Emplacamento. n,21 p,331",Cintia,8/10/2018
60,60-138,"137,7",rua asdrubal nascimento,14,14,03/07/1908,09/08/1936,,Cintia,8/10/2018
60,60-138,"137,7",rua asdrubal nascimento,14,14a,01/07/1908,02/07/1908,"Livro de Emplacamento. n,1 p,3",Cintia,8/10/2018
60,60-210,"209,9",rua asdrubal nascimento,210,210,10/08/1936,,"Livro de Emplacamento. n,21 p,331",Cintia,8/10/2018
60,60-210,"209,9",rua asdrubal nascimento,34,34,03/07/1908,09/08/1936,,Cintia,8/10/2018
60,60-210,"209,9",rua asdrubal nascimento,30,30,01/07/1908,02/07/1908,"Livro de Emplacamento. n,1 p,3",Cintia,8/10/2018
60,60-290,"284,4",rua asdrubal nascimento,290,290,10/08/1936,,"Livro de Emplacamento. n,21 p,331",Cintia,8/10/2018
60,60-290,"284,4",rua asdrubal nascimento,60,60,03/07/1908,09/08/1936,,Cintia,8/10/2018
60,60-290,"284,4",rua asdrubal nascimento,54,54,01/07/1908,02/07/1908,"Livro de Emplacamento. n,1 p,3",Cintia,8/10/2018
60,60-462,462,rua asdrubal nascimento,462,462,10/08/1936,,"Livro de Emplacamento. n,21 p,331",Cintia,8/10/2018
60,60-462,462,rua asdrubal nascimento,84,84,27/01/1912,09/08/1936,,Cintia,8/10/2018
60,60-462,462,rua asdrubal nascimento,100,100,25/01/1912,26/01/1912,"Livro de Emplacamento. n,1 p,44",Cintia,8/10/2018
97,97-37,37,rua avanhandava,37,37,09/05/1941,,,Cintia,8/10/2018
97,97-37,37,rua avanhandava,3,3,07/05/1941,08/05/1941,"Livro de Emplacamento. n,29 p,86",Cintia,8/10/2018
97,97-109,109,rua avanhandava,109,109,09/05/1941,,,Cintia,8/10/2018
97,97-109,109,rua avanhandava,11,11,07/05/1941,08/05/1941,"Livro de Emplacamento. n,29 p,86",Cintia,8/10/2018
97,97-749,"749,3",rua avanhandava,749,749,06/10/1965,,"Livro de Emplacamento. n,44 p,215",Cintia,8/10/2018
97,97-749,"749,3",rua avanhandava,683,683,09/05/1941,05/10/1965,,Cintia,8/10/2018
97,97-749,"749,3",rua avanhandava,43,43,07/05/1941,08/05/1941,"Livro de Emplacamento. n,29 p,86",Cintia,8/10/2018
97,97-216,216,rua avanhandava,216,216,09/05/1941,,,Cintia,8/10/2018
97,97-216,216,rua avanhandava,18,18,07/05/1941,08/05/1941,"Livro de Emplacamento. n,29 p,86",Cintia,8/10/2018
97,97-682,"681,8",rua avanhandava,682,682,06/10/1965,,"Livro de Emplacamento. n,44 p,215",Cintia,8/10/2018
97,97-682,"681,8",rua avanhandava,646,646,09/05/1941,05/10/1965,,Cintia,8/10/2018
97,97-682,"681,8",rua avanhandava,94,94,07/05/1941,08/05/1941,"Livro de Emplacamento. n,29 p,86",Cintia,8/10/2018
97,97-814,814,rua avanhandava,814,814,06/10/1965,,"Livro de Emplacamento. n,44 p,215",Cintia,8/10/2018
97,97-814,814,rua avanhandava,742,742,09/05/1941,05/10/1965,,Cintia,8/10/2018
97,97-814,814,rua avanhandava,56,56,07/05/1941,08/05/1941,"Livro de Emplacamento. n,29 p,86",Cintia,8/10/2018
114,114-117,117,rua barata ribeiro,117,117,11/05/1940,,"Livro de Emplacamento. n,27 p,92",Cintia,8/10/2018
114,114-117,117,rua barata ribeiro,17,17,19/11/1927,10/05/1940,"Livro de Emplacamento. n,11 p,41",Cintia,8/10/2018
114,114-117,117,rua barata ribeiro,19,19,05/12/1914,28/11/1927,,Cintia,8/10/2018
114,114-117,117,rua barata ribeiro,40,40,03/12/1914,04/12/1914,"Livro de Emplacamento. n,2 p,36",Cintia,8/10/2018
114,114-201,"201,6",rua barata ribeiro,201,201,11/05/1940,,"Livro de Emplacamento. n,27 p,92",Cintia,8/10/2018
114,114-201,"201,6",rua barata ribeiro,43,43,19/11/1927,10/05/1940,"Livro de Emplacamento. n,11 p,41",Cintia,8/10/2018
114,114-201,"201,6",rua barata ribeiro,45,45,05/12/1914,28/11/1927,,Cintia,8/10/2018
114,114-201,"201,6",rua barata ribeiro,16,16,03/12/1914,04/12/1914,"Livro de Emplacamento. n,2 p,36",Cintia,8/10/2018
114,114-117,"411,2",rua barata ribeiro,411,411,11/05/1940,,"Livro de Emplacamento. n,27 p,92",Cintia,8/10/2018
114,114-117,"411,2",rua barata ribeiro,93,93,19/11/1927,10/05/1940,"Livro de Emplacamento. n,11 p,41",Cintia,8/10/2018
114,114-117,"411,2",rua barata ribeiro,81,81,05/12/1914,28/11/1927,,Cintia,8/10/2018
114,114-117,"411,2",rua barata ribeiro,10,10,03/12/1914,04/12/1914,"Livro de Emplacamento. n,2 p,36",Cintia,8/10/2018
114,114-110,"110,2",rua barata ribeiro,110,110,11/05/1940,,"Livro de Emplacamento. n,27 p,93",Cintia,8/10/2018
114,114-110,"110,2",rua barata ribeiro,24,24,19/11/1927,10/05/1940,"Livro de Emplacamento. n,11 p,41",Cintia,8/10/2018
114,114-110,"110,2",rua barata ribeiro,18,18,05/12/1914,28/11/1927,,Cintia,8/10/2018
114,114-110,"110,2",rua barata ribeiro,51,51,03/12/1914,04/12/1914,"Livro de Emplacamento. n,2 p,36",Cintia,8/10/2018
114,114-292,"291,9",rua barata ribeiro,292,292,11/05/1940,,"Livro de Emplacamento. n,27 p,93",Cintia,8/10/2018
114,114-292,"291,9",rua barata ribeiro,72,72,19/11/1927,10/05/1940,"Livro de Emplacamento. n,11 p,41",Cintia,8/10/2018
114,114-292,"291,9",rua barata ribeiro,62,62,05/12/1914,28/11/1927,,Cintia,8/10/2018
114,114-292,"291,9",rua barata ribeiro,29,29,03/12/1914,04/12/1914,"Livro de Emplacamento. n,2 p,36",Cintia,8/10/2018
114,114-496,496,rua barata ribeiro,496,496,11/05/1940,,"Livro de Emplacamento. n,27 p,93",Cintia,8/10/2018
114,114-496,496,rua barata ribeiro,116,116,19/11/1927,10/05/1940,"Livro de Emplacamento. n,11 p,41",Cintia,8/10/2018
114,114-496,496,rua barata ribeiro,106,106,05/12/1914,28/11/1927,,Cintia,8/10/2018
114,114-496,496,rua barata ribeiro,9,9,03/12/1914,04/12/1914,"Livro de Emplacamento. n,2 p,36",Cintia,8/10/2018
2004,2004-43,"42,6",rua dos bororos,43,43,23/07/1935,,"Livro de Emplacamento. n,19 p,330",Cintia,8/10/2018
2004,2004-43,"42,6",rua dos bororos,7,7,09/07/1917,22/07/1935,,Cintia,8/10/2018
2004,2004-43,"42,6",rua dos bororos,5,5a,07/07/1917,08/07/1917,"Livro de Emplacamento. n,2 p,46",Cintia,8/10/2018
2004,2004-81,"81,3",rua dos bororos,81,81,23/07/1935,,"Livro de Emplacamento. n,19 p,330",Cintia,8/10/2018
2004,2004-81,"81,3",rua dos bororos,19,19,09/07/1917,22/07/1935,,Cintia,8/10/2018
2004,2004-81,"81,3",rua dos bororos,15,15,25/04/1911,08/07/1917,"Livro de Emplacamento. n,2 p,46",Cintia,8/10/2018
2004,2004-145,"144,4",rua dos bororos,145,145,23/07/1935,,"Livro de Emplacamento. n,19 p,330",Cintia,8/10/2018
2004,2004-145,"144,4",rua dos bororos,33,33,09/07/1917,22/07/1935,,Cintia,8/10/2018
2004,2004-145,"144,4",rua dos bororos,29,29,07/07/1917,08/07/1917,"Livro de Emplacamento. n,2 p,46",Cintia,8/10/2018
2004,2004-72,"72,6",rua dos bororos,72,72,23/07/1935,,"Livro de Emplacamento. n,19 p,330",Cintia,8/10/2018
2004,2004-72,"72,6",rua dos bororos,10,10,25/04/1911,22/07/1935,"Livro de Emplacamento. n,2 p,27",Cintia,8/10/2018
2004,2004-96,"96,6",rua dos bororos,96,96,23/07/1935,,"Livro de Emplacamento. n,19 p,330",Cintia,8/10/2018
2004,2004-96,"96,6",rua dos bororos,18,18,25/04/1911,22/07/1935,"Livro de Emplacamento. n,2 p,27",Cintia,8/10/2018
2004,2004-118,"118,7",rua dos bororos,118,118,23/07/1935,,"Livro de Emplacamento. n,19 p,330",Cintia,8/10/2018
2004,2004-118,"118,7",rua dos bororos,24,24,25/04/1911,22/07/1935,"Livro de Emplacamento. n,2 p,27",Cintia,8/10/2018
2005,"04,410-5-107",107,rua carlos sampaio,107,107,05/03/1934,,,Cintia,8/10/2018
2005,"04,410-5-107",107,rua carlos sampaio,5,5,03/03/1934,04/03/1934,"Livro de Emplacamento. n,19 p,131",Cintia,8/10/2018
2005,"04,410-5-189","188,3",rua carlos sampaio,189,189,05/03/1934,,,Cintia,8/10/2018
2005,"04,410-5-189","188,3",rua carlos sampaio,15,15,03/03/1934,04/03/1934,"Livro de Emplacamento. n,19 p,131",Cintia,8/10/2018
2005,"04,410-5-291","291,8",rua carlos sampaio,291,291,05/03/1935,,,Cintia,8/10/2018
2005,"04,410-5-291","291,8",rua carlos sampaio,33,33,03/03/1934,04/03/1934,"Livro de Emplacamento. n,19 p,131",Cintia,8/10/2018
2005,"04,410-5-48","48,7",rua carlos sampaio,48,48,05/03/1934,,,Cintia,8/10/2018
2005,"04,410-5-48","48,7",rua carlos sampaio,2,2,03/03/1934,04/03/1934,"Livro de Emplacamento. n,19 p,131",Cintia,8/10/2018
2005,"04,410-5-158","158,8",rua carlos sampaio,158,158,05/03/1934,,,Cintia,8/10/2018
2005,"04,410-5-158","158,8",rua carlos sampaio,8,8,03/03/1934,04/03/1934,"Livro de Emplacamento. n,19 p,131",Cintia,8/10/2018
2005,"04,410-5-224","224,5",rua carlos sampaio,224,224,05/03/1934,,,Cintia,8/10/2018
2005,"04,410-5-224","224,5",rua carlos sampaio,14,14,03/03/1934,04/03/1934,"Livro de Emplacamento. n,19 p,131",Cintia,8/10/2018
2005,2005-212,"212,8",rua cincinato braga,212,212,21/07/1937,,"Livro de Emplacamento. n,22 p,355",Cintia,8/10/2018
2005,2005-212,"212,8",rua cincinato braga,395,395,15/10/1935,20/07/1937,"Livro de Emplacamento. n,20 p,100",Cintia,8/10/2018
2005,2005-212,"212,8",rua cincinato braga,55,55,02/06/1928,14/10/1935,"Livro de Emplacamento. n,13 p,89",Cintia,8/10/2018
2005,2005-212,"212,8",rua cincinato braga,39,39,29/01/1910,01/06/1928,,Cintia,8/10/2018
2005,2005-212,"212,8",rua cincinato braga,8,8,27/01/1910,28/01/1910,"Livro de Emplacamento. n,2 p,98",Cintia,8/10/2018
2005,2005-238,"237,7",rua cincinato braga,238,238,21/07/1937,,"Livro de Emplacamento. n,22 p,355",Cintia,8/10/2018
2005,2005-238,"237,7",rua cincinato braga,369,369,15/10/1935,20/07/1937,"Livro de Emplacamento. n,20 p,100",Cintia,8/10/2018
2005,2005-238,"237,7",rua cincinato braga,49,49,02/06/1928,14/10/1935,"Livro de Emplacamento. n,13 p,89",Cintia,8/10/2018
2005,2005-238,"237,7",rua cincinato braga,31,31,29/01/1910,01/06/1928,"Livro de Emplacamento. n,2 p,98",Cintia,8/10/2018
2005,2005-324,"324,2",rua cincinato braga,324,324,21/07/1937,,"Livro de Emplacamento. n,22 p,355",Cintia,8/10/2018
2005,2005-324,"324,2",rua cincinato braga,283,283,15/10/1935,20/07/1937,"Livro de Emplacamento. n,20 p,100",Cintia,8/10/2018
2005,2005-324,"324,2",rua cincinato braga,29,29,02/06/1928,14/10/1935,,Cintia,8/10/2018
2005,2005-324,"324,2",rua cincinato braga,11,11a,30/06/1928,01/06/1928,"Livro de Emplacamento. n,13 p,89",Cintia,8/10/2018
2005,2005-511,"510,7",rua cincinato braga,511,511,21/07/1937,,"Livro de Emplacamento. n,22 p,355",Cintia,8/10/2018
2005,2005-511,"510,7",rua cincinato braga,98,98,15/10/1935,20/07/1937,"Livro de Emplacamento. n,20 p,100",Cintia,8/10/2018
2005,2005-511,"510,7",rua cincinato braga,10,10,02/06/1928,14/10/1935,"Livro de Emplacamento. n,13 p,89",Cintia,8/10/2018
2005,2005-511,"510,7",rua cincinato braga,16,16,29/01/1910,01/06/1928,,Cintia,8/10/2018
2005,2005-511,"510,7",rua cincinato braga,105,105,27/01/1910,28/01/1910,"Livro de Emplacamento. n,2 p,98",Cintia,8/10/2018
2005,2005-465,"465,7",rua cincinato braga,465,465,21/07/1937,,"Livro de Emplacamento. n,22 p,355",Cintia,8/10/2018
2005,2005-465,"465,7",rua cincinato braga,142,142,15/10/1935,20/07/1937,"Livro de Emplacamento. n,20 p,100",Cintia,8/10/2018
2005,2005-465,"465,7",rua cincinato braga,18,18,02/06/1928,14/10/1935,"Livro de Emplacamento. n,13 p,89",Cintia,8/10/2018
2005,2005-465,"465,7",rua cincinato braga,24,24,29/01/1910,01/06/1928,"Livro de Emplacamento. n,2 p,98",Cintia,8/10/2018
2005,2005-309,"308,5",rua cincinato braga,309,309,21/07/1937,,"Livro de Emplacamento. n,22 p,355",Cintia,8/10/2018
2005,2005-309,"308,5",rua cincinato braga,300,300,15/10/1935,20/07/1937,"Livro de Emplacamento. n,20 p,100",Cintia,8/10/2018
2005,2005-309,"308,5",rua cincinato braga,40,40,02/06/1928,14/10/1935,,Cintia,8/10/2018
2005,2005-309,"308,5",rua cincinato braga,46,46,30/06/1928,01/06/1928,"Livro de Emplacamento. n,13 p,89",Cintia,8/10/2018
2005,2005-49,"48,8",rua cincinato braga,49,49,21/07/1937,,"Livro de Emplacamento. n,22 p,355",Cintia,8/10/2018
2005,2005-49,"48,8",rua cincinato braga,560,560,15/10/1935,20/07/1937,"Livro de Emplacamento. n,20 p,100",Cintia,8/10/2018
2005,2005-49,"48,8",rua cincinato braga,54,54,02/06/1928,14/10/1935,"Livro de Emplacamento. n,13 p,89",Cintia,8/10/2018
2005,2005-49,"48,8",rua cincinato braga,62,62,29/01/1910,01/06/1928,"Livro de Emplacamento. n,2 p,98",Cintia,8/10/2018
425,425-221,"221,9",rua conde de são joaquim,221,221,23/07/1935,,"Livro de Emplacamento. n,19 p,333",Cintia,8/10/2018
425,425-221,"221,9",rua conde de são joaquim,51,51,11/10/1923,22/07/1935,"Livro de Emplacamento. n,3 p,84",Cintia,8/10/2018
425,425-221,"221,9",rua conde de são joaquim,43,43,08/02/1913,10/10/1923,"Livro de Emplacamento. n,3 p,38",Cintia,8/10/2018
425,425-221,"221,9",rua conde de são joaquim,11,11,23/04/1911,07/02/1913,"Livro de Emplacamento. n,3 p,4",Cintia,8/10/2018
425,425-155,"155,2",rua conde de são joaquim,155,155,23/07/1935,,"Livro de Emplacamento. n,19 p,333",Cintia,8/10/2018
425,425-155,"155,2",rua conde de são joaquim,37,37,21/01/1914,22/07/1935,,Cintia,8/10/2018
425,425-155,"155,2",rua conde de são joaquim,29,29,19/01/1914,20/01/1914,"Livro de Emplacamento. n,3 p,41",Cintia,8/10/2018
425,425-367,"367,8",rua conde de são joaquim,367,367,23/07/1935,,,Cintia,8/10/2018
425,425-367,"367,8",rua conde de são joaquim,75,75,21/07/1935,22/07/1935,"Livro de Emplacamento. n,19 p,333",Cintia,8/10/2018
425,425-190,"189,5",rua conde de são joaquim,190,190,23/07/1935,,"Livro de Emplacamento. n,19 p,334",Cintia,8/10/2018
425,425-190,"189,5",rua conde de são joaquim,32,32,21/01/1914,22/07/1935,"Livro de Emplacamento. n,3 p,41",Cintia,8/10/2018
425,425-190,"189,5",rua conde de são joaquim,28,28,08/02/1913,20/01/1914,"Livro de Emplacamento. n,3 p,38",Cintia,8/10/2018
425,425-190,"189,5",rua conde de são joaquim,8,8,23/04/1911,07/02/1913,"Livro de Emplacamento. n,3 p,4",Cintia,8/10/2018
425,425-222,"222,4",rua conde de são joaquim,222,222,23/07/1935,,"Livro de Emplacamento. n,19 p,334",Cintia,8/10/2018
425,425-222,"222,4",rua conde de são joaquim,40,40,21/01/1914,22/07/1935,"Livro de Emplacamento. n,3 p,41",Cintia,8/10/2018
425,425-222,"222,4",rua conde de são joaquim,36,36,08/02/1913,20/01/1914,,Cintia,8/10/2018
425,425-222,"222,4",rua conde de são joaquim,16,16,06/02/1913,07/02/1913,"Livro de Emplacamento. n,3 p,38",Cintia,8/10/2018
425,425-340,"339,5",rua conde de são joaquim,340,340,23/07/1935,,"Livro de Emplacamento. n,19 p,334",Cintia,8/10/2018
425,425-340,"339,5",rua conde de são joaquim,44,44,21/01/1914,22/07/1935,"Livro de Emplacamento. n,3 p,41",Cintia,8/10/2018
505,505-151,"151,8",rua conselheiro carrão,151,151,18/08/1936,,"Livro de Emplacamento. n,20 p,361",Cintia,8/10/2018
505,505-151,"151,8",rua conselheiro carrão,17,17,05/07/1908,17/08/1936,,Cintia,8/10/2018
505,505-151,"151,8",rua conselheiro carrão,15,15,03/07/1908,04/07/1908,"Livro de Emplacamento. n,2 p,77",Cintia,8/10/2018
505,505-315,"315,7",rua conselheiro carrão,315,315,18/08/1936,,"Livro de Emplacamento. n,20 p,361",Cintia,8/10/2018
505,505-315,"315,7",rua conselheiro carrão,55,55,05/07/1908,17/08/1936,,Cintia,8/10/2018
505,505-315,"315,7",rua conselheiro carrão,43,43,03/07/1908,04/07/1908,"Livro de Emplacamento. n,2 p,77",Cintia,8/10/2018
505,505-501,500,rua conselheiro carrão,501,501,18/08/1936,,"Livro de Emplacamento. n,20 p,361",Cintia,8/10/2018
505,505-501,500,rua conselheiro carrão,97,97,17/10/1922,17/08/1936,"Livro de Emplacamento. n,3 p,75",Cintia,8/10/2018
505,505-108,"108,3",rua conselheiro carrão,108,108,18/08/1936,,"Livro de Emplacamento. n,20 p,362",Cintia,8/10/2018
505,505-108,"108,3",rua conselheiro carrão,8,8,05/07/1908,17/08/1936,,Cintia,8/10/2018
505,505-108,"108,3",rua conselheiro carrão,10,10,03/07/1908,04/07/1908,"Livro de Emplacamento. n,2 p,77",Cintia,8/10/2018
505,505-268,"268,8",rua conselheiro carrão,268,268,18/08/1936,,"Livro de Emplacamento. n,20 p,363",Cintia,8/10/2018
505,505-268,"268,8",rua conselheiro carrão,38,38,19/10/1922,17/08/1936,"Livro de Emplacamento. n,3 p,75",Cintia,8/10/2018
505,505-268,"268,8",rua conselheiro carrão,42,42,04/07/1908,18/10/1922,,Cintia,8/10/2018
505,505-268,"268,8",rua conselheiro carrão,40,40,02/07/1908,03/07/1908,"Livro de Emplacamento. n,2 p,77",Cintia,8/10/2018
505,505-384,"384,6",rua conselheiro carrão,384,384,18/08/1936,,"Livro de Emplacamento. n,20 p,363",Cintia,8/10/2018
505,505-384,"384,6",rua conselheiro carrão,62,62,19/10/1922,17/08/1936,"Livro de Emplacamento. n,3 p,75",Cintia,8/10/2018
505,505-384,"384,6",rua conselheiro carrão,72,72,04/07/1908,18/10/1922,"Livro de Emplacamento. n,2 p,77",Cintia,8/10/2018
505,505-530,"529,3",rua conselheiro carrão,530,530,18/08/1936,,"Livro de Emplacamento. n,20 p,363",Cintia,8/10/2018
505,505-530,"529,3",rua conselheiro carrão,96,96,19/10/1922,17/08/1936,"Livro de Emplacamento. n,3 p,75",Cintia,8/10/2018
505,505-530,"529,3",rua conselheiro carrão,108,108,28/07/1911,18/10/1922,"Livro de Emplacamento. n,3 p,20",Cintia,8/10/2018
2006,2006-42,"41,9",rua cunha bueno,42,42,21/07/1936,,,Cintia,8/10/2018
2006,2006-42,"41,9",rua cunha bueno,3,3,19/07/1936,20/07/1936,"Livro de Emplacamento. n,21 p,295",Cintia,8/10/2018
2006,2006-48,"48,9",rua cunha bueno,48,48,21/07/1936,,,Cintia,8/10/2018
2006,2006-48,"48,9",rua cunha bueno,1,1,19/07/1936,20/07/1936,"Livro de Emplacamento. n,21 p,295",Cintia,8/10/2018
2006,2006-60,61,rua cunha bueno,60,60,21/07/1936,,,Cintia,8/10/2018
2006,2006-60,61,rua cunha bueno,15,15,19/07/1936,20/07/1936,"Livro de Emplacamento. n,21 p,295",Cintia,8/10/2018
2006,2006-63,"63,5",rua cunha bueno,63,63,21/07/1936,,,Cintia,8/10/2018
2006,2006-63,"63,5",rua cunha bueno,2,2,19/07/1936,20/07/1936,"Livro de Emplacamento. n,21 p,295",Cintia,8/10/2018
2007,2007-72,72,rua dos alemaes,73,73,18/01/1938,,,Cintia,8/10/2018
2007,2007-72,72,rua dos alemaes,3,3,16/01/1938,17/01/1938,"Livro de Emplacamento. n,21 p,295",Cintia,8/10/2018
2008,2008-51,"50,8",rua dos belgas,51,51,18/01/1938,,"Livro de Emplacamento. n,24 p,185",Cintia,8/10/2018
2008,2008-51,"50,8",rua dos belgas,5,5,26/09/1926,17/01/1938,,Cintia,8/10/2018
2008,2008-51,"50,8",rua dos belgas,1,1,24/09/1926,25/09/1926,"Livro de Emplacamento. n,2 p,68",Cintia,8/10/2018
2008,2008-67,"67,6",rua dos belgas,67,67,18/01/1938,,"Livro de Emplacamento. n,24 p,185",Cintia,8/10/2018
2008,2008-67,"67,6",rua dos belgas,7,7,26/09/1926,17/01/1938,,Cintia,8/10/2018
2008,2008-67,"67,6",rua dos belgas,3,3,24/09/1926,25/09/1926,"Livro de Emplacamento. n,2 p,68",Cintia,8/10/2018
2008,2008-52,"52,9",rua dos belgas,52,52,18/01/1938,,,Cintia,8/10/2018
2008,2008-52,"52,9",rua dos belgas,2,2,16/01/1938,17/01/1938,"Livro de Emplacamento. n,24 p,185",Cintia,8/10/2018
2008,2008-64,"64,3",rua dos belgas,64,64,18/01/1938,,,Cintia,8/10/2018
2008,2008-64,"64,3",rua dos belgas,8,8,16/01/1938,17/01/1938,"Livro de Emplacamento. n,24 p,185",Cintia,8/10/2018
2008,2008-80,"79,9",rua dos belgas,80,80,18/01/1938,,,Cintia,8/10/2018
2008,2008-80,"79,9",rua dos belgas,14,14,16/01/1938,17/01/1938,"Livro de Emplacamento. n,24 p,185",Cintia,8/10/2018
2009,2009-479,"479,4",rua dos franceses,479,479,16/01/1936,,,Cintia,8/10/2018
2009,2009-479,"479,4",rua dos franceses,4,4,14/01/1936,15/01/1936,"Livro de Emplacamento. n,19 p,223",Cintia,8/10/2018
2009,2009-323,"323,6",rua dos franceses,323,323,16/01/1936,,,Cintia,8/10/2018
2009,2009-323,"323,6",rua dos franceses,20,20,14/01/1936,15/01/1936,"Livro de Emplacamento. n,19 p,223",Cintia,8/10/2018
2009,2009-105,"104,5",rua dos franceses,105,105,16/01/1936,,,Cintia,8/10/2018
2009,2009-105,"104,5",rua dos franceses,38,38,14/01/1936,15/01/1936,"Livro de Emplacamento. n,19 p,223",Cintia,8/10/2018
2009,2009-124,"124,5",rua dos franceses,124,124,16/01/1936,,,Cintia,8/10/2018
2009,2009-124,"124,5",rua dos franceses,35,35,14/01/1936,15/01/1936,"Livro de Emplacamento. n,19 p,223",Cintia,8/10/2018
2009,2009-296,297,rua dos franceses,296,296,16/01/1936,,,Cintia,8/10/2018
2009,2009-296,297,rua dos franceses,11,11,14/01/1936,15/01/1936,"Livro de Emplacamento. n,19 p,223",Cintia,8/10/2018
2009,2009-498,"498,5",rua dos franceses,498,498,16/01/1936,,,Cintia,8/10/2018
2009,2009-498,"498,5",rua dos franceses,3,3,14/01/1936,15/01/1936,"Livro de Emplacamento. n,19 p,223",Cintia,8/10/2018
2010,2010-490,"489,5",rua dos ingleses,490,490,18/01/1938,,"Livro de Emplacamento. n,24 p,190",Cintia,8/10/2018
2010,2010-490,"489,5",rua dos ingleses,7,7,20/10/1927,17/01/1938,"Livro de Emplacamento. n,11 p,137",Cintia,8/10/2018
2010,2010-490,"489,5",rua dos ingleses,3,3,08/11/1919,19/10/1927,,Cintia,8/10/2018
2010,2010-490,"489,5",rua dos ingleses,93,93,06/11/1919,07/11/1919,"Livro de Emplacamento. n,5 p,32",Cintia,8/10/2018
2010,2010-358,"358,1",rua dos ingleses,358,358,18/01/1938,,"Livro de Emplacamento. n,24 p,190",Cintia,8/10/2018
2010,2010-358,"358,1",rua dos ingleses,19,19,20/10/1927,17/01/1938,"Livro de Emplacamento. n,11 p,137",Cintia,8/10/2018
2010,2010-358,"358,1",rua dos ingleses,15,15,08/11/1919,19/10/1927,,Cintia,8/10/2018
2010,2010-358,"358,1",rua dos ingleses,103,103,06/11/1919,07/11/1919,"Livro de Emplacamento. n,5 p,32",Cintia,8/10/2018
2010,2010-200,"200,3",rua dos ingleses,200,200,18/01/1938,,"Livro de Emplacamento. n,24 p,190",Cintia,8/10/2018
2010,2010-200,"200,3",rua dos ingleses,31,31,20/101927,17/01/1938,,Cintia,8/10/2018
2010,2010-200,"200,3",rua dos ingleses,23,23,18/10/1927,19/10/1927,"Livro de Emplacamento. n,11 p,137",Cintia,8/10/2018
2010,2010-23,"22,4",rua dos ingleses,23,23,18/01/1938,,"Livro de Emplacamento. n,24 p,189",Cintia,8/10/2018
2010,2010-23,"22,4",rua dos ingleses,88,88,20/10/1927,17/01/1938,"Livro de Emplacamento. n,11 p,137",Cintia,8/10/2018
2010,2010-23,"22,4",rua dos ingleses,44,44,18/02/1924,19/10/1927,"Livro de Emplacamento. n,5 p,34",Cintia,8/10/2018
2010,2010-23,"22,4",rua dos ingleses,22,22,08/11/1919,17/02/1924,,Cintia,8/10/2018
2010,2010-23,"22,4",rua dos ingleses,1,1,06/11/1919,07/11/1919,"Livro de Emplacamento. n,5 p,32",Cintia,8/10/2018
2010,2010-95,"95,6",rua dos ingleses,95,95,18/01/1938,,"Livro de Emplacamento. n,24 p,189",Cintia,8/10/2018
2010,2010-95,"95,6",rua dos ingleses,68,68,20/10/1928,17/01/1938,"Livro de Emplacamento. n,11 p,137",Cintia,8/10/2018
2010,2010-95,"95,6",rua dos ingleses,20,20,18/02/1924,19/10/1927,"Livro de Emplacamento. n,5 p,34",Cintia,8/10/2018
2010,2010-95,"95,6",rua dos ingleses,10,10,08/11/1929,17/02/1924,,Cintia,8/10/2018
2010,2010-95,"95,6",rua dos ingleses,15,15,06/11/1919,07/11/1919,"Livro de Emplacamento. n,5 p,32",Cintia,8/10/2018
2010,2010-197,"197,3",rua dos ingleses,197,197,18/01/1938,,"Livro de Emplacamento. n,24 p,189",Cintia,8/10/2018
2010,2010-197,"197,3",rua dos ingleses,50,50,20/101927,17/01/1938,,Cintia,8/10/2018
2010,2010-197,"197,3",rua dos ingleses,58,58,18/10/1927,19/10/1927,"Livro de Emplacamento. n,11 p,137",Cintia,8/10/2018
2010,2010-303,303,rua dos ingleses,303,303,18/01/1938,,"Livro de Emplacamento. n,24 p,189",Cintia,8/10/2018
2010,2010-303,303,rua dos ingleses,40,40,20/10/1927,17/01/1938,"Livro de Emplacamento. n,11 p,137",Cintia,8/10/2018
2010,2010-303,303,rua dos ingleses,4,4,16/02/1924,19/10/1927,"Livro de Emplacamento. n,5 p,34",Cintia,8/10/2018
401,401-253,"253,6",rua doutor luiz barreto,253,253,02/04/1936,,"Livro de Emplacamento. n,21 p,104",Cintia,8/10/2018
401,401-253,"253,6",rua doutor luiz barreto,67,67,29/09/1921,01/04/1936,"Livro de Emplacamento. n,6 p,46",Cintia,8/10/2018
401,401-253,"253,6",rua doutor luiz barreto,61,61,02/06/1917,28/09/1921,,Cintia,8/10/2018
401,401-253,"253,6",rua doutor luiz barreto,51,51,31/05/1917,01/06/1917,"Livro de Emplacamento. n,9 p,26",Cintia,8/10/2018
401,401-349,"350,2",rua doutor luiz barreto,349,349,02/04/1936,,"Livro de Emplacamento. n,21 p,104",Cintia,8/10/2018
401,401-349,"350,2",rua doutor luiz barreto,93,93,29/09/1921,01/04/1936,"Livro de Emplacamento. n,6 p,46",Cintia,8/10/2018
401,401-349,"350,2",rua doutor luiz barreto,89,89,02/06/1917,28/09/1921,,Cintia,8/10/2018
401,401-349,"350,2",rua doutor luiz barreto,67,67b,31/05/1917,01/06/1917,"Livro de Emplacamento. n,9 p,26",Cintia,8/10/2018
401,401-107,"106,8",rua doutor luiz barreto,107,107,02/04/1936,,"Livro de Emplacamento. n,21 p,104",Cintia,8/10/2018
401,401-107,"106,8",rua doutor luiz barreto,33,33,28/09/1921,01/04/1936,"Livro de Emplacamento. n,6 p,46",Cintia,8/10/2018
401,401-35,35,rua doutor luiz barreto,35,35,02/04/1936,,"Livro de Emplacamento. n,21 p,104",Cintia,8/10/2018
401,401-35,35,rua doutor luiz barreto,11,11,28/09/1921,01/04/1936,"Livro de Emplacamento. n,6 p,46",Cintia,8/10/2018
401,401-150,"150,3",rua doutor luiz barreto,150,150,02/04/1936,,"Livro de Emplacamento. n,21 p,105",Cintia,8/10/2018
401,401-150,"150,3",rua doutor luiz barreto,26,26,02/06/1917,01/04/1936,,Cintia,8/10/2018
401,401-150,"150,3",rua doutor luiz barreto,28,28,31/05/1917,01/06/1917,"Livro de Emplacamento. n,9 p,26",Cintia,8/10/2018
401,401-332,"333,2",rua doutor luiz barreto,332,332,02/04/1936,,"Livro de Emplacamento. n,21 p,105",Cintia,8/10/2018
401,401-332,"333,2",rua doutor luiz barreto,70,70,29/09/1921,01/04/1936,"Livro de Emplacamento. n,6 p,46",Cintia,8/10/2018
401,401-332,"333,2",rua doutor luiz barreto,52,52,02/06/1917,28/09/1921,,Cintia,8/10/2018
401,401-332,"333,2",rua doutor luiz barreto,66,66,31/05/1917,01/06/1917,"Livro de Emplacamento. n,9 p,26",Cintia,8/10/2018
401,401-96,"96,3",rua doutor luiz barreto,96,96,02/04/1936,,"Livro de Emplacamento. n,21 p,105",Cintia,8/10/2018
401,401-96,"96,3",rua doutor luiz barreto,18,18,28/09/1921,01/04/1936,"Livro de Emplacamento. n,6 p,46",Cintia,8/10/2018
401,401-204,"204,9",rua doutor luiz barreto,204,204,02/04/1936,,"Livro de Emplacamento. n,21 p,105",Cintia,8/10/2018
401,401-204,"204,9",rua doutor luiz barreto,40,40,29/09/1921,01/04/1936,"Livro de Emplacamento. n,6 p,46",Cintia,8/10/2018
401,401-204,"204,9",rua doutor luiz barreto,36,36,02/06/1917,28/09/1921,,Cintia,8/10/2018
401,401-204,"204,9",rua doutor luiz barreto,42,42,31/05/1917,01/06/1917,"Livro de Emplacamento. n,9 p,26",Cintia,8/10/2018
2011,2011-35,"35,3",rua doutor ricardo baptista,35,35,24/01/1936,,,Cintia,8/10/2018
2011,2011-35,"35,3",rua doutor ricardo baptista,1,1,22/01/1936,23/01/1936,"Livro de Emplacamento. n,20 p,327",Cintia,8/10/2018
2011,2011-67,"69,7",rua doutor ricardo baptista,67,67,24/01/1936,,,Cintia,8/10/2018
2011,2011-67,"69,7",rua doutor ricardo baptista,5,5,22/01/1936,23/01/1936,"Livro de Emplacamento. n,20 p,327",Cintia,8/10/2018
2011,2011-97,"97,2",rua doutor ricardo baptista,97,97,24/01/1936,,,Cintia,8/10/2018
2011,2011-97,"97,2",rua doutor ricardo baptista,11,11,22/01/1936,23/01/1936,"Livro de Emplacamento. n,20 p,327",Cintia,8/10/2018
2011,2011-52,"52,6",rua doutor ricardo baptista,52,52,24/01/1936,,,Cintia,8/10/2018
2011,2011-52,"52,6",rua doutor ricardo baptista,4,4,22/01/1936,23/01/1936,"Livro de Emplacamento. n,20 p,327",Cintia,8/10/2018
2011,2011-118,"117,6",rua doutor ricardo baptista,118,118,24/01/1936,,,Cintia,8/10/2018
2011,2011-118,"117,6",rua doutor ricardo baptista,14,14,22/01/1936,23/01/1936,"Livro de Emplacamento. n,20 p,327",Cintia,8/10/2018
2011,2011-126,125,rua doutor ricardo baptista,126,126,24/01/1936,,,Cintia,8/10/2018
2011,2011-126,125,rua doutor ricardo baptista,20,20,22/01/1936,23/01/1936,"Livro de Emplacamento. n,20 p,327",Cintia,8/10/2018
2012,2012-68,"68,5",rua esther,68,68,28/01/1942,,"Livro de Emplacamento. n,28 p,315",Cintia,8/10/2018
2012,2012-68,"68,5",rua esther,4,4,29/03/1928,27/01/1942,,Cintia,8/10/2018
2012,2012-68,"68,5",rua esther,13,13,27/03/1928,28/03/1928,"Livro de Emplacamento. n,13 p,117",Cintia,8/10/2018
2012,2012-100,"99,6",rua esther,100,100,28/01/1942,,"Livro de Emplacamento. n,28 p,315",Cintia,8/10/2018
2012,2012-100,"99,6",rua esther,6,6,29/03/1928,27/01/1942,,Cintia,8/10/2018
2012,2012-100,"99,6",rua esther,15,15,27/03/1928,28/03/1928,"Livro de Emplacamento. n,13 p,117",Cintia,8/10/2018
2012,2012-79,79,rua esther,79,79,28/01/1942,,"Livro de Emplacamento. n,28 p,315",Cintia,8/10/2018
2012,2012-79,79,rua esther,7,7,29/03/1928,27/01/1942,,Cintia,8/10/2018
2012,2012-79,79,rua esther,4,4,27/03/1928,28/03/1928,"Livro de Emplacamento. n,13 p,117",Cintia,8/10/2018
2012,2012-97,"97,2",rua esther,97,97,28/01/1942,,"Livro de Emplacamento. n,28 p,315",Cintia,8/10/2018
2012,2012-97,"97,2",rua esther,9,9,29/03/1928,27/01/1942,,Cintia,8/10/2018
2012,2012-97,"97,2",rua esther,2,2,27/03/1928,28/03/1928,"Livro de Emplacamento. n,13 p,117",Cintia,8/10/2018
2012,2012-239,"239,7",rua esther,239,239,28/01/1942,,"Livro de Emplacamento. n,28 p,315",Cintia,8/10/2018
2012,2012-239,"239,7",rua esther,15,15,26/01/1942,27/01/1942,"Livro de Emplacamento. n,13 p,117",Cintia,8/10/2018
2029,2029-44,"44,6",rua fausto ferraz,44,44,02/06/1936,,,Cintia,8/10/2018
2029,2029-44,"44,6",rua fausto ferraz,21,21,31/05/1936,01/06/1936,"Livro de Emplacamento. n,22 p,202",Cintia,8/10/2018
2029,2029-100,"100,8",rua fausto ferraz,100,100,02/06/1936,,,Cintia,8/10/2018
2029,2029-100,"100,8",rua fausto ferraz,13,13,31/05/1936,01/06/1936,"Livro de Emplacamento. n,22 p,202",Cintia,8/10/2018
2029,2029-172,"172,6",rua fausto ferraz,172,172,02/06/1936,,,Cintia,8/10/2018
2029,2029-172,"172,6",rua fausto ferraz,5,5,31/05/1936,01/06/1936,"Livro de Emplacamento. n,22 p,202",Cintia,8/10/2018
2029,2029-87,"86,5",rua fausto ferraz,87,87,02/06/1936,,,Cintia,8/10/2018
2029,2029-87,"86,5",rua fausto ferraz,20,20,31/05/1936,01/06/1936,"Livro de Emplacamento. n,22 p,202",Cintia,8/10/2018
2029,2029-145,"145,7",rua fausto ferraz,145,145,02/06/1936,,,Cintia,8/10/2018
2029,2029-145,"145,7",rua fausto ferraz,12,12,31/05/1936,01/06/1936,"Livro de Emplacamento. n,22 p,202",Cintia,8/10/2018
2029,2029-193,"193,3",rua fausto ferraz,193,193,02/06/1936,,,Cintia,8/10/2018
2029,2029-193,"193,3",rua fausto ferraz,4,4,31/05/1936,01/06/1936,"Livro de Emplacamento. n,22 p,202",Cintia,8/10/2018
2013,2013-73,"72,1",rua fortaleza,73,73,10/03/1938,,"Livro de Emplacamento. n,24 p,228",Cintia,8/10/2018
2013,2013-73,"72,1",rua fortaleza,3,3,30/09/1921,09/03/1938,,Cintia,8/10/2018
2013,2013-73,"72,1",rua fortaleza,1,1a,28/09/1921,29/09/1921,"Livro de Emplacamento. n,4 p,61",Cintia,8/10/2018
2013,2013-209,209,rua fortaleza,209,209,10/03/1938,,"Livro de Emplacamento. n,24 p,228",Cintia,8/10/2018
2013,2013-209,209,rua fortaleza,39,39,30/09/1921,09/03/1938,"Livro de Emplacamento. n,4 p,61",Cintia,8/10/2018
2013,2013-209,209,rua fortaleza,23,23,24/04/1911,29/09/1921,"Livro de Emplacamento. n,4 p,44",Cintia,8/10/2018
2013,2013-209,209,rua fortaleza,13,13,04/05/1908,23/04/1911,,Cintia,8/10/2018
2013,2013-209,209,rua fortaleza,11,11,02/05/1908,03/05/1908,"Livro de Emplacamento. n,4 p,37",Cintia,8/10/2018
2013,2013-275,"275,9",rua fortaleza,275,275,10/03/1938,,"Livro de Emplacamento. n,24 p,228",Cintia,8/10/2018
2013,2013-275,"275,9",rua fortaleza,53,53,30/09/1921,09/03/1938,"Livro de Emplacamento. n,4 p,61",Cintia,8/10/2018
2013,2013-275,"275,9",rua fortaleza,37,37,24/04/1911,29/09/1921,"Livro de Emplacamento. n,4 p,44",Cintia,8/10/2018
2013,2013-275,"275,9",rua fortaleza,25,25,04/05/1908,23/04/1911,,Cintia,8/10/2018
2013,2013-275,"275,9",rua fortaleza,21,21,02/05/1908,03/05/1908,"Livro de Emplacamento. n,4 p,37",Cintia,8/10/2018
2013,2013-305,305,rua fortaleza,305,305,10/03/1938,,"Livro de Emplacamento. n,24 p,228",Cintia,8/10/2018
2013,2013-305,305,rua fortaleza,63,63,08/03/1938,09/03/1938,,Cintia,8/10/2018
2013,2013-198,"198,2",rua fortaleza,198,198,10/03/1938,,"Livro de Emplacamento. n,24 p,229",Cintia,8/10/2018
2013,2013-198,"198,2",rua fortaleza,18,18,30/09/1921,09/03/1938,"Livro de Emplacamento. n,4 p,61",Cintia,8/10/2018
2013,2013-198,"198,2",rua fortaleza,14,14,04/05/1908,29/09/1921,,Cintia,8/10/2018
2013,2013-198,"198,2",rua fortaleza,12,12,02/05/1908,03/05/1908,"Livro de Emplacamento. n,4 p,37",Cintia,8/10/2018
2013,2013-214,"214,3",rua fortaleza,214,214,10/03/1938,,"Livro de Emplacamento. n,24 p,229",Cintia,8/10/2018
2013,2013-214,"214,3",rua fortaleza,26,26,30/09/1921,09/03/1938,"Livro de Emplacamento. n,4 p,61",Cintia,8/10/2018
2013,2013-214,"214,3",rua fortaleza,22,22,04/05/1908,29/09/1921,,Cintia,8/10/2018
2013,2013-310,"309,6",rua fortaleza,310,310,10/03/1938,,"Livro de Emplacamento. n,24 p,229",Cintia,8/10/2018
2013,2013-310,"309,6",rua fortaleza,42,42,30/09/1921,09/03/1938,"Livro de Emplacamento. n,4 p,61",Cintia,8/10/2018
2013,2013-310,"309,6",rua fortaleza,44,44,24/04/1911,29/09/1921,"Livro de Emplacamento. n,4 p,44",Cintia,8/10/2018
2013,2013-310,"309,6",rua fortaleza,32,32,04/05/1908,23/04/1911,"Livro de Emplacamento. n,4 p,37",Cintia,8/10/2018
417,417-79,"79,4",rua francisca miquelina,79,79,15/04/1936,,"Livro de Emplacamento. n,21 p,37",Cintia,8/10/2018
417,417-79,"79,4",rua francisca miquelina,19,19,27/03/1911,14/04/1936,"Livro de Emplacamento. n,4 p,47",Cintia,8/10/2018
417,417-79,"79,4",rua francisca miquelina,13,13,03/06/1908,26/03/1911,,Cintia,8/10/2018
417,417-79,"79,4",rua francisca miquelina,11,11,01/06/1908,02/06/1908,"Livro de Emplacamento. n,4 p,36",Cintia,8/10/2018
417,417-151,"150,3",rua francisca miquelina,151,151,15/04/1936,,"Livro de Emplacamento. n,21 p,37",Cintia,8/10/2018
417,417-151,"150,3",rua francisca miquelina,37,37,27/03/1911,14/04/1936,"Livro de Emplacamento. n,4 p,47",Cintia,8/10/2018
417,417-151,"150,3",rua francisca miquelina,25,25,03/06/1908,26/03/1911,"Livro de Emplacamento. n,4 p,36",Cintia,8/10/2018
417,417-287,"287,2",rua francisca miquelina,287,287,15/04/1936,,"Livro de Emplacamento. n,21 p,37",Cintia,8/10/2018
417,417-287,"287,2",rua francisca miquelina,63,63,27/03/1911,14/04/1936,"Livro de Emplacamento. n,4 p,47",Cintia,8/10/2018
417,417-287,"287,2",rua francisca miquelina,47,47,03/06/1908,26/03/1911,"Livro de Emplacamento. n,4 p,36",Cintia,8/10/2018
417,417-32,"32,1",rua francisca miquelina,32,32,15/04/1936,,"Livro de Emplacamento. n,21 p,38",Cintia,8/10/2018
417,417-32,"32,1",rua francisca miquelina,8,8,02/06/1908,14/04/1936,"Livro de Emplacamento. n,4 p,36",Cintia,8/10/2018
417,417-134,"133,9",rua francisca miquelina,82,82,15/04/1936,,"Livro de Emplacamento. n,21 p,38",Cintia,8/10/2018
417,417-134,"133,9",rua francisca miquelina,24,24,02/06/1908,14/04/1936,"Livro de Emplacamento. n,4 p,36",Cintia,8/10/2018
417,417-280,"280,7",rua francisca miquelina,280,280,15/04/1936,,"Livro de Emplacamento. n,21 p,38",Cintia,8/10/2018
417,417-280,"280,7",rua francisca miquelina,74,74,02/06/1908,14/04/1936,"Livro de Emplacamento. n,4 p,36",Cintia,8/10/2018
423,423-165,"165,4",rua genebra,165,165,17/12/1935,,"Livro de Emplacamento. n,20 p,260",Cintia,8/10/2018
423,423-165,"165,4",rua genebra,15,15,03/07/1908,16/12/1935,"Livro de Emplacamento. n,4 p,71",Cintia,8/10/2018
423,423-225,"226,6",rua genebra,225,225,17/12/1935,,"Livro de Emplacamento. n,20 p,260",Cintia,8/10/2018
423,423-225,"226,6",rua genebra,31,31,03/07/1908,16/12/1935,,Cintia,8/10/2018
423,423-225,"226,6",rua genebra,23,23,01/07/1908,02/07/1908,"Livro de Emplacamento. n,4 p,71",Cintia,8/10/2018
423,423-271,272,rua genebra,271,271,17/12/1935,,"Livro de Emplacamento. n,20 p,260",Cintia,8/10/2018
423,423-271,272,rua genebra,43,43,03/07/1908,16/12/1935,,Cintia,8/10/2018
423,423-271,272,rua genebra,31,31,01/07/1908,02/07/1908,"Livro de Emplacamento. n,4 p,71",Cintia,8/10/2018
423,423-48,"47,3",rua genebra,48,48,17/12/1935,,"Livro de Emplacamento. n,20 p,259",Cintia,8/10/2018
423,423-48,"47,3",rua genebra,10,10,03/07/1908,16/12/1935,,Cintia,8/10/2018
423,423-48,"47,3",rua genebra,4,4,01/07/1908,02/07/1935,"Livro de Emplacamento. n,4 p,71",Cintia,8/10/2018
423,423-136,"136,2",rua genebra,136,136,17/12/1935,,"Livro de Emplacamento. n,20 p,259",Cintia,8/10/2018
423,423-136,"136,2",rua genebra,40,40,03/07/1908,16/12/1935,,Cintia,8/10/2018
423,423-136,"136,2",rua genebra,30,30,01/07/1908,02/07/1908,"Livro de Emplacamento. n,4 p,71",Cintia,8/10/2018
423,423-256,"256,9",rua genebra,256,256,17/12/1935,,"Livro de Emplacamento. n,20 p,259",Cintia,8/10/2018
423,423-256,"256,9",rua genebra,76,76,03/07/1908,16/12/1935,"Livro de Emplacamento. n,4 p,71",Cintia,8/10/2018
393,393-89,"89,1",rua itarare,89,89,15/06/1939,,"Livro de Emplacamento. n,25 p,243",Cintia,8/10/2018
393,393-89,"89,1",rua itarare,9,9,22/10/1927,14/06/1939,,Cintia,8/10/2018
393,393-89,"89,1",rua itarare,5,5,20/10/1927,21/10/1927,"Livro de Emplacamento. n,11 p,136",Cintia,8/10/2018
393,393-169,"168,1",rua itarare,169,169,15/06/1939,,"Livro de Emplacamento. n,25 p,243",Cintia,8/10/2018
393,393-169,"168,1",rua itarare,23,23,22/10/1927,14/06/1939,"Livro de Emplacamento. n,11 p,136",Cintia,8/10/2018
393,393-169,"168,1",rua itarare,13,13,17/08/1911,21/10/1927,"Livro de Emplacamento. n,5 p,23",Cintia,8/10/2018
393,393-303,302,rua itarare,303,303,15/06/1939,,"Livro de Emplacamento. n,25 p,243",Cintia,8/10/2018
393,393-303,302,rua itarare,47,47,22/10/1927,14/06/1939,"Livro de Emplacamento. n,11 p,136",Cintia,8/10/2018
393,393-303,302,rua itarare,37,37,17/08/1911,21/10/1927,"Livro de Emplacamento. n,5 p,23",Cintia,8/10/2018
393,393-118,"118,9",rua itarare,118,118,15/10/1939,,"Livro de Emplacamento. n,25 p,242",Cintia,8/10/2018
393,393-118,"118,9",rua itarare,12,12,22/10/1927,14/06/1939,,Cintia,8/10/2018
393,393-118,"118,9",rua itarare,8,8,20/10/1927,21/10/1927,"Livro de Emplacamento. n,11 p,136",Cintia,8/10/2018
393,393-208,"208,3",rua itarare,208,208,15/06/1939,,"Livro de Emplacamento. n,25 p,242",Cintia,8/10/2018
393,393-208,"208,3",rua itarare,26,26,22/10/1927,14/06/1939,"Livro de Emplacamento. n,11 p,136",Cintia,8/10/2018
393,393-208,"208,3",rua itarare,22,22,17/08/1911,21/10/1927,"Livro de Emplacamento. n,5 p,23",Cintia,8/10/2018
393,393-292,"291,3",rua itarare,292,292,15/10/1939,,"Livro de Emplacamento. n,25 p,242",Cintia,8/10/2018
393,393-292,"291,3",rua itarare,40,40,20/10/1927,14/10/1939,"Livro de Emplacamento. n,11 p,136",Cintia,8/10/2018
392,392-95,95,rua herculano de freitas,94,94,31/03/1936,,"Livro de Emplacamento. n,21 p,8",Cintia,8/10/2018
392,392-95,95,rua herculano de freitas,24,24,27/10/1927,30/03/1936,"Livro de Emplacamento. n,11 p,126",Cintia,8/10/2018
392,392-95,95,rua herculano de freitas,85,85,28/09/1925,26/10/1927,,Cintia,8/10/2018
392,392-95,95,rua herculano de freitas,91,91,26/09/1925,27/09/1925,"Livro de Emplacamento. n,5 p,13",Cintia,8/10/2018
392,392-216,"215,8",rua herculano de freitas,216,216,31/03/1936,,"Livro de Emplacamento. n,21 p,8",Cintia,8/10/2018
392,392-216,"215,8",rua herculano de freitas,50,50,27/10/1927,30/03/1936,,Cintia,8/10/2018
392,392-216,"215,8",rua herculano de freitas,53,53,25/10/1927,26/10/1927,"Livro de Emplacamento. n,11 p,126",Cintia,8/10/2018
392,392-342,"342,7",rua herculano de freitas,342,342,31/03/1936,,"Livro de Emplacamento. n,21 p,8",Cintia,8/10/2018
392,392-342,"342,7",rua herculano de freitas,66,66,27/10/1927,30/03/1936,,Cintia,8/10/2018
392,392-342,"342,7",rua herculano de freitas,9,9,25/10/1927,26/10/1927,"Livro de Emplacamento. n,11 p,126",Cintia,8/10/2018
392,392-39,39,rua herculano de freitas,39,39,31/03/1936,,"Livro de Emplacamento. n,21 p,9",Cintia,8/10/2018
392,392-39,39,rua herculano de freitas,7,7,27/10/1927,30/03/1936,"Livro de Emplacamento. n,11 p,126",Cintia,8/10/2018
392,392-39,39,rua herculano de freitas,122,122,28/09/1925,26/10/1927,,Cintia,8/10/2018
392,392-39,39,rua herculano de freitas,116,116,26/09/1925,27/09/1925,"Livro de Emplacamento. n,5 p,13",Cintia,8/10/2018
392,392-151,"150,2",rua herculano de freitas,151,151,31/03/1936,,"Livro de Emplacamento. n,21 p,9",Cintia,8/10/2018
392,392-151,"150,2",rua herculano de freitas,41,41,27/10/1927,30/03/1936,"Livro de Emplacamento. n,11 p,126",Cintia,8/10/2018
392,392-151,"150,2",rua herculano de freitas,86,86,28/09/1925,26/10/1927,,Cintia,8/10/2018
392,392-151,"150,2",rua herculano de freitas,84,84a,26/09/1925,27/09/1925,"Livro de Emplacamento. n,5 p,13",Cintia,8/10/2018
392,392-273,"272,1",rua herculano de freitas,273,273,31/03/1936,,"Livro de Emplacamento. n,21 p,9",Cintia,8/10/2018
392,392-273,"272,1",rua herculano de freitas,77,77,27/10/1927,30/03/1936,,Cintia,8/10/2018
392,392-273,"272,1",rua herculano de freitas,38,38,25/10/1927,26/10/1927,"Livro de Emplacamento. n,11 p,126",Cintia,8/10/2018
392,392-381,"380,8",rua herculano de freitas,381,381,31/03/1936,,"Livro de Emplacamento. n,21 p,9",Cintia,8/10/2018
392,392-381,"380,8",rua herculano de freitas,105,105,27/10/1927,30/03/1936,,Cintia,8/10/2018
392,392-381,"380,8",rua herculano de freitas,8,8,25/10/1927,26/10/1927,"Livro de Emplacamento. n,11 p,126",Cintia,8/10/2018
396,"08,871-4-107","106,5",rua humayta,107,107,07/10/1940,,"Livro de Emplacamento. n,27 p,317",Cintia,8/10/2018
396,"08,871-4-107","106,5",rua humayta,17,17,24/04/1911,06/10/1940,,Cintia,8/10/2018
396,"08,871-4-107","106,5",rua humayta,61,61,22/04/1911,23/04/1911,"Livro de Emplacamento. n,5 p,6",Cintia,8/10/2018
396,"08,871-4-239","238,5",rua humayta,239,239,07/10/1940,,"Livro de Emplacamento. n,27 p,317",Cintia,8/10/2018
396,"08,871-4-239","238,5",rua humayta,39,39,19/06/1926,06/10/1940,"Livro de Emplacamento. n,5 p,15",Cintia,8/10/2018
396,"08,871-4-409","408,2",rua humayta,409,409,07/10/1940,,"Livro de Emplacamento. n,27 p,317",Cintia,8/10/2018
396,"08,871-4-409","408,2",rua humayta,47,47,21/06/1926,06/10/1940,,Cintia,8/10/2018
396,"08,871-4-409","408,2",rua humayta,43,43,19/06/1926,20/06/1926,"Livro de Emplacamento. n,5 p,15",Cintia,8/10/2018
396,"08,871-4-170","171,1",rua humayta,170,170,07/10/1940,,"Livro de Emplacamento. n,27 p,318",Cintia,8/10/2018
396,"08,871-4-170","171,1",rua humayta,60,60,09/06/1930,06/10/1940,"Livro de Emplacamento. n,17 p,50",Cintia,8/10/2018
396,"08,871-4-170","171,1",rua humayta,32,32,23/04/1911,08/06/1930,"Livro de Emplacamento. n,5 p,6",Cintia,8/10/2018
396,"08,871-4-84","83,2",rua humayta,84,84,07/10/1940,,"Livro de Emplacamento. n,27 p,318",Cintia,8/10/2018
396,"08,871-4-84","83,2",rua humayta,36,36,09/06/1930,06/10/1940,,Cintia,8/10/2018
396,"08,871-4-84","83,2",rua humayta,26,26a,07/06/1930,08/06/1930,"Livro de Emplacamento. n,17 p,50",Cintia,8/10/2018
396,"08,871-4-390","390,4",rua humayta,390,390,07/10/1940,,"Livro de Emplacamento. n,27 p,318",Cintia,8/10/2018
396,"08,871-4-390","390,4",rua humayta,74,74,09/06/1930,06/10/1940,,Cintia,8/10/2018
396,"08,871-4-390","390,4",rua humayta,48,48,07/06/1930,08/06/1930,"Livro de Emplacamento. n,17 p,50",Cintia,8/10/2018
412,412-50,"49,4",rua japura,50,50,13/03/1941,,,Cintia,8/10/2018
412,412-50,"49,4",rua japura,4,4c,11/03/1941,12/03/1941,"Livro de Emplacamento. n,29 p,58",Cintia,8/10/2018
412,412-204,"204,1",rua japura,204,204,13/03/1941,,,Cintia,8/10/2018
412,412-204,"204,1",rua japura,50,50,11/03/1941,12/03/1941,"Livro de Emplacamento. n,29 p,58",Cintia,8/10/2018
412,412-350,"350,6",rua japura,350,350,13/03/1941,,,Cintia,8/10/2018
412,412-350,"350,6",rua japura,96,96,11/03/1941,12/03/1941,"Livro de Emplacamento. n,29 p,58",Cintia,8/10/2018
412,412-57,"56,4",rua japura,57,57,13/03/1941,,,Cintia,8/10/2018
412,412-57,"56,4",rua japura,5,5,11/03/1941,12/03/1941,"Livro de Emplacamento. n,29 p,59",Cintia,8/10/2018
412,412-143,"142,5",rua japura,143,143,13/03/1941,,,Cintia,8/10/2018
412,412-143,"142,5",rua japura,15,15,11/03/1941,12/03/1941,"Livro de Emplacamento. n,29 p,59",Cintia,8/10/2018
412,412-323,"323,5",rua japura,323,323,13/03/1941,,,Cintia,8/10/2018
412,412-323,"323,5",rua japura,55,55,11/03/1941,12/03/1941,"Livro de Emplacamento. n,29 p,59",Cintia,8/10/2018
490,490-55,56,rua joao passalacqua,55,55,26/05/1937,,"Livro de Emplacamento. n,22 p,267",Cintia,8/10/2018
490,490-55,56,rua joao passalacqua,11,11,10/05/1909,25/05/1937,,Cintia,8/10/2018
490,490-55,56,rua joao passalacqua,7,7,08/05/1909,09/05/1909,"Livro de Emplacamento. n,5 p,53",Cintia,8/10/2018
490,490-127,"226,2",rua joao passalacqua,127,127,26/05/1937,,"Livro de Emplacamento. n,22 p,267",Cintia,8/10/2018
490,490-127,"226,2",rua joao passalacqua,33,33,10/05/1909,25/05/1937,,Cintia,8/10/2018
490,490-127,"226,2",rua joao passalacqua,27,27,08/05/1909,09/05/1909,"Livro de Emplacamento. n,5 p,53",Cintia,8/10/2018
490,490-187,"187,5",rua joao passalacqua,187,187,26/05/1937,,"Livro de Emplacamento. n,22 p,267",Cintia,8/10/2018
490,490-187,"187,5",rua joao passalacqua,55,55,10/05/1909,25/05/1937,,Cintia,8/10/2018
490,490-187,"187,5",rua joao passalacqua,43,43,08/05/1909,09/05/1909,"Livro de Emplacamento. n,5 p,53",Cintia,8/10/2018
490,490-48,"185,3",rua joao passalacqua,48,48,25/05/1937,,"Livro de Emplacamento. n,22 p,266",Cintia,8/10/2018
490,490-48,"185,3",rua joao passalacqua,8,8,08/05/1909,25/05/1937,"Livro de Emplacamento. n,5 p,53",Cintia,8/10/2018
490,490-128,"127,2",rua joao passalacqua,128,128,26/05/1937,,"Livro de Emplacamento. n,22 p,266",Cintia,8/10/2018
490,490-128,"127,2",rua joao passalacqua,32,32,10/05/1909,25/05/1937,,Cintia,8/10/2018
490,490-128,"127,2",rua joao passalacqua,30,30,08/05/1909,09/05/1909,"Livro de Emplacamento. n,5 p,53",Cintia,8/10/2018
490,490-222,"222,2",rua joao passalacqua,222,222,26/05/1937,,"Livro de Emplacamento. n,22 p,266",Cintia,8/10/2018
490,490-222,"222,2",rua joao passalacqua,58,58,30/08/1911,25/05/1937,,Cintia,8/10/2018
490,490-222,"222,2",rua joao passalacqua,48,48,28/08/1911,29/08/1911,"Livro de Emplacamento. n,5 p,58",Cintia,8/10/2018
490,490-254,"255,7",rua joao passalacqua,254,254,26/05/1937,,,Cintia,8/10/2018
490,490-254,"255,7",rua joao passalacqua,66,66,24/05/1937,25/05/1937,"Livro de Emplacamento. n,22 p,266",Cintia,8/10/2018
2014,2014-101,"100,2",rua arthur prado,101,101,25/05/1937,,"Livro de Emplacamento. n,22 p,183",Cintia,8/10/2018
2014,2014-101,"100,2",rua arthur prado,13,13,08/08/1921,24/05/1937,"Livro de Emplacamento. n,1 p,71",Cintia,8/10/2018
2014,2014-101,"100,2",rua arthur prado,59,59,20/12/1917,07/08/1921,"Livro de Emplacamento. n,1 p,64",Cintia,8/10/2018
2014,2014-101,"100,2",rua arthur prado,35,35,04/02/1911,19/12/1917,"Livro de Emplacamento. n,1 p,39",Cintia,8/10/2018
2014,2014-269,"269,2",rua arthur prado,269,269,25/05/1937,,"Livro de Emplacamento. n,22 p,183",Cintia,8/10/2018
2014,2014-269,"269,2",rua arthur prado,31,31,08/08/1921,24/05/1937,"Livro de Emplacamento. n,1 p,71",Cintia,8/10/2018
2014,2014-269,"269,2",rua arthur prado,73,73,20/12/1917,07/08/1921,,Cintia,8/10/2018
2014,2014-269,"269,2",rua arthur prado,55,55,18/12/1917,19/12/1917,"Livro de Emplacamento. n,1 p,64",Cintia,8/10/2018
2014,2014-479,"478,6",rua arthur prado,479,479,25/05/1937,,"Livro de Emplacamento. n,22 p,183",Cintia,8/10/2018
2014,2014-479,"478,6",rua arthur prado,53,53,09/09/1929,24/05/1937,"Livro de Emplacamento. n,15 p,196",Cintia,8/10/2018
2014,2014-479,"478,6",rua arthur prado,49,49,08/08/1921,08/09/1929,"Livro de Emplacamento. n,1 p,71",Cintia,8/10/2018
2014,2014-479,"478,6",rua arthur prado,87,87,30/07/1914,07/08/1921,"Livro de Emplacamento. n,1 p,51",Cintia,8/10/2018
2014,2014-58,"58,8",rua arthur prado,58,58,25/05/1937,,"Livro de Emplacamento. n,22 p,183",Cintia,8/10/2018
2014,2014-58,"58,8",rua arthur prado,6,6,08/08/1921,24/05/1937,"Livro de Emplacamento. n,1 p,71",Cintia,8/10/2018
2014,2014-58,"58,8",rua arthur prado,40,40,20/12/1917,07/08/1921,,Cintia,8/10/2018
2014,2014-58,"58,8",rua arthur prado,34,34,18/12/1917,19/12/1917,"Livro de Emplacamento. n,1 p,64",Cintia,8/10/2018
2014,2014-154,"154,1",rua arthur prado,154,154,25/05/1937,,"Livro de Emplacamento. n,22 p,183",Cintia,8/10/2018
2014,2014-154,"154,1",rua arthur prado,28,28,08/08/1921,24/05/1937,"Livro de Emplacamento. n,1 p,71",Cintia,8/10/2018
2014,2014-154,"154,1",rua arthur prado,62,62,20/12/1917,07/08/1921,,Cintia,8/10/2018
2014,2014-154,"154,1",rua arthur prado,52,52,03/02/1911,19/12/1917,"Livro de Emplacamento. n,1 p,39",Cintia,8/10/2018
2014,2014-358,"358,7",rua arthur prado,358,358,25/05/1937,,"Livro de Emplacamento. n,22 p,182",Cintia,8/10/2018
2014,2014-358,"358,7",rua arthur prado,50,50,08/08/1921,24/05/1937,"Livro de Emplacamento. n,1 p,71",Cintia,8/10/2018
2014,2014-358,"358,7",rua arthur prado,84,84,20/12/1917,07/08/1921,,Cintia,8/10/2018
2014,2014-358,"358,7",rua arthur prado,68,68,18/12/1917,19/12/1917,"Livro de Emplacamento. n,1 p,64",Cintia,8/10/2018
2014,2014-618,"618,3",rua arthur prado,618,618,25/05/1937,,"Livro de Emplacamento. n,22 p,182",Cintia,8/10/2018
2014,2014-618,"618,3",rua arthur prado,80,80,09/09/1929,24/05/1937,"Livro de Emplacamento. n,15 p,196",Cintia,8/10/2018
2014,2014-618,"618,3",rua arthur prado,78,78,08/08/1921,08/09/1929,"Livro de Emplacamento. n,1 p,71",Cintia,8/10/2018
2014,2014-618,"618,3",rua arthur prado,106,106,20/12/1917,07/08/1921,"Livro de Emplacamento. n,1 p,64",Cintia,8/10/2018
2014,2014-618,"618,3",rua arthur prado,84,84,02/02/1911,19/12/1917,"Livro de Emplacamento. n,1 p,39",Cintia,8/10/2018
2015,2015-14,"15,9",alameda rio claro,14,14,26/02/1937,,,Cintia,8/10/2018
2015,2015-14,"15,9",alameda rio claro,11,11,24/02/1937,25/02/1937,"Livro de Emplacamento. n,22 p,17",Cintia,8/10/2018
2015,2015-190,"190,3",alameda rio claro,190,190,26/02/1937,,,Cintia,8/10/2018
2015,2015-190,"190,3",alameda rio claro,1,1,24/02/1937,25/02/1937,"Livro de Emplacamento. n,22 p,17",Cintia,8/10/2018
2015,2015-364,"364,7",alameda rio claro,364,364,26/02/1937,,,Cintia,8/10/2018
2015,2015-364,"364,7",alameda rio claro,25,25,24/02/1937,25/02/1937,"Livro de Emplacamento. n,22 p,17",Cintia,8/10/2018
2015,2015-129,"128,7",alameda rio claro,129,129,26/02/1937,,,Cintia,8/10/2018
2015,2015-129,"128,7",alameda rio claro,36,36,24/02/1937,25/02/1937,"Livro de Emplacamento. n,22 p,17",Cintia,8/10/2018
2015,2015-241,"240,8",alameda rio claro,241,241,26/02/1937,,,Cintia,8/10/2018
2015,2015-241,"240,8",alameda rio claro,22,22,24/02/1937,25/02/1937,"Livro de Emplacamento. n,22 p,17",Cintia,8/10/2018
2015,2015-307,"306,9",alameda rio claro,307,307,26/02/1937,,,Cintia,8/10/2018
2015,2015-307,"306,9",alameda rio claro,8,8,24/02/1937,25/02/1937,"Livro de Emplacamento. n,22 p,17",Cintia,8/10/2018
112,112-50,"50,4",rua maria jose,50,50,19/01/1938,,"Livro de Emplacamento. n,24 p,200",Cintia,8/10/2018
112,112-50,"50,4",rua maria jose,8,8,19/06/1908,18/01/1938,,Cintia,8/10/2018
112,112-50,"50,4",rua maria jose,4,4,17/06/1908,18/06/1908,"Livro de Emplacamento. n,6 p,86",Cintia,8/10/2018
112,112-206,"206,2",rua maria jose,206,206,19/01/1938,,"Livro de Emplacamento. n,24 p,200",Cintia,8/10/2018
112,112-206,"206,2",rua maria jose,56,56,24/05/1928,18/01/1938,"Livro de Emplacamento. n,13 p,195",Cintia,8/10/2018
112,112-206,"206,2",rua maria jose,42,42,19/06/1908,23/05/1928,"Livro de Emplacamento. n,13 p,195",Cintia,8/10/2018
112,112-206,"206,2",rua maria jose,28,28,17/06/1908,18/06/1908,"Livro de Emplacamento. n,6 p,86",Cintia,8/10/2018
112,112-356,"356,9",rua maria jose,356,356,19/01/1938,,"Livro de Emplacamento. n,24 p,200",Cintia,8/10/2018
112,112-356,"356,9",rua maria jose,82,82,24/05/1928,18/01/1938,"Livro de Emplacamento. n,13 p,195",Cintia,8/10/2018
112,112-356,"356,9",rua maria jose,68,68,19/06/1908,23/05/1928,"Livro de Emplacamento. n,13 p,195",Cintia,8/10/2018
112,112-356,"356,9",rua maria jose,50,50,17/06/1908,18/06/1908,"Livro de Emplacamento. n,6 p,86",Cintia,8/10/2018
112,112-35,35,rua maria jose,35,35,19/01/1938,,"Livro de Emplacamento. n,24 p,201",Cintia,8/10/2018
112,112-35,35,rua maria jose,1,1,16/11/1921,18/01/1938,"Livro de Emplacamento. n,6 p,192",Cintia,8/10/2018
112,112-81,"81,5",rua maria jose,81,81,19/01/1938,,"Livro de Emplacamento. n,24 p,201",Cintia,8/10/2018
112,112-81,"81,5",rua maria jose,15,15,24/05/1928,18/01/1938,"Livro de Emplacamento. n,13 p,195",Cintia,8/10/2018
112,112-81,"81,5",rua maria jose,13,13,17/11/1921,23/05/1928,"Livro de Emplacamento. n,6 p,192",Cintia,8/10/2018
112,112-81,"81,5",rua maria jose,9,9,19/06/1908,16/11/1921,,Cintia,8/10/2018
112,112-81,"81,5",rua maria jose,1,1,17/06/1908,18/06/1908,"Livro de Emplacamento. n,6 p,86",Cintia,8/10/2018
112,112-157,157,rua maria jose,157,157,19/01/1938,,"Livro de Emplacamento. n,24 p,201",Cintia,8/10/2018
112,112-157,157,rua maria jose,37,37,24/05/1928,18/01/1938,"Livro de Emplacamento. n,13 p,195",Cintia,8/10/2018
112,112-157,157,rua maria jose,35,35,17/11/1921,23/05/1928,"Livro de Emplacamento. n,6 p,192",Cintia,8/10/2018
112,112-157,157,rua maria jose,31,31,19/06/1908,16/11/1911,"Livro de Emplacamento. n,6 p,86",Cintia,8/10/2018
112,112-289,"289,1",rua maria jose,289,289,19/01/1938,,"Livro de Emplacamento. n,24 p,201",Cintia,8/10/2018
112,112-289,"289,1",rua maria jose,57,57,24/05/1928,18/01/1938,"Livro de Emplacamento. n,13 p,195",Cintia,8/10/2018
112,112-446,"289,1",rua maria jose,53,53,17/11/1921,23/05/1928,"Livro de Emplacamento. n,6 p,192",Cintia,8/10/2018
112,112-446,"289,1",rua maria jose,47,47,25/08/1911,26/08/1911,"Livro de Emplacamento. n,6 p,122",Cintia,8/10/2018
112,112-446,"447,7",rua maria jose,446,446,19/01/1938,,"Livro de Emplacamento. n,24 p,201",Cintia,8/10/2018
112,112-446,"447,7",rua maria jose,112,112,24/05/1928,18/01/1938,"Livro de Emplacamento. n,13 p,195",Cintia,8/10/2018
112,112-446,"447,7",rua maria jose,94,94,16/11/1921,23/05/1928,"Livro de Emplacamento. n,6 p,192",Cintia,8/10/2018
418,418-36,"36,8",rua maria paula,36,36,14/01/1936,,"Livro de Emplacamento. n,20 p,299",Cintia,8/10/2018
418,418-36,"36,8",rua maria paula,2,2,29/06/1908,13/01/1936,"Livro de Emplacamento. n,6 p,79",Cintia,8/10/2018
418,418-136,136,rua maria paula,136,136,14/01/1936,,"Livro de Emplacamento. n,20 p,299",Cintia,8/10/2018
418,418-136,136,rua maria paula,22,22,22/01/1927,13/01/1936,"Livro de Emplacamento. n,11 p,173",Cintia,8/10/2018
418,418-136,136,rua maria paula,18,18,01/07/1908,21/01/1927,,Cintia,8/10/2018
418,418-136,136,rua maria paula,4,4,29/06/1908,30/06/1908,"Livro de Emplacamento. n,6 p,79",Cintia,8/10/2018
418,418-212,"211,7",rua maria paula,212,212,14/01/1936,,"Livro de Emplacamento. n,20 p,299",Cintia,8/10/2018
418,418-212,"211,7",rua maria paula,44,44,22/01/1927,13/01/1936,"Livro de Emplacamento. n,11 p,173",Cintia,8/10/2018
418,418-212,"211,7",rua maria paula,40,40,01/07/1908,21/01/1927,,Cintia,8/10/2018
418,418-212,"211,7",rua maria paula,26,26,29/06/1908,30/06/1908,"Livro de Emplacamento. n,6 p,79",Cintia,8/10/2018
418,418-45,"45,7",rua maria paula,45,45,14/01/1936,,"Livro de Emplacamento. n,20 p,298",Cintia,8/10/2018
418,418-45,"45,7",rua maria paula,7,7,22/01/1927,13/01/1936,"Livro de Emplacamento. n,11 p,173",Cintia,8/10/2018
418,418-45,"45,7",rua maria paula,9,9,01/07/1908,21/01/1927,,Cintia,8/10/2018
418,418-45,"45,7",rua maria paula,1,1,29/06/1908,30/06/1908,"Livro de Emplacamento. n,6 p,79",Cintia,8/10/2018
418,418-115,"114,8",rua maria paula,115,115,14/01/1936,,"Livro de Emplacamento. n,20 p,298",Cintia,8/10/2018
418,418-115,"114,8",rua maria paula,21,21,22/01/1927,13/01/1936,"Livro de Emplacamento. n,11 p,173",Cintia,8/10/2018
418,418-115,"114,8",rua maria paula,29,29,01/07/1908,21/01/1927,,Cintia,8/10/2018
418,418-115,"114,8",rua maria paula,19,19,29/06/1908,30/06/1908,"Livro de Emplacamento. n,6 p,79",Cintia,8/10/2018
418,418-187,"188,6",rua maria paula,187,187,14/01/1936,,"Livro de Emplacamento. n,20 p,298",Cintia,8/10/2018
418,418-187,"188,6",rua maria paula,37,37,22/01/1927,13/01/1936,"Livro de Emplacamento. n,11 p,173",Cintia,8/10/2018
418,418-187,"188,6",rua maria paula,27,27,01/07/1908,21/01/1927,,Cintia,8/10/2018
418,418-187,"188,6",rua maria paula,17,17,29/06/1908,30/06/1908,"Livro de Emplacamento. n,6 p,79",Cintia,8/10/2018
99,99-19,"19,3",rua martinho prado,19,19,19/05/1936,,"Livro de Emplacamento. n,21 p,129",Cintia,8/10/2018
99,99-19,"19,3",rua martinho prado,1,1,26/02/1909,18/05/1936,"Livro de Emplacamento. n,6 p,111",Cintia,8/10/2018
99,99-129,"128,7",rua martinho prado,129,129,19/05/1936,,"Livro de Emplacamento. n,21 p,129",Cintia,8/10/2018
99,99-129,"128,7",rua martinho prado,37,37,26/02/1909,18/05/1936,"Livro de Emplacamento. n,6 p,111",Cintia,8/10/2018
99,99-199,"198,6",rua martinho prado,199,199,19/05/1936,,"Livro de Emplacamento. n,21 p,129",Cintia,8/10/2018
99,99-199,"198,6",rua martinho prado,65,65,26/02/1909,18/05/1936,"Livro de Emplacamento. n,6 p,111",Cintia,8/10/2018
99,99-341,"341,8",rua martinho prado,341,341,19/05/1936,,,Cintia,8/10/2018
99,99-341,"341,8",rua martinho prado,75,75,17/05/1936,18/05/1936,"Livro de Emplacamento. n,21 p,129",Cintia,8/10/2018
99,99-489,"489,3",rua martinho prado,489,489,19/05/1936,,,Cintia,8/10/2018
99,99-489,"489,3",rua martinho prado,79,79,17/05/1936,18/05/1936,"Livro de Emplacamento. n,20 p,130",Cintia,8/10/2018
99,99-122,"121,6",rua martinho prado,122,122,19/05/1936,,,Cintia,8/10/2018
99,99-122,"121,6",rua martinho prado,4,4,17/05/1936,18/05/1936,"Livro de Emplacamento. n,20 p,130",Cintia,8/10/2018
99,99-352,"352,4",rua martinho prado,352,352,19/05/1936,,,Cintia,8/10/2018
99,99-352,"352,4",rua martinho prado,8,8,17/05/1936,18/05/1936,"Livro de Emplacamento. n,20 p,130",Cintia,8/10/2018
99,99-510,"510,2",rua martinho prado,510,510,19/05/1936,,,Cintia,8/10/2018
99,99-510,"510,2",rua martinho prado,32,32,17/05/1936,18/05/1936,"Livro de Emplacamento. n,20 p,130",Cintia,8/10/2018
2016,2016-8,"8,4",rua monsenhor passalaqua,8,8,30/03/1938,,,Cintia,8/10/2018
2016,2016-8,"8,4",rua monsenhor passalaqua,4,4,28/03/1938,29/03/1938,"Livro de Emplacamento. n,24 p,230",Cintia,8/10/2018
2016,2016-44,"43,2",rua monsenhor passalaqua,44,44,30/03/1938,,,Cintia,8/10/2018
2016,2016-44,"43,2",rua monsenhor passalaqua,16,16,28/03/1938,29/03/1938,"Livro de Emplacamento. n,24 p,230",Cintia,8/10/2018
2016,2016-98,"98,4",rua monsenhor passalaqua,98,98,30/03/1938,,,Cintia,8/10/2018
2016,2016-98,"98,4",rua monsenhor passalaqua,22,22,28/03/1938,29/03/1938,"Livro de Emplacamento. n,24 p,230",Cintia,8/10/2018
2016,2016-158,"157,7",rua monsenhor passalaqua,158,158,30/03/1938,,,Cintia,8/10/2018
2016,2016-158,"157,7",rua monsenhor passalaqua,24,24e,28/03/1938,29/03/1938,"Livro de Emplacamento. n,24 p,230",Cintia,8/10/2018
2016,2016-230,229,rua monsenhor passalaqua,230,230,30/03/1938,,,Cintia,8/10/2018
2016,2016-230,229,rua monsenhor passalaqua,34,34,28/03/1938,29/03/1938,"Livro de Emplacamento. n,24 p,230",Cintia,8/10/2018
2016,2016-21,"21,7",rua monsenhor passalaqua,21,21,30/03/1938,,,Cintia,8/10/2018
2016,2016-21,"21,7",rua monsenhor passalaqua,3,3,28/03/1938,29/03/1938,"Livro de Emplacamento. n,24 p,230",Cintia,8/10/2018
2016,2016-47,"47,6",rua monsenhor passalaqua,47,47,30/03/1938,,,Cintia,8/10/2018
2016,2016-47,"47,6",rua monsenhor passalaqua,15,15,28/03/1938,29/03/1938,"Livro de Emplacamento. n,24 p,230",Cintia,8/10/2018
2016,2016-71,"70,2",rua monsenhor passalaqua,71,71,30/03/1938,,,Cintia,8/10/2018
2016,2016-71,"70,2",rua monsenhor passalaqua,23,23,28/03/1938,29/03/1938,"Livro de Emplacamento. n,24 p,230",Cintia,8/10/2018
2016,2016-85,"84,9",rua monsenhor passalaqua,85,85,30/03/1938,,,Cintia,8/10/2018
2016,2016-85,"84,9",rua monsenhor passalaqua,27,27,28/03/1938,29/03/1938,"Livro de Emplacamento. n,24 p,230",Cintia,8/10/2018
2016,2016-189,"188,8",rua monsenhor passalaqua,189,189,30/03/1938,,,Cintia,8/10/2018
2016,2016-189,"188,8",rua monsenhor passalaqua,37,37,28/03/1938,29/03/1938,"Livro de Emplacamento. n,24 p,230",Cintia,8/10/2018
394,394-27,"26,4",rua paim,27,27,16/05/1940,,,Cintia,8/10/2018
394,394-27,"26,4",rua paim,3,3,17/08/1911,15/05/1940,"Livro de Emplacamento. n,7 p,120",Cintia,8/10/2018
394,394-229,"229,1",rua paim,229,229,16/05/1940,,"Livro de Emplacamento. n,27 p,95",Cintia,8/10/2018
394,394-229,"229,1",rua paim,45,45,26/06/1929,15/05/1940,"Livro de Emplacamento. n,15 p,135",Cintia,8/10/2018
394,394-229,"229,1",rua paim,37,37,16/08/1911,25/06/1929,"Livro de Emplacamento. n,7 p,120",Cintia,8/10/2018
394,394-325,"325,1",rua paim,325,325,16/05/1940,,"Livro de Emplacamento. n,27 p,95",Cintia,8/10/2018
394,394-325,"325,1",rua paim,77,77,26/06/1929,15/05/1940,"Livro de Emplacamento. n,15 p,135",Cintia,8/10/2018
394,394-325,"325,1",rua paim,67,67,16/08/1911,25/06/1929,"Livro de Emplacamento. n,7 p,120",Cintia,8/10/2018
394,394-463,"477,5",rua paim,463,463,16/05/1940,,"Livro de Emplacamento. n,27 p,95",Cintia,8/10/2018
394,394-463,"477,5",rua paim,121,121,26/06/1929,15/05/1940,"Livro de Emplacamento. n,15 p,135",Cintia,8/10/2018
394,394-463,"477,5",rua paim,105,105,24/06/1929,25/06/1929,"Livro de Emplacamento. n,15 p,135",Cintia,8/10/2018
394,394-54,"54,1",rua paim,54,54,16/05/1940,,"Livro de Emplacamento. n,27 p,94",Cintia,8/10/2018
394,394-54,"54,1",rua paim,6,6,26/06/1929,15/05/1940,"Livro de Emplacamento. n,15 p,135",Cintia,8/10/2018
394,394-54,"54,1",rua paim,4,4,16/08/1911,25/06/1929,"Livro de Emplacamento. n,7 p,120",Cintia,8/10/2018
394,394-322,"321,4",rua paim,322,322,16/05/1940,,"Livro de Emplacamento. n,27 p,94",Cintia,8/10/2018
394,394-322,"321,4",rua paim,42,42,26/06/1929,15/05/1940,"Livro de Emplacamento. n,15 p,135",Cintia,8/10/2018
394,394-322,"321,4",rua paim,46,46,16/08/1911,25/06/1929,"Livro de Emplacamento. n,7 p,120",Cintia,8/10/2018
394,394-444,443,rua paim,444,444,16/05/1940,,"Livro de Emplacamento. n,27 p,94",Cintia,8/10/2018
394,394-444,443,rua paim,78,78,16/08/1911,15/05/1940,"Livro de Emplacamento. n,7 p,120",Cintia,8/10/2018
394,394-492,"491,5",rua paim,492,492,16/05/1940,,"Livro de Emplacamento. n,27 p,94",Cintia,8/10/2018
394,394-492,"491,5",rua paim,94,94,16/08/1911,15/05/1940,"Livro de Emplacamento. n,7 p,120",Cintia,8/10/2018
2017,2017-21,"20,6",rua pedroso,21,21,21/08/1935,,"Livro de Emplacamento. n,19 p,348",Cintia,8/10/2018
2017,2017-21,"20,6",rua pedroso,1,1,20/04/1909,20/08/1935,"Livro de Emplacamento. n,7 p,112",Cintia,8/10/2018
2017,2017-249,"249,2",rua pedroso,249,249,21/08/1935,,"Livro de Emplacamento. n,19 p,348",Cintia,8/10/2018
2017,2017-249,"249,2",rua pedroso,31,31,16/08/1927,20/08/1935,,Cintia,8/10/2018
2017,2017-249,"249,2",rua pedroso,25,25,20/04/1909,15/08/1927,"Livro de Emplacamento. n,7 p,112",Cintia,8/10/2018
2017,2017-471,"471,5",rua pedroso,471,471,21/08/1935,,"Livro de Emplacamento. n,19 p,348",Cintia,8/10/2018
2017,2017-471,"471,5",rua pedroso,71,71,16/08/1927,20/08/1935,"Livro de Emplacamento. n,11 p,188",Cintia,8/10/2018
2017,2017-471,"471,5",rua pedroso,65,65,22/06/1911,15/08/1927,,Cintia,8/10/2018
2017,2017-471,"471,5",rua pedroso,61,61,20/06/1911,21/06/1911,"Livro de Emplacamento. n,7 p,123",Cintia,8/10/2018
2017,2017-539,"539,7",rua pedroso,539,539,21/08/1935,,"Livro de Emplacamento. n,19 p,348",Cintia,8/10/2018
2017,2017-539,"539,7",rua pedroso,85,85,16/08/1927,20/08/1935,"Livro de Emplacamento. n,11 p,188",Cintia,8/10/2018
2017,2017-539,"539,7",rua pedroso,77,77,22/06/1911,15/08/1927,"Livro de Emplacamento. n,7 p,123",Cintia,8/10/2018
2017,2017-539,"539,7",rua pedroso,69,69,20/04/1909,21/06/1911,"Livro de Emplacamento. n,7 p,112",Cintia,8/10/2018
2017,2017-22,"21,1",rua pedroso,22,22,21/09/1935,,"Livro de Emplacamento. n,19 p,349",Cintia,8/10/2018
2017,2017-22,"21,1",rua pedroso,2,2,20/04/1909,20/08/1935,"Livro de Emplacamento. n,7 p,112",Cintia,8/10/2018
2017,2017-180,"179,3",rua pedroso,180,180,21/08/1935,,"Livro de Emplacamento. n,19 p,349",Cintia,8/10/2018
2017,2017-180,"179,3",rua pedroso,26,26,16/08/1927,20/08/1935,"Livro de Emplacamento. n,11 p,188",Cintia,8/10/2018
2017,2017-180,"179,3",rua pedroso,18,18,21/06/1911,15/08/1927,"Livro de Emplacamento. n,7 p,119",Cintia,8/10/2018
2017,2017-370,"369,8",rua pedroso,370,370,21/08/1935,,"Livro de Emplacamento. n,19 p,349",Cintia,8/10/2018
2017,2017-370,"369,8",rua pedroso,58,58,15/08/1927,20/08/1935,,Cintia,8/10/2018
2017,2017-370,"369,8",rua pedroso,48,48a,14/08/1927,15/08/1927,"Livro de Emplacamento. n,11 p,188",Cintia,8/10/2018
2017,2017-480,"480,7",rua pedroso,480,480,21/08/1935,,"Livro de Emplacamento. n,19 p,349",Cintia,8/10/2018
2017,2017-480,"480,7",rua pedroso,82,82,16/08/1927,20/08/1935,,Cintia,8/10/2018
2017,2017-480,"480,7",rua pedroso,66,66,21/06/1911,15/08/1927,"Livro de Emplacamento. n,7 p,119",Cintia,8/10/2018
2017,2017-624,"623,5",rua pedroso,624,624,21/08/1935,,"Livro de Emplacamento. n,19 p,349",Cintia,8/10/2018
2017,2017-624,"623,5",rua pedroso,94,94,16/08/1927,20/08/1935,,Cintia,8/10/2018
2017,2017-624,"623,5",rua pedroso,82,82,14/06/1927,15/06/1927,"Livro de Emplacamento. n,11 p,188",Cintia,8/10/2018
504,504-284,"285,8",rua pennaforte mendes,284,284,01/08/1937,,"Livro de Emplacamento. n,24 p,23",Cintia,8/10/2018
504,504-284,"285,8",rua pennaforte mendes,1,1,,31/07/1937,"Livro de Emplacamento. n,17 p,10",Cintia,8/10/2018
504,504-180,179,rua pennaforte mendes,180,180,01/08/1937,,"Livro de Emplacamento. n,24 p,23",Cintia,8/10/2018
504,504-180,179,rua pennaforte mendes,33,33,27/06/1930,31/07/1937,,Cintia,8/10/2018
504,504-180,179,rua pennaforte mendes,31,31,25/06/1930,26/06/1930,"Livro de Emplacamento. n,17 p,10",Cintia,8/10/2018
504,504-114,"114,3",rua pennaforte mendes,114,114,01/08/1937,,"Livro de Emplacamento. n,24 p,23",Cintia,8/10/2018
504,504-114,"114,3",rua pennaforte mendes,51,51,27/06/1930,31/07/1937,,Cintia,8/10/2018
504,504-114,"114,3",rua pennaforte mendes,43,43,25/06/1930,26/06/1930,"Livro de Emplacamento. n,17 p,10",Cintia,8/10/2018
504,504-86,"86,6",rua pennaforte mendes,86,86,01/08/1937,,"Livro de Emplacamento. n,24 p,23",Cintia,8/10/2018
504,504-86,"86,6",rua pennaforte mendes,57,57,27/06/1930,31/07/1937,,Cintia,8/10/2018
504,504-86,"86,6",rua pennaforte mendes,49,49,25/06/1930,26/06/1930,"Livro de Emplacamento. n,17 p,10",Cintia,8/10/2018
504,504-281,"281,3",rua pennaforte mendes,281,281,01/08/1937,,"Livro de Emplacamento. n,24 p,22",Cintia,8/10/2018
504,504-281,"281,3",rua pennaforte mendes,2,2,26/06/1930,31/07/1937,"Livro de Emplacamento. n,17 p,10",Cintia,8/10/2018
504,504-201,"200,1",rua pennaforte mendes,201,201,01/08/1937,,"Livro de Emplacamento. n,24 p,22",Cintia,8/10/2018
504,504-201,"200,1",rua pennaforte mendes,24,24,27/06/1930,31/07/1937,,Cintia,8/10/2018
504,504-201,"200,1",rua pennaforte mendes,28,28,25/06/1930,26/06/1930,"Livro de Emplacamento. n,17 p,10",Cintia,8/10/2018
504,504-79,"79,8",rua pennaforte mendes,79,79,01/08/1937,,"Livro de Emplacamento. n,24 p,22",Cintia,8/10/2018
504,504-79,"79,8",rua pennaforte mendes,44,44,27/06/1930,31/07/1937,,Cintia,8/10/2018
504,504-79,"79,8",rua pennaforte mendes,44,44a,25/06/1930,26/06/1930,"Livro de Emplacamento. n,17 p,10",Cintia,8/10/2018
504,504-33,33,rua pennaforte mendes,33,33,01/08/1937,,"Livro de Emplacamento. n,24 p,22",Cintia,8/10/2018
504,504-33,33,rua pennaforte mendes,56,56,27/06/1930,31/07/1937,,Cintia,8/10/2018
504,504-33,33,rua pennaforte mendes,58,58,25/06/1930,26/06/1930,"Livro de Emplacamento. n,17 p,10",Cintia,8/10/2018
491,491-16,"16,9",rua quatorze de julho,16,16,03/03/1936,,"Livro de Emplacamento. n,20 p,391",Cintia,8/10/2018
491,491-16,"16,9",rua quatorze de julho,2,2,18/03/1909,02/03/1936,"Livro de Emplacamento. n,8 p,25",Cintia,8/10/2018
491,491-78,"77,8",rua quatorze de julho,78,78,03/03/1936,,"Livro de Emplacamento. n,20 p,391",Cintia,8/10/2018
491,491-78,"77,8",rua quatorze de julho,22,22,19/03/1909,02/03/1936,,Cintia,8/10/2018
491,491-78,"77,8",rua quatorze de julho,16,16,17/03/1909,18/03/1909,"Livro de Emplacamento. n,8 p,25",Cintia,8/10/2018
491,491-134,"134,3",rua quatorze de julho,134,134,03/03/1936,,"Livro de Emplacamento. n,20 p,391",Cintia,8/10/2018
491,491-134,"134,3",rua quatorze de julho,38,38,19/03/1909,02/03/1936,,Cintia,8/10/2018
491,491-134,"134,3",rua quatorze de julho,32,32a,17/03/1909,18/03/1909,"Livro de Emplacamento. n,8 p,25",Cintia,8/10/2018
491,491-31,"32,5",rua quatorze de julho,31,31,03/03/1936,,"Livro de Emplacamento. n,20 p,391",Cintia,8/10/2018
491,491-31,"32,5",rua quatorze de julho,1,1,18/03/1909,02/03/1936,"Livro de Emplacamento. n,8 p,25",Cintia,8/10/2018
491,491-91,"90,8",rua quatorze de julho,91,91,03/03/1936,,"Livro de Emplacamento. n,20 p,391",Cintia,8/10/2018
491,491-91,"90,8",rua quatorze de julho,15,15,25/07/1911,02/03/1936,,Cintia,8/10/2018
491,491-91,"90,8",rua quatorze de julho,9,9,23/07/1911,24/07/1911,"Livro de Emplacamento. n,8 p,24",Cintia,8/10/2018
491,491-137,138,rua quatorze de julho,137,137,03/03/1936,,"Livro de Emplacamento. n,20 p,391",Cintia,8/10/2018
491,491-137,138,rua quatorze de julho,29,29,25/07/1911,02/03/1936,"Livro de Emplacamento. n,8 p,24",Cintia,8/10/2018
491,491-137,138,rua quatorze de julho,35,35,18/03/1909,24/07/1911,"Livro de Emplacamento. n,8 p,24",Cintia,8/10/2018
491,491-137,138,rua quatorze de julho,7,7,17/03/1909,18/03/1909,"Livro de Emplacamento. n,8 p,25",Cintia,8/10/2018
489,489-42,"41,1",rua ruy barbosa,42,42,18/02/1936,,"Livro de Emplacamento. n,20 p,354",Cintia,8/10/2018
489,489-42,"41,1",rua ruy barbosa,2,2,02/08/1930,17/02/1936,"Livro de Emplacamento. n,17 p,77",Cintia,8/10/2018
489,489-42,"41,1",rua ruy barbosa,6,6,24/07/1908,01/08/1930,"Livro de Emplacamento. n,8 p,28",Cintia,8/10/2018
489,489-168,"168,3",rua ruy barbosa,168,168,18/02/1936,,"Livro de Emplacamento. n,20 p,354",Cintia,8/10/2018
489,489-168,"168,3",rua ruy barbosa,38,38,02/08/1930,17/02/1936,"Livro de Emplacamento. n,17 p,77",Cintia,8/10/2018
489,489-168,"168,3",rua ruy barbosa,42,42,25/07/1908,01/08/1930,,Cintia,8/10/2018
489,489-168,"168,3",rua ruy barbosa,28,28,23/07/1908,24/07/1908,"Livro de Emplacamento. n,8 p,28",Cintia,8/10/2018
489,489-294,"294,6",rua ruy barbosa,294,294,18/02/1936,,"Livro de Emplacamento. n,20 p,354",Cintia,8/10/2018
489,489-294,"294,6",rua ruy barbosa,68,68,02/08/1930,17/02/1936,"Livro de Emplacamento. n,17 p,77",Cintia,8/10/2018
489,489-294,"294,6",rua ruy barbosa,72,72,25/07/1908,01/08/1930,,Cintia,8/10/2018
489,489-294,"294,6",rua ruy barbosa,54,54,23/07/1908,24/07/1908,"Livro de Emplacamento. n,8 p,28",Cintia,8/10/2018
489,489-518,"518,8",rua ruy barbosa,518,518,18/02/1936,,"Livro de Emplacamento. n,20 p,355",Cintia,8/10/2018
489,489-518,"518,8",rua ruy barbosa,128,128,02/08/1930,17/02/1936,"Livro de Emplacamento. n,17 p,77",Cintia,8/10/2018
489,489-518,"518,8",rua ruy barbosa,132,132,24/08/1911,01/08/1930,"Livro de Emplacamento. n,8 p,41",Cintia,8/10/2018
489,489-518,"518,8",rua ruy barbosa,130,130,25/07/1908,23/08/1911,,Cintia,8/10/2018
489,489-518,"518,8",rua ruy barbosa,106,106,23/07/1908,24/07/1908,"Livro de Emplacamento. n,8 p,28",Cintia,8/10/2018
489,489-698,697,rua ruy barbosa,698,698,18/02/1936,,"Livro de Emplacamento. n,20 p,355",Cintia,8/10/2018
489,489-698,697,rua ruy barbosa,178,178,24/08/1911,17/02/1936,"Livro de Emplacamento. n,8 p,41",Cintia,8/10/2018
489,489-698,697,rua ruy barbosa,172,172,25/07/1908,23/08/1911,,Cintia,8/10/2018
489,489-698,697,rua ruy barbosa,122,122,23/07/1908,24/07/1908,"Livro de Emplacamento. n,8 p,28",Cintia,8/10/2018
489,489-37,"37,6",rua ruy barbosa,37,37,03/03/1936,,"Livro de Emplacamento. n,20 p,352",Cintia,8/10/2018
489,489-37,"37,6",rua ruy barbosa,3,3,25/07/1908,02/03/1936,"Livro de Emplacamento. n,8 p,29",Cintia,8/10/2018
489,489-171,"171,2",rua ruy barbosa,171,171,18/02/1936,,"Livro de Emplacamento. n,20 p,352",Cintia,8/10/2018
489,489-171,"171,2",rua ruy barbosa,41,41,02/08/1930,17/02/1936,"Livro de Emplacamento. n,17 p,78",Cintia,8/10/2018
489,489-171,"171,2",rua ruy barbosa,39,39,25/07/1908,01/08/1930,,Cintia,8/10/2018
489,489-171,"171,2",rua ruy barbosa,29,29,23/07/1908,24/07/1908,"Livro de Emplacamento. n,8 p,29",Cintia,8/10/2018
489,489-453,"453,3",rua ruy barbosa,453,453,18/02/1936,,"Livro de Emplacamento. n,20 p,352",Cintia,8/10/2018
489,489-453,"453,3",rua ruy barbosa,111,111,02/08/1930,17/02/1936,"Livro de Emplacamento. n,17 p,78",Cintia,8/10/2018
489,489-453,"453,3",rua ruy barbosa,109,109,24/08/1911,01/08/1930,"Livro de Emplacamento. n,8 p,45",Cintia,8/10/2018
489,489-453,"453,3",rua ruy barbosa,99,99,25/07/1908,23/08/1911,,Cintia,8/10/2018
489,489-453,"453,3",rua ruy barbosa,75,75,23/07/1908,24/07/1908,"Livro de Emplacamento. n,8 p,29",Cintia,8/10/2018
489,489-613,"613,4",rua ruy barbosa,613,613,18/02/1936,,"Livro de Emplacamento. n,20 p,353",Cintia,8/10/2018
489,489-613,"613,4",rua ruy barbosa,145,145,02/08/1930,17/02/1936,"Livro de Emplacamento. n,17 p,78",Cintia,8/10/2018
489,489-613,"613,4",rua ruy barbosa,143,143,24/08/1911,01/08/1930,"Livro de Emplacamento. n,8 p,45",Cintia,8/10/2018
489,489-613,"613,4",rua ruy barbosa,133,133,25/07/1908,23/08/1911,,Cintia,8/10/2018
489,489-613,"613,4",rua ruy barbosa,103,103,23/07/1908,24/07/1908,"Livro de Emplacamento. n,8 p,29",Cintia,8/10/2018
489,489-717,"717,1",rua ruy barbosa,717,717,18/02/1936,,"Livro de Emplacamento. n,20 p,353",Cintia,8/10/2018
489,489-717,"717,1",rua ruy barbosa,161,161,02/08/1930,17/02/1936,,Cintia,8/10/2018
489,489-717,"717,1",rua ruy barbosa,159,159,31/07/1930,01/08/1930,"Livro de Emplacamento. n,17 p,78",Cintia,8/10/2018
110,110-16,"16,4",rua sao domingos,16,16,23/01/1936,,"Livro de Emplacamento. n,20 p,328",Cintia,8/10/2018
110,110-16,"16,4",rua sao domingos,2,2,16/06/1908,22/01/1936,"Livro de Emplacamento. n,8 p,89",Cintia,8/10/2018
110,110-182,"182,4",rua sao domingos,182,182,23/01/1936,,"Livro de Emplacamento. n,20 p,328",Cintia,8/10/2018
110,110-182,"182,4",rua sao domingos,44,44,17/06/1908,22/01/1936,,Cintia,8/10/2018
110,110-182,"182,4",rua sao domingos,34,34,15/06/1908,16/06/1908,"Livro de Emplacamento. n,8 p,89",Cintia,8/10/2018
110,110-318,"318,6",rua sao domingos,318,318,23/01/1936,,"Livro de Emplacamento. n,20 p,328",Cintia,8/10/2018
110,110-318,"318,6",rua sao domingos,76,76,17/06/1908,22/01/1936,,Cintia,8/10/2018
110,110-318,"318,6",rua sao domingos,52,52,15/06/1908,16/06/1908,"Livro de Emplacamento. n,8 p,89",Cintia,8/10/2018
110,110-426,"426,6",rua sao domingos,426,426,23/01/1936,,"Livro de Emplacamento. n,20 p,328",Cintia,8/10/2018
110,110-426,"426,6",rua sao domingos,114,114,16/03/1912,22/01/1936,"Livro de Emplacamento. n,8 p,185",Cintia,8/10/2018
110,110-426,"426,6",rua sao domingos,110,110,17/06/1908,15/03/1912,,Cintia,8/10/2018
110,110-426,"426,6",rua sao domingos,84,84,15/06/1908,16/06/1908,"Livro de Emplacamento. n,8 p,89",Cintia,8/10/2018
110,110-9,"9,6",rua sao domingos,9,9,23/01/1936,,"Livro de Emplacamento. n,20 p,329",Cintia,8/10/2018
110,110-9,"9,6",rua sao domingos,1,1,17/06/1908,22/01/1936,"Livro de Emplacamento. n,8 p,89",Cintia,8/10/2018
110,110-199,"199,8",rua sao domingos,199,199,23/01/1936,,"Livro de Emplacamento. n,20 p,329",Cintia,8/10/2018
110,110-199,"199,8",rua sao domingos,33,33,17/06/1908,22/01/1936,,Cintia,8/10/2018
110,110-199,"199,8",rua sao domingos,21,21a,15/06/1908,16/06/1908,"Livro de Emplacamento. n,8 p,89",Cintia,8/10/2018
110,110-351,"350,6",rua sao domingos,351,351,23/01/1936,,"Livro de Emplacamento. n,20 p,329",Cintia,8/10/2018
110,110-351,"350,6",rua sao domingos,55,55,17/06/1908,22/01/1936,,Cintia,8/10/2018
110,110-351,"350,6",rua sao domingos,43,43,15/06/1908,16/06/1908,"Livro de Emplacamento. n,8 p,89",Cintia,8/10/2018
110,110-467,"467,2",rua sao domingos,467,467,23/01/1936,,"Livro de Emplacamento. n,20 p,329",Cintia,8/10/2018
110,110-467,"467,2",rua sao domingos,79,79,16/03/1912,22/01/1936,"Livro de Emplacamento. n,8 p,185",Cintia,8/10/2018
110,110-467,"467,2",rua sao domingos,75,75,17/06/1908,15/03/1912,,Cintia,8/10/2018
110,110-467,"467,2",rua sao domingos,53,53,15/06/1908,16/06/1908,"Livro de Emplacamento. n,8 p,89",Cintia,8/10/2018
113,113-36,"35,7",rua sao miguel,36,36,26/10/1937,,"Livro de Emplacamento. n,24 p,49",Cintia,8/10/2018
113,113-36,"35,7",rua sao miguel,4,4,03/06/1922,25/10/1937,"Livro de Emplacamento. n,9 p,38",Cintia,8/10/2018
113,113-86,"86,7",rua sao miguel,86,86,26/10/1937,,"Livro de Emplacamento. n,24 p,49",Cintia,8/10/2018
113,113-86,"86,7",rua sao miguel,10,10,01/06/1922,25/10/1937,"Livro de Emplacamento. n,9 p,38",Cintia,8/10/2018
113,113-110,"110,7",rua sao miguel,110,110,26/10/1937,,"Livro de Emplacamento. n,24 p,49",Cintia,8/10/2018
113,113-110,"110,7",rua sao miguel,16,16,03/06/1922,25/10/1937,,Cintia,8/10/2018
113,113-110,"110,7",rua sao miguel,14,14,01/06/1922,02/06/1922,"Livro de Emplacamento. n,9 p,38",Cintia,8/10/2018
113,113-45,"45,5",rua sao miguel,45,45,26/10/1937,,"Livro de Emplacamento. n,24 p,49",Cintia,8/10/2018
113,113-85,"85,8",rua sao miguel,85,85,26/10/1937,,"Livro de Emplacamento. n,24 p,49",Cintia,8/10/2018
113,113-85,"85,8",rua sao miguel,11,11,01/06/1922,25/10/1937,"Livro de Emplacamento. n,9 p,38",Cintia,8/10/2018
113,113-121,"120,2",rua sao miguel,121,121,26/10/1937,,"Livro de Emplacamento. n,24 p,49",Cintia,8/10/2018
113,113-121,"120,2",rua sao miguel,19,19,01/06/1922,25/10/1937,"Livro de Emplacamento. n,9 p,38",Cintia,8/10/2018
402,402-39,"38,8",rua sao vicente,39,39,10/11/1939,,"Livro de Emplacamento. n,26 p,350",Cintia,8/10/2018
402,402-39,"38,8",rua sao vicente,5,5,02/06/1908,09/11/1939,,Cintia,8/10/2018
402,402-39,"38,8",rua sao vicente,3,3,31/05/1908,01/06/1908,"Livro de Emplacamento. n,8 p,112",Cintia,8/10/2018
402,402-63,"63,7",rua sao vicente,63,63,10/11/1939,,"Livro de Emplacamento. n,26 p,350",Cintia,8/10/2018
402,402-63,"63,7",rua sao vicente,13,13,02/06/1908,09/11/1939,,Cintia,8/10/2018
402,402-63,"63,7",rua sao vicente,11,11,31/05/1908,01/06/1908,"Livro de Emplacamento. n,8 p,112",Cintia,8/10/2018
402,402-185,"184,2",rua sao vicente,185,185,10/11/1939,,"Livro de Emplacamento. n,26 p,350",Cintia,8/10/2018
402,402-185,"184,2",rua sao vicente,33,33,15/08/1928,09/11/1939,,Cintia,8/10/2018
402,402-185,"184,2",rua sao vicente,43,43,13/08/1928,14/08/1928,"Livro de Emplacamento. n,14 p,70",Cintia,8/10/2018
402,402-267,"267,1",rua sao vicente,267,267,10/11/1939,,"Livro de Emplacamento. n,26 p,350",Cintia,8/10/2018
402,402-267,"267,1",rua sao vicente,55,55,15/08/1928,09/11/1939,,Cintia,8/10/2018
402,402-267,"267,1",rua sao vicente,67,67,13/08/1928,14/08/1928,"Livro de Emplacamento. n,14 p,70",Cintia,8/10/2018
402,402-42,"42,5",rua sao vicente,42,42,10/11/1939,,"Livro de Emplacamento. n,26 p,351",Cintia,8/10/2018
402,402-42,"42,5",rua sao vicente,2,2,13/08/1928,09/11/1939,"Livro de Emplacamento. n,14 p,70",Cintia,8/10/2018
402,402-174,"173,1",rua sao vicente,174,174,10/11/1939,,"Livro de Emplacamento. n,26 p,351",Cintia,8/10/2018
402,402-174,"173,1",rua sao vicente,10,10,15/08/1928,09/11/1939,,Cintia,8/10/2018
402,402-174,"173,1",rua sao vicente,22,22,13/08/1928,14/08/1928,"Livro de Emplacamento. n,14 p,70",Cintia,8/10/2018
402,402-222,"222,2",rua sao vicente,222,222,10/11/1939,,"Livro de Emplacamento. n,26 p,351",Cintia,8/10/2018
402,402-222,"222,2",rua sao vicente,20,20,15/08/1928,09/11/1939,,Cintia,8/10/2018
402,402-270,"222,2",rua sao vicente,36,36,13/08/1928,14/08/1928,"Livro de Emplacamento. n,14 p,70",Cintia,8/10/2018
402,402-270,"271,2",rua sao vicente,270,270,10/11/1939,,"Livro de Emplacamento. n,26 p,351",Cintia,8/10/2018
402,402-270,"271,2",rua sao vicente,34,34,15/08/1928,09/11/1939,,Cintia,8/10/2018
402,402-270,"271,2",rua sao vicente,50,50,13/08/1928,14/08/1928,"Livro de Emplacamento. n,14 p,70",Cintia,8/10/2018
2018,2018-700,"699,1",rua sao carlos pinhal,700,700,05/12/1936,,"Livro de Emplacamento. n,21 p,356",Cintia,8/10/2018
2018,2018-700,"699,1",rua sao carlos pinhal,3,3,19/10/1927,04/12/1936,"Livro de Emplacamento. n,12 p,30",Cintia,8/10/2018
2018,2018-640,"640,9",rua sao carlos pinhal,640,640,05/12/1936,,"Livro de Emplacamento. n,21 p,356",Cintia,8/10/2018
2018,2018-640,"640,9",rua sao carlos pinhal,11,11,19/10/1927,04/12/1936,,Cintia,8/10/2018
2018,2018-640,"640,9",rua sao carlos pinhal,7,7,17/10/1927,18/10/1927,"Livro de Emplacamento. n,12 p,30",Cintia,8/10/2018
2018,2018-424,"424,1",rua sao carlos pinhal,424,424,05/12/1936,,"Livro de Emplacamento. n,21 p,356",Cintia,8/10/2018
2018,2018-424,"424,1",rua sao carlos pinhal,39,39,19/10/1927,04/12/1936,,Cintia,8/10/2018
2018,2018-424,"424,1",rua sao carlos pinhal,5,5,17/10/1927,18/10/1927,"Livro de Emplacamento. n,12 p,30",Cintia,8/10/2018
2018,2018-286,"286,4",rua sao carlos pinhal,286,286,05/12/1936,,"Livro de Emplacamento. n,21 p,356",Cintia,8/10/2018
2018,2018-286,"286,4",rua sao carlos pinhal,51,51,19/10/1927,04/12/1936,"Livro de Emplacamento. n,12 p,30",Cintia,8/10/2018
2018,2018-26,"25,8",rua sao carlos pinhal,26,26,05/12/1936,,,Cintia,8/10/2018
2018,2018-26,"25,8",rua sao carlos pinhal,71,71,03/12/1936,04/12/1936,"Livro de Emplacamento. n,21 p,356",Cintia,8/10/2018
2018,2018-37,"36,8",rua sao carlos pinhal,37,37,05/12/1936,,"Livro de Emplacamento. n,21 p,357",Cintia,8/10/2018
2018,2018-37,"36,8",rua sao carlos pinhal,46,46,17/10/1927,04/12/1936,"Livro de Emplacamento. n,12 p,30",Cintia,8/10/2018
2018,2018-139,139,rua sao carlos pinhal,139,139,05/12/1936,,"Livro de Emplacamento. n,21 p,357",Cintia,8/10/2018
2018,2018-139,139,rua sao carlos pinhal,32,32,17/10/1927,04/12/1936,"Livro de Emplacamento. n,12 p,30",Cintia,8/10/2018
2018,2018-269,"268,5",rua sao carlos pinhal,269,269,05/12/1936,,"Livro de Emplacamento. n,21 p,357",Cintia,8/10/2018
2018,2018-269,"268,5",rua sao carlos pinhal,16,16,17/10/1927,04/12/1936,"Livro de Emplacamento. n,12 p,30",Cintia,8/10/2018
2018,2018-601,"601,5",rua sao carlos pinhal,601,601,05/12/1936,,"Livro de Emplacamento. n,21 p,357",Cintia,8/10/2018
61,61-8,"8,7",rua santo amaro,8,8,30/09/1940,,"Livro de Emplacamento. n,27 p,108",Cintia,8/10/2018
61,61-8,"8,7",rua santo amaro,2,2,05/07/1908,29/09/1940,"Livro de Emplacamento. n,8 p,117",Cintia,8/10/2018
61,61-130,"130,8",rua santo amaro,130,130,30/09/1940,,"Livro de Emplacamento. n,27 p,108",Cintia,8/10/2018
61,61-130,"130,8",rua santo amaro,20,20,05/07/1908,29/09/1940,"Livro de Emplacamento. n,8 p,117",Cintia,8/10/2018
61,61-228,"231,6",rua santo amaro,228,228,30/09/1940,,"Livro de Emplacamento. n,27 p,108",Cintia,8/10/2018
61,61-228,"231,6",rua santo amaro,40,40,05/07/1908,29/09/1940,"Livro de Emplacamento. n,8 p,117",Cintia,8/10/2018
61,61-296,"296,6",rua santo amaro,296,296,30/09/1940,,"Livro de Emplacamento. n,27 p,108",Cintia,8/10/2018
61,61-296,"296,6",rua santo amaro,58,58,05/07/1908,29/09/1940,"Livro de Emplacamento. n,8 p,117",Cintia,8/10/2018
61,61-468,"467,9",rua santo amaro,468,468,30/09/1940,,"Livro de Emplacamento. n,27 p,109",Cintia,8/10/2018
61,61-468,"467,9",rua santo amaro,98,98,05/07/1908,29/09/1940,"Livro de Emplacamento. n,8 p,117",Cintia,8/10/2018
61,61-608,"607,4",rua santo amaro,608,608,30/09/1940,,"Livro de Emplacamento. n,27 p,109",Cintia,8/10/2018
61,61-608,"607,4",rua santo amaro,124,124,25/01/1912,29/09/1940,"Livro de Emplacamento. n,8 p,195",Cintia,8/10/2018
61,61-608,"607,4",rua santo amaro,122,122,07/07/1908,24/01/1912,,Cintia,8/10/2018
61,61-608,"607,4",rua santo amaro,120,120,05/07/1908,06/07/1908,"Livro de Emplacamento. n,8 p,117",Cintia,8/10/2018
61,61-770,"770,5",rua santo amaro,770,770,30/09/1940,,,Cintia,8/10/2018
61,61-770,"770,5",rua santo amaro,148,148,28/09/1940,29/09/1940,"Livro de Emplacamento. n,27 p,109",Cintia,8/10/2018
61,61-11,"11,5",rua santo amaro,11,11,30/09/1940,,"Livro de Emplacamento. n,27 p,110",Cintia,8/10/2018
61,61-11,"11,5",rua santo amaro,1,1,05/07/1908,29/09/1940,"Livro de Emplacamento. n,8 p,117",Cintia,8/10/2018
61,61-151,"150,5",rua santo amaro,151,151,30/09/1940,,"Livro de Emplacamento. n,27 p,110",Cintia,8/10/2018
61,61-151,"150,5",rua santo amaro,19,19,07/07/1908,29/09/1940,"Livro de Emplacamento. n,8 p,117",Cintia,8/10/2018
61,61-255,"254,8",rua santo amaro,255,255,30/09/1940,,"Livro de Emplacamento. n,27 p,110",Cintia,8/10/2018
61,61-255,"254,8",rua santo amaro,47,47,25/01/1912,29/09/1940,"Livro de Emplacamento. n,8 p,195",Cintia,8/10/2018
61,61-255,"254,8",rua santo amaro,43,43,07/07/1908,24/01/1912,,Cintia,8/10/2018
61,61-255,"254,8",rua santo amaro,35,35,05/07/1908,06/07/1908,"Livro de Emplacamento. n,8 p,117",Cintia,8/10/2018
61,61-353,"353,4",rua santo amaro,353,353,30/09/1940,,"Livro de Emplacamento. n,27 p,110",Cintia,8/10/2018
61,61-353,"353,4",rua santo amaro,73,73,25/01/1912,29/09/1940,"Livro de Emplacamento. n,8 p,195",Cintia,8/10/2018
61,61-353,"353,4",rua santo amaro,53,53,07/07/1908,24/01/1912,,Cintia,8/10/2018
61,61-353,"353,4",rua santo amaro,41,41b,05/07/1908,06/07/1908,"Livro de Emplacamento. n,8 p,117",Cintia,8/10/2018
61,61-467,"466,7",rua santo amaro,467,467,30/09/1940,,"Livro de Emplacamento. n,27 p,110",Cintia,8/10/2018
61,61-467,"466,7",rua santo amaro,105,105,25/01/1912,29/09/1940,"Livro de Emplacamento. n,8 p,195",Cintia,8/10/2018
61,61-555,"554,8",rua santo amaro,555,555,30/09/1940,,,Cintia,8/10/2018
61,61-555,"554,8",rua santo amaro,115,115,28/09/1940,29/09/1940,"Livro de Emplacamento. n,27 p,111",Cintia,8/10/2018
405,405-39,"39,9",rua major diogo,39,39,07/02/1936,,"Livro de Emplacamento. n,20 p,344",Cintia,8/10/2018
405,405-39,"39,9",rua major diogo,1,1,10/04/1908,06/02/1936,"Livro de Emplacamento. n,6 p,75",Cintia,8/10/2018
405,405-253,"252,2",rua major diogo,253,253,07/02/1936,,"Livro de Emplacamento. n,20 p,344",Cintia,8/10/2018
405,405-253,"252,2",rua major diogo,27,27,09/04/1908,06/02/1936,"Livro de Emplacamento. n,6 p,75",Cintia,8/10/2018
405,405-469,"469,2",rua major diogo,469,469,07/02/1936,,"Livro de Emplacamento. n,20 p,344",Cintia,8/10/2018
405,405-469,"469,2",rua major diogo,59,59,06/05/1926,06/02/1936,"Livro de Emplacamento. n,7 p,28",Cintia,8/10/2018
405,405-469,"469,2",rua major diogo,45,45,19/03/1912,05/05/1926,,Cintia,8/10/2018
405,405-469,"469,2",rua major diogo,41,41,17/03/1912,18/03/1912,"Livro de Emplacamento. n,6 p,148",Cintia,8/10/2018
405,405-503,"503,7",rua major diogo,503,503,07/02/1936,,"Livro de Emplacamento. n,20 p,344",Cintia,8/10/2018
405,405-503,"503,7",rua major diogo,73,73,06/05/1926,06/02/1936,"Livro de Emplacamento. n,7 p,28",Cintia,8/10/2018
405,405-503,"503,7",rua major diogo,51,51,19/03/1912,05/05/1926,"Livro de Emplacamento. n,6 p,148",Cintia,8/10/2018
405,405-503,"503,7",rua major diogo,45,45,09/04/1908,18/03/1912,"Livro de Emplacamento. n,6 p,75",Cintia,8/10/2018
405,405-553,"553,9",rua major diogo,553,553,07/02/1936,,"Livro de Emplacamento. n,20 p,344",Cintia,8/10/2018
405,405-553,"553,9",rua major diogo,97,97,06/05/1926,06/02/1936,"Livro de Emplacamento. n,7 p,28",Cintia,8/10/2018
405,405-553,"553,9",rua major diogo,63,63,19/03/1912,05/05/1926,"Livro de Emplacamento. n,6 p,148",Cintia,8/10/2018
405,405-553,"553,9",rua major diogo,59,59,09/04/1908,18/03/1912,"Livro de Emplacamento. n,6 p,75",Cintia,8/10/2018
405,405-633,"632,6",rua major diogo,633,633,07/02/1936,,"Livro de Emplacamento. n,20 p,344",Cintia,8/10/2018
405,405-633,"632,6",rua major diogo,123,123,06/05/1926,06/02/1936,"Livro de Emplacamento. n,7 p,28",Cintia,8/10/2018
405,405-633,"632,6",rua major diogo,83,83,19/03/1912,05/05/1926,"Livro de Emplacamento. n,6 p,148",Cintia,8/10/2018
405,405-633,"632,6",rua major diogo,79,79,11/04/1908,18/03/1912,,Cintia,8/10/2018
405,405-633,"632,6",rua major diogo,83,83,09/04/1908,10/04/1908,"Livro de Emplacamento. n,6 p,75",Cintia,8/10/2018
405,405-671,671,rua major diogo,671,671,07/02/1936,,"Livro de Emplacamento. n,20 p,345",Cintia,8/10/2018
405,405-671,671,rua major diogo,133,133,06/05/1926,06/02/1936,"Livro de Emplacamento. n,7 p,28",Cintia,8/10/2018
405,405-671,671,rua major diogo,93,93,19/03/1912,05/05/1926,"Livro de Emplacamento. n,6 p,148",Cintia,8/10/2018
405,405-789,"788,3",rua major diogo,789,789,07/02/1936,,"Livro de Emplacamento. n,20 p,345",Cintia,8/10/2018
405,405-789,"788,3",rua major diogo,163,163,06/05/1926,06/02/1936,"Livro de Emplacamento. n,7 p,28",Cintia,8/10/2018
405,405-789,"788,3",rua major diogo,123,123,19/03/1912,05/05/1926,,Cintia,8/10/2018
405,405-789,"788,3",rua major diogo,107,107,17/03/1912,18/03/1912,"Livro de Emplacamento. n,6 p,148",Cintia,8/10/2018
405,405-879,"879,6",rua major diogo,879,879,07/02/1936,,"Livro de Emplacamento. n,20 p,345",Cintia,8/10/2018
405,405-879,"879,6",rua major diogo,189,189,06/05/1926,06/02/1936,"Livro de Emplacamento. n,7 p,28",Cintia,8/10/2018
405,405-879,"879,6",rua major diogo,153,153,19/03/1912,05/05/1926,,Cintia,8/10/2018
405,405-879,"879,6",rua major diogo,127,127,17/03/1912,18/03/1912,"Livro de Emplacamento. n,6 p,148",Cintia,8/10/2018
405,405-18,"17,8",rua major diogo,18,18,07/02/1936,,"Livro de Emplacamento. n,20 p,346",Cintia,8/10/2018
405,405-18,"17,8",rua major diogo,2,2,09/04/1908,06/02/1936,"Livro de Emplacamento. n,6 p,75",Cintia,8/10/2018
405,405-138,"137,6",rua major diogo,138,138,07/02/1936,,"Livro de Emplacamento. n,20 p,346",Cintia,8/10/2018
405,405-138,"137,6",rua major diogo,20,20,11/04/1908,06/02/1936,,Cintia,8/10/2018
405,405-138,"137,6",rua major diogo,10,10b,09/04/1908,10/04/1908,"Livro de Emplacamento. n,6 p,75",Cintia,8/10/2018
405,405-226,"225,7",rua major diogo,226,226,07/02/1936,,"Livro de Emplacamento. n,20 p,346",Cintia,8/10/2018
405,405-226,"225,7",rua major diogo,46,46,11/04/1908,06/02/1936,,Cintia,8/10/2018
405,405-226,"225,7",rua major diogo,30,30,09/04/1908,10/04/1908,"Livro de Emplacamento. n,6 p,75",Cintia,8/10/2018
405,405-498,"497,1",rua major diogo,498,498,07/02/1936,,"Livro de Emplacamento. n,20 p,346",Cintia,8/10/2018
405,405-498,"497,1",rua major diogo,98,98,19/03/1912,06/02/1936,"Livro de Emplacamento. n,6 p,148",Cintia,8/10/2018
405,405-498,"497,1",rua major diogo,80,80,11/04/1908,18/03/1912,"Livro de Emplacamento. n,6 p,75",Cintia,8/10/2018
405,405-590,"590,8",rua major diogo,590,590,07/02/1936,,"Livro de Emplacamento. n,20 p,347",Cintia,8/10/2018
405,405-590,"590,8",rua major diogo,120,120,19/03/1912,06/02/1936,"Livro de Emplacamento. n,6 p,148",Cintia,8/10/2018
405,405-590,"590,8",rua major diogo,106,106,11/04/1908,18/03/1912,,Cintia,8/10/2018
405,405-590,"590,8",rua major diogo,98,98,09/04/1908,10/04/1908,"Livro de Emplacamento. n,6 p,75",Cintia,8/10/2018
405,405-694,"693,3",rua major diogo,694,694,07/02/1936,,"Livro de Emplacamento. n,20 p,347",Cintia,8/10/2018
405,405-694,"693,3",rua major diogo,148,148,19/03/1912,06/02/1936,"Livro de Emplacamento. n,6 p,148",Cintia,8/10/2018
405,405-694,"693,3",rua major diogo,134,134,11/04/1908,18/03/1912,,Cintia,8/10/2018
405,405-694,"693,3",rua major diogo,130,130,09/04/1908,10/04/1908,"Livro de Emplacamento. n,6 p,75",Cintia,8/10/2018
405,405-822,"822,3",rua major diogo,822,822,07/02/1936,,"Livro de Emplacamento. n,20 p,347",Cintia,8/10/2018
405,405-822,"822,3",rua major diogo,178,178,19/03/1912,06/02/1936,"Livro de Emplacamento. n,6 p,148",Cintia,8/10/2018
405,405-822,"822,3",rua major diogo,158,158,11/04/1908,18/03/1912,,Cintia,8/10/2018
405,405-822,"822,3",rua major diogo,148,148,09/04/1908,10/04/1908,"Livro de Emplacamento. n,6 p,75",Cintia,8/10/2018
405,405-906,"905,9",rua major diogo,906,906,07/02/1936,,"Livro de Emplacamento. n,20 p,347",Cintia,8/10/2018
405,405-906,"905,9",rua major diogo,202,202,19/03/1912,06/02/1936,"Livro de Emplacamento. n,6 p,148",Cintia,8/10/2018
405,405-906,"905,9",rua major diogo,178,178,11/04/1908,18/03/1912,,Cintia,8/10/2018
405,405-906,"905,9",rua major diogo,164,164,09/04/1908,10/04/1908,"Livro de Emplacamento. n,6 p,75",Cintia,8/10/2018
61,61-30,"30,3",rua santo antonio,30,30,30/11/1940,,"Livro de Emplacamento. n,27 p,350",Cintia,8/10/2018
61,61-30,"30,3",rua santo antonio,2,2,31/05/1908,29/11/1940,"Livro de Emplacamento. n,8 p,113",Cintia,8/10/2018
61,61-302,"302,8",rua santo antonio,302,302,30/11/1940,,"Livro de Emplacamento. n,27 p,350",Cintia,8/10/2018
61,61-302,"302,8",rua santo antonio,76,76,02/08/1928,29/11/1940,"Livro de Emplacamento. n,14 p,90",Cintia,8/10/2018
61,61-302,"302,8",rua santo antonio,70,70,02/06/1908,01/08/1928,,Cintia,8/10/2018
61,61-302,"302,8",rua santo antonio,54,54,31/05/1908,01/06/1908,"Livro de Emplacamento. n,8 p,113",Cintia,8/10/2018
61,61-774,"774,6",rua santo antonio,774,774,30/11/1940,,"Livro de Emplacamento. n,27 p,351",Cintia,8/10/2018
61,61-774,"774,6",rua santo antonio,166,166,02/08/1928,29/11/1940,"Livro de Emplacamento. n,14 p,90",Cintia,8/10/2018
61,61-774,"774,6",rua santo antonio,162,162,01/03/1912,01/08/1928,"Livro de Emplacamento. n,8 p,187",Cintia,8/10/2018
61,61-774,"774,6",rua santo antonio,148,148,02/06/1908,29/02/1912,,Cintia,8/10/2018
61,61-774,"774,6",rua santo antonio,116,116,31/05/1908,01/06/1908,"Livro de Emplacamento. n,8 p,113",Cintia,8/10/2018
61,61-948,"947,7",rua santo antonio,948,948,30/11/1940,,"Livro de Emplacamento. n,27 p,352",Cintia,8/10/2018
61,61-948,"947,7",rua santo antonio,228,228,02/08/1928,29/11/1940,"Livro de Emplacamento. n,14 p,90",Cintia,8/10/2018
61,61-948,"947,7",rua santo antonio,222,222,01/03/1912,01/08/1928,"Livro de Emplacamento. n,8 p,187",Cintia,8/10/2018
61,61-948,"947,7",rua santo antonio,208,208,02/06/1908,29/02/1912,,Cintia,8/10/2018
61,61-948,"947,7",rua santo antonio,172,172,31/05/1908,01/06/1908,"Livro de Emplacamento. n,8 p,113",Cintia,8/10/2018
61,61-1150,"1217,5",rua santo antonio,1218,1218,30/11/1940,,"Livro de Emplacamento. n,27 p,352",Cintia,8/10/2018
61,61-1150,"1217,5",rua santo antonio,308,308,02/08/1928,29/11/1940,"Livro de Emplacamento. n,14 p,90",Cintia,8/10/2018
61,61-1150,"1217,5",rua santo antonio,288,288,01/03/1912,01/08/1928,"Livro de Emplacamento. n,8 p,187",Cintia,8/10/2018
61,61-1150,"1217,5",rua santo antonio,270,270,02/06/1908,29/02/1912,,Cintia,8/10/2018
61,61-1150,"1217,5",rua santo antonio,234,234,31/05/1908,01/06/1908,"Livro de Emplacamento. n,8 p,113",Cintia,8/10/2018
61,61-1320,"1320,2",rua santo antonio,1320,1320,30/11/1940,,"Livro de Emplacamento. n,27 p,352",Cintia,8/10/2018
61,61-1320,"1320,2",rua santo antonio,328,328,02/08/1928,29/11/1940,"Livro de Emplacamento. n,14 p,90",Cintia,8/10/2018
61,61-1320,"1320,2",rua santo antonio,330,330,01/03/1912,01/08/1928,"Livro de Emplacamento. n,8 p,187",Cintia,8/10/2018
61,61-1320,"1320,2",rua santo antonio,312,312,02/06/1908,29/02/1912,,Cintia,8/10/2018
61,61-1320,"1320,2",rua santo antonio,268,268,31/05/1908,01/06/1908,"Livro de Emplacamento. n,8 p,113",Cintia,8/10/2018
61,61-59,"59,1",rua santo antonio,59,59,30/11/1940,,"Livro de Emplacamento. n,27 p,347",Cintia,8/10/2018
61,61-59,"59,1",rua santo antonio,1,1,31/05/1908,29/11/1940,"Livro de Emplacamento. n,8 p,113",Cintia,8/10/2018
61,61-315,"315,35",rua santo antonio,315,315,30/11/1940,,"Livro de Emplacamento. n,27 p,349",Cintia,8/10/2018
61,61-315,"315,35",rua santo antonio,73,73,02/06/1908,29/11/1940,,Cintia,8/10/2018
61,61-315,"315,35",rua santo antonio,49,49,31/05/1908,01/06/1908,"Livro de Emplacamento. n,8 p,113",Cintia,8/10/2018
61,61-719,"791,7",rua santo antonio,791,791,30/11/1940,,"Livro de Emplacamento. n,27 p,347",Cintia,8/10/2018
61,61-719,"791,7",rua santo antonio,135,135,02/08/1928,29/11/1940,"Livro de Emplacamento. n,14 p,91",Cintia,8/10/2018
61,61-719,"791,7",rua santo antonio,137,137,01/03/1912,01/08/1928,"Livro de Emplacamento. n,8 p,186",Cintia,8/10/2018
61,61-719,"791,7",rua santo antonio,131,131,02/06/1908,29/02/1912,,Cintia,8/10/2018
61,61-719,"791,7",rua santo antonio,91,91,31/05/1908,01/06/1908,"Livro de Emplacamento. n,8 p,113",Cintia,8/10/2018
61,61-1175,"1175,3",rua santo antonio,1175,1175,30/11/1940,,"Livro de Emplacamento. n,27 p,349",Cintia,8/10/2018
61,61-1175,"1175,3",rua santo antonio,207,207,02/08/1928,29/11/1940,"Livro de Emplacamento. n,14 p,91",Cintia,8/10/2018
61,61-1175,"1175,3",rua santo antonio,209,209,01/03/1912,01/08/1928,"Livro de Emplacamento. n,8 p,186",Cintia,8/10/2018
61,61-1175,"1175,3",rua santo antonio,201,201,02/06/1908,29/02/1912,,Cintia,8/10/2018
61,61-1175,"1175,3",rua santo antonio,137,137,31/05/1908,01/06/1908,"Livro de Emplacamento. n,8 p,113",Cintia,8/10/2018
61,61-1294,1294,rua santo antonio,1295,1295,30/11/1940,,"Livro de Emplacamento. n,27 p,349",Cintia,8/10/2018
61,61-1294,1294,rua santo antonio,227,227,02/08/1928,29/11/1940,"Livro de Emplacamento. n,14 p,91",Cintia,8/10/2018
61,61-1294,1294,rua santo antonio,235,235,01/03/1912,01/08/1928,"Livro de Emplacamento. n,8 p,186",Cintia,8/10/2018
61,61-1294,1294,rua santo antonio,227,227,02/06/1908,29/02/1912,,Cintia,8/10/2018
61,61-1294,1294,rua santo antonio,151,151,31/05/1908,01/06/1908,"Livro de Emplacamento. n,8 p,113",Cintia,8/10/2018
61,61-1467,"1466,7",rua santo antonio,1467,1467,30/11/1940,,"Livro de Emplacamento. n,27 p,349",Cintia,8/10/2018
61,61-1467,"1466,7",rua santo antonio,253,253,02/08/1928,29/11/1940,,Cintia,8/10/2018
61,61-1467,"1466,7",rua santo antonio,263,263,31/07/1928,01/08/1928,"Livro de Emplacamento. n,14 p,92",Cintia,8/10/2018
506,506-48,"47,5",rua treze de maio,48,48,09/04/1938,,Livro de emplacamento ,Cintia,8/10/2018
506,506-48,"47,5",rua treze de maio,2,2,14/04/1908,08/04/1938,Livro de emplacamento ,Cintia,8/10/2018
506,506-48,"47,5",rua treze de maio,4,4,12/04/1908,13/04/1908,Livro de emplacamento ,Cintia,8/10/2018
506,506-242,242,rua treze de maio,242,242,09/04/1938,,Livro de emplacamento ,Cintia,8/10/2018
506,506-242,242,rua treze de maio,64,64,22/06/1927,08/04/1938,Livro de emplacamento ,Cintia,8/10/2018
506,506-242,242,rua treze de maio,54,54,14/04/1908,21/06/1927,Livro de emplacamento ,Cintia,8/10/2018
506,506-466,466,rua treze de maio,466,466,09/04/1938,,Livro de emplacamento ,Cintia,8/10/2018
506,506-466,466,rua treze de maio,122,122,22/06/1927,08/04/1938,Livro de emplacamento ,Cintia,8/10/2018
506,506-466,466,rua treze de maio,100,100,07/12/1921,21/06/1927,Livro de emplacamento ,Cintia,8/10/2018
506,506-466,466,rua treze de maio,86,86,04/04/1911,06/12/1921,Livro de emplacamento ,Cintia,8/10/2018
506,506-1096,"1096,5",rua treze de maio,1096,1096,09/04/1938,,Livro de emplacamento ,Cintia,8/10/2018
506,506-1096,"1096,5",rua treze de maio,266,266,22/06/1927,08/04/1938,Livro de emplacamento ,Cintia,8/10/2018
506,506-1096,"1096,5",rua treze de maio,248,248,07/12/1921,21/06/1927,Livro de emplacamento ,Cintia,8/10/2018
506,506-1096,"1096,5",rua treze de maio,168,168,02/04/1911,06/12/1921,Livro de emplacamento ,Cintia,8/10/2018
506,506-1540,"1539,6",rua treze de maio,1540,1540,09/04/1938,,Livro de emplacamento ,Cintia,8/10/2018
506,506-1540,"1539,6",rua treze de maio,308,308,22/06/1927,08/04/1938,Livro de emplacamento ,Cintia,8/10/2018
506,506-1540,"1539,6",rua treze de maio,290,290,07/12/1921,21/06/1927,Livro de emplacamento ,Cintia,8/10/2018
506,506-1540,"1539,6",rua treze de maio,268,268,04/04/1911,06/12/1921,Livro de emplacamento ,Cintia,8/10/2018
506,506-1854,"1854,2",rua treze de maio,1854,1854,09/04/1938,,Livro de emplacamento ,Cintia,8/10/2018
506,506-1854,"1854,2",rua treze de maio,328,328,22/06/1927,08/04/1938,Livro de emplacamento ,Cintia,8/10/2018
506,506-1854,"1854,2",rua treze de maio,318,318,06/12/1921,21/06/1927,Livro de emplacamento ,Cintia,8/10/2018
506,506-1854,"1854,2",rua treze de maio,302,302,04/04/1911,06/12/1921,Livro de emplacamento ,Cintia,8/10/2018
506,506-1854,"1854,2",rua treze de maio,116,116,02/04/1911,03/04/1911,Livro de emplacamento ,Cintia,8/10/2018
506,506-66,"64,9",rua treze de maio,66,66,09/04/1938,,Livro de emplacamento ,Cintia,8/10/2018
506,506-66,"64,9",rua treze de maio,11,11,22/06/1927,08/04/1938,Livro de emplacamento ,Cintia,8/10/2018
506,506-66,"64,9",rua treze de maio,9,9,12/04/1908,21/06/1927,Livro de emplacamento ,Cintia,8/10/2018
506,506-579,"578,7",rua treze de maio,579,579,09/04/1938,,Livro de emplacamento ,Cintia,8/10/2018
506,506-579,"578,7",rua treze de maio,149,149,22/06/1927,08/04/1938,Livro de emplacamento ,Cintia,8/10/2018
506,506-579,"578,7",rua treze de maio,125,125,07/12/1921,21/06/1927,Livro de emplacamento ,Cintia,8/10/2018
506,506-579,"578,7",rua treze de maio,115,115,04/04/1911,06/12/1921,Livro de emplacamento ,Cintia,8/10/2018
506,506-579,"578,7",rua treze de maio,79,79,13/04/1908,03/04/1911,Livro de emplacamento ,Cintia,8/10/2018
506,506-579,"578,7",rua treze de maio,55,55,12/04/1908,13/04/1908,Livro de emplacamento ,Cintia,8/10/2018
506,506-817,"816,8",rua treze de maio,817,817,09/04/1938,,Livro de emplacamento ,Cintia,8/10/2018
506,506-817,"816,8",rua treze de maio,217,217,22/06/1927,08/04/1938,Livro de emplacamento ,Cintia,8/10/2018
506,506-817,"816,8",rua treze de maio,185,185,07/12/1921,21/06/1927,Livro de emplacamento ,Cintia,8/10/2018
506,506-817,"816,8",rua treze de maio,175,175,04/04/1911,06/12/1921,Livro de emplacamento ,Cintia,8/10/2018
506,506-817,"816,8",rua treze de maio,119,119,13/04/1908,03/04/1911,Livro de emplacamento ,Cintia,8/10/2018
506,506-817,"816,8",rua treze de maio,103,103,12/04/1908,13/04/1908,Livro de emplacamento ,Cintia,8/10/2018
506,506-1029,"1029,8",rua treze de maio,1029,1029,09/04/1938,,Livro de emplacamento ,Cintia,8/10/2018
506,506-1029,"1029,8",rua treze de maio,283,283,22/06/1927,08/04/1938,Livro de emplacamento ,Cintia,8/10/2018
506,506-1029,"1029,8",rua treze de maio,251,251,07/12/1921,21/06/1927,Livro de emplacamento ,Cintia,8/10/2018
506,506-1029,"1029,8",rua treze de maio,253,253,04/04/1911,06/12/1921,Livro de emplacamento ,Cintia,8/10/2018
506,506-1029,"1029,8",rua treze de maio,157,157,13/04/1908,03/04/1911,Livro de emplacamento ,Cintia,8/10/2018
506,506-1029,"1029,8",rua treze de maio,129,129,12/04/1908,13/04/1908,Livro de emplacamento ,Cintia,8/10/2018
506,506-1685,"1685,7",rua treze de maio,1685,1685,09/04/1938,,Livro de emplacamento ,Cintia,8/10/2018
506,506-1685,"1685,7",rua treze de maio,355,355,22/06/1927,08/04/1938,Livro de emplacamento ,Cintia,8/10/2018
506,506-1685,"1685,7",rua treze de maio,313,313,06/12/1921,21/06/1927,Livro de emplacamento ,Cintia,8/10/2018
506,506-1685,"1685,7",rua treze de maio,307,307,04/04/1911,06/12/1921,Livro de emplacamento ,Cintia,8/10/2018
506,506-1685,"1685,7",rua treze de maio,107,107,02/04/1911,03/04/1911,Livro de emplacamento ,Cintia,8/10/2018
506,506-1989,"1988,2",rua treze de maio,1989,1989,09/04/1938,,Livro de emplacamento ,Cintia,8/10/2018
506,506-1989,"1988,2",rua treze de maio,379,379,22/06/1927,08/04/1938,Livro de emplacamento ,Cintia,8/10/2018
506,506-1989,"1988,2",rua treze de maio,331,331,06/12/1921,21/06/1927,Livro de emplacamento ,Cintia,8/10/2018
506,506-1989,"1988,2",rua treze de maio,325,325,04/04/1911,06/12/1921,Livro de emplacamento ,Cintia,8/10/2018
506,506-1989,"1988,2",rua treze de maio,93,93,02/04/1911,03/04/1911,Livro de emplacamento ,Cintia,8/10/2018
111,111-91,"91,2",rua conselheiro ramalho,91,91,22/01/1936,,Livro de emplacamento ,Cintia,8/10/2018
111,111-91,"91,2",rua conselheiro ramalho,15,15,15/10/1930,21/01/1936,Livro de emplacamento ,Cintia,8/10/2018
111,111-91,"91,2",rua conselheiro ramalho,19,19,07/03/1912,14/10/1930,Livro de emplacamento ,Cintia,8/10/2018
111,111-91,"91,2",rua conselheiro ramalho,11,11,25/06/1908,06/03/1912,Livro de emplacamento ,Cintia,8/10/2018
111,111-447,"447,8",rua conselheiro ramalho,447,447,22/01/1936,,Livro de emplacamento ,Cintia,8/10/2018
111,111-447,"447,8",rua conselheiro ramalho,105,105,15/10/1930,21/01/1936,Livro de emplacamento ,Cintia,8/10/2018
111,111-447,"447,8",rua conselheiro ramalho,103,103,07/03/1912,14/10/1930,Livro de emplacamento ,Cintia,8/10/2018
111,111-447,"447,8",rua conselheiro ramalho,89,89,25/06/1908,06/03/1912,Livro de emplacamento ,Cintia,8/10/2018
111,111-447,"447,8",rua conselheiro ramalho,79,79,23/06/1908,24/06/1908,Livro de emplacamento ,Cintia,8/10/2018
111,111-703,"703,6",rua conselheiro ramalho,703,703,22/01/1936,,Livro de emplacamento ,Cintia,8/10/2018
111,111-703,"703,6",rua conselheiro ramalho,169,169,15/10/1930,21/01/1936,Livro de emplacamento ,Cintia,8/10/2018
111,111-703,"703,6",rua conselheiro ramalho,179,179,07/03/1912,14/10/1930,Livro de emplacamento ,Cintia,8/10/2018
111,111-703,"703,6",rua conselheiro ramalho,157,157,25/06/1908,06/03/1912,Livro de emplacamento ,Cintia,8/10/2018
111,111-703,"703,6",rua conselheiro ramalho,145,145,23/06/1908,24/06/1908,Livro de emplacamento ,Cintia,8/10/2018
111,111-821,"820,8",rua conselheiro ramalho,821,821,22/01/1936,,Livro de emplacamento ,Cintia,8/10/2018
111,111-821,"820,8",rua conselheiro ramalho,203,203,15/10/1930,21/01/1936,Livro de emplacamento ,Cintia,8/10/2018
111,111-821,"820,8",rua conselheiro ramalho,215,215,07/03/1912,14/10/1930,Livro de emplacamento ,Cintia,8/10/2018
111,111-821,"820,8",rua conselheiro ramalho,185,185,25/06/1908,06/03/1912,Livro de emplacamento ,Cintia,8/10/2018
111,111-821,"820,8",rua conselheiro ramalho,175,175,23/06/1908,24/06/1908,Livro de emplacamento ,Cintia,8/10/2018
111,111-956,956,rua conselheiro ramalho,957,957,22/01/1936,,Livro de emplacamento ,Cintia,8/10/2018
111,111-956,956,rua conselheiro ramalho,233,233,15/10/1930,21/01/1936,Livro de emplacamento ,Cintia,8/10/2018
111,111-956,956,rua conselheiro ramalho,255,255,07/03/1912,14/10/1930,Livro de emplacamento ,Cintia,8/10/2018
111,111-956,956,rua conselheiro ramalho,221,221,25/06/1908,06/03/1912,Livro de emplacamento ,Cintia,8/10/2018
111,111-46,"46,8",rua conselheiro ramalho,46,46,22/01/1936,,Livro de emplacamento ,Cintia,8/10/2018
111,111-46,"46,8",rua conselheiro ramalho,6,6,23/06/1908,21/01/1936,Livro de emplacamento ,Cintia,8/10/2018
111,111-292,292,rua conselheiro ramalho,292,292,22/01/1936,,Livro de emplacamento ,Raony,8/10/2018
111,111-292,292,rua conselheiro ramalho,74,74,15/10/1930,21/01/1936,Livro de emplacamento ,Raony,8/10/2018
111,111-292,292,rua conselheiro ramalho,72,72,25/06/1908,14/10/1930,Livro de emplacamento ,Raony,8/10/2018
111,111-292,292,rua conselheiro ramalho,70,70,23/06/1908,24/06/1908,Livro de emplacamento ,Raony,8/10/2018
111,111-584,"584,4",rua conselheiro ramalho,584,584,22/01/1936,,Livro de emplacamento ,Raony,8/10/2018
111,111-584,"584,4",rua conselheiro ramalho,148,148,07/03/1912,21/01/1936,Livro de emplacamento ,Raony,8/10/2018
111,111-584,"584,4",rua conselheiro ramalho,140,140,25/06/1908,06/03/1912,Livro de emplacamento ,Raony,8/10/2018
111,111-584,"584,4",rua conselheiro ramalho,126,126,23/06/1908,24/06/1908,Livro de emplacamento ,Raony,8/10/2018
111,111-788,"788,8",rua conselheiro ramalho,788,788,22/01/1936,,Livro de emplacamento ,Raony,8/10/2018
111,111-788,"788,8",rua conselheiro ramalho,200,200,15/10/1930,21/01/1936,Livro de emplacamento ,Raony,8/10/2018
111,111-788,"788,8",rua conselheiro ramalho,202,202,07/03/1912,14/10/1930,Livro de emplacamento ,Raony,8/10/2018
111,111-788,"788,8",rua conselheiro ramalho,190,190,25/06/1908,06/03/1912,Livro de emplacamento ,Raony,8/10/2018
111,111-788,"788,8",rua conselheiro ramalho,174,174,23/06/1908,24/06/1908,Livro de emplacamento ,Raony,8/10/2018
111,111-1204,"1024,2",rua conselheiro ramalho,1024,1024,22/01/1936,,Livro de emplacamento ,Raony,8/10/2018
111,111-1204,"1024,2",rua conselheiro ramalho,270,270,15/10/1930,21/01/1936,Livro de emplacamento ,Raony,8/10/2018
111,111-1204,"1024,2",rua conselheiro ramalho,276,276,07/03/1912,14/10/1930,Livro de emplacamento ,Raony,8/10/2018
111,111-1204,"1024,2",rua conselheiro ramalho,260,260,25/06/1908,06/03/1912,Livro de emplacamento ,Raony,8/10/2018
111,111-1204,"1024,2",rua conselheiro ramalho,220,220,23/06/1908,24/06/1908,Livro de emplacamento ,Raony,8/10/2018
2020,2020-60,"60,6",rua maestro cardim,60,60,22/01/1936,,Livro de emplacamento ,Raony,8/10/2018
2020,2020-60,"60,6",rua maestro cardim,4,4,10/08/1928,21/01/1936,Livro de emplacamento ,Raony,8/10/2018
2020,2020-252,"251,1",rua maestro cardim,252,252,22/01/1936,,Livro de emplacamento ,Raony,8/10/2018
2020,2020-252,"251,1",rua maestro cardim,24,24,03/11/1923,21/01/1936,Livro de emplacamento ,Raony,8/10/2018
2020,2020-252,"251,1",rua maestro cardim,4,4,01/11/1923,02/11/1923,Livro de emplacamento ,Raony,8/10/2018
2020,2020-652,"651,8",rua maestro cardim,652,652,22/01/1936,,Livro de emplacamento ,Raony,8/10/2018
2020,2020-652,"651,8",rua maestro cardim,84,84,10/08/1928,21/01/1936,Livro de emplacamento ,Raony,8/10/2018
2020,2020-652,"651,8",rua maestro cardim,74,74,08/08/1928,09/08/1928,Livro de emplacamento ,Raony,8/10/2018
2020,2020-1124,"1223,4",rua maestro cardim,1124,1124,22/01/1936,,Livro de emplacamento ,Raony,8/10/2018
2020,2020-1124,"1223,4",rua maestro cardim,160,160,03/11/1923,21/01/1936,Livro de emplacamento ,Raony,8/10/2018
2020,2020-1310,"1310,5",rua maestro cardim,1310,1310,22/01/1936,,Livro de emplacamento ,Raony,8/10/2018
2020,2020-1310,"1310,5",rua maestro cardim,186,186,03/11/1923,21/01/1936,Livro de emplacamento ,Raony,8/10/2018
2020,2020-1310,"1310,5",rua maestro cardim,170,170,01/11/1923,02/11/1923,Livro de emplacamento ,Raony,8/10/2018
2020,2020-217,"218,1",rua maestro cardim,217,217,22/01/1936,,Livro de emplacamento ,Raony,8/10/2018
2020,2020-217,"218,1",rua maestro cardim,9,9,10/08/1928,21/01/1936,Livro de emplacamento ,Raony,8/10/2018
2020,2020-217,"218,1",rua maestro cardim,1,1,08/08/1928,09/08/1928,Livro de emplacamento ,Raony,8/10/2018
2020,2020-393,"393,6",rua maestro cardim,393,393,22/01/1936,,Livro de emplacamento ,Raony,8/10/2018
2020,2020-393,"393,6",rua maestro cardim,51,51,10/08/1928,21/01/1936,Livro de emplacamento ,Raony,8/10/2018
2020,2020-393,"393,6",rua maestro cardim,39,39,08/08/1928,09/08/1928,Livro de emplacamento ,Raony,8/10/2018
2020,2020-769,"769,5",rua maestro cardim,769,769,22/01/1936,,Livro de emplacamento ,Raony,8/10/2018
2020,2020-769,"769,5",rua maestro cardim,109,109,10/08/1928,21/01/1936,Livro de emplacamento ,Raony,8/10/2018
2020,2020-769,"769,5",rua maestro cardim,97,97,08/08/1928,09/08/1928,Livro de emplacamento ,Raony,8/10/2018
2020,2020-1041,"1041,4",rua maestro cardim,1041,1041,22/01/1936,,Livro de emplacamento ,Raony,8/10/2018
2020,2020-1041,"1041,4",rua maestro cardim,157,157,10/08/1928,21/01/1936,Livro de emplacamento ,Raony,8/10/2018
2020,2020-1041,"1041,4",rua maestro cardim,121,121,02/02/1926,09/08/1928,Livro de emplacamento ,Raony,8/10/2018
2020,2020-1041,"1041,4",rua maestro cardim,115,115,01/02/1926,01/02/1926,Livro de emplacamento ,Raony,8/10/2018
2020,2020-1293,"1292,3",rua maestro cardim,1293,1293,22/01/1936,,Livro de emplacamento ,Raony,8/10/2018
2020,2020-1293,"1292,3",rua maestro cardim,191,191,10/08/1928,21/01/1936,Livro de emplacamento ,Raony,8/10/2018
2020,2020-1293,"1292,3",rua maestro cardim,163,163,08/08/1928,09/08/1928,Livro de emplacamento ,Raony,8/10/2018
2021,2021-60,61,rua martiniano de carvalho,60,60,20/04/1936,,Livro de emplacamento ,Raony,8/10/2018
2021,2021-60,61,rua martiniano de carvalho,2,2,26/11/1908,19/04/1936,Livro de emplacamento ,Raony,8/10/2018
2021,2021-438,437,rua martiniano de carvalho,438,438,20/04/1936,,Livro de emplacamento ,Raony,8/10/2018
2021,2021-438,437,rua martiniano de carvalho,52,52,10/09/1917,19/04/1936,Livro de emplacamento ,Raony,8/10/2018
2021,2021-438,437,rua martiniano de carvalho,44,44,26/11/1908,09/09/1917,Livro de emplacamento ,Raony,8/10/2018
2021,2021-438,437,rua martiniano de carvalho,2,2,24/11/1908,25/11/1908,Livro de emplacamento ,Raony,8/10/2018
2021,2021-528,"528,8",rua martiniano de carvalho,528,528,20/04/1936,,Livro de emplacamento ,Raony,8/10/2018
2021,2021-528,"528,8",rua martiniano de carvalho,62,62,10/09/1917,19/04/1936,Livro de emplacamento ,Raony,8/10/2018
2021,2021-528,"528,8",rua martiniano de carvalho,58,58,26/11/1908,09/09/1917,Livro de emplacamento ,Raony,8/10/2018
2021,2021-528,"528,8",rua martiniano de carvalho,16,16,24/11/1908,25/11/1908,Livro de emplacamento ,Raony,8/10/2018
2021,2021-1032,"1031,8",rua martiniano de carvalho,1032,1032,20/04/1936,,Livro de emplacamento ,Raony,8/10/2018
2021,2021-1032,"1031,8",rua martiniano de carvalho,94,94,10/09/1917,19/04/1936,Livro de emplacamento ,Raony,8/10/2018
2021,2021-1032,"1031,8",rua martiniano de carvalho,92,92,08/09/1917,09/09/1917,Livro de emplacamento ,Raony,8/10/2018
2021,2021-59,"59,6",rua martiniano de carvalho,59,59,20/04/1936,,Livro de emplacamento ,Raony,8/10/2018
2021,2021-59,"59,6",rua martiniano de carvalho,5,5,26/11/1908,19/04/1936,Livro de emplacamento ,Raony,8/10/2018
2021,2021-59,"59,6",rua martiniano de carvalho,1,1,24/11/1908,25/11/1908,Livro de emplacamento ,Raony,8/10/2018
2021,2021-429,"428,7",rua martiniano de carvalho,429,429,20/04/1936,,Livro de emplacamento ,Raony,8/10/2018
2021,2021-429,"428,7",rua martiniano de carvalho,63,63,10/09/1917,19/04/1936,Livro de emplacamento ,Raony,8/10/2018
2021,2021-429,"428,7",rua martiniano de carvalho,37,37,26/11/1908,09/09/1917,Livro de emplacamento ,Raony,8/10/2018
2021,2021-429,"428,7",rua martiniano de carvalho,1,1,24/11/1908,25/11/1908,Livro de emplacamento ,Raony,8/10/2018
2021,2021-689,"688,7",rua martiniano de carvalho,689,689,20/04/1936,,Livro de emplacamento ,Raony,8/10/2018
2021,2021-689,"688,7",rua martiniano de carvalho,85,85,10/09/1917,19/04/1936,Livro de emplacamento ,Raony,8/10/2018
2021,2021-689,"688,7",rua martiniano de carvalho,71,71,08/09/1917,09/09/1917,Livro de emplacamento ,Raony,8/10/2018
2021,2021-1009,"1008,5",rua martiniano de carvalho,1009,1009,20/04/1936,,Livro de emplacamento ,Raony,8/10/2018
2021,2021-1009,"1008,5",rua martiniano de carvalho,103,103,18/04/1936,19/04/1936,Livro de emplacamento ,Raony,8/10/2018
