id_street,number,original_n,source,author,date,coordinate,first_day,first_month,first_year,last_day,last_month,last_year
78,42.0,42,"Livro de Emplacamento. n,21. p,122",Cintia,8/10/2018,POINT(-46.645174892689184 -23.54714521276024),15.0,5.0,1936.0,,,
78,55.0,55,"Livro de Emplacamento. n,21. p,122",Cintia,8/10/2018,POINT(-46.645174892689184 -23.54714521276024),19.0,9.0,1908.0,14.0,5.0,1936.0
78,61.0,61,"Livro de Emplacamento. n,1. p,2",Cintia,8/10/2018,POINT(-46.645174892689184 -23.54714521276024),18.0,9.0,1908.0,18.0,9.0,1908.0
78,276.0,276,"Livro de Emplacamento. n,21. p,122",Cintia,8/10/2018,POINT(-46.644583405375414 -23.545090439755167),15.0,5.0,1936.0,,,
78,21.0,21,"Livro de Emplacamento. n,21. p,122",Cintia,8/10/2018,POINT(-46.644583405375414 -23.545090439755167),8.0,8.0,1930.0,14.0,5.0,1936.0
78,19.0,19,"Livro de Emplacamento. n,21. p,122",Cintia,8/10/2018,POINT(-46.644583405375414 -23.545090439755167),19.0,9.0,1908.0,8.0,7.0,1930.0
78,392.0,392,"Livro de Emplacamento. n,21. p,122",Cintia,8/10/2018,POINT(-46.6442930325966 -23.544086062887512),15.0,5.0,1936.0,,,
78,1.0,1,"Livro de Emplacamento. n,21. p,122",Cintia,8/10/2018,POINT(-46.6442930325966 -23.544086062887512),19.0,9.0,1908.0,14.0,5.0,1936.0
78,73.0,73,"Livro de Emplacamento. n,21. p,121",Cintia,8/10/2018,POINT(-46.64509106850298 -23.546856470642854),15.0,5.0,1936.0,,,
78,42.0,42,"Livro de Emplacamento. n,21. p,121",Cintia,8/10/2018,POINT(-46.64509106850298 -23.546856470642854),8.0,8.0,1930.0,14.0,5.0,1936.0
78,44.0,44,"Livro de Emplacamento. n,21. p,121",Cintia,8/10/2018,POINT(-46.64509106850298 -23.546856470642854),19.0,9.0,1908.0,8.0,8.0,1930.0
78,60.0,60,"Livro de Emplacamento. n,21. p,121",Cintia,8/10/2018,POINT(-46.64509106850298 -23.546856470642854),18.0,9.0,1908.0,18.0,9.0,1908.0
78,281.0,281,"Livro de Emplacamento. n,21. p,121",Cintia,8/10/2018,POINT(-46.64456962923483 -23.54504336314888),15.0,5.0,1936.0,,,
78,10.0,10,"Livro de Emplacamento. n,21. p,122",Cintia,8/10/2018,POINT(-46.64456962923483 -23.54504336314888),19.0,9.0,1908.0,14.0,5.0,1936.0
78,399.0,399,"Livro de Emplacamento. n,21. p,121",Cintia,8/10/2018,POINT(-46.64427265449565 -23.544015364881552),15.0,5.0,1936.0,,,
78,2.0,2,"Livro de Emplacamento. n,21. p,122",Cintia,8/10/2018,POINT(-46.64427265449565 -23.544015364881552),19.0,9.0,1908.0,14.0,5.0,1936.0
11,18.0,18,"Livro de Emplacamento. n,21. p,342",Cintia,8/10/2018,POINT(-46.63632922374095 -23.550173375794984),11.0,5.0,1936.0,,,
11,2.0,2,"Livro de Emplacamento. n,21. p,342",Cintia,8/10/2018,POINT(-46.63632922374095 -23.550173375794984),11.0,4.0,1936.0,11.0,4.0,1936.0
11,82.0,82,"Livro de Emplacamento. n,21. p,342",Cintia,8/10/2018,POINT(-46.635738048501935 -23.550364347462498),11.0,5.0,1936.0,,,
11,16.0,16,"Livro de Emplacamento. n,21. p,342",Cintia,8/10/2018,POINT(-46.635738048501935 -23.550364347462498),11.0,4.0,1936.0,11.0,4.0,1936.0
11,158.0,158,"Livro de Emplacamento. n,21. p,342",Cintia,8/10/2018,POINT(-46.63504335167588 -23.550611849821472),11.0,5.0,1936.0,,,
11,26.0,26,"Livro de Emplacamento. n,21. p,341",Cintia,8/10/2018,POINT(-46.63504335167588 -23.550611849821472),11.0,4.0,1936.0,11.0,4.0,1936.0
11,29.0,29,"Livro de Emplacamento. n,21. p,341",Cintia,8/10/2018,POINT(-46.636227205820305 -23.550204920429472),11.0,5.0,1936.0,,,
11,1.0,1,"Livro de Emplacamento. n,21. p,341",Cintia,8/10/2018,POINT(-46.636227205820305 -23.550204920429472),11.0,4.0,1936.0,11.0,4.0,1936.0
11,109.0,109,"Livro de Emplacamento. n,21. p,341",Cintia,8/10/2018,POINT(-46.6354925081512 -23.550455936515768),11.0,5.0,1936.0,,,
11,3.0,3,"Livro de Emplacamento. n,21. p,341",Cintia,8/10/2018,POINT(-46.6354925081512 -23.550455936515768),11.0,4.0,1936.0,11.0,4.0,1936.0
11,205.0,205,"Livro de Emplacamento. n,21. p,341",Cintia,8/10/2018,POINT(-46.63460427401716 -23.550734818095652),11.0,5.0,1936.0,,,
11,27.0,27,"Livro de Emplacamento. n,21. p,341",Cintia,8/10/2018,POINT(-46.63460427401716 -23.550734818095652),11.0,4.0,1936.0,11.0,4.0,1936.0
12,37.0,37,"Livro de Emplacamento. n,27. p,269",Cintia,8/10/2018,POINT(-46.63304950308599 -23.550127820597783),9.0,12.0,1940.0,,,
12,17.0,17,"Livro de Emplacamento. n,27. p,269",Cintia,8/10/2018,POINT(-46.63304950308599 -23.550127820597783),9.0,11.0,1940.0,9.0,11.0,1940.0
12,61.0,61,"Livro de Emplacamento. n,27. p,269",Cintia,8/10/2018,POINT(-46.632823723289505 -23.550182906614708),9.0,12.0,1940.0,,,
12,25.0,25,"Livro de Emplacamento. n,27. p,269",Cintia,8/10/2018,POINT(-46.632823723289505 -23.550182906614708),9.0,11.0,1940.0,9.0,11.0,1940.0
12,93.0,93,"Livro de Emplacamento. n,27. p,269",Cintia,8/10/2018,POINT(-46.63253178666728 -23.550119057161673),9.0,12.0,1940.0,,,
12,31.0,31,"Livro de Emplacamento. n,27. p,269",Cintia,8/10/2018,POINT(-46.63253178666728 -23.550119057161673),9.0,11.0,1940.0,9.0,11.0,1940.0
12,70.0,70,"Livro de Emplacamento. n,27. p,269",Cintia,8/10/2018,POINT(-46.632741685133844 -23.550194188714226),9.0,12.0,1940.0,,,
12,28.0,28,"Livro de Emplacamento. n,27. p,269",Cintia,8/10/2018,POINT(-46.632741685133844 -23.550194188714226),9.0,11.0,1940.0,9.0,11.0,1940.0
12,76.0,76,"Livro de Emplacamento. n,27. p,269",Cintia,8/10/2018,POINT(-46.63268692901213 -23.550174589178777),9.0,12.0,1940.0,,,
12,28.0,28A,"Livro de Emplacamento. n,27. p,269",Cintia,8/10/2018,POINT(-46.63268692901213 -23.550174589178777),9.0,11.0,1940.0,9.0,11.0,1940.0
12,86.0,86,"Livro de Emplacamento. n,27. p,269",Cintia,8/10/2018,POINT(-46.63259566880928 -23.55014192328636),9.0,12.0,1940.0,,,
12,32.0,32,"Livro de Emplacamento. n,27. p,269",Cintia,8/10/2018,POINT(-46.63259566880928 -23.55014192328636),9.0,11.0,1940.0,9.0,11.0,1940.0
13,8.0,8,"Livro de Emplacamento. n,27. p,123",Cintia,8/10/2018,POINT(-46.6330464613845 -23.549475947984835),5.0,6.0,1940.0,,,
13,4.0,4,"Livro de Emplacamento. n,27. p,123",Cintia,8/10/2018,POINT(-46.6330464613845 -23.549475947984835),9.0,5.0,1908.0,5.0,5.0,1940.0
13,2.0,2 tinta,"Livro de Emplacamento. n,27. p,123",Cintia,8/10/2018,POINT(-46.6330464613845 -23.549475947984835),9.0,4.0,1908.0,9.0,4.0,1908.0
13,104.0,104,"Livro de Emplacamento. n,27. p,123",Cintia,8/10/2018,POINT(-46.63211132821424 -23.549391093547243),5.0,6.0,1940.0,,,
13,32.0,32,"Livro de Emplacamento. n,27. p,123",Cintia,8/10/2018,POINT(-46.63211132821424 -23.549391093547243),9.0,5.0,1908.0,5.0,5.0,1940.0
13,18.0,18,"Livro de Emplacamento. n,27. p,123",Cintia,8/10/2018,POINT(-46.63211132821424 -23.549391093547243),9.0,4.0,1908.0,9.0,4.0,1908.0
13,200.0,200,"Livro de Emplacamento. n,27. p,123",Cintia,8/10/2018,POINT(-46.63117706128942 -23.549293426748893),5.0,6.0,1940.0,,,
13,210.0,210,"Livro de Emplacamento. n,27. p,123",Cintia,8/10/2018,POINT(-46.63117706128942 -23.549293426748893),5.0,5.0,1940.0,5.0,5.0,1940.0
13,47.0,47,"Livro de Emplacamento. n,27. p,123",Cintia,8/10/2018,POINT(-46.63266616130571 -23.549448006804703),5.0,6.0,1940.0,,,
13,7.0,7,"Livro de Emplacamento. n,27. p,123",Cintia,8/10/2018,POINT(-46.63266616130571 -23.549448006804703),9.0,5.0,1908.0,5.0,5.0,1940.0
13,5.0,5 tinta,"Livro de Emplacamento. n,27. p,123",Cintia,8/10/2018,POINT(-46.63266616130571 -23.549448006804703),9.0,4.0,1908.0,9.0,4.0,1908.0
13,67.0,67,"Livro de Emplacamento. n,27. p,123",Cintia,8/10/2018,POINT(-46.632471483028 -23.54942803724068),5.0,6.0,1940.0,,,
13,11.0,11,"Livro de Emplacamento. n,27. p,123",Cintia,8/10/2018,POINT(-46.632471483028 -23.54942803724068),9.0,5.0,1908.0,5.0,5.0,1940.0
13,93.0,93,"Livro de Emplacamento. n,27. p,123",Cintia,8/10/2018,POINT(-46.63221840126698 -23.549402076807453),5.0,6.0,1940.0,,,
13,19.0,19,"Livro de Emplacamento. n,27. p,123",Cintia,8/10/2018,POINT(-46.63221840126698 -23.549402076807453),9.0,5.0,1908.0,5.0,5.0,1940.0
14,21.0,21,"Livro de Emplacamento. n,26. p,356",Cintia,8/10/2018,POINT(-46.63427004011147 -23.553015425806944),12.0,7.0,1939.0,,,
14,3.0,3,"Livro de Emplacamento. n,21. p,356",Cintia,8/10/2018,POINT(-46.63427004011147 -23.553015425806944),2.0,8.0,1909.0,12.0,6.0,1939.0
14,1.0,1B Tinta,"Livro de Emplacamento. n,21. p,356",Cintia,8/10/2018,POINT(-46.63427004011147 -23.553015425806944),2.0,7.0,1909.0,2.0,7.0,1909.0
14,109.0,109,"Livro de Emplacamento. n,21. p,356",Cintia,8/10/2018,POINT(-46.633911071891546 -23.552300289534163),12.0,7.0,1939.0,,,
14,23.0,23,"Livro de Emplacamento. n,21. p,356",Cintia,8/10/2018,POINT(-46.633911071891546 -23.552300289534163),2.0,8.0,1909.0,12.0,6.0,1939.0
14,7.0,7,"Livro de Emplacamento. n,21. p,356",Cintia,8/10/2018,POINT(-46.633911071891546 -23.552300289534163),2.0,7.0,1909.0,2.0,7.0,1909.0
14,357.0,357,"Livro de Emplacamento. n,21. p,356",Cintia,8/10/2018,POINT(-46.63289484787207 -23.550287247063928),12.0,7.0,1939.0,,,
14,55.0,55,"Livro de Emplacamento. n,21. p,357",Cintia,8/10/2018,POINT(-46.63289484787207 -23.550287247063928),2.0,8.0,1909.0,12.0,6.0,1939.0
14,35.0,35,"Livro de Emplacamento. n,21. p,356",Cintia,8/10/2018,POINT(-46.63289484787207 -23.550287247063928),2.0,7.0,1909.0,2.0,7.0,1909.0
14,98.0,98,"Livro de Emplacamento. n,21. p,357",Cintia,8/10/2018,POINT(-46.63395594291904 -23.55238968156826),12.0,7.0,1939.0,,,
14,16.0,16,"Livro de Emplacamento. n,21. p,357",Cintia,8/10/2018,POINT(-46.63395594291904 -23.55238968156826),2.0,8.0,1909.0,12.0,6.0,1939.0
14,8.0,8,"Livro de Emplacamento. n,21. p,357",Cintia,8/10/2018,POINT(-46.63395594291904 -23.55238968156826),2.0,7.0,1909.0,2.0,7.0,1909.0
14,224.0,224,"Livro de Emplacamento. n,21. p,357",Cintia,8/10/2018,POINT(-46.63343778421866 -23.551367851244734),12.0,7.0,1939.0,,,
14,50.0,50,"Livro de Emplacamento. n,21. p,357",Cintia,8/10/2018,POINT(-46.63343778421866 -23.551367851244734),2.0,8.0,1909.0,12.0,6.0,1939.0
14,40.0,40,"Livro de Emplacamento. n,21. p,357",Cintia,8/10/2018,POINT(-46.63343778421866 -23.551367851244734),2.0,7.0,1909.0,2.0,7.0,1909.0
14,360.0,360,"Livro de Emplacamento. n,21. p,357",Cintia,8/10/2018,POINT(-46.63288275031384 -23.5502627976486),12.0,7.0,1939.0,,,
14,84.0,84,"Livro de Emplacamento. n,21. p,357",Cintia,8/10/2018,POINT(-46.63288275031384 -23.5502627976486),12.0,6.0,1939.0,12.0,6.0,1939.0
14,348.0,348,"Livro de Emplacamento. n,21. p,357",Cintia,8/10/2018,POINT(-46.632931140546766 -23.550360595309904),7.0,12.0,1939.0,,,
14,80.0,80,"Livro de Emplacamento. n,21. p,357",Cintia,8/10/2018,POINT(-46.632931140546766 -23.550360595309904),2.0,8.0,1909.0,6.0,12.0,1939.0
16,41.0,41,"Livro de Emplacamento. n,26. p,199",Cintia,8/10/2018,POINT(-46.63453454393662 -23.548070068418784),13.0,9.0,1939.0,,,
16,5.0,5,"Livro de Emplacamento. n,26. p,199.",Cintia,8/10/2018,POINT(-46.63453454393662 -23.548070068418784),16.0,7.0,1928.0,8.0,12.0,1939.0
16,7.0,7,"Livro de Emplacamento. n,26. p,199.",Cintia,8/10/2018,POINT(-46.63453454393662 -23.548070068418784),21.0,6.0,1912.0,15.0,7.0,1928.0
16,121.0,121,"Livro de Emplacamento. n,26. p,199.",Cintia,8/10/2018,POINT(-46.6347419706087 -23.54737677863827),13.0,9.0,1939.0,,,
16,17.0,17,"Livro de Emplacamento. n,26. p,199.",Cintia,8/10/2018,POINT(-46.6347419706087 -23.54737677863827),16.0,7.0,1928.0,8.0,12.0,1939.0
16,19.0,19,"Livro de Emplacamento. n,26. p,199.",Cintia,8/10/2018,POINT(-46.6347419706087 -23.54737677863827),15.0,7.0,1928.0,15.0,7.0,1928.0
16,221.0,221,"Livro de Emplacamento. n,26. p,199.",Cintia,8/10/2018,POINT(-46.635001809609356 -23.546508869712223),13.0,9.0,1939.0,,,
16,31.0,31A,"Livro de Emplacamento. n,26. p,199.",Cintia,8/10/2018,POINT(-46.635001809609356 -23.546508869712223),16.0,7.0,1928.0,8.0,12.0,1939.0
16,43.0,43 E/T,"Livro de Emplacamento. n,26. p,199.",Cintia,8/10/2018,POINT(-46.635001809609356 -23.546508869712223),21.0,6.0,1912.0,15.0,7.0,1928.0
16,18.0,18,"Livro de Emplacamento. n,26. p,199.",Cintia,8/10/2018,POINT(-46.63450327130926 -23.54827472014556),13.0,9.0,1939.0,,,
16,2.0,2B,"Livro de Emplacamento. n,26. p,199.",Cintia,8/10/2018,POINT(-46.63450327130926 -23.54827472014556),16.0,7.0,1928.0,8.0,12.0,1939.0
16,8.0,8A E/T,"Livro de Emplacamento. n,26. p,199.",Cintia,8/10/2018,POINT(-46.63450327130926 -23.54827472014556),15.0,7.0,1928.0,15.0,7.0,1928.0
16,112.0,112,"Livro de Emplacamento. n,26. p,199.",Cintia,8/10/2018,POINT(-46.634718622610286 -23.547454901671763),13.0,9.0,1939.0,,,
16,12.0,12,"Livro de Emplacamento. n,26. p,199.",Cintia,8/10/2018,POINT(-46.634718622610286 -23.547454901671763),16.0,7.0,1928.0,8.0,12.0,1939.0
16,24.0,24,"Livro de Emplacamento. n,26. p,199.",Cintia,8/10/2018,POINT(-46.634718622610286 -23.547454901671763),21.0,6.0,1912.0,15.0,7.0,1928.0
16,218.0,218,"Livro de Emplacamento. n,26. p,199.",Cintia,8/10/2018,POINT(-46.63499400229429 -23.54653490334405),13.0,9.0,1939.0,,,
16,26.0,26 sob,"Livro de Emplacamento. n,26. p,199.",Cintia,8/10/2018,POINT(-46.63499400229429 -23.54653490334405),16.0,7.0,1928.0,8.0,12.0,1939.0
16,44.0,44 E/S,"Livro de Emplacamento. n,26. p,199.",Cintia,8/10/2018,POINT(-46.63499400229429 -23.54653490334405),15.0,7.0,1928.0,15.0,7.0,1928.0
17,19.0,19,"Livro de Emplacamento n,21. p,343",Cintia,8/10/2018,POINT(-46.63485561616665 -23.54637356327988),11.0,6.0,1936.0,,,
17,1.0,1,"Livro de Emplacamento n,21. p,343",Cintia,8/10/2018,POINT(-46.63485561616665 -23.54637356327988),16.0,6.0,1928.0,11.0,5.0,1936.0
17,1.0,1 E/T Tinta,"Livro de Emplacamento n,21. p,343",Cintia,8/10/2018,POINT(-46.63485561616665 -23.54637356327988),15.0,6.0,1928.0,15.0,6.0,1928.0
17,39.0,39,"Livro de Emplacamento n,21. p,343",Cintia,8/10/2018,POINT(-46.63466134378195 -23.54635067545669),11.0,6.0,1936.0,,,
17,3.0,3 sob,"Livro de Emplacamento n,21. p,343",Cintia,8/10/2018,POINT(-46.63466134378195 -23.54635067545669),16.0,6.0,1928.0,11.0,5.0,1936.0
17,9.0,9 E/S,"Livro de Emplacamento n,21. p,343",Cintia,8/10/2018,POINT(-46.63466134378195 -23.54635067545669),15.0,6.0,1928.0,15.0,6.0,1928.0
17,14.0,14,"Livro de Emplacamento n,21. p,343",Cintia,8/10/2018,POINT(-46.6349041744238 -23.546379368039837),11.0,6.0,1936.0,,,
17,2.0,2,"Livro de Emplacamento n,21. p,343",Cintia,8/10/2018,POINT(-46.6349041744238 -23.546379368039837),16.0,6.0,1928.0,11.0,5.0,1936.0
17,2.0,2 E/T,"Livro de Emplacamento n,21. p,343",Cintia,8/10/2018,POINT(-46.6349041744238 -23.546379368039837),15.0,6.0,1928.0,15.0,6.0,1928.0
17,58.0,58,"Livro de Emplacamento n,21. p,343",Cintia,8/10/2018,POINT(-46.63447680274753 -23.546328782285446),11.0,6.0,1936.0,,,
17,6.0,6,"Livro de Emplacamento n,21. p,343",Cintia,8/10/2018,POINT(-46.63447680274753 -23.546328782285446),16.0,6.0,1928.0,11.0,5.0,1936.0
17,10.0,10 E/T,"Livro de Emplacamento n,21. p,343",Cintia,8/10/2018,POINT(-46.63447680274753 -23.546328782285446),15.0,6.0,1928.0,15.0,6.0,1928.0
19,63.0,63,"Livro de Emplacamento. n,19. p,222",Cintia,8/10/2018,POINT(-46.63534707109802 -23.547719376865743),1.0,2.0,1935.0,,,
19,1.0,1,"Livro de Emplacamento. n,19. p,222",Cintia,8/10/2018,POINT(-46.63534707109802 -23.547719376865743),22.0,6.0,1928.0,1.0,1.0,1935.0
19,1.0,1 E/T,"Livro de Emplacamento. n,19. p,222",Cintia,8/10/2018,POINT(-46.63534707109802 -23.547719376865743),21.0,6.0,1928.0,21.0,6.0,1928.0
19,113.0,113,"Livro de Emplacamento. n,19. p,222",Cintia,8/10/2018,POINT(-46.634862708124444 -23.54766682189355),1.0,2.0,1935.0,,,
19,13.0,13 s°,"Livro de Emplacamento. n,19. p,222",Cintia,8/10/2018,POINT(-46.634862708124444 -23.54766682189355),22.0,6.0,1928.0,1.0,1.0,1935.0
19,13.0,13 E/S,"Livro de Emplacamento. n,19. p,222",Cintia,8/10/2018,POINT(-46.634862708124444 -23.54766682189355),21.0,6.0,1928.0,21.0,6.0,1928.0
19,161.0,161,"Livro de Emplacamento. n,19. p,222",Cintia,8/10/2018,POINT(-46.634407755312445 -23.547565860282578),1.0,2.0,1935.0,,,
19,23.0,23,"Livro de Emplacamento. n,19. p,222",Cintia,8/10/2018,POINT(-46.634407755312445 -23.547565860282578),22.0,6.0,1928.0,1.0,1.0,1935.0
19,23.0,23 tinta,"Livro de Emplacamento. n,19. p,222",Cintia,8/10/2018,POINT(-46.634407755312445 -23.547565860282578),21.0,6.0,1928.0,21.0,6.0,1928.0
19,18.0,18,"Livro de Emplacamento. n,19. p,222",Cintia,8/10/2018,POINT(-46.635773478144586 -23.547667917189635),1.0,2.0,1935.0,,,
19,2.0,2 s°,"Livro de Emplacamento. n,19. p,222",Cintia,8/10/2018,POINT(-46.635773478144586 -23.547667917189635),22.0,6.0,1928.0,1.0,1.0,1935.0
19,2.0,2 E/S,"Livro de Emplacamento. n,19. p,222",Cintia,8/10/2018,POINT(-46.635773478144586 -23.547667917189635),21.0,6.0,1928.0,21.0,6.0,1928.0
19,114.0,114,"Livro de Emplacamento. n,19. p,222",Cintia,8/10/2018,POINT(-46.63485303455631 -23.547665641137243),1.0,2.0,1935.0,,,
19,12.0,12,"Livro de Emplacamento. n,19. p,222",Cintia,8/10/2018,POINT(-46.63485303455631 -23.547665641137243),22.0,6.0,1928.0,1.0,1.0,1935.0
19,10.0,10 E/T,"Livro de Emplacamento. n,19. p,222",Cintia,8/10/2018,POINT(-46.63485303455631 -23.547665641137243),21.0,6.0,1928.0,21.0,6.0,1928.0
19,162.0,162,"Livro de Emplacamento. n,19. p,222",Cintia,8/10/2018,POINT(-46.63439840989358 -23.54756309708659),1.0,2.0,1935.0,,,
19,20.0,20 sob,"Livro de Emplacamento. n,19. p,222",Cintia,8/10/2018,POINT(-46.63439840989358 -23.54756309708659),22.0,6.0,1928.0,1.0,1.0,1935.0
19,18.0,18 E/S,"Livro de Emplacamento. n,19. p,222",Cintia,8/10/2018,POINT(-46.63439840989358 -23.54756309708659),21.0,6.0,1928.0,21.0,6.0,1928.0
20,11.0,11,"Livro de Emplacamento. n,24. p,205",Cintia,8/10/2018,POINT(-46.63374122238333 -23.548967796571777),2.0,5.0,1938.0,,,
20,1.0,1,"Livro de Emplacamento. n,24. p,205",Cintia,8/10/2018,POINT(-46.63374122238333 -23.548967796571777),3.0,1.0,1928.0,2.0,4.0,1938.0
20,141.0,141,"Livro de Emplacamento. n,24. p,205",Cintia,8/10/2018,POINT(-46.634918880889295 -23.54856183171489),2.0,5.0,1938.0,,,
20,15.0,15,"Livro de Emplacamento. n,24. p,205",Cintia,8/10/2018,POINT(-46.634918880889295 -23.54856183171489),13.0,3.0,1928.0,2.0,4.0,1938.0
20,27.0,27 E/T,"Livro de Emplacamento. n,24. p,205",Cintia,8/10/2018,POINT(-46.634918880889295 -23.54856183171489),3.0,12.0,1928.0,3.0,12.0,1928.0
20,271.0,271,"Livro de Emplacamento. n,24. p,205",Cintia,8/10/2018,POINT(-46.63603970310673 -23.54800098445889),2.0,5.0,1938.0,,,
20,39.0,39C,"Livro de Emplacamento. n,24. p,205",Cintia,8/10/2018,POINT(-46.63603970310673 -23.54800098445889),13.0,3.0,1928.0,2.0,4.0,1938.0
20,51.0,51,"Livro de Emplacamento. n,24. p,205",Cintia,8/10/2018,POINT(-46.63603970310673 -23.54800098445889),3.0,12.0,1928.0,3.0,12.0,1928.0
20,22.0,22,"Livro de Emplacamento. n,24. p,205",Cintia,8/10/2018,POINT(-46.63384477869661 -23.54894493635435),2.0,5.0,1938.0,,,
20,2.0,2,"Livro de Emplacamento. n,24. p,205",Cintia,8/10/2018,POINT(-46.63384477869661 -23.54894493635435),13.0,3.0,1928.0,2.0,4.0,1938.0
20,2.0,2 E/T,"Livro de Emplacamento. n,24. p,205",Cintia,8/10/2018,POINT(-46.63384477869661 -23.54894493635435),3.0,12.0,1928.0,3.0,12.0,1928.0
20,120.0,120,"Livro de Emplacamento. n,24. p,205",Cintia,8/10/2018,POINT(-46.63473782499263 -23.54865243011778),2.0,5.0,1938.0,,,
20,10.0,10,"Livro de Emplacamento. n,24. p,205",Cintia,8/10/2018,POINT(-46.63473782499263 -23.54865243011778),13.0,3.0,1928.0,2.0,4.0,1938.0
20,10.0,10A,"Livro de Emplacamento. n,24. p,205",Cintia,8/10/2018,POINT(-46.63473782499263 -23.54865243011778),3.0,12.0,1928.0,3.0,12.0,1928.0
20,246.0,246,"Livro de Emplacamento. n,24. p,205",Cintia,8/10/2018,POINT(-46.63582416037261 -23.54810883970043),2.0,5.0,1938.0,,,
20,28.1,28 sob,"Livro de Emplacamento. n,24. p,205",Cintia,8/10/2018,POINT(-46.63582416037261 -23.54810883970043),13.0,3.0,1928.0,2.0,4.0,1938.0
20,28.0,28 E/S,"Livro de Emplacamento. n,24. p,205",Cintia,8/10/2018,POINT(-46.63582416037261 -23.54810883970043),3.0,12.0,1928.0,3.0,12.0,1928.0
51,366.0,366,"Livro de Emplacamento. n,21.p,307",Cintia,8/10/2018,POINT(-46.637128780557326 -23.545451311749066),10.0,6.0,1936.0,,,
51,11.0,11,"Livro de Emplacamento. n,21.p,307",Cintia,8/10/2018,POINT(-46.637128780557326 -23.545451311749066),10.0,5.0,1936.0,10.0,5.0,1936.0
51,410.0,410,"Livro de Emplacamento. n,21.p,307",Cintia,8/10/2018,POINT(-46.63686799241758 -23.545137690170254),10.0,6.0,1936.0,,,
51,1.0,1,"Livro de Emplacamento. n,21.p,307",Cintia,8/10/2018,POINT(-46.63686799241758 -23.545137690170254),23.0,2.0,1909.0,10.0,5.0,1936.0
51,19.0,19,"Livro de Emplacamento. n,21.p,307",Cintia,8/10/2018,POINT(-46.6391541218578 -23.54795001332819),10.0,6.0,1936.0,,,
51,72.0,72,"Livro de Emplacamento. n,21.p,307",Cintia,8/10/2018,POINT(-46.6391541218578 -23.54795001332819),23.0,2.0,1909.0,10.0,5.0,1936.0
51,82.3,82C,"Livro de Emplacamento. n,21.p,307",Cintia,8/10/2018,POINT(-46.6391541218578 -23.54795001332819),22.0,2.0,1909.0,22.0,2.0,1909.0
51,197.0,197,"Livro de Emplacamento. n,21.p,307",Cintia,8/10/2018,POINT(-46.63812844175726 -23.54665756351328),10.0,6.0,1936.0,,,
51,26.0,26,"Livro de Emplacamento. n,21.p,307",Cintia,8/10/2018,POINT(-46.63812844175726 -23.54665756351328),23.0,2.0,1909.0,10.0,5.0,1936.0
51,44.0,44 tinta,"Livro de Emplacamento. n,21.p,307",Cintia,8/10/2018,POINT(-46.63812844175726 -23.54665756351328),22.0,2.0,1909.0,22.0,2.0,1909.0
51,449.0,449,"Livro de Emplacamento. n,21.p,307",Cintia,8/10/2018,POINT(-46.636636839293715 -23.54485970740722),10.0,6.0,1936.0,,,
51,4.0,4,"Livro de Emplacamento. n,21.p,307",Cintia,8/10/2018,POINT(-46.636636839293715 -23.54485970740722),23.0,2.0,1909.0,10.0,5.0,1936.0
54,15.0,15,"Livro de Emplacamento n,20. p,154",Cintia,8/10/2018,POINT(-46.64089803814346 -23.54317281547161),11.0,6.0,1935.0,,,
54,1.0,1,"Livro de Emplacamento n,20. p,154",Cintia,8/10/2018,POINT(-46.64089803814346 -23.54317281547161),20.0,2.0,1909.0,11.0,5.0,1935.0
54,113.0,113,"Livro de Emplacamento n,20. p,154",Cintia,8/10/2018,POINT(-46.64017655855169 -23.54375263650699),11.0,6.0,1935.0,,,
54,27.0,27,"Livro de Emplacamento n,20. p,154",Cintia,8/10/2018,POINT(-46.64017655855169 -23.54375263650699),20.0,2.0,1909.0,11.0,5.0,1935.0
54,281.0,281,"Livro de Emplacamento n,20. p,154",Cintia,8/10/2018,POINT(-46.638931682895034 -23.544736571311265),11.0,6.0,1935.0,,,
54,69.0,69,"Livro de Emplacamento n,20. p,154",Cintia,8/10/2018,POINT(-46.638931682895034 -23.544736571311265),11.0,5.0,1935.0,11.0,5.0,1935.0
54,32.0,32,"Livro de Emplacamento n,20. p,154",Cintia,8/10/2018,POINT(-46.640773866852776 -23.543274614360165),11.0,6.0,1935.0,,,
54,4.0,4,"Livro de Emplacamento n,20. p,154",Cintia,8/10/2018,POINT(-46.640773866852776 -23.543274614360165),20.0,2.0,1909.0,11.0,5.0,1935.0
54,196.0,196,"Livro de Emplacamento n,20. p,154",Cintia,8/10/2018,POINT(-46.63956176527519 -23.544239043148487),11.0,6.0,1935.0,,,
54,42.0,42,"Livro de Emplacamento n,20. p,154",Cintia,8/10/2018,POINT(-46.63956176527519 -23.544239043148487),20.0,2.0,1909.0,11.0,5.0,1935.0
54,44.0,44,"Livro de Emplacamento n,20. p,154",Cintia,8/10/2018,POINT(-46.63956176527519 -23.544239043148487),19.0,2.0,1909.0,19.0,2.0,1909.0
54,262.0,262,"Livro de Emplacamento n,20. p,154",Cintia,8/10/2018,POINT(-46.63907252483883 -23.5446253591337),11.0,6.0,1935.0,,,
54,50.2,50 sob,"Livro de Emplacamento n,20. p,154",Cintia,8/10/2018,POINT(-46.63907252483883 -23.5446253591337),20.0,2.0,1909.0,11.0,5.0,1935.0
55,11.0,11,"Livro de Emplacamento n,25. p,120",Cintia,8/10/2018,POINT(-46.63837426362913 -23.54865300160916),21.0,9.0,1938.0,,,
55,3.0,3,"Livro de Emplacamento n,25. p,120",Cintia,8/10/2018,POINT(-46.63837426362913 -23.54865300160916),19.0,3.0,1909.0,20.0,9.0,1938.0
55,49.0,49,"Livro de Emplacamento n,25. p,120",Cintia,8/10/2018,POINT(-46.63811509249788 -23.54890359609608),21.0,9.0,1938.0,,,
55,11.3,11B,"Livro de Emplacamento n,25. p,120",Cintia,8/10/2018,POINT(-46.63811509249788 -23.54890359609608),20.0,9.0,1938.0,20.0,9.0,1938.0
55,115.0,115,"Livro de Emplacamento n,25. p,120",Cintia,8/10/2018,POINT(-46.637657171153016 -23.549323362903227),21.0,9.0,1938.0,,,
55,27.0,27,"Livro de Emplacamento n,25. p,120",Cintia,8/10/2018,POINT(-46.637657171153016 -23.549323362903227),19.0,3.0,1909.0,20.0,9.0,1938.0
55,52.0,52,"Livro de Emplacamento n,25. p,120",Cintia,8/10/2018,POINT(-46.63809463161909 -23.54892337987136),21.0,9.0,1938.0,,,
55,20.0,20,"Livro de Emplacamento n,25. p,120",Cintia,8/10/2018,POINT(-46.63809463161909 -23.54892337987136),19.0,3.0,1909.0,20.0,9.0,1938.0
55,92.0,92,"Livro de Emplacamento n,25. p,120",Cintia,8/10/2018,POINT(-46.6378222170306 -23.549187571126346),21.0,9.0,1938.0,,,
55,24.0,24,"Livro de Emplacamento n,25. p,120",Cintia,8/10/2018,POINT(-46.6378222170306 -23.549187571126346),20.0,9.0,1938.0,20.0,9.0,1938.0
55,118.0,118,"Livro de Emplacamento n,25. p,120",Cintia,8/10/2018,POINT(-46.63762942755966 -23.549329714151323),21.0,9.0,1938.0,,,
55,32.0,32,"Livro de Emplacamento n,25. p,120",Cintia,8/10/2018,POINT(-46.63762942755966 -23.549329714151323),20.0,9.0,1938.0,20.0,9.0,1938.0
56,7.0,7,"Livro de Emplacamento. n,19. p,171",Cintia,8/10/2018,POINT(-46.63622934708735 -23.54956422826831),22.0,8.0,1934.0,,,
56,61.0,61,"Livro de Emplacamento. n,19. p,171",Cintia,8/10/2018,POINT(-46.63590300181797 -23.54918624652097),22.0,8.0,1934.0,,,
56,18.0,18,"Livro de Emplacamento. n,19. p,171",Cintia,8/10/2018,POINT(-46.636162378934856 -23.54948764433754),22.0,8.0,1934.0,,,
56,2.0,2,"Livro de Emplacamento. n,19. p,171",Cintia,8/10/2018,POINT(-46.636162378934856 -23.54948764433754),21.0,8.0,1934.0,21.0,8.0,1934.0
56,44.0,44,"Livro de Emplacamento. n,19. p,171",Cintia,8/10/2018,POINT(-46.636004090574396 -23.5493066277739),22.0,8.0,1934.0,,,
56,10.0,10,"Livro de Emplacamento. n,19. p,171",Cintia,8/10/2018,POINT(-46.636004090574396 -23.5493066277739),21.0,8.0,1934.0,21.0,8.0,1934.0
59,33.0,33,"Livro de Emplacamento. n,28. p,127",Cintia,8/10/2018,POINT(-46.63653932540249 -23.550215496431786),14.0,3.0,1941.0,,,
59,51.0,51,"Livro de Emplacamento. n,28. p,127",Cintia,8/10/2018,POINT(-46.63660879103314 -23.550363453760347),14.0,3.0,1941.0,,,
59,1.0,1,"Livro de Emplacamento. n,28. p,127",Cintia,8/10/2018,POINT(-46.63660879103314 -23.550363453760347),13.0,3.0,1941.0,13.0,3.0,1941.0
59,63.0,63,"Livro de Emplacamento. n,28. p,127",Cintia,8/10/2018,POINT(-46.63665510145357 -23.55046209197939),14.0,3.0,1941.0,,,
59,3.0,3s°,"Livro de Emplacamento. n,28. p,127",Cintia,8/10/2018,POINT(-46.63665510145357 -23.55046209197939),13.0,3.0,1941.0,13.0,3.0,1941.0
65,48.0,48,"Livro de Emplacamento n,27. p,182",Cintia,8/10/2018,POINT(-46.64251618049937 -23.549197203379297),8.0,7.0,1940.0,,,
65,2.0,2,"Livro de Emplacamento n,27. p,182",Cintia,8/10/2018,POINT(-46.64251618049937 -23.549197203379297),7.0,12.0,1928.0,8.0,6.0,1940.0
65,59.0,59,"Livro de Emplacamento n,27. p,182",Cintia,8/10/2018,POINT(-46.64251618049937 -23.549197203379297),17.0,6.0,1908.0,7.0,11.0,1928.0
65,51.0,51,"Livro de Emplacamento n,27. p,182",Cintia,8/10/2018,POINT(-46.64251618049937 -23.549197203379297),16.0,6.0,1908.0,16.0,6.0,1908.0
65,136.0,136,"Livro de Emplacamento n,27. p,182",Cintia,8/10/2018,POINT(-46.641668630693985 -23.548772586295186),8.0,7.0,1940.0,,,
65,34.0,34,"Livro de Emplacamento n,27. p,182",Cintia,8/10/2018,POINT(-46.64175478325411 -23.548816580175835),7.0,12.0,1928.0,8.0,6.0,1940.0
65,29.0,29,"Livro de Emplacamento n,27. p,182",Cintia,8/10/2018,POINT(-46.64175478325411 -23.548816580175835),17.0,6.0,1928.0,7.0,11.0,1928.0
65,272.0,272,"Livro de Emplacamento n,27. p,182",Cintia,8/10/2018,POINT(-46.6405039277366 -23.548471123377805),8.0,7.0,1940.0,,,
65,64.1,64A,"Livro de Emplacamento n,27. p,182",Cintia,8/10/2018,POINT(-46.6405039277366 -23.548471123377805),7.0,12.0,1928.0,8.0,6.0,1940.0
65,1.0,1 E/T,"Livro de Emplacamento n,27. p,182",Cintia,8/10/2018,POINT(-46.6405039277366 -23.548471123377805),7.0,11.0,1928.0,7.0,11.0,1928.0
65,246.0,246,"Livro de Emplacamento n,27. p,182",Cintia,8/10/2018,POINT(-46.6407536571654 -23.54850074347012),8.0,7.0,1940.0,,,
65,62.0,62,"Livro de Emplacamento n,27. p,182",Cintia,8/10/2018,POINT(-46.6407536571654 -23.54850074347012),7.0,12.0,1928.0,8.0,6.0,1940.0
65,3.0,3,"Livro de Emplacamento n,27. p,182",Cintia,8/10/2018,POINT(-46.6407536571654 -23.54850074347012),17.0,6.0,1908.0,7.0,11.0,1928.0
65,75.0,75,"Livro de Emplacamento n,27. p,182",Cintia,8/10/2018,POINT(-46.64228139651217 -23.549082773069937),8.0,7.0,1940.0,,,
65,1.0,1,"Livro de Emplacamento n,27. p,182",Cintia,8/10/2018,POINT(-46.64228139651217 -23.549082773069937),7.0,12.0,1928.0,8.0,6.0,1940.0
65,52.0,52,"Livro de Emplacamento n,27. p,182",Cintia,8/10/2018,POINT(-46.64228139651217 -23.549082773069937),7.0,11.0,1928.0,7.0,11.0,1928.0
65,111.0,111,"Livro de Emplacamento n,27. p,182",Cintia,8/10/2018,POINT(-46.64197016465442 -23.548926564877455),8.0,7.0,1940.0,,,
65,7.0,7,"Livro de Emplacamento n,27. p,182",Cintia,8/10/2018,POINT(-46.64197016465442 -23.548926564877455),7.0,12.0,1928.0,8.0,6.0,1940.0
65,48.0,48,"Livro de Emplacamento n,27. p,182",Cintia,8/10/2018,POINT(-46.64197016465442 -23.548926564877455),22.0,5.0,1912.0,7.0,11.0,1928.0
65,28.0,28,"Livro de Emplacamento n,27. p,182",Cintia,8/10/2018,POINT(-46.64197016465442 -23.548926564877455),21.0,5.0,1912.0,21.0,5.0,1912.0
65,219.0,219,"Livro de Emplacamento n,27. p,182",Cintia,8/10/2018,POINT(-46.64101250245047 -23.548535628061867),8.0,7.0,1940.0,,,
65,35.0,35,"Livro de Emplacamento n,27. p,182",Cintia,8/10/2018,POINT(-46.64101250245047 -23.548535628061867),7.0,12.0,1928.0,8.0,6.0,1940.0
65,18.0,18,"Livro de Emplacamento n,27. p,182",Cintia,8/10/2018,POINT(-46.64101250245047 -23.548535628061867),22.0,3.0,1912.0,7.0,11.0,1928.0
69,44.0,44,"Livro de Emplacamento. n,20. p,297",Cintia,8/10/2018,POINT(-46.64137443602239 -23.547431729085712),14.0,1.0,1936.0,,,
69,2.0,2,"Livro de Emplacamento. n,20. p,297",Cintia,8/10/2018,POINT(-46.64137443602239 -23.547431729085712),8.0,8.0,1930.0,13.0,1.0,1936.0
69,50.0,50,"Livro de Emplacamento. n,20. p,297",Cintia,8/10/2018,POINT(-46.641374580339516 -23.547377254224862),14.0,1.0,1936.0,,,
69,2.1,2A,"Livro de Emplacamento. n,20. p,297",Cintia,8/10/2018,POINT(-46.641374580339516 -23.547377254224862),8.0,8.0,1930.0,13.0,1.0,1936.0
69,2.0,2,"Livro de Emplacamento. n,20. p,297",Cintia,8/10/2018,POINT(-46.641374580339516 -23.547377254224862),8.0,8.0,1930.0,8.0,7.0,1930.0
69,96.0,96,"Livro de Emplacamento. n,20. p,297",Cintia,8/10/2018,POINT(-46.641374318387285 -23.54695961191062),14.0,1.0,1936.0,,,
69,18.0,18,"Livro de Emplacamento. n,20. p,297",Cintia,8/10/2018,POINT(-46.641374318387285 -23.54695961191062),8.0,8.0,1930.0,13.0,1.0,1936.0
69,186.0,186,"Livro de Emplacamento. n,20. p,297",Cintia,8/10/2018,POINT(-46.6412084792816 -23.54622966913703),14.0,1.0,1936.0,,,
69,44.1,44-A,"Livro de Emplacamento. n,20. p,297",Cintia,8/10/2018,POINT(-46.6412084792816 -23.54622966913703),8.0,8.0,1930.0,13.0,1.0,1936.0
69,44.1,46ª,"Livro de Emplacamento. n,20. p,297",Cintia,8/10/2018,POINT(-46.6412084792816 -23.54622966913703),20.0,2.0,1908.0,8.0,7.0,1930.0
69,33.0,33,"Livro de Emplacamento. n,20. p,297",Cintia,8/10/2018,POINT(-46.64137412313366 -23.547531599603413),14.0,1.0,1936.0,,,
69,1.0,1,"Livro de Emplacamento. n,20. p,297",Cintia,8/10/2018,POINT(-46.64137412313366 -23.547531599603413),20.0,2.0,1908.0,13.0,1.0,1936.0
69,125.0,125,"Livro de Emplacamento. n,20. p,297",Cintia,8/10/2018,POINT(-46.641374212949266 -23.54669631564969),14.0,1.0,1936.0,,,
69,15.0,15,"Livro de Emplacamento. n,20. p,297",Cintia,8/10/2018,POINT(-46.641374212949266 -23.54669631564969),20.0,2.0,1908.0,13.0,1.0,1936.0
69,183.0,183,"Livro de Emplacamento. n,20. p,297",Cintia,8/10/2018,POINT(-46.64123169078545 -23.546243920806674),14.0,1.0,1936.0,,,
69,31.0,31,"Livro de Emplacamento. n,20. p,297",Cintia,8/10/2018,POINT(-46.64123169078545 -23.546243920806674),8.0,8.0,1930.0,13.0,1.0,1936.0
69,27.0,27,"Livro de Emplacamento. n,20. p,297",Cintia,8/10/2018,POINT(-46.64123169078545 -23.546243920806674),20.0,2.0,1909.0,8.0,7.0,1930.0
69,25.0,25,"Livro de Emplacamento. n,20. p,297",Cintia,8/10/2018,POINT(-46.64123169078545 -23.546243920806674),19.0,2.0,1909.0,19.0,2.0,1909.0
73,94.0,94,"Livro de Emplacamento. n,25. p,195",Cintia,8/10/2018,POINT(-46.67141997510191 -23.56363399736646),14.0,7.0,1939.0,,,
73,16.0,16,"Livro de Emplacamento. n,25. p,195",Cintia,8/10/2018,POINT(-46.67141997510191 -23.56363399736646),20.0,2.0,1909.0,13.0,7.0,1939.0
73,1258.0,1258,"Livro de Emplacamento. n,25. p,197",Cintia,8/10/2018,POINT(-46.66338544411997 -23.55596403981853),14.0,7.0,1939.0,,,
73,240.0,240,"Livro de Emplacamento. n,25. p,197",Cintia,8/10/2018,POINT(-46.66338544411997 -23.55596403981853),13.0,7.0,1939.0,13.0,7.0,1939.0
73,1414.0,1414,"Livro de Emplacamento. n,25. p,197",Cintia,8/10/2018,POINT(-46.662252354552784 -23.555006280007223),14.0,7.0,1939.0,,,
73,280.0,280,"Livro de Emplacamento. n,25. p,197",Cintia,8/10/2018,POINT(-46.662252354552784 -23.555006280007223),13.0,7.0,1939.0,13.0,7.0,1939.0
73,1.0,1,"Livro de Emplacamento. n,25. p,203",Cintia,8/10/2018,POINT(-46.672072049282605 -23.564235721957743),14.0,7.0,1939.0,,,
73,3.0,3,"Livro de Emplacamento. n,25. p,203",Cintia,8/10/2018,POINT(-46.672072049282605 -23.564235721957743),13.0,7.0,1939.0,13.0,7.0,1939.0
73,813.0,813,"Livro de Emplacamento. n,25. p,204",Cintia,8/10/2018,POINT(-46.666454156427704 -23.558892222181115),14.0,7.0,1939.0,,,
73,125.0,125,"Livro de Emplacamento. n,25. p,204",Cintia,8/10/2018,POINT(-46.666454156427704 -23.558892222181115),13.0,7.0,1939.0,13.0,7.0,1939.0
73,1581.0,1581,"Livro de Emplacamento. n,25. p,205",Cintia,8/10/2018,POINT(-46.66099418971533 -23.55401418398209),14.0,7.0,1939.0,,,
73,281.0,281,"Livro de Emplacamento. n,25. p,205",Cintia,8/10/2018,POINT(-46.66099418971533 -23.55401418398209),13.0,7.0,1939.0,13.0,7.0,1939.0
74,57.0,57,"Livro de Emplacamento. n,19. p,95",Cintia,8/10/2018,POINT(-46.638006072088366 -23.549163059716275),28.0,9.0,1933.0,,,
74,1.0,1,"Livro de Emplacamento. n,19. p,95",Cintia,8/10/2018,POINT(-46.638006072088366 -23.549163059716275),27.0,9.0,1933.0,27.0,9.0,1933.0
74,81.0,81,"Livro de Emplacamento. n,19. p,95",Cintia,8/10/2018,POINT(-46.6378296220914 -23.549019249358192),28.0,9.0,1933.0,,,
74,7.1,7A,"Livro de Emplacamento. n,19. p,95",Cintia,8/10/2018,POINT(-46.6378296220914 -23.549019249358192),27.0,9.0,1933.0,27.0,9.0,1933.0
74,95.0,95,"Livro de Emplacamento. n,19. p,95",Cintia,8/10/2018,POINT(-46.63772814447595 -23.548933577830894),28.0,9.0,1933.0,,,
90,87.0,87,"Livro de Emplacamento. n,20. p,74",Cintia,8/10/2018,POINT(-46.650269270205975 -23.546016702400937),10.0,10.0,1935.0,,,
90,1.0,1,"Livro de Emplacamento. n,20. p,74",Cintia,8/10/2018,POINT(-46.650269270205975 -23.546016702400937),17.0,2.0,1907.0,10.0,9.0,1935.0
90,225.0,225,"Livro de Emplacamento. n,20. p,74",Cintia,8/10/2018,POINT(-46.65024180120019 -23.544778441638524),10.0,10.0,1935.0,,,
90,3.0,3,"Livro de Emplacamento. n,20. p,74",Cintia,8/10/2018,POINT(-46.65024180120019 -23.544778441638524),17.0,2.0,1907.0,10.0,9.0,1935.0
90,5.0,5,"Livro de Emplacamento. n,20. p,74",Cintia,8/10/2018,POINT(-46.65024180120019 -23.544778441638524),16.0,2.0,1907.0,16.0,2.0,1907.0
90,327.0,327,"Livro de Emplacamento. n,20. p,74",Cintia,8/10/2018,POINT(-46.650217117626 -23.543863307597515),10.0,10.0,1935.0,,,
90,29.0,29,"Livro de Emplacamento. n,20. p,74",Cintia,8/10/2018,POINT(-46.650217117626 -23.543863307597515),7.0,5.0,1911.0,10.0,9.0,1935.0
90,321.0,321,"Livro de Emplacamento. n,20. p,74",Cintia,8/10/2018,POINT(-46.65021873855108 -23.543917135278797),10.0,10.0,1935.0,,,
90,27.0,27,"Livro de Emplacamento. n,20. p,74",Cintia,8/10/2018,POINT(-46.65021873855108 -23.543917135278797),17.0,2.0,1907.0,10.0,9.0,1935.0
90,24.0,24,"Livro de Emplacamento. n,20. p,74",Cintia,8/10/2018,POINT(-46.65028276809554 -23.54658198548136),10.0,10.0,1935.0,,,
90,2.0,2A,"Livro de Emplacamento. n,20. p,74",Cintia,8/10/2018,POINT(-46.65028276809554 -23.54658198548136),10.0,9.0,1935.0,10.0,9.0,1935.0
90,150.0,150,"Livro de Emplacamento. n,20. p,74",Cintia,8/10/2018,POINT(-46.650253071963085 -23.54545148760784),10.0,10.0,1935.0,,,
90,2.0,2,"Livro de Emplacamento. n,20. p,74",Cintia,8/10/2018,POINT(-46.650253071963085 -23.54545148760784),17.0,2.0,1907.0,10.0,9.0,1935.0
90,2.0,2 tinta,"Livro de Emplacamento. n,20. p,74",Cintia,8/10/2018,POINT(-46.650253071963085 -23.54545148760784),16.0,2.0,1907.0,16.0,2.0,1907.0
90,314.0,314,"Livro de Emplacamento. n,20. p,74",Cintia,8/10/2018,POINT(-46.65022062963035 -23.543979934240294),10.0,10.0,1935.0,,,
90,300.0,300,"Livro de Emplacamento. n,20. p,74",Cintia,8/10/2018,POINT(-46.650224411788884 -23.544105532163286),10.0,10.0,1935.0,,,
90,26.0,26,"Livro de Emplacamento. n,20. p,74",Cintia,8/10/2018,POINT(-46.650224411788884 -23.544105532163286),17.0,9.0,1934.0,10.0,9.0,1935.0
91,45.0,45,"Livro de Emplacamento. n,20. p,84",Cintia,8/10/2018,POINT(-46.64847534502656 -23.546189831053375),10.0,4.0,1935.0,,,
91,3.0,3t,"Livro de Emplacamento. n,20. p,84",Cintia,8/10/2018,POINT(-46.64847534502656 -23.546189831053375),10.0,3.0,1935.0,10.0,3.0,1935.0
91,67.0,67,"Livro de Emplacamento. n,20. p,84",Cintia,8/10/2018,POINT(-46.64825996569292 -23.546195299870526),10.0,4.0,1935.0,,,
91,11.0,11,"Livro de Emplacamento. n,20. p,84",Cintia,8/10/2018,POINT(-46.64825996569292 -23.546195299870526),10.0,3.0,1935.0,10.0,3.0,1935.0
91,83.0,83,"Livro de Emplacamento. n,20. p,84",Cintia,8/10/2018,POINT(-46.64810332617754 -23.54619927719209),10.0,4.0,1935.0,,,
91,17.0,17,"Livro de Emplacamento. n,20. p,84",Cintia,8/10/2018,POINT(-46.64810332617754 -23.54619927719209),10.0,3.0,1935.0,10.0,3.0,1935.0
92,37.0,37,"Livro de Emplacamento. n,20. p,83A",Cintia,8/10/2018,POINT(-46.6485738696607 -23.547148639262055),10.0,4.0,1935.0,,,
92,3.0,3,"Livro de Emplacamento. n,20. p,83A",Cintia,8/10/2018,POINT(-46.6485738696607 -23.547148639262055),9.0,12.0,1908.0,10.0,3.0,1935.0
92,55.0,55,"Livro de Emplacamento. n,20. p,83A",Cintia,8/10/2018,POINT(-46.64839765383839 -23.547153272447446),10.0,4.0,1935.0,,,
92,9.0,9,"Livro de Emplacamento. n,20. p,83A",Cintia,8/10/2018,POINT(-46.64839765383839 -23.547153272447446),9.0,12.0,1908.0,10.0,3.0,1935.0
92,5.0,5,"Livro de Emplacamento. n,20. p,83A",Cintia,8/10/2018,POINT(-46.64839765383839 -23.547153272447446),9.0,11.0,1908.0,9.0,11.0,1908.0
92,87.0,87,"Livro de Emplacamento. n,20. p,83A",Cintia,8/10/2018,POINT(-46.64808438126538 -23.547161509221468),10.0,4.0,1935.0,,,
92,17.0,17,"Livro de Emplacamento. n,20. p,83A",Cintia,8/10/2018,POINT(-46.64808438126538 -23.547161509221468),9.0,12.0,1908.0,10.0,3.0,1935.0
92,44.0,44,"Livro de Emplacamento. n,20. p,83A",Cintia,8/10/2018,POINT(-46.64850534128536 -23.547150441056374),10.0,4.0,1935.0,,,
92,2.0,2,"Livro de Emplacamento. n,20. p,83A",Cintia,8/10/2018,POINT(-46.64850534128536 -23.547150441056374),10.0,3.0,1935.0,10.0,3.0,1935.0
92,64.0,64,"Livro de Emplacamento. n,20. p,83A",Cintia,8/10/2018,POINT(-46.648309545927226 -23.547155589040138),10.0,4.0,1935.0,,,
92,6.0,6,"Livro de Emplacamento. n,20. p,83A",Cintia,8/10/2018,POINT(-46.648309545927226 -23.547155589040138),10.0,3.0,1935.0,10.0,3.0,1935.0
95,19.0,19,"Livro de Emplacamento n,20. p,357",Cintia,8/10/2018,POINT(-46.64888772303335 -23.54815637628737),18.0,2.0,1936.0,,,
95,1.0,1,"Livro de Emplacamento n,20. p,357",Cintia,8/10/2018,POINT(-46.64888772303335 -23.54815637628737),19.0,8.0,1911.0,17.0,2.0,1936.0
95,79.0,79,"Livro de Emplacamento n,20. p,357",Cintia,8/10/2018,POINT(-46.648702498037295 -23.548667302724112),18.0,2.0,1936.0,,,
95,15.0,15,"Livro de Emplacamento n,20. p,357",Cintia,8/10/2018,POINT(-46.648702498037295 -23.548667302724112),20.0,9.0,1930.0,17.0,2.0,1936.0
95,383.0,383,"Livro de Emplacamento n,20. p,357",Cintia,8/10/2018,POINT(-46.647718973087144 -23.551239444683336),18.0,2.0,1936.0,,,
95,63.0,63,"Livro de Emplacamento n,20. p,357",Cintia,8/10/2018,POINT(-46.647718973087144 -23.551239444683336),20.0,9.0,1930.0,17.0,2.0,1936.0
95,65.0,65,"Livro de Emplacamento n,20. p,357",Cintia,8/10/2018,POINT(-46.647718973087144 -23.551239444683336),19.0,9.0,1930.0,19.0,9.0,1930.0
95,50.0,50,"Livro de Emplacamento n,20. p,358",Cintia,8/10/2018,POINT(-46.648795253452555 -23.548421525407676),18.0,2.0,1936.0,,,
95,2.0,2,"Livro de Emplacamento n,20. p,358",Cintia,8/10/2018,POINT(-46.648795253452555 -23.548421525407676),20.0,9.0,1930.0,17.0,2.0,1936.0
95,370.0,370,"Livro de Emplacamento n,20. p,358",Cintia,8/10/2018,POINT(-46.64776041728631 -23.55112921748462),18.0,2.0,1936.0,,,
95,34.0,34,"Livro de Emplacamento n,20. p,358",Cintia,8/10/2018,POINT(-46.64776041728631 -23.55112921748462),20.0,9.0,1930.0,17.0,2.0,1936.0
95,48.0,48 tinta,"Livro de Emplacamento n,20. p,358",Cintia,8/10/2018,POINT(-46.64776041728631 -23.55112921748462),19.0,9.0,1930.0,19.0,9.0,1930.0
98,37.0,37,"Livro de Emplacamento. n,20. p,378",Cintia,8/10/2018,POINT(-46.64648437874304 -23.550077410187413),21.0,2.0,1936.0,,,
98,3.0,3,"Livro de Emplacamento. n,20. p,378",Cintia,8/10/2018,POINT(-46.64648437874304 -23.550077410187413),1.0,3.0,1925.0,20.0,2.0,1936.0
98,615.0,615,"Livro de Emplacamento. n,20. p,378",Cintia,8/10/2018,POINT(-46.651780712803124 -23.551820832378294),21.0,2.0,1936.0,,,
98,123.0,123,"Livro de Emplacamento. n,20. p,378",Cintia,8/10/2018,POINT(-46.651780712803124 -23.551820832378294),27.0,7.0,1927.0,20.0,2.0,1936.0
98,97.0,97,"Livro de Emplacamento. n,20. p,378",Cintia,8/10/2018,POINT(-46.651780712803124 -23.551820832378294),18.0,2.0,1914.0,26.0,7.0,1927.0
98,66.0,66,"Livro de Emplacamento. n,20. p,378",Cintia,8/10/2018,POINT(-46.64675043290132 -23.550163099055702),21.0,2.0,1936.0,,,
98,8.0,8,"Livro de Emplacamento. n,20. p,378",Cintia,8/10/2018,POINT(-46.64675043290132 -23.550163099055702),27.0,6.0,1927.0,20.0,2.0,1936.0
98,2.0,2,"Livro de Emplacamento. n,20. p,378",Cintia,8/10/2018,POINT(-46.64675043290132 -23.550163099055702),18.0,2.0,1914.0,26.0,6.0,1927.0
98,534.0,534,"Livro de Emplacamento. n,20. p,378",Cintia,8/10/2018,POINT(-46.651040693800226 -23.55157505748356),21.0,2.0,1936.0,,,
98,90.0,90,"Livro de Emplacamento. n,20. p,378",Cintia,8/10/2018,POINT(-46.651040693800226 -23.55157505748356),27.0,6.0,1927.0,20.0,2.0,1936.0
98,52.0,52,"Livro de Emplacamento. n,20. p,378",Cintia,8/10/2018,POINT(-46.651040693800226 -23.55157505748356),18.0,2.0,1914.0,26.0,6.0,1927.0
98,28.0,28,"Livro de Emplacamento. n,20. p,378",Cintia,8/10/2018,POINT(-46.651040693800226 -23.55157505748356),17.0,2.0,1914.0,17.0,2.0,1914.0
98,1062.0,1062,"Livro de Emplacamento. n,20. p,378",Cintia,8/10/2018,POINT(-46.65555603028161 -23.553802375989072),21.0,2.0,1936.0,,,
98,202.0,202,"Livro de Emplacamento. n,20. p,378",Cintia,8/10/2018,POINT(-46.65555603028161 -23.553802375989072),27.0,6.0,1927.0,20.0,2.0,1936.0
98,166.0,166,"Livro de Emplacamento. n,20. p,378",Cintia,8/10/2018,POINT(-46.65555603028161 -23.553802375989072),18.0,2.0,1914.0,26.0,6.0,1927.0
98,112.0,112,"Livro de Emplacamento. n,20. p,378",Cintia,8/10/2018,POINT(-46.65555603028161 -23.553802375989072),13.0,4.0,1908.0,17.0,2.0,1914.0
98,104.0,104,"Livro de Emplacamento. n,20. p,378",Cintia,8/10/2018,POINT(-46.65555603028161 -23.553802375989072),4.0,12.0,1908.0,4.0,12.0,1908.0
101,48.0,48,"Livro de Emplacamento. n,20. p,286",Cintia,8/10/2018,POINT(-46.647453132647286 -23.5479762711219),1.0,10.0,1936.0,,,
101,10.0,10,"Livro de Emplacamento. n,20. p,286",Cintia,8/10/2018,POINT(-46.647453132647286 -23.5479762711219),26.0,1.0,1911.0,1.0,9.0,1936.0
101,2.0,2 tinta,"Livro de Emplacamento. n,20. p,286",Cintia,8/10/2018,POINT(-46.647453132647286 -23.5479762711219),25.0,1.0,1911.0,25.0,1.0,1911.0
101,92.0,92,"Livro de Emplacamento. n,20. p,286",Cintia,8/10/2018,POINT(-46.64731450692644 -23.54834970177802),1.0,10.0,1936.0,,,
101,26.0,26,"Livro de Emplacamento. n,20. p,286",Cintia,8/10/2018,POINT(-46.64731450692644 -23.54834970177802),26.0,1.0,1911.0,1.0,9.0,1936.0
101,10.0,10,"Livro de Emplacamento. n,20. p,286",Cintia,8/10/2018,POINT(-46.64731450692644 -23.54834970177802),25.0,1.0,1911.0,25.0,1.0,1911.0
101,152.0,152,"Livro de Emplacamento. n,20. p,286",Cintia,8/10/2018,POINT(-46.647125471852554 -23.548858925399998),1.0,10.0,1936.0,,,
101,40.0,40,"Livro de Emplacamento. n,20. p,286",Cintia,8/10/2018,POINT(-46.647125471852554 -23.548858925399998),26.0,1.0,1911.0,1.0,9.0,1936.0
101,24.0,24,"Livro de Emplacamento. n,20. p,286",Cintia,8/10/2018,POINT(-46.647125471852554 -23.548858925399998),25.0,1.0,1911.0,25.0,1.0,1911.0
101,252.0,252,"Livro de Emplacamento. n,20. p,286",Cintia,8/10/2018,POINT(-46.64681041339608 -23.54970763143663),1.0,10.0,1936.0,,,
101,52.0,52,"Livro de Emplacamento. n,20. p,286",Cintia,8/10/2018,POINT(-46.64681041339608 -23.54970763143663),1.0,9.0,1936.0,1.0,9.0,1936.0
101,39.0,39,"Livro de Emplacamento. n,20. p,286",Cintia,8/10/2018,POINT(-46.64748148790837 -23.547899887578605),1.0,10.0,1936.0,,,
101,1.0,1,"Livro de Emplacamento. n,20. p,286",Cintia,8/10/2018,POINT(-46.64748148790837 -23.547899887578605),26.0,1.0,1911.0,1.0,9.0,1936.0
101,59.0,59,"Livro de Emplacamento. n,20. p,286",Cintia,8/10/2018,POINT(-46.64741847621708 -23.54806962878593),1.0,10.0,1936.0,,,
101,9.0,9,"Livro de Emplacamento. n,20. p,286",Cintia,8/10/2018,POINT(-46.64741847621708 -23.54806962878593),26.0,1.0,1911.0,1.0,9.0,1936.0
113,45.0,45,"Livro de Emplacamento. n,24. p,49",Cintia,8/10/2018,POINT(-46.654683806473436 -23.554994484640506),26.0,10.0,1937.0,,,
113,85.0,85,"Livro de Emplacamento. n,24. p,49",Cintia,8/10/2018,POINT(-46.6545015099765 -23.555315993789158),26.0,10.0,1937.0,,,
113,11.0,11,"Livro de Emplacamento. n,24. p,49",Cintia,8/10/2018,POINT(-46.6545015099765 -23.555315993789158),6.0,3.0,1922.0,25.0,10.0,1937.0
113,121.0,121,"Livro de Emplacamento. n,24. p,49",Cintia,8/10/2018,POINT(-46.65434628721673 -23.555589754054346),26.0,10.0,1937.0,,,
113,19.0,19,"Livro de Emplacamento. n,24. p,49",Cintia,8/10/2018,POINT(-46.65434628721673 -23.555589754054346),6.0,3.0,1922.0,25.0,10.0,1937.0
113,36.0,36,"Livro de Emplacamento. n,24. p,49",Cintia,8/10/2018,POINT(-46.65472757568186 -23.554917290612238),26.0,10.0,1937.0,,,
113,4.0,4,"Livro de Emplacamento. n,24. p,49",Cintia,8/10/2018,POINT(-46.65472757568186 -23.554917290612238),6.0,3.0,1922.0,25.0,10.0,1937.0
113,110.0,110,"Livro de Emplacamento. n,24. p,49",Cintia,8/10/2018,POINT(-46.654389153967244 -23.55551415165553),26.0,10.0,1937.0,,,
113,16.0,16,"Livro de Emplacamento. n,24. p,49",Cintia,8/10/2018,POINT(-46.654389153967244 -23.55551415165553),6.0,3.0,1922.0,25.0,10.0,1937.0
113,14.0,14,"Livro de Emplacamento. n,24. p,49",Cintia,8/10/2018,POINT(-46.654389153967244 -23.55551415165553),6.0,2.0,1922.0,6.0,2.0,1922.0
117,19.0,19,"Livro de Emplacamento. n,21. p,177",Cintia,8/10/2018,POINT(-46.653661009307555 -23.544573426774964),30.0,6.0,1936.0,,,
117,1.0,1,"Livro de Emplacamento. n,21. p,177",Cintia,8/10/2018,POINT(-46.653661009307555 -23.544573426774964),17.0,9.0,1928.0,29.0,6.0,1936.0
117,109.0,109,"Livro de Emplacamento. n,21. p,177",Cintia,8/10/2018,POINT(-46.65331619902835 -23.543847972415755),30.0,6.0,1936.0,,,
117,23.0,23,"Livro de Emplacamento. n,21. p,177",Cintia,8/10/2018,POINT(-46.65331619902835 -23.543847972415755),17.0,9.0,1928.0,29.0,6.0,1936.0
117,21.0,21,"Livro de Emplacamento. n,21. p,177",Cintia,8/10/2018,POINT(-46.65331619902835 -23.543847972415755),16.0,9.0,1928.0,16.0,9.0,1928.0
117,245.0,245,"Livro de Emplacamento. n,21. p,177",Cintia,8/10/2018,POINT(-46.65313770858265 -23.542637112389304),30.0,6.0,1936.0,,,
117,41.0,41,"Livro de Emplacamento. n,21. p,177",Cintia,8/10/2018,POINT(-46.65313770858265 -23.542637112389304),17.0,9.0,1928.0,29.0,6.0,1936.0
117,43.0,43,"Livro de Emplacamento. n,21. p,177",Cintia,8/10/2018,POINT(-46.65313770858265 -23.542637112389304),16.0,9.0,1928.0,16.0,9.0,1928.0
117,52.0,52,"Livro de Emplacamento. n,21. p,178",Cintia,8/10/2018,POINT(-46.65353250183852 -23.544304875034072),30.0,6.0,1936.0,,,
117,2.0,2,"Livro de Emplacamento. n,21. p,178",Cintia,8/10/2018,POINT(-46.65353250183852 -23.544304875034072),17.0,9.0,1928.0,29.0,6.0,1936.0
117,164.0,164,"Livro de Emplacamento. n,21. p,178",Cintia,8/10/2018,POINT(-46.65319527965445 -23.54336334217634),30.0,6.0,1936.0,,,
117,20.0,20,"Livro de Emplacamento. n,21. p,178",Cintia,8/10/2018,POINT(-46.65319527965445 -23.54336334217634),17.0,9.0,1928.0,29.0,6.0,1936.0
117,22.0,22,"Livro de Emplacamento. n,21. p,178",Cintia,8/10/2018,POINT(-46.65319527965445 -23.54336334217634),16.0,9.0,1928.0,16.0,9.0,1928.0
117,456.0,456,"Livro de Emplacamento. n,21. p,178",Cintia,8/10/2018,POINT(-46.65286144239963 -23.540764762860416),30.0,6.0,1936.0,,,
117,38.0,38,"Livro de Emplacamento. n,21. p,178",Cintia,8/10/2018,POINT(-46.65286144239963 -23.540764762860416),17.0,9.0,1928.0,29.0,6.0,1936.0
118,15.0,15,"Livro de Emplacamento. n,20. p,182",Cintia,8/10/2018,POINT(-46.65464036928213 -23.547934942334926),13.0,11.0,1936.0,,,
118,1.0,1,"Livro de Emplacamento. n,20. p,182",Cintia,8/10/2018,POINT(-46.65464036928213 -23.547934942334926),30.0,6.0,1927.0,12.0,11.0,1936.0
118,12.0,12,"Livro de Emplacamento. n,20. p,183",Cintia,8/10/2018,POINT(-46.65460303416616 -23.547950699808244),13.0,11.0,1936.0,,,
118,2.0,2,"Livro de Emplacamento. n,20. p,183",Cintia,8/10/2018,POINT(-46.65460303416616 -23.547950699808244),30.0,6.0,1927.0,12.0,11.0,1936.0
136,245.0,245,"Livro de Emplacamento. n,21. p,150",Cintia,8/10/2018,POINT(-46.62676802920014 -23.542332095077445),28.0,5.0,1936.0,,,
136,1.0,1,"Livro de Emplacamento. n,21. p,150",Cintia,8/10/2018,POINT(-46.62676767890927 -23.54234107513891),15.0,1.0,1909.0,27.0,5.0,1936.0
136,365.0,365,"Livro de Emplacamento. n,21. p,150",Cintia,8/10/2018,POINT(-46.62663018502687 -23.543390946138672),28.0,5.0,1936.0,,,
136,35.0,35,"Livro de Emplacamento. n,21. p,150",Cintia,8/10/2018,POINT(-46.62663018502687 -23.543390946138672),15.0,1.0,1909.0,27.0,5.0,1936.0
136,495.0,495,"Livro de Emplacamento. n,21. p,150",Cintia,8/10/2018,POINT(-46.626312302839494 -23.544514220223192),28.0,5.0,1936.0,,,
136,77.0,77,"Livro de Emplacamento. n,21. p,150",Cintia,8/10/2018,POINT(-46.626312302839494 -23.544514220223192),15.0,1.0,1909.0,27.0,5.0,1936.0
136,24.0,24,"Livro de Emplacamento. n,21. p,151",Cintia,8/10/2018,POINT(-46.626843680542216 -23.540345743461607),28.0,5.0,1936.0,,,
136,2.0,2,"Livro de Emplacamento. n,21. p,151",Cintia,8/10/2018,POINT(-46.626843680542216 -23.540345743461607),27.0,5.0,1936.0,27.0,5.0,1936.0
136,258.0,258,"Livro de Emplacamento. n,21. p,151",Cintia,8/10/2018,POINT(-46.626763790680556 -23.542440753821165),28.0,5.0,1936.0,,,
136,48.0,48,"Livro de Emplacamento. n,21. p,151",Cintia,8/10/2018,POINT(-46.626763790680556 -23.542440753821165),15.0,1.0,1909.0,27.0,5.0,1936.0
136,38.0,38,"Livro de Emplacamento. n,21. p,151",Cintia,8/10/2018,POINT(-46.626763790680556 -23.542440753821165),14.0,1.0,1909.0,14.0,1.0,1909.0
136,518.0,518,"Livro de Emplacamento. n,21. p,151",Cintia,8/10/2018,POINT(-46.62625821353498 -23.54470532332043),28.0,5.0,1936.0,,,
136,110.0,110,"Livro de Emplacamento. n,21. p,151",Cintia,8/10/2018,POINT(-46.62625821353498 -23.54470532332043),15.0,1.0,1909.0,27.0,5.0,1936.0
136,100.0,100,"Livro de Emplacamento. n,21. p,151",Cintia,8/10/2018,POINT(-46.62625821353498 -23.54470532332043),14.0,1.0,1909.0,14.0,1.0,1909.0
142,20.0,20,"Livro de Emplacamento. n,29. p,385",Cintia,8/10/2018,POINT(-46.62401387062236 -23.554648686019455),31.0,7.0,1942.0,,,
142,133.0,133,"Livro de Emplacamento. n,29. p,385",Cintia,8/10/2018,POINT(-46.62401387062236 -23.554648686019455),30.0,7.0,1942.0,30.0,7.0,1942.0
142,262.0,262,"Livro de Emplacamento. n,29. p,385",Cintia,8/10/2018,POINT(-46.623560959206195 -23.55251197948081),31.0,7.0,1942.0,,,
142,79.0,79,"Livro de Emplacamento. n,29. p,385",Cintia,8/10/2018,POINT(-46.623560959206195 -23.55251197948081),22.0,9.0,1921.0,30.0,7.0,1942.0
142,75.0,75,"Livro de Emplacamento. n,29. p,385",Cintia,8/10/2018,POINT(-46.623560959206195 -23.55251197948081),21.0,9.0,1921.0,21.0,9.0,1921.0
142,21.0,21,"Livro de Emplacamento. n,29. p,387",Cintia,8/10/2018,POINT(-46.62401348307269 -23.554646929011653),31.0,7.0,1942.0,,,
142,102.0,102,"Livro de Emplacamento. n,29. p,387",Cintia,8/10/2018,POINT(-46.62401348307269 -23.554646929011653),30.0,7.0,1942.0,30.0,7.0,1942.0
142,145.0,145,"Livro de Emplacamento. n,29. p,387",Cintia,8/10/2018,POINT(-46.62377920929299 -23.553584817794654),31.0,7.0,1942.0,,,
142,92.0,92,"Livro de Emplacamento. n,29. p,387",Cintia,8/10/2018,POINT(-46.62377920929299 -23.553584817794654),3.0,4.0,1926.0,30.0,7.0,1942.0
142,395.0,395,"Livro de Emplacamento. n,29. p,387",Cintia,8/10/2018,POINT(-46.6233237968959 -23.55134748536747),31.0,7.0,1942.0,,,
142,44.0,44,"Livro de Emplacamento. n,29. p,387",Cintia,8/10/2018,POINT(-46.6233237968959 -23.55134748536747),3.0,4.0,1926.0,30.0,7.0,1942.0
142,24.0,24,"Livro de Emplacamento. n,29. p,387",Cintia,8/10/2018,POINT(-46.6233237968959 -23.55134748536747),10.0,8.0,1907.0,3.0,3.0,1926.0
142,20.2,20 tinta,"Livro de Emplacamento. n,29. p,387",Cintia,8/10/2018,POINT(-46.6233237968959 -23.55134748536747),10.0,7.0,1907.0,10.0,7.0,1907.0
144,37.0,37,"Livro de Emplacamento. n,22. p,208",Cintia,8/10/2018,POINT(-46.62168613435541 -23.54426415052014),6.0,3.0,1937.0,,,
144,1.0,1,"Livro de Emplacamento. n,22. p,208",Cintia,8/10/2018,POINT(-46.62168613435541 -23.54426415052014),6.0,2.0,1937.0,6.0,2.0,1937.0
144,80.0,80,"Livro de Emplacamento. n,22. p,208",Cintia,8/10/2018,POINT(-46.62146042030024 -23.544573540341663),6.0,3.0,1937.0,,,
144,12.1,12A,"Livro de Emplacamento. n,22. p,208",Cintia,8/10/2018,POINT(-46.62146042030024 -23.544573540341663),6.0,2.0,1937.0,6.0,2.0,1937.0
144,166.0,166,"Livro de Emplacamento. n,22. p,208",Cintia,8/10/2018,POINT(-46.62099519789744 -23.545219089315687),6.0,3.0,1937.0,,,
144,46.0,46,"Livro de Emplacamento. n,22. p,208",Cintia,8/10/2018,POINT(-46.62099519789744 -23.545219089315687),6.0,2.0,1937.0,6.0,2.0,1937.0
145,51.0,51,"Livro de Emplacamento. n,89",Cintia,8/10/2018,POINT(-46.62050285587871 -23.545880016547308),29.0,4.0,1936.0,,,
145,1.0,1,"Livro de Emplacamento. n,89",Cintia,8/10/2018,POINT(-46.62050285587871 -23.545880016547308),25.0,4.0,1908.0,28.0,4.0,1936.0
145,581.0,581,"Livro de Emplacamento. n,89",Cintia,8/10/2018,POINT(-46.61767741091615 -23.549862277265365),29.0,4.0,1936.0,,,
145,103.0,103,"Livro de Emplacamento. n,90",Cintia,8/10/2018,POINT(-46.61767741091615 -23.549862277265365),8.0,11.0,1928.0,28.0,4.0,1936.0
145,105.0,105,"Livro de Emplacamento. n,90",Cintia,8/10/2018,POINT(-46.61767741091615 -23.549862277265365),25.0,4.0,1908.0,8.0,10.0,1928.0
145,53.2,53B,"Livro de Emplacamento. n,90",Cintia,8/10/2018,POINT(-46.61767741091615 -23.549862277265365),24.0,4.0,1908.0,24.0,4.0,1908.0
145,20.0,20,"Livro de Emplacamento. n,92",Cintia,8/10/2018,POINT(-46.62067145568572 -23.54564701514248),29.0,4.0,1936.0,,,
145,2.0,2,"Livro de Emplacamento. n,92",Cintia,8/10/2018,POINT(-46.62067145568572 -23.54564701514248),25.0,4.0,1908.0,28.0,4.0,1936.0
145,582.0,582,"Livro de Emplacamento. n,93",Cintia,8/10/2018,POINT(-46.61766890398062 -23.549874325562772),29.0,4.0,1936.0,,,
145,124.0,124,"Livro de Emplacamento. n,93",Cintia,8/10/2018,POINT(-46.61766890398062 -23.549874325562772),8.0,11.0,1928.0,28.0,4.0,1936.0
145,110.0,110,"Livro de Emplacamento. n,93",Cintia,8/10/2018,POINT(-46.61766890398062 -23.549874325562772),8.0,10.0,1928.0,8.0,10.0,1928.0
145,1078.0,1078,"Livro de Emplacamento. n,94",Cintia,8/10/2018,POINT(-46.61503698385777 -23.55361411123438),29.0,4.0,1936.0,,,
145,248.0,248,"Livro de Emplacamento. n,94",Cintia,8/10/2018,POINT(-46.61503698385777 -23.55361411123438),8.0,11.0,1928.0,28.0,4.0,1936.0
145,234.0,234,"Livro de Emplacamento. n,94",Cintia,8/10/2018,POINT(-46.61503698385777 -23.55361411123438),18.0,12.0,1913.0,8.0,10.0,1928.0
147,16.0,16,"Livro de Emplacamento. n,25. p,291",Cintia,8/10/2018,POINT(-46.61531638174155 -23.54445390438685),13.0,6.0,1939.0,,,
147,2.0,2,"Livro de Emplacamento. n,25. p,291",Cintia,8/10/2018,POINT(-46.61531638174155 -23.54445390438685),4.0,1.0,1909.0,6.0,12.0,1939.0
147,68.0,68,"Livro de Emplacamento. n,25. p,291",Cintia,8/10/2018,POINT(-46.61490129683573 -23.544185280574364),13.0,6.0,1939.0,,,
147,10.0,10,"Livro de Emplacamento. n,25. p,291",Cintia,8/10/2018,POINT(-46.61490129683573 -23.544185280574364),23.0,8.0,1929.0,6.0,12.0,1939.0
147,6.0,6,"Livro de Emplacamento. n,25. p,291",Cintia,8/10/2018,POINT(-46.61490129683573 -23.544185280574364),4.0,1.0,1909.0,22.0,8.0,1929.0
147,45.0,45,"Livro de Emplacamento. n,25. p,292",Cintia,8/10/2018,POINT(-46.61508844494356 -23.544306394200802),13.0,6.0,1939.0,,,
147,1.0,1,"Livro de Emplacamento. n,25. p,292",Cintia,8/10/2018,POINT(-46.61508844494356 -23.544306394200802),4.0,1.0,1909.0,6.0,12.0,1939.0
147,65.0,65,"Livro de Emplacamento. n,25. p,292",Cintia,8/10/2018,POINT(-46.61493728685647 -23.544208571656373),13.0,6.0,1939.0,,,
147,11.0,11,"Livro de Emplacamento. n,25. p,292",Cintia,8/10/2018,POINT(-46.61493728685647 -23.544208571656373),4.0,1.0,1909.0,6.0,12.0,1939.0
177,118.0,118,"Livro de Emplacamento. n,20. p,316",Cintia,8/10/2018,POINT(-46.65920980769058 -23.52708038363335),21.0,1.0,1936.0,,,
177,4.0,4,"Livro de Emplacamento. n,20. p,316",Cintia,8/10/2018,POINT(-46.65920980769058 -23.52708038363335),8.0,6.0,1929.0,20.0,1.0,1936.0
177,8.0,8,"Livro de Emplacamento. n,20. p,316",Cintia,8/10/2018,POINT(-46.65920980769058 -23.52708038363335),26.0,11.0,1911.0,8.0,5.0,1929.0
177,460.0,460,"Livro de Emplacamento. n,20. p,316",Cintia,8/10/2018,POINT(-46.65675688973384 -23.529161806088652),21.0,1.0,1936.0,,,
177,88.0,88,"Livro de Emplacamento. n,20. p,316",Cintia,8/10/2018,POINT(-46.65675688973384 -23.529161806088652),8.0,6.0,1929.0,20.0,1.0,1936.0
177,92.0,92,"Livro de Emplacamento. n,20. p,316",Cintia,8/10/2018,POINT(-46.65675688973384 -23.529161806088652),26.0,7.0,1911.0,8.0,5.0,1929.0
177,67.0,67,"Livro de Emplacamento. n,20. p,316",Cintia,8/10/2018,POINT(-46.65960025034892 -23.52679258865058),21.0,1.0,1936.0,,,
177,1.0,1,"Livro de Emplacamento. n,20. p,316",Cintia,8/10/2018,POINT(-46.65960025034892 -23.52679258865058),8.0,6.0,1929.0,20.0,1.0,1936.0
177,9.0,9,"Livro de Emplacamento. n,20. p,318",Cintia,8/10/2018,POINT(-46.65960025034892 -23.52679258865058),4.0,3.0,1908.0,8.0,5.0,1929.0
177,257.0,257,"Livro de Emplacamento. n,20. p,318",Cintia,8/10/2018,POINT(-46.6582048129769 -23.527910161037354),21.0,1.0,1936.0,,,
177,41.0,41,"Livro de Emplacamento. n,20. p,316",Cintia,8/10/2018,POINT(-46.6582048129769 -23.527910161037354),8.0,6.0,1929.0,20.0,1.0,1936.0
177,53.0,53,"Livro de Emplacamento. n,20. p,316",Cintia,8/10/2018,POINT(-46.6582048129769 -23.527910161037354),4.0,3.0,1908.0,8.0,5.0,1929.0
177,39.0,39,"Livro de Emplacamento. n,20. p,316",Cintia,8/10/2018,POINT(-46.6582048129769 -23.527910161037354),4.0,2.0,1908.0,4.0,2.0,1908.0
177,501.0,501,"Livro de Emplacamento. n,20. p,318",Cintia,8/10/2018,POINT(-46.65646588555264 -23.529413362201904),21.0,1.0,1936.0,,,
177,101.0,101,"Livro de Emplacamento. n,20. p,318",Cintia,8/10/2018,POINT(-46.65646588555264 -23.529413362201904),8.0,6.0,1929.0,20.0,1.0,1936.0
177,105.0,105,"Livro de Emplacamento. n,20. p,318",Cintia,8/10/2018,POINT(-46.65646588555264 -23.529413362201904),4.0,3.0,1908.0,8.0,5.0,1929.0
177,87.0,87,"Livro de Emplacamento. n,20. p,318",Cintia,8/10/2018,POINT(-46.65646588555264 -23.529413362201904),4.0,2.0,1908.0,4.0,2.0,1908.0
183,19.0,19,"Livro de Emplacamento. n,20. p,60",Cintia,8/10/2018,POINT(-46.64557287005449 -23.52874834456708),26.0,9.0,1935.0,,,
183,1.0,1,"Livro de Emplacamento. n,20. p,60",Cintia,8/10/2018,POINT(-46.64557287005449 -23.52874834456708),16.0,8.0,1930.0,25.0,9.0,1935.0
183,601.0,601,"Livro de Emplacamento. n,20. p,60",Cintia,8/10/2018,POINT(-46.64232798013396 -23.533047038299163),26.0,9.0,1935.0,,,
183,41.0,41,"Livro de Emplacamento. n,20. p,60",Cintia,8/10/2018,POINT(-46.64232798013396 -23.533047038299163),16.0,8.0,1930.0,25.0,9.0,1935.0
183,37.0,37,"Livro de Emplacamento. n,20. p,60",Cintia,8/10/2018,POINT(-46.64232798013396 -23.533047038299163),15.0,8.0,1930.0,15.0,8.0,1930.0
183,899.0,899,"Livro de Emplacamento. n,20. p,60",Cintia,8/10/2018,POINT(-46.64068604765909 -23.535248177896587),26.0,9.0,1935.0,,,
183,101.0,101,"Livro de Emplacamento. n,20. p,60",Cintia,8/10/2018,POINT(-46.64068604765909 -23.535248177896587),16.0,8.0,1930.0,25.0,9.0,1935.0
183,95.0,95,"Livro de Emplacamento. n,20. p,60",Cintia,8/10/2018,POINT(-46.64068604765909 -23.535248177896587),15.0,8.0,1930.0,15.0,8.0,1930.0
183,16.0,16,"Livro de Emplacamento. n,20. p,61",Cintia,8/10/2018,POINT(-46.645584652165766 -23.528732927342595),26.0,9.0,1935.0,,,
183,2.0,2,"Livro de Emplacamento. n,20. p,61",Cintia,8/10/2018,POINT(-46.645584652165766 -23.528732927342595),16.0,8.0,1930.0,25.0,9.0,1935.0
183,350.0,350,"Livro de Emplacamento. n,20. p,61",Cintia,8/10/2018,POINT(-46.64371973013509 -23.531194145842203),26.0,9.0,1935.0,,,
183,60.0,60,"Livro de Emplacamento. n,20. p,61",Cintia,8/10/2018,POINT(-46.64371973013509 -23.531194145842203),16.0,8.0,1930.0,25.0,9.0,1935.0
183,50.0,50,"Livro de Emplacamento. n,20. p,61",Cintia,8/10/2018,POINT(-46.64371973013509 -23.531194145842203),15.0,8.0,1930.0,15.0,8.0,1930.0
183,886.0,886,"Livro de Emplacamento. n,20. p,62",Cintia,8/10/2018,POINT(-46.64075158091929 -23.53515988569559),26.0,9.0,1935.0,,,
183,148.0,148,"Livro de Emplacamento. n,20. p,62",Cintia,8/10/2018,POINT(-46.64075158091929 -23.53515988569559),16.0,8.0,1930.0,25.0,9.0,1935.0
183,134.0,134,"Livro de Emplacamento. n,20. p,61",Cintia,8/10/2018,POINT(-46.64075158091929 -23.53515988569559),15.0,8.0,1930.0,15.0,8.0,1930.0
184,15.0,15,"Livro de Emplacamento. n,19. p,391",Cintia,8/10/2018,POINT(-46.647829286657675 -23.528929273476166),9.0,5.0,1935.0,,,
184,1.0,1,"Livro de Emplacamento. n,19. p,391",Cintia,8/10/2018,POINT(-46.647829286657675 -23.528929273476166),1.0,5.0,1909.0,9.0,4.0,1935.0
184,3.0,3,"Livro de Emplacamento. n,19. p,391",Cintia,8/10/2018,POINT(-46.647829286657675 -23.528929273476166),1.0,4.0,1909.0,1.0,4.0,1909.0
184,329.0,329,"Livro de Emplacamento. n,19. p,391",Cintia,8/10/2018,POINT(-46.646086227644986 -23.531253163162482),9.0,5.0,1935.0,,,
184,47.0,47,"Livro de Emplacamento. n,19. p,391",Cintia,8/10/2018,POINT(-46.646086227644986 -23.531253163162482),20.0,4.0,1928.0,9.0,4.0,1935.0
184,39.0,39,"Livro de Emplacamento. n,19. p,391",Cintia,8/10/2018,POINT(-46.646086227644986 -23.531253163162482),1.0,5.0,1909.0,19.0,4.0,1928.0
184,45.0,45,"Livro de Emplacamento. n,19. p,391",Cintia,8/10/2018,POINT(-46.646086227644986 -23.531253163162482),1.0,4.0,1909.0,1.0,4.0,1909.0
184,781.0,781,"Livro de Emplacamento. n,19. p,391",Cintia,8/10/2018,POINT(-46.643604761689765 -23.534611391913536),9.0,5.0,1935.0,,,
184,109.0,109,"Livro de Emplacamento. n,19. p,391",Cintia,8/10/2018,POINT(-46.643604761689765 -23.534611391913536),20.0,4.0,1928.0,9.0,4.0,1935.0
184,97.0,97,"Livro de Emplacamento. n,19. p,391",Cintia,8/10/2018,POINT(-46.643604761689765 -23.534611391913536),1.0,5.0,1909.0,19.0,4.0,1928.0
184,103.0,103,"Livro de Emplacamento. n,19. p,391",Cintia,8/10/2018,POINT(-46.643604761689765 -23.534611391913536),1.0,4.0,1909.0,1.0,4.0,1909.0
184,20.0,20,"Livro de Emplacamento. n,19. p,393",Cintia,8/10/2018,POINT(-46.647798943525665 -23.52896884236043),9.0,5.0,1935.0,,,
184,2.0,2,"Livro de Emplacamento. n,19. p,393",Cintia,8/10/2018,POINT(-46.647798943525665 -23.52896884236043),20.0,4.0,1928.0,9.0,4.0,1935.0
184,8.0,8,"Livro de Emplacamento. n,19. p,393",Cintia,8/10/2018,POINT(-46.647798943525665 -23.52896884236043),1.0,5.0,1909.0,19.0,4.0,1928.0
184,326.0,326,"Livro de Emplacamento. n,19. p,393",Cintia,8/10/2018,POINT(-46.64610695787209 -23.531224852009984),9.0,5.0,1935.0,,,
184,54.0,54,"Livro de Emplacamento. n,19. p,393",Cintia,8/10/2018,POINT(-46.64610695787209 -23.531224852009984),20.0,4.0,1928.0,9.0,4.0,1935.0
184,48.0,48,"Livro de Emplacamento. n,19. p,393",Cintia,8/10/2018,POINT(-46.64610695787209 -23.531224852009984),1.0,5.0,1909.0,19.0,4.0,1928.0
184,50.0,50,"Livro de Emplacamento. n,19. p,393",Cintia,8/10/2018,POINT(-46.64610695787209 -23.531224852009984),1.0,4.0,1909.0,1.0,4.0,1909.0
184,774.0,774,"Livro de Emplacamento. n,19. p,393",Cintia,8/10/2018,POINT(-46.64364471416637 -23.534558249931063),9.0,5.0,1935.0,,,
184,128.0,128,"Livro de Emplacamento. n,19. p,393",Cintia,8/10/2018,POINT(-46.64364471416637 -23.534558249931063),20.0,4.0,1928.0,9.0,4.0,1935.0
184,116.0,116,"Livro de Emplacamento. n,19. p,393",Cintia,8/10/2018,POINT(-46.64364471416637 -23.534558249931063),1.0,5.0,1909.0,19.0,4.0,1928.0
184,120.0,120,"Livro de Emplacamento. n,19. p,393",Cintia,8/10/2018,POINT(-46.64364471416637 -23.534558249931063),1.0,4.0,1909.0,1.0,4.0,1909.0
188,37.0,37,"Livro de Emplacamento. n,21. p,172",Cintia,8/10/2018,POINT(-46.647910363567654 -23.534632306564998),20.0,6.0,1936.0,,,
188,3.0,3,"Livro de Emplacamento. n,21. p,172",Cintia,8/10/2018,POINT(-46.647910363567654 -23.534632306564998),19.0,6.0,1936.0,19.0,6.0,1936.0
188,73.0,73,"Livro de Emplacamento. n,21. p,172",Cintia,8/10/2018,POINT(-46.6481953594474 -23.534813062131846),20.0,6.0,1936.0,,,
188,9.0,9,"Livro de Emplacamento. n,21. p,172",Cintia,8/10/2018,POINT(-46.6481953594474 -23.534813062131846),19.0,6.0,1936.0,19.0,6.0,1936.0
188,56.0,56,"Livro de Emplacamento. n,21. p,172",Cintia,8/10/2018,POINT(-46.64806413253102 -23.534729832873666),20.0,6.0,1936.0,,,
188,4.0,4,"Livro de Emplacamento. n,21. p,172",Cintia,8/10/2018,POINT(-46.64806413253102 -23.534729832873666),19.0,6.0,1936.0,19.0,6.0,1936.0
188,72.0,72,"Livro de Emplacamento. n,21. p,172",Cintia,8/10/2018,POINT(-46.64819294422808 -23.53481153030501),20.0,6.0,1936.0,,,
188,10.0,10,"Livro de Emplacamento. n,21. p,172",Cintia,8/10/2018,POINT(-46.64819294422808 -23.53481153030501),19.0,6.0,1936.0,19.0,6.0,1936.0
185,9.0,9,"Livro de Emplacamento. n,20. p,169",Cintia,8/10/2018,POINT(-46.64415612959824 -23.528974239988028),11.0,11.0,1935.0,,,
185,1.0,1,"Livro de Emplacamento. n,20. p,169",Cintia,8/10/2018,POINT(-46.64415612959824 -23.528974239988028),11.0,7.0,1908.0,10.0,11.0,1935.0
185,307.0,307,"Livro de Emplacamento. n,20. p,169",Cintia,8/10/2018,POINT(-46.642485348592494 -23.53117213686097),11.0,11.0,1935.0,,,
185,43.0,43,"Livro de Emplacamento. n,20. p,169",Cintia,8/10/2018,POINT(-46.642485348592494 -23.53117213686097),11.0,7.0,1908.0,10.0,11.0,1935.0
185,35.0,35,"Livro de Emplacamento. n,20. p,169",Cintia,8/10/2018,POINT(-46.642485348592494 -23.53117213686097),11.0,6.0,1908.0,11.0,6.0,1908.0
185,737.0,737,"Livro de Emplacamento. n,20. p,169",Cintia,8/10/2018,POINT(-46.64011576768905 -23.53434630231515),11.0,11.0,1935.0,,,
185,93.0,93,"Livro de Emplacamento. n,20. p,170",Cintia,8/10/2018,POINT(-46.64011576768905 -23.53434630231515),14.0,10.0,1916.0,10.0,11.0,1935.0
185,99.0,99,"Livro de Emplacamento. n,20. p,170",Cintia,8/10/2018,POINT(-46.64011576768905 -23.53434630231515),11.0,7.0,1908.0,13.0,10.0,1916.0
185,81.0,81,"Livro de Emplacamento. n,20. p,170",Cintia,8/10/2018,POINT(-46.64011576768905 -23.53434630231515),11.0,6.0,1908.0,11.0,6.0,1908.0
185,412.0,412,"Livro de Emplacamento. n,20. p,171",Cintia,8/10/2018,POINT(-46.64190740184541 -23.531944461430516),11.0,11.0,1935.0,,,
185,26.0,26,"Livro de Emplacamento. n,20. p,171",Cintia,8/10/2018,POINT(-46.64190740184541 -23.531944461430516),14.0,10.0,1916.0,10.0,11.0,1935.0
185,38.0,38,"Livro de Emplacamento. n,20. p,171",Cintia,8/10/2018,POINT(-46.64190740184541 -23.531944461430516),11.0,7.0,1908.0,13.0,10.0,1916.0
185,28.0,28,"Livro de Emplacamento. n,20. p,171",Cintia,8/10/2018,POINT(-46.64190740184541 -23.531944461430516),11.0,6.0,1908.0,11.0,6.0,1908.0
185,546.0,546,"Livro de Emplacamento. n,20. p,171",Cintia,8/10/2018,POINT(-46.64116441056966 -23.532941805057167),11.0,11.0,1935.0,,,
185,38.0,38,"Livro de Emplacamento. n,20. p,171",Cintia,8/10/2018,POINT(-46.64116441056966 -23.532941805057167),14.0,10.0,1916.0,10.0,11.0,1935.0
185,60.0,60,"Livro de Emplacamento. n,20. p,171",Cintia,8/10/2018,POINT(-46.64116441056966 -23.532941805057167),11.0,7.0,1908.0,13.0,10.0,1916.0
185,44.0,44 tinta,"Livro de Emplacamento. n,20. p,171",Cintia,8/10/2018,POINT(-46.64116441056966 -23.532941805057167),11.0,6.0,1908.0,11.0,6.0,1908.0
185,762.0,762,"Livro de Emplacamento. n,20. p,171",Cintia,8/10/2018,POINT(-46.63997346580526 -23.534537557050005),11.0,11.0,1935.0,,,
185,78.0,78,"Livro de Emplacamento. n,20. p,171",Cintia,8/10/2018,POINT(-46.63997346580526 -23.534537557050005),14.0,10.0,1916.0,10.0,11.0,1935.0
185,106.0,106,"Livro de Emplacamento. n,20. p,171",Cintia,8/10/2018,POINT(-46.63997346580526 -23.534537557050005),11.0,7.0,1908.0,13.0,10.0,1916.0
185,80.0,80,"Livro de Emplacamento. n,20. p,171",Cintia,8/10/2018,POINT(-46.63997346580526 -23.534537557050005),11.0,6.0,1908.0,11.0,6.0,1908.0
186,23.0,23,"Livro de Emplacamento. n,20. p,37",Cintia,8/10/2018,POINT(-46.646518032359715 -23.529107488703378),19.0,9.0,1935.0,,,
186,1.0,1,"Livro de Emplacamento. n,20. p,37",Cintia,8/10/2018,POINT(-46.646518032359715 -23.529107488703378),16.0,5.0,1908.0,18.0,9.0,1935.0
186,415.0,415,"Livro de Emplacamento. n,20. p,37",Cintia,8/10/2018,POINT(-46.644342179745635 -23.532018574562215),19.0,9.0,1935.0,,,
186,79.0,79,"Livro de Emplacamento. n,20. p,37",Cintia,8/10/2018,POINT(-46.644342179745635 -23.532018574562215),23.0,7.0,1930.0,18.0,9.0,1935.0
186,65.0,65,"Livro de Emplacamento. n,20. p,37",Cintia,8/10/2018,POINT(-46.644342179745635 -23.532018574562215),18.0,10.0,1911.0,22.0,7.0,1930.0
186,67.0,67,"Livro de Emplacamento. n,20. p,37",Cintia,8/10/2018,POINT(-46.644342179745635 -23.532018574562215),16.0,5.0,1908.0,17.0,10.0,1911.0
186,59.0,59,"Livro de Emplacamento. n,20. p,37",Cintia,8/10/2018,POINT(-46.644342179745635 -23.532018574562215),15.0,5.0,1908.0,15.0,5.0,1908.0
186,903.0,903,"Livro de Emplacamento. n,20. p,37",Cintia,8/10/2018,POINT(-46.641642924390474 -23.53561698675303),19.0,9.0,1935.0,,,
186,161.0,161,"Livro de Emplacamento. n,20. p,37",Cintia,8/10/2018,POINT(-46.641642924390474 -23.53561698675303),23.0,7.0,1930.0,18.0,9.0,1935.0
186,149.0,149,"Livro de Emplacamento. n,20. p,37",Cintia,8/10/2018,POINT(-46.641642924390474 -23.53561698675303),18.0,10.0,1911.0,22.0,7.0,1930.0
186,32.0,32,"Livro de Emplacamento. n,20. p,37",Cintia,8/10/2018,POINT(-46.6464621139004 -23.52918103006379),19.0,9.0,1935.0,,,
186,4.0,4,"Livro de Emplacamento. n,20. p,37",Cintia,8/10/2018,POINT(-46.6464621139004 -23.52918103006379),23.0,7.0,1930.0,18.0,9.0,1935.0
186,2.0,2,"Livro de Emplacamento. n,20. p,37",Cintia,8/10/2018,POINT(-46.6464621139004 -23.52918103006379),16.0,5.0,1908.0,22.0,7.0,1930.0
186,304.0,304,"Livro de Emplacamento. n,20. p,37",Cintia,8/10/2018,POINT(-46.64495941241639 -23.531188116239253),19.0,9.0,1935.0,,,
186,46.0,46,"Livro de Emplacamento. n,20. p,37",Cintia,8/10/2018,POINT(-46.64495941241639 -23.531188116239253),23.0,7.0,1930.0,18.0,9.0,1935.0
186,36.0,36,"Livro de Emplacamento. n,20. p,37",Cintia,8/10/2018,POINT(-46.64495941241639 -23.531188116239253),18.0,10.0,1911.0,22.0,7.0,1930.0
186,46.0,46,"Livro de Emplacamento. n,20. p,37",Cintia,8/10/2018,POINT(-46.64495941241639 -23.531188116239253),16.0,5.0,1908.0,17.0,10.0,1911.0
186,34.0,34,"Livro de Emplacamento. n,20. p,37",Cintia,8/10/2018,POINT(-46.64495941241639 -23.531188116239253),15.0,5.0,1908.0,15.0,5.0,1908.0
186,914.0,914,"Livro de Emplacamento. n,20. p,37",Cintia,8/10/2018,POINT(-46.641575844928994 -23.535706411249866),19.0,9.0,1935.0,,,
186,100.0,100,"Livro de Emplacamento. n,20. p,37",Cintia,8/10/2018,POINT(-46.641575844928994 -23.535706411249866),23.0,7.0,1930.0,18.0,9.0,1935.0
186,88.0,88,"Livro de Emplacamento. n,20. p,37",Cintia,8/10/2018,POINT(-46.641575844928994 -23.535706411249866),18.0,10.0,1911.0,22.0,7.0,1930.0
186,104.0,104,"Livro de Emplacamento. n,20. p,37",Cintia,8/10/2018,POINT(-46.641575844928994 -23.535706411249866),16.0,5.0,1908.0,17.0,10.0,1911.0
186,88.0,88,"Livro de Emplacamento. n,20. p,37",Cintia,8/10/2018,POINT(-46.641575844928994 -23.535706411249866),15.0,5.0,1908.0,15.0,5.0,1908.0
216,291.0,291,"Livro de Emplacamento. n,24. p,276",Cintia,8/10/2018,POINT(-46.62897437270185 -23.529100221540713),4.0,11.0,1938.0,,,
216,53.0,53,"Livro de Emplacamento. n,24. p,276",Cintia,8/10/2018,POINT(-46.62897437270185 -23.529100221540713),9.0,8.0,1930.0,4.0,10.0,1938.0
216,84.0,84,"Livro de Emplacamento. n,24. p,276",Cintia,8/10/2018,POINT(-46.62897437270185 -23.529100221540713),25.0,2.0,1911.0,9.0,7.0,1930.0
216,72.0,72,"Livro de Emplacamento. n,24. p,276",Cintia,8/10/2018,POINT(-46.62897437270185 -23.529100221540713),24.0,2.0,1911.0,24.0,2.0,1911.0
216,411.0,411,"Livro de Emplacamento. n,24. p,276",Cintia,8/10/2018,POINT(-46.62922516947705 -23.52804727842555),4.0,11.0,1938.0,,,
216,89.0,89,"Livro de Emplacamento. n,24. p,276",Cintia,8/10/2018,POINT(-46.62922516947705 -23.52804727842555),9.0,8.0,1930.0,4.0,10.0,1938.0
216,44.0,44,"Livro de Emplacamento. n,24. p,276",Cintia,8/10/2018,POINT(-46.62922516947705 -23.52804727842555),25.0,2.0,1911.0,9.0,7.0,1930.0
216,268.0,268,"Livro de Emplacamento. n,24. p,276",Cintia,8/10/2018,POINT(-46.62901266311852 -23.529300241913425),4.0,11.0,1938.0,,,
216,36.0,36,"Livro de Emplacamento. n,24. p,276",Cintia,8/10/2018,POINT(-46.62901266311852 -23.529300241913425),9.0,8.0,1930.0,4.0,10.0,1938.0
216,83.0,83,"Livro de Emplacamento. n,24. p,276",Cintia,8/10/2018,POINT(-46.62901266311852 -23.529300241913425),25.0,2.0,1911.0,9.0,7.0,1930.0
216,59.0,59,"Livro de Emplacamento. n,24. p,276",Cintia,8/10/2018,POINT(-46.62901266311852 -23.529300241913425),24.0,2.0,1911.0,24.0,2.0,1911.0
216,410.0,410,"Livro de Emplacamento. n,24. p,276",Cintia,8/10/2018,POINT(-46.62921931056228 -23.52807001072572),4.0,11.0,1938.0,,,
216,80.0,80,"Livro de Emplacamento. n,24. p,276",Cintia,8/10/2018,POINT(-46.62921931056228 -23.52807001072572),9.0,8.0,1930.0,4.0,10.0,1938.0
216,41.0,41,"Livro de Emplacamento. n,24. p,276",Cintia,8/10/2018,POINT(-46.62921931056228 -23.52807001072572),25.0,2.0,1911.0,9.0,7.0,1930.0
216,33.0,33,"Livro de Emplacamento. n,24. p,276",Cintia,8/10/2018,POINT(-46.62921931056228 -23.52807001072572),24.0,2.0,1911.0,24.0,2.0,1911.0
222,33.0,33,"Livro de Emplacamento. n,19. p,107",Cintia,8/10/2018,POINT(-46.63307376124422 -23.55273228231868),20.0,12.0,1933.0,,,
222,36.0,36,"Livro de Emplacamento. n,19. p,107",Cintia,8/10/2018,POINT(-46.63307376124422 -23.55273228231868),19.0,12.0,1933.0,19.0,12.0,1933.0
222,107.0,107,"Livro de Emplacamento. n,19. p,107",Cintia,8/10/2018,POINT(-46.633659335559436 -23.553128035503658),20.0,12.0,1933.0,,,
222,12.0,12,"Livro de Emplacamento. n,19. p,107",Cintia,8/10/2018,POINT(-46.633659335559436 -23.553128035503658),19.0,12.0,1933.0,19.0,12.0,1933.0
222,162.0,162,"Livro de Emplacamento. n,19. p,107",Cintia,8/10/2018,POINT(-46.63410096733655 -23.55342077153786),20.0,12.0,1933.0,,,
222,2.0,2A,"Livro de Emplacamento. n,19. p,107",Cintia,8/10/2018,POINT(-46.63410096733655 -23.55342077153786),19.0,12.0,1933.0,19.0,12.0,1933.0
222,8.0,8,"Livro de Emplacamento. n,19. p,107",Cintia,8/10/2018,POINT(-46.63287711378213 -23.55259855197969),20.0,12.0,1933.0,,,
222,25.0,25,"Livro de Emplacamento. n,19. p,107",Cintia,8/10/2018,POINT(-46.63287711378213 -23.55259855197969),19.0,12.0,1933.0,19.0,12.0,1933.0
222,102.0,102,"Livro de Emplacamento. n,19. p,107",Cintia,8/10/2018,POINT(-46.63362288476531 -23.553103827389798),20.0,12.0,1933.0,,,
222,11.0,11,"Livro de Emplacamento. n,19. p,107",Cintia,8/10/2018,POINT(-46.63362288476531 -23.553103827389798),19.0,12.0,1933.0,19.0,12.0,1933.0
227,24.0,24,"Livro de Emplacamento. n,25. p,252",Cintia,8/10/2018,POINT(-46.63307186520974 -23.552457355657193),7.0,11.0,1939.0,,,
227,6.0,6,"Livro de Emplacamento. n,25. p,252",Cintia,8/10/2018,POINT(-46.63307186520974 -23.552457355657193),7.0,10.0,1939.0,7.0,10.0,1939.0
227,78.0,78,"Livro de Emplacamento. n,25. p,252",Cintia,8/10/2018,POINT(-46.6335395590511 -23.552246119690572),7.0,11.0,1939.0,,,
227,22.0,22,"Livro de Emplacamento. n,25. p,252",Cintia,8/10/2018,POINT(-46.6335395590511 -23.552246119690572),7.0,10.0,1939.0,7.0,10.0,1939.0
227,156.0,156,"Livro de Emplacamento. n,25. p,252",Cintia,8/10/2018,POINT(-46.63422858618064 -23.551934281442744),7.0,11.0,1939.0,,,
227,56.0,56,"Livro de Emplacamento. n,25. p,252",Cintia,8/10/2018,POINT(-46.63422858618064 -23.551934281442744),7.0,10.0,1939.0,7.0,10.0,1939.0
227,19.0,19,"Livro de Emplacamento. n,25. p,252",Cintia,8/10/2018,POINT(-46.633022094785005 -23.552472735734465),7.0,11.0,1939.0,,,
227,15.0,15,"Livro de Emplacamento. n,25. p,252",Cintia,8/10/2018,POINT(-46.633022094785005 -23.552472735734465),7.0,10.0,1939.0,7.0,10.0,1939.0
227,39.0,39,"Livro de Emplacamento. n,25. p,252",Cintia,8/10/2018,POINT(-46.63321086498676 -23.552394879262877),7.0,11.0,1939.0,,,
227,17.1,17B,"Livro de Emplacamento. n,25. p,252",Cintia,8/10/2018,POINT(-46.63321086498676 -23.552394879262877),7.0,10.0,1939.0,7.0,10.0,1939.0
220,39.0,39,"Livro de Emplacamento. n,21. p,275",Cintia,8/10/2018,POINT(-46.63377318909433 -23.53537699507392),9.0,3.0,1936.0,,,
220,1.0,1,"Livro de Emplacamento. n,21. p,275",Cintia,8/10/2018,POINT(-46.63377318909433 -23.53537699507392),2.0,8.0,1909.0,9.0,2.0,1936.0
220,463.0,463,"Livro de Emplacamento. n,21. p,275",Cintia,8/10/2018,POINT(-46.63488414710107 -23.53904592232807),9.0,3.0,1936.0,,,
220,47.0,47,"Livro de Emplacamento. n,21. p,275",Cintia,8/10/2018,POINT(-46.63488414710107 -23.53904592232807),2.0,8.0,1909.0,9.0,2.0,1936.0
220,809.0,809,"Livro de Emplacamento. n,21. p,276",Cintia,8/10/2018,POINT(-46.63596627596118 -23.541978314008905),9.0,3.0,1936.0,,,
220,105.0,105,"Livro de Emplacamento. n,21. p,275",Cintia,8/10/2018,POINT(-46.63596627596118 -23.541978314008905),2.0,8.0,1909.0,9.0,2.0,1936.0
220,12.0,12,"Livro de Emplacamento. n,21. p,277",Cintia,8/10/2018,POINT(-46.63370055223015 -23.535150569690188),9.0,3.0,1936.0,,,
220,6.0,6,"Livro de Emplacamento. n,21. p,277",Cintia,8/10/2018,POINT(-46.63370055223015 -23.535150569690188),2.0,8.0,1909.0,9.0,2.0,1936.0
220,8.0,8,"Livro de Emplacamento. n,21. p,277",Cintia,8/10/2018,POINT(-46.63370055223015 -23.535150569690188),2.0,7.0,1909.0,2.0,7.0,1909.0
220,366.0,366,"Livro de Emplacamento. n,21. p,277",Cintia,8/10/2018,POINT(-46.6346365200073 -23.53821307670892),9.0,3.0,1936.0,,,
220,70.0,70,"Livro de Emplacamento. n,21. p,277",Cintia,8/10/2018,POINT(-46.6346365200073 -23.53821307670892),2.0,8.0,1909.0,9.0,2.0,1936.0
220,68.0,68,"Livro de Emplacamento. n,21. p,277",Cintia,8/10/2018,POINT(-46.6346365200073 -23.53821307670892),2.0,7.0,1909.0,2.0,7.0,1909.0
220,792.0,792,"Livro de Emplacamento. n,21. p,277",Cintia,8/10/2018,POINT(-46.63591200893843 -23.54184714518775),9.0,3.0,1936.0,,,
220,146.0,149,"Livro de Emplacamento. n,21. p,277",Cintia,8/10/2018,POINT(-46.63591200893843 -23.54184714518775),9.0,2.0,1936.0,9.0,2.0,1936.0
220,776.0,776,"Livro de Emplacamento. n,21. p,277",Cintia,8/10/2018,POINT(-46.63582569896935 -23.541631410397507),9.0,3.0,1936.0,,,
220,128.0,128,"Livro de Emplacamento. n,21. p,277",Cintia,8/10/2018,POINT(-46.63582569896935 -23.541631410397507),2.0,8.0,1909.0,9.0,2.0,1936.0
262,12.0,12,"Livro de Emplacamento. n,22. p,188",Cintia,8/10/2018,POINT(-46.62500569350124 -23.530002820398757),18.0,4.0,1937.0,,,
262,2.0,2,"Livro de Emplacamento. n,22. p,188",Cintia,8/10/2018,POINT(-46.62500569350124 -23.530002820398757),14.0,6.0,1917.0,17.0,4.0,1937.0
262,100.0,100,"Livro de Emplacamento. n,22. p,188",Cintia,8/10/2018,POINT(-46.62488890618408 -23.530765284061516),18.0,4.0,1937.0,,,
262,26.0,26,"Livro de Emplacamento. n,22. p,188",Cintia,8/10/2018,POINT(-46.62488890618408 -23.530765284061516),14.0,6.0,1917.0,17.0,4.0,1937.0
262,242.0,242,"Livro de Emplacamento. n,22. p,188",Cintia,8/10/2018,POINT(-46.62473014605407 -23.532040269149835),18.0,4.0,1937.0,,,
262,62.0,62,"Livro de Emplacamento. n,22. p,188",Cintia,8/10/2018,POINT(-46.62473014605407 -23.532040269149835),14.0,6.0,1917.0,17.0,4.0,1937.0
262,17.0,17,"Livro de Emplacamento. n,22. p,188",Cintia,8/10/2018,POINT(-46.6250002552094 -23.53003832510948),18.0,4.0,1937.0,,,
262,1.0,1,"Livro de Emplacamento. n,22. p,188",Cintia,8/10/2018,POINT(-46.6250002552094 -23.53003832510948),14.0,6.0,1917.0,17.0,4.0,1937.0
262,129.0,129,"Livro de Emplacamento. n,22. p,188",Cintia,8/10/2018,POINT(-46.6248487987818 -23.53102713130309),18.0,4.0,1937.0,,,
262,25.0,25,"Livro de Emplacamento. n,22. p,188",Cintia,8/10/2018,POINT(-46.6248487987818 -23.53102713130309),14.0,6.0,1917.0,17.0,4.0,1937.0
262,213.0,213,"Livro de Emplacamento. n,22. p,188",Cintia,8/10/2018,POINT(-46.62475895664275 -23.531790493719587),18.0,4.0,1937.0,,,
262,61.0,61,"Livro de Emplacamento. n,22. p,188",Cintia,8/10/2018,POINT(-46.62475895664275 -23.531790493719587),14.0,6.0,1917.0,17.0,4.0,1937.0
262,57.0,57,"Livro de Emplacamento. n,22. p,188",Cintia,8/10/2018,POINT(-46.62475895664275 -23.531790493719587),13.0,6.0,1917.0,13.0,6.0,1917.0
263,39.0,39,"Livro de Emplacamento. n,25. p,35",Cintia,8/10/2018,POINT(-46.62553176262464 -23.531839679228433),22.0,7.0,1938.0,,,
263,3.0,3,"Livro de Emplacamento. n,25. p,35",Cintia,8/10/2018,POINT(-46.62553176262464 -23.531839679228433),6.0,8.0,1917.0,21.0,7.0,1938.0
263,53.0,53,"Livro de Emplacamento. n,25. p,35",Cintia,8/10/2018,POINT(-46.6254269628473 -23.531907814238632),22.0,7.0,1938.0,,,
263,11.0,11,"Livro de Emplacamento. n,25. p,35",Cintia,8/10/2018,POINT(-46.6254269628473 -23.531907814238632),6.0,8.0,1917.0,21.0,7.0,1938.0
263,169.0,169,"Livro de Emplacamento. n,25. p,35",Cintia,8/10/2018,POINT(-46.6243297398914 -23.53217580939134),22.0,7.0,1938.0,,,
263,25.0,25,"Livro de Emplacamento. n,25. p,35",Cintia,8/10/2018,POINT(-46.6243297398914 -23.53217580939134),6.0,8.0,1917.0,21.0,7.0,1938.0
273,13.0,13,"Livro de Emplacamento. n,25. p,59",Cintia,8/10/2018,POINT(-46.61883612908381 -23.52998046085588),22.0,7.0,1938.0,,,
273,1.0,1,"Livro de Emplacamento. n,25. p,59",Cintia,8/10/2018,POINT(-46.61883612908381 -23.52998046085588),21.0,7.0,1938.0,21.0,7.0,1938.0
273,135.0,135,"Livro de Emplacamento. n,25. p,59",Cintia,8/10/2018,POINT(-46.61852282485887 -23.528924789954075),22.0,7.0,1938.0,,,
273,23.0,23,"Livro de Emplacamento. n,25. p,59",Cintia,8/10/2018,POINT(-46.61852282485887 -23.528924789954075),21.0,7.0,1938.0,21.0,7.0,1938.0
273,193.0,193,"Livro de Emplacamento. n,25. p,59",Cintia,8/10/2018,POINT(-46.618372588187256 -23.52842141354689),22.0,7.0,1938.0,,,
273,35.0,35,"Livro de Emplacamento. n,25. p,59",Cintia,8/10/2018,POINT(-46.618372588187256 -23.52842141354689),21.0,7.0,1938.0,21.0,7.0,1938.0
273,16.0,16,"Livro de Emplacamento. n,25. p,59",Cintia,8/10/2018,POINT(-46.618829717536315 -23.529958825691512),22.0,7.0,1938.0,,,
273,2.0,2,"Livro de Emplacamento. n,25. p,59",Cintia,8/10/2018,POINT(-46.618829717536315 -23.529958825691512),21.0,7.0,1938.0,21.0,7.0,1938.0
273,60.0,60,"Livro de Emplacamento. n,25. p,59",Cintia,8/10/2018,POINT(-46.61871738722424 -23.52957977761171),22.0,7.0,1938.0,,,
273,6.0,6,"Livro de Emplacamento. n,25. p,59",Cintia,8/10/2018,POINT(-46.61871738722424 -23.52957977761171),21.0,7.0,1938.0,21.0,7.0,1938.0
273,148.0,148,"Livro de Emplacamento. n,25. p,59",Cintia,8/10/2018,POINT(-46.618488750562214 -23.528810622109145),22.0,7.0,1938.0,,,
273,14.0,14,"Livro de Emplacamento. n,25. p,59",Cintia,8/10/2018,POINT(-46.618488750562214 -23.528810622109145),21.0,7.0,1938.0,21.0,7.0,1938.0
277,29.0,29,"Livro de Emplacamento. n,19. p,84",Cintia,8/10/2018,POINT(-46.61830268761738 -23.53212079490901),8.0,10.0,1933.0,,,
277,1.0,1,"Livro de Emplacamento. n,19. p,84",Cintia,8/10/2018,POINT(-46.61830268761738 -23.53212079490901),8.0,9.0,1933.0,8.0,9.0,1933.0
227,127.0,127,"Livro de Emplacamento. n,19. p,84",Cintia,8/10/2018,POINT(-46.63398338392408 -23.552045254492675),8.0,10.0,1933.0,,,
227,11.0,11,"Livro de Emplacamento. n,19. p,84",Cintia,8/10/2018,POINT(-46.63398338392408 -23.552045254492675),8.0,9.0,1933.0,8.0,9.0,1933.0
227,46.0,46,"Livro de Emplacamento. n,19. p,84",Cintia,8/10/2018,POINT(-46.6333084185727 -23.552350728694627),8.0,10.0,1933.0,,,
227,2.0,2,"Livro de Emplacamento. n,19. p,84",Cintia,8/10/2018,POINT(-46.6333084185727 -23.552350728694627),8.0,9.0,1933.0,8.0,9.0,1933.0
227,128.0,128,"Livro de Emplacamento. n,19. p,84",Cintia,8/10/2018,POINT(-46.633989535952026 -23.552042470222602),8.0,10.0,1933.0,,,
227,12.0,12,"Livro de Emplacamento. n,19. p,84",Cintia,8/10/2018,POINT(-46.633989535952026 -23.552042470222602),8.0,9.0,1933.0,8.0,9.0,1933.0
276,193.0,193,"Livro de Emplacamento. n,22. p,214",Cintia,8/10/2018,POINT(-46.61948948793054 -23.533723929952036),31.0,5.0,1937.0,,,
276,5.0,5,"Livro de Emplacamento. n,22. p,214",Cintia,8/10/2018,POINT(-46.61948948793054 -23.533723929952036),31.0,8.0,1927.0,30.0,5.0,1937.0
276,1.3,1N,"Livro de Emplacamento. n,22. p,214",Cintia,8/10/2018,POINT(-46.61948948793054 -23.533723929952036),30.0,8.0,1927.0,30.0,8.0,1927.0
276,429.0,429,"Livro de Emplacamento. n,22. p,214",Cintia,8/10/2018,POINT(-46.62037400729234 -23.535625380174938),31.0,5.0,1937.0,,,
276,47.0,47,"Livro de Emplacamento. n,22. p,214",Cintia,8/10/2018,POINT(-46.62037400729234 -23.535625380174938),31.0,8.0,1927.0,30.0,5.0,1937.0
276,39.0,39,"Livro de Emplacamento. n,22. p,214",Cintia,8/10/2018,POINT(-46.62037400729234 -23.535625380174938),10.0,6.0,1908.0,30.0,8.0,1927.0
276,17.0,17,"Livro de Emplacamento. n,22. p,214",Cintia,8/10/2018,POINT(-46.62037400729234 -23.535625380174938),10.0,5.0,1908.0,10.0,5.0,1908.0
276,821.0,821,"Livro de Emplacamento. n,22. p,214",Cintia,8/10/2018,POINT(-46.62042583112489 -23.539170769329907),31.0,5.0,1937.0,,,
276,113.0,113,"Livro de Emplacamento. n,22. p,214",Cintia,8/10/2018,POINT(-46.62042583112489 -23.539170769329907),31.0,8.0,1927.0,30.0,5.0,1937.0
276,105.0,105,"Livro de Emplacamento. n,22. p,214",Cintia,8/10/2018,POINT(-46.62042583112489 -23.539170769329907),30.0,8.0,1927.0,30.0,8.0,1927.0
276,6.0,6,"Livro de Emplacamento. n,22. p,215",Cintia,8/10/2018,POINT(-46.618627957393436 -23.53227063212897),31.0,5.0,1937.0,,,
276,2.0,2,"Livro de Emplacamento. n,22. p,215",Cintia,8/10/2018,POINT(-46.618627957393436 -23.53227063212897),10.0,6.0,1908.0,30.0,5.0,1937.0
276,436.0,436,"Livro de Emplacamento. n,22. p,215",Cintia,8/10/2018,POINT(-46.620376460139624 -23.535693177592076),31.0,5.0,1937.0,,,
276,66.0,66,"Livro de Emplacamento. n,22. p,215",Cintia,8/10/2018,POINT(-46.620376460139624 -23.535693177592076),31.0,8.0,1927.0,30.0,5.0,1937.0
276,60.0,60,"Livro de Emplacamento. n,22. p,215",Cintia,8/10/2018,POINT(-46.620376460139624 -23.535693177592076),10.0,6.0,1908.0,30.0,8.0,1927.0
276,768.0,768,"Livro de Emplacamento. n,22. p,216",Cintia,8/10/2018,POINT(-46.62041997656163 -23.538697722256888),31.0,5.0,1937.0,,,
276,150.0,150,"Livro de Emplacamento. n,22. p,216",Cintia,8/10/2018,POINT(-46.62041997656163 -23.538697722256888),31.0,8.0,1927.0,30.0,5.0,1937.0
276,128.0,128,"Livro de Emplacamento. n,22. p,216",Cintia,8/10/2018,POINT(-46.62041997656163 -23.538697722256888),24.0,9.0,1924.0,30.0,8.0,1927.0
276,110.0,110,"Livro de Emplacamento. n,22. p,216",Cintia,8/10/2018,POINT(-46.62041997656163 -23.538697722256888),10.0,6.0,1908.0,23.0,9.0,1924.0
276,100.0,100 tinta,"Livro de Emplacamento. n,22. p,216",Cintia,8/10/2018,POINT(-46.62041997656163 -23.538697722256888),10.0,5.0,1908.0,10.0,5.0,1908.0
266,20.0,20,"Livro de Emplacamento. n,22. p,123. n,28. p,101",Cintia,8/10/2018,POINT(-46.62129096272173 -23.53495043597407),19.0,5.0,1937.0,,,
266,2.0,2,"Livro de Emplacamento. n,22. p,123. n,28. p,101",Cintia,8/10/2018,POINT(-46.62129096272173 -23.53495043597407),6.0,1.0,1920.0,18.0,5.0,1937.0
226,106.0,106,"Livro de Emplacamento. n,22. p,123. n,28. p,101",Cintia,8/10/2018,POINT(-46.631956330235475 -23.551282479922065),19.0,5.0,1937.0,,,
226,30.0,30,"Livro de Emplacamento. n,22. p,123. n,28. p,101",Cintia,8/10/2018,POINT(-46.631956330235475 -23.551282479922065),6.0,1.0,1920.0,18.0,5.0,1937.0
226,28.0,28,"Livro de Emplacamento. n,22. p,123. n,28. p,101",Cintia,8/10/2018,POINT(-46.631956330235475 -23.551282479922065),31.0,5.0,1920.0,31.0,5.0,1920.0
226,47.0,47,"Livro de Emplacamento. n,22. p,124. n,28. p,101",Cintia,8/10/2018,POINT(-46.63152216779374 -23.550945020449543),19.0,5.0,1937.0,,,
226,3.0,3,"Livro de Emplacamento. n,22. p,124. n,28. p,101",Cintia,8/10/2018,POINT(-46.63152216779374 -23.550945020449543),6.0,1.0,1920.0,18.0,5.0,1937.0
226,107.0,107,"Livro de Emplacamento. n,22. p,124. n,28. p,101",Cintia,8/10/2018,POINT(-46.63196076343218 -23.55128591957012),19.0,5.0,1937.0,,,
226,21.0,21,"Livro de Emplacamento. n,22. p,125. n,28. p,101",Cintia,8/10/2018,POINT(-46.63196076343218 -23.55128591957012),6.0,1.0,1920.0,18.0,5.0,1937.0
275,92.0,92,"Livro de Emplacamento. n,28. p,144",Cintia,8/10/2018,POINT(-46.61472810304119 -23.528766684587627),30.0,1.0,1942.0,,,
275,12.0,12,"Livro de Emplacamento. n,28. p,144",Cintia,8/10/2018,POINT(-46.61472810304119 -23.528766684587627),6.0,12.0,1927.0,29.0,1.0,1942.0
275,10.0,10,"Livro de Emplacamento. n,28. p,144",Cintia,8/10/2018,POINT(-46.61472810304119 -23.528766684587627),4.0,7.0,1917.0,6.0,11.0,1927.0
275,613.0,613,"Livro de Emplacamento. n,28. p,144",Cintia,8/10/2018,POINT(-46.61839242952475 -23.531186310570654),30.0,1.0,1942.0,,,
275,95.0,95,"Livro de Emplacamento. n,28. p,144",Cintia,8/10/2018,POINT(-46.61839242952475 -23.531186310570654),6.0,12.0,1927.0,29.0,1.0,1942.0
275,81.0,81,"Livro de Emplacamento. n,28. p,144",Cintia,8/10/2018,POINT(-46.61839242952475 -23.531186310570654),23.0,12.0,1921.0,6.0,11.0,1927.0
275,53.0,53,"Livro de Emplacamento. n,28. p,144",Cintia,8/10/2018,POINT(-46.61839242952475 -23.531186310570654),4.0,7.0,1917.0,22.0,12.0,1921.0
275,67.0,67,"Livro de Emplacamento. n,28. p,144",Cintia,8/10/2018,POINT(-46.614504188832775 -23.52879863204213),30.0,1.0,1942.0,,,
275,7.0,7,"Livro de Emplacamento. n,28. p,144",Cintia,8/10/2018,POINT(-46.614504188832775 -23.52879863204213),4.0,7.0,1917.0,29.0,1.0,1942.0
275,616.0,616,"Livro de Emplacamento. n,28. p,144",Cintia,8/10/2018,POINT(-46.61839525070392 -23.531202081435385),30.0,1.0,1942.0,,,
275,114.0,114,"Livro de Emplacamento. n,28. p,144",Cintia,8/10/2018,POINT(-46.61839525070392 -23.531202081435385),6.0,12.0,1927.0,29.0,1.0,1942.0
275,104.0,104,"Livro de Emplacamento. n,28. p,144",Cintia,8/10/2018,POINT(-46.61839525070392 -23.531202081435385),29.0,9.0,1922.0,6.0,11.0,1927.0
275,82.0,82,"Livro de Emplacamento. n,28. p,144",Cintia,8/10/2018,POINT(-46.61839525070392 -23.531202081435385),28.0,9.0,1922.0,28.0,9.0,1922.0
284,24.0,24,"Livro de Emplacamento. n,26. p,103",Cintia,8/10/2018,POINT(-46.6155830669416 -23.528864497960384),16.0,9.0,1938.0,,,
284,6.0,6,"Livro de Emplacamento. n,26. p,103",Cintia,8/10/2018,POINT(-46.6155830669416 -23.528864497960384),15.0,9.0,1938.0,15.0,9.0,1938.0
284,51.0,51,"Livro de Emplacamento. n,26. p,104",Cintia,8/10/2018,POINT(-46.61556768641697 -23.529092808479344),16.0,9.0,1938.0,,,
284,3.0,3 Ta,"Livro de Emplacamento. n,26. p,104",Cintia,8/10/2018,POINT(-46.61556768641697 -23.529092808479344),15.0,9.0,1938.0,15.0,9.0,1938.0
283,15.0,15,"Livro de Emplacamento. n,24. p,398",Cintia,8/10/2018,POINT(-46.61716074908888 -23.529467664840535),7.0,5.0,1938.0,,,
283,1.0,1,"Livro de Emplacamento. n,24. p,398",Cintia,8/10/2018,POINT(-46.61716074908888 -23.529467664840535),15.0,8.0,1929.0,7.0,4.0,1938.0
283,211.0,211,"Livro de Emplacamento. n,24. p,398",Cintia,8/10/2018,POINT(-46.616115505299724 -23.530939143834036),7.0,5.0,1938.0,,,
283,19.1,19 Sob,"Livro de Emplacamento. n,24. p,398",Cintia,8/10/2018,POINT(-46.616115505299724 -23.530939143834036),15.0,8.0,1929.0,7.0,4.0,1938.0
283,44.0,44,"Livro de Emplacamento. n,24. p,398",Cintia,8/10/2018,POINT(-46.61700067652958 -23.529662554664412),7.0,5.0,1938.0,,,
283,2.0,2,"Livro de Emplacamento. n,24. p,398",Cintia,8/10/2018,POINT(-46.61700067652958 -23.529662554664412),15.0,8.0,1929.0,7.0,4.0,1938.0
283,206.0,206,"Livro de Emplacamento. n,24. p,398",Cintia,8/10/2018,POINT(-46.61700067652958 -23.529662554664412),7.0,5.0,1938.0,,,
283,22.0,22,"Livro de Emplacamento. n,24. p,398",Cintia,8/10/2018,POINT(-46.61700067652958 -23.529662554664412),15.0,8.0,1929.0,7.0,4.0,1938.0
285,53.0,53,"Livro de Emplacamento. n,20. p,106",Cintia,8/10/2018,POINT(-46.615186275477356 -23.529658141742352),19.0,10.0,1935.0,,,
285,7.0,7,"Livro de Emplacamento. n,20. p,106",Cintia,8/10/2018,POINT(-46.615186275477356 -23.529658141742352),17.0,5.0,1929.0,18.0,10.0,1935.0
285,1.0,1,"Livro de Emplacamento. n,20. p,106",Cintia,8/10/2018,POINT(-46.615186275477356 -23.529658141742352),18.0,5.0,1927.0,16.0,5.0,1929.0
285,3.0,3,"Livro de Emplacamento. n,20. p,106",Cintia,8/10/2018,POINT(-46.615186275477356 -23.529658141742352),17.0,5.0,1927.0,17.0,5.0,1927.0
285,317.0,317,"Livro de Emplacamento. n,20. p,106",Cintia,8/10/2018,POINT(-46.61733430412875 -23.530558644888764),19.0,10.0,1935.0,,,
285,59.0,59,"Livro de Emplacamento. n,20. p,106",Cintia,8/10/2018,POINT(-46.61733430412875 -23.530558644888764),17.0,5.0,1929.0,18.0,10.0,1935.0
285,53.0,53,"Livro de Emplacamento. n,20. p,106",Cintia,8/10/2018,POINT(-46.61733430412875 -23.530558644888764),18.0,5.0,1927.0,16.0,5.0,1929.0
285,57.0,57 tinta,"Livro de Emplacamento. n,20. p,106",Cintia,8/10/2018,POINT(-46.61733430412875 -23.530558644888764),17.0,5.0,1927.0,17.0,5.0,1927.0
285,587.0,587,"Livro de Emplacamento. n,20. p,106",Cintia,8/10/2018,POINT(-46.61721395690705 -23.532915255927865),19.0,10.0,1935.0,,,
285,115.0,115,"Livro de Emplacamento. n,20. p,106",Cintia,8/10/2018,POINT(-46.61721395690705 -23.532915255927865),18.0,10.0,1935.0,18.0,10.0,1935.0
285,553.0,553,"Livro de Emplacamento. n,20. p,106",Cintia,8/10/2018,POINT(-46.61739556902767 -23.532647301079212),19.0,10.0,1935.0,,,
285,111.0,111,"Livro de Emplacamento. n,20. p,106",Cintia,8/10/2018,POINT(-46.61739556902767 -23.532647301079212),17.0,5.0,1929.0,18.0,10.0,1935.0
285,89.0,89,"Livro de Emplacamento. n,20. p,106",Cintia,8/10/2018,POINT(-46.61739556902767 -23.532647301079212),16.0,5.0,1929.0,16.0,5.0,1929.0
285,489.0,489,"Livro de Emplacamento. n,20. p,106",Cintia,8/10/2018,POINT(-46.61758991755928 -23.532099029831056),19.0,10.0,1935.0,,,
285,101.0,101,"Livro de Emplacamento. n,20. p,106",Cintia,8/10/2018,POINT(-46.61758991755928 -23.532099029831056),17.0,5.0,1929.0,18.0,10.0,1935.0
285,83.0,83,"Livro de Emplacamento. n,20. p,106",Cintia,8/10/2018,POINT(-46.61758991755928 -23.532099029831056),18.0,5.0,1927.0,16.0,5.0,1929.0
285,50.0,50,"Livro de Emplacamento. n,20. p,106",Cintia,8/10/2018,POINT(-46.615161413325154 -23.529662395239356),19.0,10.0,1935.0,,,
285,4.0,4,"Livro de Emplacamento. n,20. p,106",Cintia,8/10/2018,POINT(-46.615161413325154 -23.529662395239356),17.0,5.0,1929.0,18.0,10.0,1935.0
285,2.0,2,"Livro de Emplacamento. n,20. p,106",Cintia,8/10/2018,POINT(-46.615161413325154 -23.529662395239356),18.0,5.0,1927.0,16.0,5.0,1929.0
285,354.0,354,"Livro de Emplacamento. n,20. p,106",Cintia,8/10/2018,POINT(-46.61749971493944 -23.530859265937483),19.0,10.0,1935.0,,,
285,68.0,68,"Livro de Emplacamento. n,20. p,106",Cintia,8/10/2018,POINT(-46.61749971493944 -23.530859265937483),17.0,5.0,1929.0,18.0,10.0,1935.0
285,54.0,54,"Livro de Emplacamento. n,20. p,106",Cintia,8/10/2018,POINT(-46.61749971493944 -23.530859265937483),18.0,5.0,1927.0,16.0,5.0,1929.0
285,538.0,538,"Livro de Emplacamento. n,20. p,106",Cintia,8/10/2018,POINT(-46.617464508756086 -23.532528531987026),19.0,10.0,1935.0,,,
285,112.0,112,"Livro de Emplacamento. n,20. p,106",Cintia,8/10/2018,POINT(-46.617464508756086 -23.532528531987026),17.0,5.0,1929.0,18.0,10.0,1935.0
285,82.0,82,"Livro de Emplacamento. n,20. p,106",Cintia,8/10/2018,POINT(-46.617464508756086 -23.532528531987026),16.0,5.0,1929.0,16.0,5.0,1929.0
278,16.0,16,"Livro de Emplacamento. n,22. p,259",Cintia,8/10/2018,POINT(-46.6187764315927 -23.53268019384081),21.0,6.0,1937.0,,,
278,2.0,2,"Livro de Emplacamento. n,22. p,259",Cintia,8/10/2018,POINT(-46.6187764315927 -23.53268019384081),27.0,4.0,1928.0,20.0,6.0,1937.0
278,326.0,326,"Livro de Emplacamento. n,22. p,259",Cintia,8/10/2018,POINT(-46.61886275596961 -23.53547443219274),21.0,6.0,1937.0,,,
278,78.0,78,"Livro de Emplacamento. n,22. p,259",Cintia,8/10/2018,POINT(-46.61886275596961 -23.53547443219274),24.0,9.0,1908.0,20.0,6.0,1937.0
278,876.0,876,"Livro de Emplacamento. n,22. p,259",Cintia,8/10/2018,POINT(-46.618473591947264 -23.540271262821953),21.0,6.0,1937.0,,,
278,188.0,188,"Livro de Emplacamento. n,22. p,259",Cintia,8/10/2018,POINT(-46.618473591947264 -23.540271262821953),27.0,4.0,1928.0,20.0,6.0,1937.0
278,178.0,178,"Livro de Emplacamento. n,22. p,259",Cintia,8/10/2018,POINT(-46.618473591947264 -23.540271262821953),13.0,3.0,1917.0,26.0,4.0,1928.0
278,154.0,154,"Livro de Emplacamento. n,22. p,259",Cintia,8/10/2018,POINT(-46.618473591947264 -23.540271262821953),24.0,9.0,1908.0,3.0,12.0,1917.0
278,1002.0,1002,"Livro de Emplacamento. n,22. p,259",Cintia,8/10/2018,POINT(-46.617818888310545 -23.54119115576717),21.0,6.0,1937.0,,,
278,216.0,216,"Livro de Emplacamento. n,22. p,259",Cintia,8/10/2018,POINT(-46.617818888310545 -23.54119115576717),20.0,6.0,1937.0,20.0,6.0,1937.0
278,337.0,337,"Livro de Emplacamento. n,22. p,259",Cintia,8/10/2018,POINT(-46.61886875766451 -23.53557459584214),21.0,6.0,1937.0,,,
278,5.0,5,"Livro de Emplacamento. n,22. p,259",Cintia,8/10/2018,POINT(-46.61886875766451 -23.53557459584214),27.0,4.0,1928.0,20.0,6.0,1937.0
278,25.0,25,"Livro de Emplacamento. n,22. p,259",Cintia,8/10/2018,POINT(-46.61886875766451 -23.53557459584214),26.0,4.0,1928.0,26.0,4.0,1928.0
278,707.0,707,"Livro de Emplacamento. n,22. p,259",Cintia,8/10/2018,POINT(-46.61901804607733 -23.538933749170326),21.0,6.0,1937.0,,,
278,61.0,61,"Livro de Emplacamento. n,22. p,259",Cintia,8/10/2018,POINT(-46.61901804607733 -23.538933749170326),27.0,4.0,1928.0,20.0,6.0,1937.0
278,75.0,75,"Livro de Emplacamento. n,22. p,259",Cintia,8/10/2018,POINT(-46.61901804607733 -23.538933749170326),24.0,9.0,1908.0,26.0,4.0,1928.0
278,65.0,65,"Livro de Emplacamento. n,22. p,259",Cintia,8/10/2018,POINT(-46.61901804607733 -23.538933749170326),23.0,9.0,1908.0,23.0,9.0,1908.0
278,943.0,943,"Livro de Emplacamento. n,22. p,259",Cintia,8/10/2018,POINT(-46.61812710747659 -23.540758091674466),21.0,6.0,1937.0,,,
278,117.0,117,"Livro de Emplacamento. n,22. p,259",Cintia,8/10/2018,POINT(-46.61812710747659 -23.540758091674466),27.0,4.0,1928.0,20.0,6.0,1937.0
278,125.0,125,"Livro de Emplacamento. n,22. p,259",Cintia,8/10/2018,POINT(-46.61812710747659 -23.540758091674466),13.0,3.0,1917.0,26.0,4.0,1928.0
278,121.0,121,"Livro de Emplacamento. n,22. p,259",Cintia,8/10/2018,POINT(-46.61812710747659 -23.540758091674466),25.0,9.0,1911.0,3.0,12.0,1917.0
315,57.0,57,"Livro de Emplacamento. n,20. p,18",Cintia,8/10/2018,POINT(-46.642742015659536 -23.541707734375674),14.0,9.0,1935.0,,,
315,3.0,3t,"Livro de Emplacamento. n,20. p,18",Cintia,8/10/2018,POINT(-46.642742015659536 -23.541707734375674),13.0,9.0,1935.0,13.0,9.0,1935.0
315,54.0,54,"Livro de Emplacamento. n,20. p,18",Cintia,8/10/2018,POINT(-46.64269600323778 -23.541749292854163),14.0,9.0,1935.0,,,
315,4.0,4,"Livro de Emplacamento. n,20. p,18",Cintia,8/10/2018,POINT(-46.64269600323778 -23.541749292854163),13.0,9.0,1935.0,13.0,9.0,1935.0
313,21.0,21,"Livro de Emplacamento. n,19. p,395",Cintia,8/10/2018,POINT(-46.643155930212416 -23.539589171548727),9.0,5.0,1935.0,,,
313,1.0,1,"Livro de Emplacamento. n,19. p,395",Cintia,8/10/2018,POINT(-46.643155930212416 -23.539589171548727),22.0,11.0,1908.0,9.0,4.0,1935.0
313,351.0,351,"Livro de Emplacamento. n,19. p,395",Cintia,8/10/2018,POINT(-46.64052487127931 -23.537868709716108),9.0,5.0,1935.0,,,
313,73.0,73,"Livro de Emplacamento. n,19. p,395",Cintia,8/10/2018,POINT(-46.64052487127931 -23.537868709716108),22.0,11.0,1908.0,9.0,4.0,1935.0
313,49.0,49,"Livro de Emplacamento. n,19. p,395",Cintia,8/10/2018,POINT(-46.64052487127931 -23.537868709716108),21.0,11.0,1908.0,21.0,11.0,1908.0
313,701.0,701,"Livro de Emplacamento. n,19. p,395",Cintia,8/10/2018,POINT(-46.637743459313384 -23.536016624689342),9.0,5.0,1935.0,,,
313,135.0,135,"Livro de Emplacamento. n,19. p,395",Cintia,8/10/2018,POINT(-46.637743459313384 -23.536016624689342),22.0,11.0,1908.0,9.0,4.0,1935.0
313,113.0,113,"Livro de Emplacamento. n,19. p,395",Cintia,8/10/2018,POINT(-46.637743459313384 -23.536016624689342),21.0,11.0,1908.0,21.0,11.0,1908.0
313,18.0,18,"Livro de Emplacamento. n,19. p,395",Cintia,8/10/2018,POINT(-46.64316714401363 -23.53959638368638),9.0,5.0,1935.0,,,
313,2.0,2,"Livro de Emplacamento. n,19. p,395",Cintia,8/10/2018,POINT(-46.64316714401363 -23.53959638368638),22.0,11.0,1908.0,9.0,4.0,1935.0
313,324.0,324,"Livro de Emplacamento. n,19. p,395",Cintia,8/10/2018,POINT(-46.6407364581633 -23.538008007566027),9.0,5.0,1935.0,,,
313,72.0,72,"Livro de Emplacamento. n,19. p,395",Cintia,8/10/2018,POINT(-46.6407364581633 -23.538008007566027),22.0,11.0,1908.0,9.0,4.0,1935.0
313,70.0,70,"Livro de Emplacamento. n,19. p,395",Cintia,8/10/2018,POINT(-46.6407364581633 -23.538008007566027),21.0,11.0,1908.0,21.0,11.0,1908.0
313,702.0,702,"Livro de Emplacamento. n,19. p,395",Cintia,8/10/2018,POINT(-46.63774187388738 -23.536015569101092),9.0,5.0,1935.0,,,
313,144.0,144,"Livro de Emplacamento. n,19. p,395",Cintia,8/10/2018,POINT(-46.63774187388738 -23.536015569101092),22.0,11.0,1908.0,9.0,4.0,1935.0
313,142.0,142,"Livro de Emplacamento. n,19. p,395",Cintia,8/10/2018,POINT(-46.63774187388738 -23.536015569101092),21.0,11.0,1908.0,21.0,11.0,1908.0
318,33.0,33,"Livro de Emplacamento. n,20. p,44",Cintia,8/10/2018,POINT(-46.639652071063146 -23.541149072810835),20.0,9.0,1935.0,,,
318,5.0,5,"Livro de Emplacamento. n,20. p,44",Cintia,8/10/2018,POINT(-46.639652071063146 -23.541149072810835),5.0,4.0,1909.0,19.0,9.0,1935.0
318,79.0,79,"Livro de Emplacamento. n,20. p,44",Cintia,8/10/2018,POINT(-46.63938025790115 -23.541472185693205),20.0,9.0,1935.0,,,
318,17.0,17,"Livro de Emplacamento. n,20. p,44",Cintia,8/10/2018,POINT(-46.63938025790115 -23.541472185693205),5.0,4.0,1909.0,19.0,9.0,1935.0
318,209.0,209,"Livro de Emplacamento. n,20. p,44",Cintia,8/10/2018,POINT(-46.63860250883821 -23.54240046428363),20.0,9.0,1935.0,,,
318,29.0,29,"Livro de Emplacamento. n,20. p,44",Cintia,8/10/2018,POINT(-46.63860250883821 -23.54240046428363),5.0,4.0,1909.0,19.0,9.0,1935.0
318,12.0,12,"Livro de Emplacamento. n,20. p,44",Cintia,8/10/2018,POINT(-46.639778120683324 -23.540999233650002),20.0,9.0,1935.0,,,
318,2.0,2,"Livro de Emplacamento. n,20. p,44",Cintia,8/10/2018,POINT(-46.639778120683324 -23.540999233650002),5.0,4.0,1909.0,19.0,9.0,1935.0
318,80.0,80,"Livro de Emplacamento. n,20. p,44",Cintia,8/10/2018,POINT(-46.63937189441925 -23.541482127628047),20.0,9.0,1935.0,,,
318,20.0,20,"Livro de Emplacamento. n,20. p,44",Cintia,8/10/2018,POINT(-46.63937189441925 -23.541482127628047),5.0,4.0,1909.0,19.0,9.0,1935.0
318,224.0,224,"Livro de Emplacamento. n,20. p,44",Cintia,8/10/2018,POINT(-46.63850851072006 -23.542512992836834),20.0,9.0,1935.0,,,
318,32.0,32,"Livro de Emplacamento. n,20. p,44",Cintia,8/10/2018,POINT(-46.63850851072006 -23.542512992836834),19.0,9.0,1935.0,19.0,9.0,1935.0
317,25.0,25,"Livro de Emplacamento. n,20. p,44",Cintia,8/10/2018,POINT(-46.64164992325284 -23.542309045450487),20.0,10.0,1935.0,,,
317,1.0,1,"Livro de Emplacamento. n,20. p,44",Cintia,8/10/2018,POINT(-46.64164992325284 -23.542309045450487),1.0,10.0,1909.0,19.0,10.0,1935.0
317,319.0,319,"Livro de Emplacamento. n,20. p,44",Cintia,8/10/2018,POINT(-46.63945580954536 -23.540621469484083),20.0,10.0,1935.0,,,
317,19.0,19,"Livro de Emplacamento. n,20. p,44",Cintia,8/10/2018,POINT(-46.63945580954536 -23.540621469484083),1.0,10.0,1909.0,19.0,10.0,1935.0
317,17.0,17,"Livro de Emplacamento. n,20. p,44",Cintia,8/10/2018,POINT(-46.63945580954536 -23.540621469484083),1.0,9.0,1909.0,1.0,9.0,1909.0
317,216.0,216,"Livro de Emplacamento. n,20. p,44",Cintia,8/10/2018,POINT(-46.64022387114287 -23.54120788386379),20.0,10.0,1935.0,,,
317,2.0,2,"Livro de Emplacamento. n,20. p,44",Cintia,8/10/2018,POINT(-46.64022387114287 -23.54120788386379),1.0,10.0,1909.0,19.0,10.0,1935.0
312,87.0,87,"Livro de Emplacamento. n,19. p,151",Cintia,8/10/2018,POINT(-46.650007150295835 -23.529591663309525),6.0,7.0,1934.0,,,
312,1.0,1,"Livro de Emplacamento. n,19. p,151",Cintia,8/10/2018,POINT(-46.650007150295835 -23.529591663309525),10.0,12.0,1908.0,6.0,6.0,1934.0
312,653.0,653,"Livro de Emplacamento. n,19. p,151",Cintia,8/10/2018,POINT(-46.6468992447817 -23.533788499984993),6.0,7.0,1934.0,,,
312,73.0,73,"Livro de Emplacamento. n,19. p,151",Cintia,8/10/2018,POINT(-46.6468992447817 -23.533788499984993),4.0,12.0,1928.0,6.0,6.0,1934.0
312,63.0,63,"Livro de Emplacamento. n,19. p,151",Cintia,8/10/2018,POINT(-46.6468992447817 -23.533788499984993),10.0,12.0,1908.0,4.0,11.0,1928.0
312,1509.0,1509,"Livro de Emplacamento. n,19. p,151",Cintia,8/10/2018,POINT(-46.64208568140905 -23.540068531659852),6.0,7.0,1934.0,,,
312,175.0,175,"Livro de Emplacamento. n,19. p,151",Cintia,8/10/2018,POINT(-46.64208568140905 -23.540068531659852),4.0,12.0,1928.0,6.0,6.0,1934.0
312,167.0,167,"Livro de Emplacamento. n,19. p,151",Cintia,8/10/2018,POINT(-46.64208568140905 -23.540068531659852),10.0,12.0,1908.0,4.0,11.0,1928.0
312,1737.0,1737,"Livro de Emplacamento. n,19. p,151",Cintia,8/10/2018,POINT(-46.64081742862353 -23.541737914669604),6.0,7.0,1934.0,,,
312,181.0,181,"Livro de Emplacamento. n,19. p,151",Cintia,8/10/2018,POINT(-46.64081742862353 -23.541737914669604),4.0,12.0,1928.0,6.0,6.0,1934.0
312,174.0,174 tinta,"Livro de Emplacamento. n,19. p,151",Cintia,8/10/2018,POINT(-46.64081742862353 -23.541737914669604),4.0,11.0,1928.0,4.0,11.0,1928.0
312,66.0,66,"Livro de Emplacamento. n,19. p,151",Cintia,8/10/2018,POINT(-46.65012837215295 -23.529430795927833),6.0,7.0,1934.0,,,
312,2.0,2,"Livro de Emplacamento. n,19. p,151",Cintia,8/10/2018,POINT(-46.65012837215295 -23.529430795927833),10.0,12.0,1908.0,6.0,6.0,1934.0
312,436.0,436,"Livro de Emplacamento. n,19. p,151",Cintia,8/10/2018,POINT(-46.648089754955485 -23.53217516392956),6.0,7.0,1934.0,,,
312,74.0,74,"Livro de Emplacamento. n,19. p,151",Cintia,8/10/2018,POINT(-46.648089754955485 -23.53217516392956),4.0,12.0,1928.0,6.0,6.0,1934.0
312,68.0,68,"Livro de Emplacamento. n,19. p,151",Cintia,8/10/2018,POINT(-46.648089754955485 -23.53217516392956),10.0,12.0,1908.0,4.0,11.0,1928.0
312,1328.0,1328,"Livro de Emplacamento. n,19. p,151",Cintia,8/10/2018,POINT(-46.64311041372729 -23.538748060647652),6.0,7.0,1934.0,,,
312,168.0,168,"Livro de Emplacamento. n,19. p,151",Cintia,8/10/2018,POINT(-46.64311041372729 -23.538748060647652),4.0,12.0,1928.0,6.0,6.0,1934.0
312,156.0,156,"Livro de Emplacamento. n,19. p,151",Cintia,8/10/2018,POINT(-46.64311041372729 -23.538748060647652),10.0,12.0,1908.0,4.0,11.0,1928.0
312,132.0,132,"Livro de Emplacamento. n,19. p,151",Cintia,8/10/2018,POINT(-46.64311041372729 -23.538748060647652),12.0,9.0,1908.0,12.0,9.0,1908.0
312,1740.0,1740,"Livro de Emplacamento. n,19. p,151",Cintia,8/10/2018,POINT(-46.640801788465126 -23.54175852331284),6.0,7.0,1934.0,,,
312,212.0,212,"Livro de Emplacamento. n,19. p,151",Cintia,8/10/2018,POINT(-46.640801788465126 -23.54175852331284),4.0,12.0,1928.0,6.0,6.0,1934.0
312,200.0,200 tinta,"Livro de Emplacamento. n,19. p,151",Cintia,8/10/2018,POINT(-46.640801788465126 -23.54175852331284),4.0,11.0,1928.0,4.0,11.0,1928.0
323,29.0,29,"Livro de Emplacamento. n,21. p,190",Cintia,8/10/2018,POINT(-46.63629244840728 -23.540922430303187),23.0,7.0,1936.0,,,
323,1.0,1,"Livro de Emplacamento. n,21. p,190",Cintia,8/10/2018,POINT(-46.63629244840728 -23.540922430303187),22.0,7.0,1936.0,22.0,7.0,1936.0
323,67.0,67,"Livro de Emplacamento. n,21. p,190",Cintia,8/10/2018,POINT(-46.635944635624895 -23.54103844625011),23.0,7.0,1936.0,,,
323,42.0,42,"Livro de Emplacamento. n,21. p,190",Cintia,8/10/2018,POINT(-46.636174670533876 -23.540961716126485),23.0,7.0,1936.0,,,
323,2.0,2,"Livro de Emplacamento. n,21. p,190",Cintia,8/10/2018,POINT(-46.636174670533876 -23.540961716126485),22.0,7.0,1936.0,22.0,7.0,1936.0
323,64.0,64,"Livro de Emplacamento. n,21. p,190",Cintia,8/10/2018,POINT(-46.63596671897616 -23.54103108015824),23.0,7.0,1936.0,,,
324,23.0,23,"Livro de Emplacamento. n,21. p,134",Cintia,8/10/2018,POINT(-46.63537249225949 -23.541113197086943),25.0,5.0,1936.0,,,
324,2.0,2 at,"Livro de Emplacamento. n,21. p,134",Cintia,8/10/2018,POINT(-46.63537249225949 -23.541113197086943),24.0,5.0,1936.0,24.0,5.0,1936.0
324,141.0,141,"Livro de Emplacamento. n,21. p,134",Cintia,8/10/2018,POINT(-46.63429146354178 -23.54145267551797),25.0,5.0,1936.0,,,
324,36.0,36,"Livro de Emplacamento. n,21. p,134",Cintia,8/10/2018,POINT(-46.63429146354178 -23.54145267551797),24.0,5.0,1936.0,24.0,5.0,1936.0
324,74.0,74,"Livro de Emplacamento. n,21. p,134",Cintia,8/10/2018,POINT(-46.63490840023929 -23.541258937184583),25.0,5.0,1936.0,,,
324,142.0,142,"Livro de Emplacamento. n,21. p,134",Cintia,8/10/2018,POINT(-46.63427201058285 -23.54145878438434),25.0,5.0,1936.0,,,
324,1.0,1,"Livro de Emplacamento. n,21. p,134",Cintia,8/10/2018,POINT(-46.63427201058285 -23.54145878438434),24.0,5.0,1936.0,24.0,5.0,1936.0
336,35.0,35,"Livro de Emplacamento. n,21. p,170",Cintia,8/10/2018,POINT(-46.63029783870536 -23.539195354516607),18.0,6.0,1936.0,,,
336,1.0,1,"Livro de Emplacamento. n,21. p,170",Cintia,8/10/2018,POINT(-46.63029783870536 -23.539195354516607),17.0,6.0,1936.0,17.0,6.0,1936.0
336,125.0,125,"Livro de Emplacamento. n,21. p,170",Cintia,8/10/2018,POINT(-46.62944627391279 -23.539400026169833),18.0,6.0,1936.0,,,
336,19.0,19,"Livro de Emplacamento. n,21. p,170",Cintia,8/10/2018,POINT(-46.62944627391279 -23.539400026169833),17.0,6.0,1936.0,17.0,6.0,1936.0
336,44.0,44,"Livro de Emplacamento. n,21. p,170",Cintia,8/10/2018,POINT(-46.63019648449757 -23.539219714768993),18.0,6.0,1936.0,,,
336,2.0,2,"Livro de Emplacamento. n,21. p,170",Cintia,8/10/2018,POINT(-46.63019648449757 -23.539219714768993),17.0,6.0,1936.0,17.0,6.0,1936.0
336,132.0,132,"Livro de Emplacamento. n,21. p,170",Cintia,8/10/2018,POINT(-46.62937807295054 -23.539416418115366),18.0,6.0,1936.0,,,
336,20.0,20,"Livro de Emplacamento. n,21. p,170",Cintia,8/10/2018,POINT(-46.62937807295054 -23.539416418115366),17.0,6.0,1936.0,17.0,6.0,1936.0
346,12.0,12,"Livro de Emplacamento. n,22. p,199",Cintia,8/10/2018,POINT(-46.628644907507244 -23.536396013501975),31.0,5.0,1937.0,,,
346,2.0,2,"Livro de Emplacamento. n,22. p,199",Cintia,8/10/2018,POINT(-46.628644907507244 -23.536396013501975),30.0,5.0,1937.0,30.0,5.0,1937.0
346,82.0,82,"Livro de Emplacamento. n,22. p,199",Cintia,8/10/2018,POINT(-46.62798937710245 -23.536588551789293),31.0,5.0,1937.0,,,
346,22.0,22,"Livro de Emplacamento. n,22. p,199",Cintia,8/10/2018,POINT(-46.62798937710245 -23.536588551789293),30.0,5.0,1937.0,30.0,5.0,1937.0
346,23.0,23,"Livro de Emplacamento. n,22. p,199",Cintia,8/10/2018,POINT(-46.62852837344794 -23.536430335277114),31.0,5.0,1937.0,,,
346,1.0,1,"Livro de Emplacamento. n,22. p,199",Cintia,8/10/2018,POINT(-46.62852837344794 -23.536430335277114),30.0,5.0,1937.0,30.0,5.0,1937.0
346,83.0,83,"Livro de Emplacamento. n,22. p,199",Cintia,8/10/2018,POINT(-46.627981913243886 -23.53659072900877),31.0,5.0,1937.0,,,
346,7.0,7,"Livro de Emplacamento. n,22. p,199",Cintia,8/10/2018,POINT(-46.627981913243886 -23.53659072900877),30.0,5.0,1937.0,30.0,5.0,1937.0
352,161.0,161,"Livro de Emplacamento. n,24. p,399",Cintia,8/10/2018,POINT(-46.630837682919 -23.53548090581757),7.0,5.0,1938.0,,,
352,339.0,339,"Livro de Emplacamento. n,24. p,399",Cintia,8/10/2018,POINT(-46.63257205749343 -23.535325480548646),7.0,5.0,1938.0,,,
352,34.0,34,"Livro de Emplacamento. n,24. p,399",Cintia,8/10/2018,POINT(-46.629601529215485 -23.53562192854733),7.0,5.0,1938.0,,,
352,342.0,342,"Livro de Emplacamento. n,24. p,399",Cintia,8/10/2018,POINT(-46.63260324092872 -23.535322921090053),7.0,5.0,1938.0,,,
353,1.0,1,"Livro de Emplacamento. n,19. p,96",Cintia,8/10/2018,POINT(-46.628163131566026 -23.542737140790155),29.0,3.0,1933.0,,,
353,3.0,3,"Livro de Emplacamento. n,19. p,96",Cintia,8/10/2018,POINT(-46.628163131566026 -23.542737140790155),28.0,3.0,1933.0,28.0,3.0,1933.0
353,43.0,43,"Livro de Emplacamento. n,19. p,96",Cintia,8/10/2018,POINT(-46.62814542429976 -23.542369359688653),29.0,3.0,1933.0,,,
353,7.0,7,"Livro de Emplacamento. n,19. p,96",Cintia,8/10/2018,POINT(-46.62814542429976 -23.542369359688653),28.0,3.0,1933.0,28.0,3.0,1933.0
353,32.0,32,"Livro de Emplacamento. n,19. p,96",Cintia,8/10/2018,POINT(-46.62814933991147 -23.542450687204955),29.0,3.0,1933.0,,,
353,8.0,8,"Livro de Emplacamento. n,19. p,96",Cintia,8/10/2018,POINT(-46.62814933991147 -23.542450687204955),28.0,3.0,1933.0,28.0,3.0,1933.0
353,74.0,74,"Livro de Emplacamento. n,19. p,96",Cintia,8/10/2018,POINT(-46.62813111056364 -23.54207206243461),29.0,3.0,1933.0,,,
353,20.0,20 T,"Livro de Emplacamento. n,19. p,96",Cintia,8/10/2018,POINT(-46.62813111056364 -23.54207206243461),28.0,3.0,1933.0,28.0,3.0,1933.0
345,27.0,27,"Livro de Emplacamento. n,21. p,199",Cintia,8/10/2018,POINT(-46.627769516554494 -23.535566156399405),27.0,7.0,1936.0,,,
345,1.0,1,"Livro de Emplacamento. n,21. p,199",Cintia,8/10/2018,POINT(-46.627769516554494 -23.535566156399405),14.0,5.0,1929.0,26.0,7.0,1936.0
345,9.0,9,"Livro de Emplacamento. n,21. p,199",Cintia,8/10/2018,POINT(-46.627769516554494 -23.535566156399405),13.0,5.0,1929.0,13.0,5.0,1929.0
345,83.0,83,"Livro de Emplacamento. n,21. p,199",Cintia,8/10/2018,POINT(-46.62796337220819 -23.536030045785218),27.0,7.0,1936.0,,,
345,27.0,27,"Livro de Emplacamento. n,21. p,199",Cintia,8/10/2018,POINT(-46.62796337220819 -23.536030045785218),14.0,5.0,1929.0,26.0,7.0,1936.0
345,37.0,37,"Livro de Emplacamento. n,21. p,199",Cintia,8/10/2018,POINT(-46.62796337220819 -23.536030045785218),13.0,5.0,1929.0,13.0,5.0,1929.0
345,163.0,163,"Livro de Emplacamento. n,21. p,199",Cintia,8/10/2018,POINT(-46.62824360048817 -23.536692908907433),27.0,7.0,1936.0,,,
345,59.0,59,"Livro de Emplacamento. n,21. p,199",Cintia,8/10/2018,POINT(-46.62824360048817 -23.536692908907433),14.0,5.0,1929.0,26.0,7.0,1936.0
345,69.0,69,"Livro de Emplacamento. n,21. p,199",Cintia,8/10/2018,POINT(-46.62824360048817 -23.536692908907433),13.0,5.0,1929.0,13.0,5.0,1929.0
345,20.0,20,"Livro de Emplacamento. n,21. p,200",Cintia,8/10/2018,POINT(-46.627745805655856 -23.53550918175005),27.0,7.0,1936.0,,,
345,2.0,2 sob,"Livro de Emplacamento. n,21. p,200",Cintia,8/10/2018,POINT(-46.627745805655856 -23.53550918175005),14.0,5.0,1929.0,26.0,7.0,1936.0
345,60.0,60,"Livro de Emplacamento. n,21. p,200",Cintia,8/10/2018,POINT(-46.627881445943636 -23.53583511025886),27.0,7.0,1936.0,,,
345,16.0,16,"Livro de Emplacamento. n,21. p,200",Cintia,8/10/2018,POINT(-46.627881445943636 -23.53583511025886),14.0,5.0,1929.0,26.0,7.0,1936.0
345,132.0,132,"Livro de Emplacamento. n,21. p,200",Cintia,8/10/2018,POINT(-46.62813850361045 -23.536442740061496),27.0,7.0,1936.0,,,
345,34.0,34,"Livro de Emplacamento. n,21. p,200",Cintia,8/10/2018,POINT(-46.62813850361045 -23.536442740061496),14.0,5.0,1929.0,26.0,7.0,1936.0
339,22.0,22,"Livro de Emplacamento. n,26. p,367",Cintia,8/10/2018,POINT(-46.63194743261591 -23.541917689182334),20.0,12.0,1939.0,,,
339,2.0,2,"Livro de Emplacamento. n,26. p,367",Cintia,8/10/2018,POINT(-46.63194743261591 -23.541917689182334),6.0,8.0,1928.0,19.0,12.0,1939.0
339,126.0,126,"Livro de Emplacamento. n,26. p,367",Cintia,8/10/2018,POINT(-46.63094342908225 -23.54176055026876),20.0,12.0,1939.0,,,
339,16.0,16,"Livro de Emplacamento. n,26. p,367",Cintia,8/10/2018,POINT(-46.63094342908225 -23.54176055026876),6.0,8.0,1928.0,19.0,12.0,1939.0
339,14.0,14,"Livro de Emplacamento. n,26. p,367",Cintia,8/10/2018,POINT(-46.63094342908225 -23.54176055026876),6.0,7.0,1928.0,6.0,7.0,1928.0
339,198.0,198,"Livro de Emplacamento. n,26. p,367",Cintia,8/10/2018,POINT(-46.630244876414224 -23.541791937465195),20.0,12.0,1939.0,,,
339,24.0,24,"Livro de Emplacamento. n,26. p,367",Cintia,8/10/2018,POINT(-46.630244876414224 -23.541791937465195),19.0,12.0,1939.0,19.0,12.0,1939.0
339,23.0,23,"Livro de Emplacamento. n,26. p,367",Cintia,8/10/2018,POINT(-46.631934913417126 -23.54191560898262),20.0,12.0,1939.0,,,
339,1.0,1,"Livro de Emplacamento. n,26. p,367",Cintia,8/10/2018,POINT(-46.631934913417126 -23.54191560898262),6.0,8.0,1928.0,19.0,12.0,1939.0
339,67.0,67,"Livro de Emplacamento. n,26. p,367",Cintia,8/10/2018,POINT(-46.63150985370908 -23.541847354213917),20.0,12.0,1939.0,,,
339,13.1,13 E/S,"Livro de Emplacamento. n,26. p,367",Cintia,8/10/2018,POINT(-46.63150985370908 -23.541847354213917),6.0,8.0,1928.0,19.0,12.0,1939.0
339,11.1,11 E/S,"Livro de Emplacamento. n,26. p,367",Cintia,8/10/2018,POINT(-46.63150985370908 -23.541847354213917),6.0,7.0,1928.0,6.0,7.0,1928.0
339,133.0,133,"Livro de Emplacamento. n,26. p,367",Cintia,8/10/2018,POINT(-46.63088151419036 -23.541752180803243),20.0,12.0,1939.0,,,
339,31.0,31,"Livro de Emplacamento. n,26. p,367",Cintia,8/10/2018,POINT(-46.63088151419036 -23.541752180803243),6.0,8.0,1928.0,19.0,12.0,1939.0
339,33.0,33 e/t,"Livro de Emplacamento. n,26. p,367",Cintia,8/10/2018,POINT(-46.63088151419036 -23.541752180803243),6.0,7.0,1928.0,6.0,7.0,1928.0
341,101.0,101,"Livro de Emplacamento. n,19. p,80",Cintia,8/10/2018,,8.0,10.0,1933.0,,,
341,225.0,225,"Livro de Emplacamento. n,19. p,80",Cintia,8/10/2018,,8.0,10.0,1933.0,,,
341,27.0,27,"Livro de Emplacamento. n,19. p,80",Cintia,8/10/2018,,27.0,4.0,1928.0,8.0,9.0,1933.0
341,21.0,21,"Livro de Emplacamento. n,19. p,80",Cintia,8/10/2018,,8.0,2.0,1907.0,26.0,4.0,1928.0
341,399.0,399,"Livro de Emplacamento. n,19. p,80",Cintia,8/10/2018,,8.0,10.0,1933.0,,,
341,59.0,59,"Livro de Emplacamento. n,19. p,80",Cintia,8/10/2018,,27.0,4.0,1928.0,8.0,9.0,1933.0
341,49.0,49,"Livro de Emplacamento. n,19. p,80",Cintia,8/10/2018,,23.0,11.0,1908.0,26.0,4.0,1928.0
341,19.0,19,"Livro de Emplacamento. n,19. p,80",Cintia,8/10/2018,,22.0,11.0,1908.0,22.0,11.0,1908.0
341,98.0,98,"Livro de Emplacamento. n,19. p,80",Cintia,8/10/2018,,8.0,10.0,1933.0,,,
341,2.0,2,"Livro de Emplacamento. n,19. p,80",Cintia,8/10/2018,,27.0,4.0,1928.0,8.0,9.0,1933.0
341,138.0,138,"Livro de Emplacamento. n,19. p,80",Cintia,8/10/2018,,8.0,10.0,1933.0,,,
341,14.0,14,"Livro de Emplacamento. n,19. p,80",Cintia,8/10/2018,,27.0,4.0,1928.0,8.0,9.0,1933.0
341,12.0,12,"Livro de Emplacamento. n,19. p,80",Cintia,8/10/2018,,26.0,4.0,1928.0,26.0,4.0,1928.0
363,37.0,37,"Livro de Empĺacamento. n,21. p,33",Cintia,8/10/2018,POINT(-46.62757848248498 -23.542400098330113),15.0,4.0,1936.0,,,
363,7.0,7,"Livro de Empĺacamento. n,21. p,33",Cintia,8/10/2018,POINT(-46.62757848248498 -23.542400098330113),19.0,1.0,1909.0,14.0,4.0,1936.0
363,1.0,1,"Livro de Empĺacamento. n,21. p,33",Cintia,8/10/2018,POINT(-46.62757848248498 -23.542400098330113),18.0,1.0,1909.0,18.0,1.0,1909.0
363,105.0,105,"Livro de Empĺacamento. n,21. p,33",Cintia,8/10/2018,POINT(-46.62758501596265 -23.541801159310424),15.0,4.0,1936.0,,,
363,25.0,25,"Livro de Empĺacamento. n,21. p,33",Cintia,8/10/2018,POINT(-46.62758501596265 -23.541801159310424),14.0,10.0,1926.0,14.0,4.0,1936.0
363,23.0,23,"Livro de Empĺacamento. n,21. p,33",Cintia,8/10/2018,POINT(-46.62758501596265 -23.541801159310424),19.0,1.0,1909.0,13.0,10.0,1926.0
363,5.0,5 tinta,"Livro de Empĺacamento. n,21. p,33",Cintia,8/10/2018,POINT(-46.62758501596265 -23.541801159310424),18.0,1.0,1909.0,18.0,1.0,1909.0
363,149.0,149,"Livro de Empĺacamento. n,21. p,33",Cintia,8/10/2018,POINT(-46.62759632324472 -23.541401406234158),15.0,4.0,1936.0,,,
363,39.0,39,"Livro de Empĺacamento. n,21. p,33",Cintia,8/10/2018,POINT(-46.62759632324472 -23.541401406234158),19.0,1.0,1909.0,14.0,4.0,1936.0
363,29.0,29,"Livro de Empĺacamento. n,21. p,33",Cintia,8/10/2018,POINT(-46.62759632324472 -23.541401406234158),18.0,1.0,1909.0,18.0,1.0,1909.0
364,76.0,76,"Livro de Emplacamento. n,20. p,392. n,1. p,46",Cintia,8/10/2018,POINT(-46.62727859726996 -23.541195541748664),3.0,2.0,1936.0,,,
364,2.0,2,"Livro de Emplacamento. n,20. p,392. n,1. p,46",Cintia,8/10/2018,POINT(-46.62727859726996 -23.541195541748664),8.0,7.0,1908.0,3.0,1.0,1936.0
364,322.0,322,"Livro de Emplacamento. n,20. p,392. n,1. p,46",Cintia,8/10/2018,POINT(-46.62497595085317 -23.540575727937323),3.0,2.0,1936.0,,,
364,54.0,54,"Livro de Emplacamento. n,20. p,392. n,1. p,46",Cintia,8/10/2018,POINT(-46.62497595085317 -23.540575727937323),8.0,7.0,1908.0,3.0,1.0,1936.0
364,40.0,40,"Livro de Emplacamento. n,20. p,392. n,1. p,46",Cintia,8/10/2018,POINT(-46.62497595085317 -23.540575727937323),8.0,6.0,1908.0,8.0,6.0,1908.0
364,624.0,624,"Livro de Emplacamento. n,20. p,392. n,1. p,46",Cintia,8/10/2018,POINT(-46.622208235808564 -23.539583454193547),3.0,2.0,1936.0,,,
364,116.0,116,"Livro de Emplacamento. n,20. p,392. n,1. p,46",Cintia,8/10/2018,POINT(-46.622208235808564 -23.539583454193547),8.0,7.0,1908.0,3.0,1.0,1936.0
364,84.0,84,"Livro de Emplacamento. n,20. p,392. n,1. p,46",Cintia,8/10/2018,POINT(-46.622208235808564 -23.539583454193547),8.0,6.0,1908.0,8.0,6.0,1908.0
364,61.0,61,"Livro de Emplacamento. n,20. p,392. n,1. p,46",Cintia,8/10/2018,POINT(-46.62741796583202 -23.54123056927053),3.0,2.0,1936.0,,,
364,3.0,3,"Livro de Emplacamento. n,20. p,392. n,1. p,46",Cintia,8/10/2018,POINT(-46.62741796583202 -23.54123056927053),8.0,7.0,1908.0,3.0,1.0,1936.0
364,105.0,105,"Livro de Emplacamento. n,20. p,392. n,1. p,46",Cintia,8/10/2018,POINT(-46.62700927694056 -23.541127853429384),3.0,2.0,1936.0,,,
364,21.0,21,"Livro de Emplacamento. n,20. p,392. n,1. p,46",Cintia,8/10/2018,POINT(-46.62700927694056 -23.541127853429384),8.0,7.0,1908.0,3.0,1.0,1936.0
364,287.0,287,"Livro de Emplacamento. n,20. p,392. n,1. p,46",Cintia,8/10/2018,POINT(-46.62529061944436 -23.540661862134364),3.0,2.0,1936.0,,,
364,39.0,39,"Livro de Emplacamento. n,20. p,392. n,1. p,46",Cintia,8/10/2018,POINT(-46.62529061944436 -23.540661862134364),3.0,1.0,1936.0,3.0,1.0,1936.0
364,191.0,191,"Livro de Emplacamento. n,20. p,392. n,1. p,46",Cintia,8/10/2018,POINT(-46.62619622815768 -23.54090975430263),3.0,2.0,1936.0,,,
364,37.0,37,"Livro de Emplacamento. n,20. p,392. n,1. p,46",Cintia,8/10/2018,POINT(-46.62619622815768 -23.54090975430263),5.0,4.0,1909.0,3.0,1.0,1936.0
364,35.0,35,"Livro de Emplacamento. n,20. p,392. n,1. p,46",Cintia,8/10/2018,POINT(-46.62619622815768 -23.54090975430263),8.0,7.0,1908.0,5.0,3.0,1909.0
364,17.0,17,"Livro de Emplacamento. n,20. p,392. n,1. p,46",Cintia,8/10/2018,POINT(-46.62619622815768 -23.54090975430263),8.0,6.0,1908.0,8.0,6.0,1908.0
365,41.0,41,"Livro de Emplacamento. n,21. p,83",Cintia,8/10/2018,POINT(-46.62631012739439 -23.54304102161823),27.0,4.0,1936.0,,,
365,1.0,1,"Livro de Emplacamento. n,21. p,83",Cintia,8/10/2018,POINT(-46.62631012739439 -23.54304102161823),18.0,1.0,1909.0,26.0,4.0,1936.0
365,97.0,97,"Livro de Emplacamento. n,21. p,83",Cintia,8/10/2018,POINT(-46.62577719860017 -23.542915581351057),27.0,4.0,1936.0,,,
365,13.0,13,"Livro de Emplacamento. n,21. p,83",Cintia,8/10/2018,POINT(-46.62577719860017 -23.542915581351057),9.0,8.0,1930.0,26.0,4.0,1936.0
365,15.0,15,"Livro de Emplacamento. n,21. p,83",Cintia,8/10/2018,POINT(-46.62577719860017 -23.542915581351057),28.0,9.0,1911.0,9.0,7.0,1930.0
365,11.0,11,"Livro de Emplacamento. n,21. p,83",Cintia,8/10/2018,POINT(-46.62577719860017 -23.542915581351057),18.0,1.0,1909.0,27.0,9.0,1911.0
365,255.0,255,"Livro de Emplacamento. n,21. p,83",Cintia,8/10/2018,POINT(-46.62428119813374 -23.542557620581363),27.0,4.0,1936.0,,,
365,21.0,21,"Livro de Emplacamento. n,21. p,83",Cintia,8/10/2018,POINT(-46.62428119813374 -23.542557620581363),9.0,8.0,1930.0,26.0,4.0,1936.0
365,29.0,29,"Livro de Emplacamento. n,21. p,83",Cintia,8/10/2018,POINT(-46.62428119813374 -23.542557620581363),18.0,1.0,1909.0,9.0,7.0,1930.0
365,42.0,42,"Livro de Emplacamento. n,21. p,83",Cintia,8/10/2018,POINT(-46.626303489491264 -23.543039459194976),27.0,4.0,1936.0,,,
365,2.0,2,"Livro de Emplacamento. n,21. p,83",Cintia,8/10/2018,POINT(-46.626303489491264 -23.543039459194976),28.0,9.0,1911.0,26.0,4.0,1936.0
365,145.0,145,"Livro de Emplacamento. n,21. p,83",Cintia,8/10/2018,POINT(-46.625311597109125 -23.542805988519774),27.0,4.0,1936.0,,,
365,30.0,30,"Livro de Emplacamento. n,21. p,83",Cintia,8/10/2018,POINT(-46.625311597109125 -23.542805988519774),9.0,8.0,1930.0,26.0,4.0,1936.0
365,28.0,28,"Livro de Emplacamento. n,21. p,83",Cintia,8/10/2018,POINT(-46.625311597109125 -23.542805988519774),18.0,1.0,1909.0,9.0,7.0,1930.0
365,254.0,254,"Livro de Emplacamento. n,21. p,83",Cintia,8/10/2018,POINT(-46.624291611270976 -23.54256015046773),27.0,4.0,1936.0,,,
365,46.0,46,"Livro de Emplacamento. n,21. p,83",Cintia,8/10/2018,POINT(-46.624291611270976 -23.54256015046773),28.0,9.0,1911.0,26.0,4.0,1936.0
368,149.0,149,"Livro de Emplacamento. n,20. p,376",Cintia,8/10/2018,POINT(-46.62066753389326 -23.542201160990963),20.0,2.0,1936.0,,,
368,11.0,11,"Livro de Emplacamento. n,20. p,376",Cintia,8/10/2018,POINT(-46.62066753389326 -23.542201160990963),13.0,8.0,1928.0,19.0,2.0,1936.0
368,1.0,1,"Livro de Emplacamento. n,20. p,376",Cintia,8/10/2018,POINT(-46.62066753389326 -23.542201160990963),13.0,7.0,1908.0,8.0,12.0,1928.0
368,193.0,193,"Livro de Emplacamento. n,20. p,376",Cintia,8/10/2018,POINT(-46.621024446594134 -23.542423972998762),20.0,2.0,1936.0,,,
368,29.0,29,"Livro de Emplacamento. n,20. p,376",Cintia,8/10/2018,POINT(-46.621024446594134 -23.542423972998762),13.0,7.0,1908.0,19.0,2.0,1936.0
368,5.0,5,"Livro de Emplacamento. n,20. p,376",Cintia,8/10/2018,POINT(-46.621024446594134 -23.542423972998762),7.0,12.0,1908.0,7.0,12.0,1908.0
368,247.0,247,"Livro de Emplacamento. n,20. p,376",Cintia,8/10/2018,POINT(-46.621453389295866 -23.542691751602234),20.0,2.0,1936.0,,,
368,39.0,39,"Livro de Emplacamento. n,20. p,376",Cintia,8/10/2018,POINT(-46.621453389295866 -23.542691751602234),19.0,2.0,1936.0,19.0,2.0,1936.0
368,34.0,34,"Livro de Emplacamento. n,20. p,376",Cintia,8/10/2018,POINT(-46.61973905628714 -23.54162555860665),20.0,2.0,1936.0,,,
368,4.0,4,"Livro de Emplacamento. n,20. p,376",Cintia,8/10/2018,POINT(-46.61973905628714 -23.54162555860665),13.0,7.0,1908.0,19.0,2.0,1936.0
368,2.0,2,"Livro de Emplacamento. n,20. p,376",Cintia,8/10/2018,POINT(-46.61973905628714 -23.54162555860665),7.0,12.0,1908.0,7.0,12.0,1908.0
368,104.0,104,"Livro de Emplacamento. n,20. p,376",Cintia,8/10/2018,POINT(-46.62030981186654 -23.54197784374052),20.0,2.0,1936.0,,,
368,28.0,28,"Livro de Emplacamento. n,20. p,376",Cintia,8/10/2018,POINT(-46.62030981186654 -23.54197784374052),13.0,7.0,1908.0,19.0,2.0,1936.0
368,12.0,12,"Livro de Emplacamento. n,20. p,376",Cintia,8/10/2018,POINT(-46.62030981186654 -23.54197784374052),7.0,12.0,1908.0,7.0,12.0,1908.0
368,206.0,206,"Livro de Emplacamento. n,20. p,376",Cintia,8/10/2018,POINT(-46.62112723097738 -23.542488138815063),20.0,2.0,1936.0,,,
368,60.0,60,"Livro de Emplacamento. n,20. p,376",Cintia,8/10/2018,POINT(-46.62112723097738 -23.542488138815063),13.0,7.0,1908.0,19.0,2.0,1936.0
368,44.0,44,"Livro de Emplacamento. n,20. p,376",Cintia,8/10/2018,POINT(-46.62112723097738 -23.542488138815063),7.0,12.0,1908.0,7.0,12.0,1908.0
361,27.0,27,"Livro de Emplacamento. n,22. p,201",Cintia,8/10/2018,POINT(-46.63262548191075 -23.53849850352498),6.0,10.0,1937.0,,,
361,3.0,3,"Livro de Emplacamento. n,22. p,201",Cintia,8/10/2018,POINT(-46.63262548191075 -23.53849850352498),21.0,8.0,1916.0,6.0,9.0,1937.0
361,35.0,35,"Livro de Emplacamento. n,22. p,201",Cintia,8/10/2018,POINT(-46.63254140492299 -23.538494072180082),6.0,10.0,1937.0,,,
361,7.0,7,"Livro de Emplacamento. n,22. p,201",Cintia,8/10/2018,POINT(-46.63254140492299 -23.538494072180082),21.0,8.0,1916.0,6.0,9.0,1937.0
361,25.0,25,"Livro de Emplacamento. n,22. p,201",Cintia,8/10/2018,POINT(-46.63254140492299 -23.538494072180082),21.0,8.0,1908.0,20.0,8.0,1916.0
361,63.0,63,"Livro de Emplacamento. n,22. p,201",Cintia,8/10/2018,POINT(-46.632281352844565 -23.538480365927256),6.0,10.0,1937.0,,,
361,19.0,19,"Livro de Emplacamento. n,22. p,201",Cintia,8/10/2018,POINT(-46.632281352844565 -23.538480365927256),14.0,9.0,1922.0,6.0,9.0,1937.0
361,48.0,48,"Livro de Emplacamento. n,22. p,201",Cintia,8/10/2018,POINT(-46.63242017763831 -23.538487682799065),6.0,10.0,1937.0,,,
361,2.0,2,"Livro de Emplacamento. n,22. p,201",Cintia,8/10/2018,POINT(-46.63242017763831 -23.538487682799065),21.0,8.0,1908.0,6.0,9.0,1937.0
361,60.0,60,"Livro de Emplacamento. n,22. p,201",Cintia,8/10/2018,POINT(-46.63229503979606 -23.538481087308984),6.0,10.0,1937.0,,,
361,6.0,6,"Livro de Emplacamento. n,22. p,201",Cintia,8/10/2018,POINT(-46.63229503979606 -23.538481087308984),21.0,8.0,1908.0,6.0,9.0,1937.0
375,35.0,35,"Livro de Emplacamento. n,21. p,284",Cintia,8/10/2018,POINT(-46.620060527542485 -23.5372756559758),9.0,11.0,1936.0,,,
375,1.0,"1,1","Livro de Emplacamento. n,21. p,284",Cintia,8/10/2018,POINT(-46.620060527542485 -23.5372756559758),9.0,10.0,1936.0,9.0,10.0,1936.0
375,75.0,75,"Livro de Emplacamento. n,21. p,284",Cintia,8/10/2018,POINT(-46.61967325307837 -23.537257538775226),9.0,11.0,1936.0,,,
375,13.0,13,"Livro de Emplacamento. n,21. p,284",Cintia,8/10/2018,POINT(-46.61967325307837 -23.537257538775226),9.0,10.0,1936.0,9.0,10.0,1936.0
375,243.0,243,"Livro de Emplacamento. n,21. p,284",Cintia,8/10/2018,POINT(-46.618028215261376 -23.53718285489974),9.0,11.0,1936.0,,,
375,33.0,33,"Livro de Emplacamento. n,21. p,284",Cintia,8/10/2018,POINT(-46.618028215261376 -23.53718285489974),9.0,10.0,1936.0,9.0,10.0,1936.0
375,20.0,20,"Livro de Emplacamento. n,21. p,284",Cintia,8/10/2018,POINT(-46.62020820038107 -23.537282564302284),9.0,11.0,1936.0,,,
375,2.0,2,"Livro de Emplacamento. n,21. p,284",Cintia,8/10/2018,POINT(-46.62020820038107 -23.537282564302284),9.0,10.0,1936.0,9.0,10.0,1936.0
375,120.0,120,"Livro de Emplacamento. n,21. p,284",Cintia,8/10/2018,POINT(-46.619238058289156 -23.53723717979983),9.0,11.0,1936.0,,,
375,32.0,32,"Livro de Emplacamento. n,21. p,284",Cintia,8/10/2018,POINT(-46.619238058289156 -23.53723717979983),9.0,10.0,1936.0,9.0,10.0,1936.0
375,252.0,252,"Livro de Emplacamento. n,21. p,284",Cintia,8/10/2018,POINT(-46.61793923395037 -23.537178410838543),9.0,11.0,1936.0,,,
375,68.0,68C,"Livro de Emplacamento. n,21. p,284",Cintia,8/10/2018,POINT(-46.61793923395037 -23.537178410838543),9.0,10.0,1936.0,9.0,10.0,1936.0
370,55.0,55,"Livro de Emplacamento. n,21. p,45",Cintia,8/10/2018,POINT(-46.62015987798505 -23.54406731484538),16.0,4.0,1936.0,,,
370,3.0,3,"Livro de Emplacamento. n,21. p,45",Cintia,8/10/2018,POINT(-46.62015987798505 -23.54406731484538),24.0,4.0,1912.0,15.0,4.0,1936.0
370,77.0,77,"Livro de Emplacamento. n,21. p,45",Cintia,8/10/2018,POINT(-46.62003166754354 -23.544246464743402),16.0,4.0,1936.0,,,
370,11.0,11,"Livro de Emplacamento. n,21. p,45",Cintia,8/10/2018,POINT(-46.62003166754354 -23.544246464743402),24.0,4.0,1912.0,15.0,4.0,1936.0
370,133.0,133,"Livro de Emplacamento. n,21. p,45",Cintia,8/10/2018,POINT(-46.61973691119435 -23.544655529935657),16.0,4.0,1936.0,,,
370,33.0,33,"Livro de Emplacamento. n,21. p,45",Cintia,8/10/2018,POINT(-46.61973691119435 -23.544655529935657),24.0,4.0,1912.0,15.0,4.0,1936.0
370,42.0,42,"Livro de Emplacamento. n,21. p,45",Cintia,8/10/2018,POINT(-46.62022412085206 -23.54397502992791),16.0,4.0,1936.0,,,
370,2.0,2,"Livro de Emplacamento. n,21. p,45",Cintia,8/10/2018,POINT(-46.62022412085206 -23.54397502992791),24.0,4.0,1912.0,15.0,4.0,1936.0
370,92.0,92,"Livro de Emplacamento. n,21. p,45",Cintia,8/10/2018,POINT(-46.61996192964649 -23.54434391029463),16.0,4.0,1936.0,,,
370,18.0,18,"Livro de Emplacamento. n,21. p,45",Cintia,8/10/2018,POINT(-46.61996192964649 -23.54434391029463),24.0,4.0,1912.0,15.0,4.0,1936.0
370,136.0,136,"Livro de Emplacamento. n,21. p,45",Cintia,8/10/2018,POINT(-46.61972657002289 -23.544669664369327),16.0,4.0,1936.0,,,
370,38.0,38,"Livro de Emplacamento. n,21. p,45",Cintia,8/10/2018,POINT(-46.61972657002289 -23.544669664369327),24.0,4.0,1912.0,15.0,4.0,1936.0
377,34.0,34,"Livro de Emplacamento. n,21. p,274",Cintia,8/10/2018,POINT(-46.61643324147484 -23.53989952822949),9.0,2.0,1936.0,,,
377,2.0,2,"Livro de Emplacamento. n,21. p,274",Cintia,8/10/2018,POINT(-46.61643324147484 -23.53989952822949),12.0,3.0,1908.0,9.0,1.0,1936.0
377,78.0,78,"Livro de Emplacamento. n,21. p,274",Cintia,8/10/2018,POINT(-46.61616554721866 -23.54020354651527),9.0,2.0,1936.0,,,
377,16.0,16,"Livro de Emplacamento. n,21. p,274",Cintia,8/10/2018,POINT(-46.61616554721866 -23.54020354651527),12.0,3.0,1908.0,9.0,1.0,1936.0
377,136.0,136,"Livro de Emplacamento. n,21. p,274",Cintia,8/10/2018,POINT(-46.61580524479166 -23.54062523727032),9.0,2.0,1936.0,,,
377,38.0,38,"Livro de Emplacamento. n,21. p,274",Cintia,8/10/2018,POINT(-46.61580524479166 -23.54062523727032),12.0,3.0,1908.0,9.0,1.0,1936.0
377,41.0,41,"Livro de Emplacamento. n,21. p,274",Cintia,8/10/2018,POINT(-46.61638412326269 -23.539955311401194),9.0,2.0,1936.0,,,
377,5.0,5,"Livro de Emplacamento. n,21. p,274",Cintia,8/10/2018,POINT(-46.61638412326269 -23.539955311401194),12.0,3.0,1908.0,9.0,1.0,1936.0
377,3.0,3 tinta,"Livro de Emplacamento. n,21. p,274",Cintia,8/10/2018,POINT(-46.61638412326269 -23.539955311401194),12.0,2.0,1908.0,12.0,2.0,1908.0
377,77.0,77,"Livro de Emplacamento. n,21. p,274",Cintia,8/10/2018,POINT(-46.616174142905784 -23.54019378446022),9.0,2.0,1936.0,,,
377,17.0,17,"Livro de Emplacamento. n,21. p,274",Cintia,8/10/2018,POINT(-46.616174142905784 -23.54019378446022),12.0,3.0,1908.0,9.0,1.0,1936.0
377,135.0,135,"Livro de Emplacamento. n,21. p,274",Cintia,8/10/2018,POINT(-46.61581368403015 -23.54061533965396),9.0,2.0,1936.0,,,
377,37.0,37,"Livro de Emplacamento. n,21. p,274",Cintia,8/10/2018,POINT(-46.61581368403015 -23.54061533965396),12.0,3.0,1908.0,9.0,1.0,1936.0
377,29.0,29,"Livro de Emplacamento. n,21. p,274",Cintia,8/10/2018,POINT(-46.61581368403015 -23.54061533965396),12.0,2.0,1908.0,12.0,2.0,1908.0
372,34.0,34,"Livro de Emplacamento. n,21. p,239",Cintia,8/10/2018,POINT(-46.62191742044317 -23.535961600614375),31.0,10.0,1936.0,,,
372,4.0,4,"Livro de Emplacamento. n,21. p,239",Cintia,8/10/2018,POINT(-46.62191742044317 -23.535961600614375),23.0,10.0,1930.0,30.0,10.0,1936.0
372,6.0,6,"Livro de Emplacamento. n,21. p,239",Cintia,8/10/2018,POINT(-46.62191742044317 -23.535961600614375),3.0,8.0,1911.0,22.0,10.0,1930.0
372,50.0,50,"Livro de Emplacamento. n,21. p,239",Cintia,8/10/2018,POINT(-46.62175996838534 -23.535969179165473),31.0,10.0,1936.0,,,
372,8.0,8,"Livro de Emplacamento. n,21. p,239",Cintia,8/10/2018,POINT(-46.62175996838534 -23.535969179165473),23.0,10.0,1930.0,30.0,10.0,1936.0
372,10.0,10,"Livro de Emplacamento. n,21. p,239",Cintia,8/10/2018,POINT(-46.62175996838534 -23.535969179165473),4.0,1.0,1909.0,22.0,10.0,1930.0
372,4.0,4,"Livro de Emplacamento. n,21. p,239",Cintia,8/10/2018,POINT(-46.62175996838534 -23.535969179165473),31.0,3.0,1909.0,31.0,3.0,1909.0
372,162.0,162,"Livro de Emplacamento. n,21. p,239",Cintia,8/10/2018,POINT(-46.62068035512035 -23.53596073082659),31.0,10.0,1936.0,,,
372,36.0,36 fundos,"Livro de Emplacamento. n,21. p,239",Cintia,8/10/2018,POINT(-46.62068035512035 -23.53596073082659),23.0,10.0,1930.0,30.0,10.0,1936.0
372,48.0,48,"Livro de Emplacamento. n,21. p,239",Cintia,8/10/2018,POINT(-46.62068035512035 -23.53596073082659),4.0,1.0,1909.0,22.0,10.0,1930.0
372,292.0,292,"Livro de Emplacamento. n,21. p,239",Cintia,8/10/2018,POINT(-46.61938902257723 -23.535935175886635),31.0,10.0,1936.0,,,
372,68.0,68,"Livro de Emplacamento. n,21. p,239",Cintia,8/10/2018,POINT(-46.61938902257723 -23.535935175886635),23.0,10.0,1930.0,30.0,10.0,1936.0
372,82.0,82,"Livro de Emplacamento. n,21. p,239",Cintia,8/10/2018,POINT(-46.61938902257723 -23.535935175886635),22.0,10.0,1930.0,22.0,10.0,1930.0
372,270.0,270,"Livro de Emplacamento. n,21. p,239",Cintia,8/10/2018,POINT(-46.61962203679483 -23.535939481407485),31.0,10.0,1936.0,,,
372,58.0,58,"Livro de Emplacamento. n,21. p,239",Cintia,8/10/2018,POINT(-46.61962203679483 -23.535939481407485),23.0,10.0,1930.0,30.0,10.0,1936.0
372,74.0,74,"Livro de Emplacamento. n,21. p,239",Cintia,8/10/2018,POINT(-46.61962203679483 -23.535939481407485),3.0,8.0,1911.0,22.0,10.0,1930.0
372,17.0,17,"Livro de Emplacamento. n,21. p,239",Cintia,8/10/2018,POINT(-46.6220916077421 -23.535967892139098),31.0,10.0,1936.0,,,
372,1.0,1,"Livro de Emplacamento. n,21. p,239",Cintia,8/10/2018,POINT(-46.6220916077421 -23.535967892139098),4.0,1.0,1909.0,30.0,10.0,1936.0
372,99.0,99,"Livro de Emplacamento. n,21. p,239",Cintia,8/10/2018,POINT(-46.62129903957729 -23.53597572235427),31.0,10.0,1936.0,,,
372,17.0,17,"Livro de Emplacamento. n,21. p,239",Cintia,8/10/2018,POINT(-46.62129903957729 -23.53597572235427),4.0,1.0,1909.0,30.0,10.0,1936.0
372,19.0,19,"Livro de Emplacamento. n,21. p,239",Cintia,8/10/2018,POINT(-46.62129903957729 -23.53597572235427),31.0,3.0,1909.0,31.0,3.0,1909.0
372,297.0,297,"Livro de Emplacamento. n,21. p,239",Cintia,8/10/2018,POINT(-46.61934790242118 -23.535934416088836),31.0,10.0,1936.0,,,
372,61.0,61,"Livro de Emplacamento. n,21. p,239",Cintia,8/10/2018,POINT(-46.61934790242118 -23.535934416088836),23.0,10.0,1930.0,30.0,10.0,1936.0
372,63.0,63,"Livro de Emplacamento. n,21. p,239",Cintia,8/10/2018,POINT(-46.61934790242118 -23.535934416088836),3.0,8.0,1911.0,22.0,10.0,1930.0
372,53.0,53,"Livro de Emplacamento. n,21. p,239",Cintia,8/10/2018,POINT(-46.61934790242118 -23.535934416088836),3.0,7.0,1911.0,3.0,7.0,1911.0
371,28.0,28,"Livro de Emplacamento. n,22. p,289",Cintia,8/10/2018,POINT(-46.62188428343089 -23.538050926421594),6.0,2.0,1937.0,,,
371,2.0,2,"Livro de Emplacamento. n,22. p,289",Cintia,8/10/2018,POINT(-46.62188428343089 -23.538050926421594),10.0,7.0,1907.0,6.0,1.0,1937.0
371,378.0,378,"Livro de Emplacamento. n,22. p,289",Cintia,8/10/2018,POINT(-46.61845447393972 -23.53791735187007),6.0,2.0,1937.0,,,
371,96.0,96,"Livro de Emplacamento. n,22. p,289",Cintia,8/10/2018,POINT(-46.61845447393972 -23.53791735187007),5.0,6.0,1929.0,2.0,1.0,1937.0
371,100.0,100,"Livro de Emplacamento. n,22. p,289",Cintia,8/10/2018,POINT(-46.61845447393972 -23.53791735187007),10.0,7.0,1907.0,5.0,5.0,1929.0
371,58.0,58,"Livro de Emplacamento. n,22. p,289",Cintia,8/10/2018,POINT(-46.61845447393972 -23.53791735187007),10.0,6.0,1907.0,10.0,6.0,1907.0
371,738.0,738,"Livro de Emplacamento. n,22. p,289",Cintia,8/10/2018,POINT(-46.61493702405738 -23.537765917683366),6.0,2.0,1937.0,,,
371,196.0,196,"Livro de Emplacamento. n,22. p,289",Cintia,8/10/2018,POINT(-46.61493702405738 -23.537765917683366),5.0,6.0,1929.0,2.0,1.0,1937.0
371,192.0,192,"Livro de Emplacamento. n,22. p,289",Cintia,8/10/2018,POINT(-46.61493702405738 -23.537765917683366),10.0,7.0,1907.0,5.0,5.0,1929.0
376,10.0,10,"Livro de Emplacamento. n,25. p,64. n,13. p,88",Cintia,8/10/2018,POINT(-46.61812227195402 -23.540617053316485),8.0,11.0,1938.0,,,
376,2.0,2,"Livro de Emplacamento. n,25. p,64. n,13. p,88",Cintia,8/10/2018,POINT(-46.61812227195402 -23.540617053316485),11.0,12.0,1928.0,8.0,10.0,1938.0
376,111.0,111,"Livro de Emplacamento. n,25. p,64. n,13. p,88",Cintia,8/10/2018,POINT(-46.61812227195402 -23.540617053316485),13.0,6.0,1913.0,10.0,12.0,1928.0
376,208.0,208,"Livro de Emplacamento. n,25. p,64. n,13. p,88",Cintia,8/10/2018,POINT(-46.61652432149191 -23.53958345726003),8.0,11.0,1938.0,,,
376,50.0,50,"Livro de Emplacamento. n,25. p,64. n,13. p,88",Cintia,8/10/2018,POINT(-46.61652432149191 -23.53958345726003),11.0,12.0,1928.0,8.0,10.0,1938.0
376,63.0,63,"Livro de Emplacamento. n,25. p,64. n,13. p,88",Cintia,8/10/2018,POINT(-46.61652432149191 -23.53958345726003),6.0,1.0,1911.0,10.0,12.0,1928.0
376,53.0,53,"Livro de Emplacamento. n,25. p,64. n,13. p,88",Cintia,8/10/2018,POINT(-46.61652432149191 -23.53958345726003),10.0,5.0,1908.0,31.0,5.0,1911.0
376,61.0,61,"Livro de Emplacamento. n,25. p,64. n,13. p,88",Cintia,8/10/2018,POINT(-46.61652432149191 -23.53958345726003),10.0,4.0,1908.0,10.0,4.0,1908.0
376,406.0,406,"Livro de Emplacamento. n,25. p,64. n,13. p,88",Cintia,8/10/2018,POINT(-46.614940044467076 -23.53857615535663),8.0,11.0,1938.0,,,
376,74.0,74,"Livro de Emplacamento. n,25. p,64. n,13. p,88",Cintia,8/10/2018,POINT(-46.614940044467076 -23.53857615535663),11.0,12.0,1928.0,8.0,10.0,1938.0
376,37.0,37,"Livro de Emplacamento. n,25. p,64. n,13. p,88",Cintia,8/10/2018,POINT(-46.614940044467076 -23.53857615535663),6.0,1.0,1911.0,10.0,12.0,1928.0
376,17.0,17,"Livro de Emplacamento. n,25. p,64. n,13. p,88",Cintia,8/10/2018,POINT(-46.614940044467076 -23.53857615535663),10.0,5.0,1908.0,31.0,5.0,1911.0
376,13.3,13B,"Livro de Emplacamento. n,25. p,64. n,13. p,88",Cintia,8/10/2018,POINT(-46.614940044467076 -23.53857615535663),10.0,4.0,1908.0,10.0,4.0,1908.0
376,11.0,11,"Livro de Emplacamento. n,25. p,64. n,13. p,88",Cintia,8/10/2018,POINT(-46.618105599297984 -23.54060598224469),8.0,11.0,1938.0,,,
376,1.0,1,"Livro de Emplacamento. n,25. p,64. n,13. p,88",Cintia,8/10/2018,POINT(-46.618105599297984 -23.54060598224469),11.0,12.0,1928.0,8.0,10.0,1938.0
376,114.0,114,"Livro de Emplacamento. n,25. p,64. n,13. p,88",Cintia,8/10/2018,POINT(-46.618105599297984 -23.54060598224469),25.0,8.0,1911.0,10.0,12.0,1928.0
376,84.0,84B,"Livro de Emplacamento. n,25. p,64. n,13. p,88",Cintia,8/10/2018,POINT(-46.618105599297984 -23.54060598224469),6.0,1.0,1911.0,24.0,8.0,1911.0
376,92.0,92,"Livro de Emplacamento. n,25. p,64. n,13. p,88",Cintia,8/10/2018,POINT(-46.618105599297984 -23.54060598224469),10.0,5.0,1908.0,31.0,5.0,1911.0
376,239.0,239,"Livro de Emplacamento. n,25. p,64. n,13. p,88",Cintia,8/10/2018,POINT(-46.61628484110744 -23.53942727388869),8.0,11.0,1938.0,,,
376,61.0,61,"Livro de Emplacamento. n,25. p,64. n,13. p,88",Cintia,8/10/2018,POINT(-46.61628484110744 -23.53942727388869),11.0,12.0,1928.0,8.0,10.0,1938.0
376,52.0,52,"Livro de Emplacamento. n,25. p,64. n,13. p,88",Cintia,8/10/2018,POINT(-46.61628484110744 -23.53942727388869),6.0,1.0,1911.0,10.0,12.0,1928.0
376,46.0,46,"Livro de Emplacamento. n,25. p,64. n,13. p,88",Cintia,8/10/2018,POINT(-46.61628484110744 -23.53942727388869),10.0,5.0,1908.0,31.0,5.0,1911.0
376,56.0,56,"Livro de Emplacamento. n,25. p,64. n,13. p,88",Cintia,8/10/2018,POINT(-46.61628484110744 -23.53942727388869),10.0,4.0,1908.0,10.0,4.0,1908.0
376,403.0,403,"Livro de Emplacamento. n,25. p,64. n,13. p,88",Cintia,8/10/2018,POINT(-46.6149593649684 -23.53858839792453),8.0,11.0,1938.0,,,
376,81.0,81,"Livro de Emplacamento. n,25. p,64. n,13. p,88",Cintia,8/10/2018,POINT(-46.6149593649684 -23.53858839792453),11.0,12.0,1928.0,8.0,10.0,1938.0
376,26.0,26,"Livro de Emplacamento. n,25. p,64. n,13. p,88",Cintia,8/10/2018,POINT(-46.6149593649684 -23.53858839792453),6.0,1.0,1911.0,10.0,12.0,1928.0
376,24.0,24,"Livro de Emplacamento. n,25. p,64. n,13. p,88",Cintia,8/10/2018,POINT(-46.6149593649684 -23.53858839792453),10.0,5.0,1908.0,31.0,5.0,1911.0
391,42.0,42,"Livro de Emplacamento. n,26. p,242",Cintia,8/10/2018,,17.0,5.0,1939.0,,,
401,7.0,7,"Livro de Emplacamento. n,21. p,104",Cintia,8/10/2018,,4.0,2.0,1936.0,,,
401,1.0,1,"Livro de Emplacamento. n,21. p,104",Cintia,8/10/2018,,29.0,9.0,1921.0,4.0,1.0,1936.0
401,199.0,199,"Livro de Emplacamento. n,21. p,104",Cintia,8/10/2018,,4.0,2.0,1936.0,,,
401,57.0,57,"Livro de Emplacamento. n,21. p,104",Cintia,8/10/2018,,29.0,9.0,1921.0,4.0,1.0,1936.0
401,51.0,51,"Livro de Emplacamento. n,21. p,104",Cintia,8/10/2018,,28.0,9.0,1921.0,28.0,9.0,1921.0
401,359.0,359,"Livro de Emplacamento. n,21. p,104",Cintia,8/10/2018,,4.0,2.0,1936.0,,,
401,95.0,95,"Livro de Emplacamento. n,21. p,104",Cintia,8/10/2018,,29.0,9.0,1921.0,4.0,1.0,1936.0
401,89.0,89,"Livro de Emplacamento. n,21. p,104",Cintia,8/10/2018,,28.0,9.0,1921.0,28.0,9.0,1921.0
401,38.0,38,"Livro de Emplacamento. n,21. p,104",Cintia,8/10/2018,,4.0,2.0,1936.0,,,
401,2.0,2,"Livro de Emplacamento. n,21. p,104",Cintia,8/10/2018,,29.0,9.0,1921.0,4.0,1.0,1936.0
401,170.0,170,"Livro de Emplacamento. n,21. p,104",Cintia,8/10/2018,,4.0,2.0,1936.0,,,
401,32.0,32,"Livro de Emplacamento. n,21. p,104",Cintia,8/10/2018,,29.0,9.0,1921.0,4.0,1.0,1936.0
401,358.0,358,"Livro de Emplacamento. n,21. p,104",Cintia,8/10/2018,,4.0,2.0,1936.0,,,
401,76.0,76,"Livro de Emplacamento. n,21. p,104",Cintia,8/10/2018,,29.0,9.0,1921.0,4.0,1.0,1936.0
407,143.0,143,"Livro de Emplacamento. n,19. p,331",Cintia,8/10/2018,,27.0,7.0,1935.0,,,
407,17.0,17,"Livro de Emplacamento. n,19. p,331",Cintia,8/10/2018,,26.0,7.0,1935.0,26.0,7.0,1935.0
407,185.0,185,"Livro de Emplacamento. n,19. p,331",Cintia,8/10/2018,,27.0,7.0,1935.0,,,
407,27.0,27,"Livro de Emplacamento. n,19. p,331",Cintia,8/10/2018,,26.0,7.0,1935.0,26.0,7.0,1935.0
407,28.0,28,"Livro de Emplacamento. n,19. p,331",Cintia,8/10/2018,,27.0,7.0,1935.0,,,
407,2.0,2,"Livro de Emplacamento. n,19. p,331",Cintia,8/10/2018,,26.0,7.0,1935.0,26.0,7.0,1935.0
407,184.0,184,"Livro de Emplacamento. n,19. p,331",Cintia,8/10/2018,,27.0,7.0,1935.0,,,
407,26.0,26,"Livro de Emplacamento. n,19. p,331",Cintia,8/10/2018,,26.0,7.0,1935.0,26.0,7.0,1935.0
475,51.0,51,"Livro de Emplacamento. n,21. p,6. p,72",Cintia,8/10/2018,POINT(-46.62025529068636 -23.55320747847498),5.0,4.0,1936.0,,,
475,3.0,3,"Livro de Emplacamento. n,21. p,6. p,72",Cintia,8/10/2018,POINT(-46.62025529068636 -23.55320747847498),8.0,3.0,1908.0,4.0,3.0,1936.0
475,97.0,97,"Livro de Emplacamento. n,21. p,6. p,72",Cintia,8/10/2018,POINT(-46.62023591013744 -23.552783682673375),5.0,4.0,1936.0,,,
475,17.0,17,"Livro de Emplacamento. n,21. p,6. p,72",Cintia,8/10/2018,POINT(-46.62023591013744 -23.552783682673375),8.0,3.0,1908.0,4.0,3.0,1936.0
475,15.0,15 tinta,"Livro de Emplacamento. n,21. p,6. p,72",Cintia,8/10/2018,POINT(-46.62023591013744 -23.552783682673375),8.0,2.0,1908.0,8.0,2.0,1908.0
475,185.0,185,"Livro de Emplacamento. n,21. p,6. p,72",Cintia,8/10/2018,POINT(-46.62018272107195 -23.55203936046821),5.0,4.0,1936.0,,,
475,45.0,45,"Livro de Emplacamento. n,21. p,6. p,72",Cintia,8/10/2018,POINT(-46.62018272107195 -23.55203936046821),8.0,3.0,1908.0,4.0,3.0,1936.0
475,41.0,41,"Livro de Emplacamento. n,21. p,6. p,72",Cintia,8/10/2018,POINT(-46.62018272107195 -23.55203936046821),8.0,2.0,1908.0,8.0,2.0,1908.0
475,32.0,32,"Livro de Emplacamento. n,21. p,6. p,72",Cintia,8/10/2018,POINT(-46.62026270692178 -23.553369649807095),5.0,4.0,1936.0,,,
475,2.0,2,"Livro de Emplacamento. n,21. p,6. p,72",Cintia,8/10/2018,POINT(-46.62026270692178 -23.553369649807095),8.0,3.0,1908.0,4.0,3.0,1936.0
475,88.0,88,"Livro de Emplacamento. n,21. p,6. p,72",Cintia,8/10/2018,POINT(-46.62024541603035 -23.55299154869023),5.0,4.0,1936.0,,,
475,20.0,20,"Livro de Emplacamento. n,21. p,6. p,72",Cintia,8/10/2018,POINT(-46.62024541603035 -23.55299154869023),8.0,3.0,1908.0,4.0,3.0,1936.0
475,176.0,176,"Livro de Emplacamento. n,21. p,6. p,72",Cintia,8/10/2018,POINT(-46.6201854430387 -23.552076932243214),5.0,4.0,1936.0,,,
475,48.0,48,"Livro de Emplacamento. n,21. p,6. p,72",Cintia,8/10/2018,POINT(-46.6201854430387 -23.552076932243214),8.0,3.0,1908.0,4.0,3.0,1936.0
476,38.0,38,"Livro de Emplamento. n,21. p,263",Cintia,8/10/2018,POINT(-46.62167143033624 -23.55190937022933),28.0,8.0,1936.0,,,
476,63.0,63,"Livro de Emplamento. n,21. p,263",Cintia,8/10/2018,POINT(-46.62167143033624 -23.55190937022933),22.0,11.0,1921.0,27.0,8.0,1936.0
476,144.0,144,"Livro de Emplamento. n,21. p,263",Cintia,8/10/2018,POINT(-46.62175395786479 -23.55284875639338),28.0,8.0,1936.0,,,
476,33.0,33,"Livro de Emplamento. n,21. p,263",Cintia,8/10/2018,POINT(-46.62175395786479 -23.55284875639338),8.0,4.0,1908.0,27.0,8.0,1936.0
476,204.0,204,"Livro de Emplamento. n,21. p,263",Cintia,8/10/2018,POINT(-46.62180071372305 -23.553390472999723),28.0,8.0,1936.0,,,
476,1.0,1,"Livro de Emplamento. n,21. p,263",Cintia,8/10/2018,POINT(-46.62180071372305 -23.553390472999723),8.0,4.0,1908.0,27.0,8.0,1936.0
476,37.0,37,"Livro de Emplamento. n,21. p,263",Cintia,8/10/2018,POINT(-46.621670718758054 -23.55190132643487),28.0,8.0,1936.0,,,
476,24.0,24,"Livro de Emplamento. n,21. p,263",Cintia,8/10/2018,POINT(-46.621670718758054 -23.55190132643487),8.0,4.0,1908.0,27.0,8.0,1936.0
476,4.0,4,"Livro de Emplamento. n,21. p,263",Cintia,8/10/2018,POINT(-46.621670718758054 -23.55190132643487),8.0,3.0,1908.0,8.0,3.0,1908.0
476,71.0,71,"Livro de Emplamento. n,21. p,263",Cintia,8/10/2018,POINT(-46.62169657276557 -23.55219358430021),28.0,8.0,1936.0,,,
476,14.0,14,"Livro de Emplamento. n,21. p,263",Cintia,8/10/2018,POINT(-46.62169657276557 -23.55219358430021),22.0,11.0,1921.0,27.0,8.0,1936.0
476,133.0,133,"Livro de Emplamento. n,21. p,263",Cintia,8/10/2018,POINT(-46.621746088066864 -23.55275757637053),28.0,8.0,1936.0,,,
476,6.0,6,"Livro de Emplamento. n,21. p,263",Cintia,8/10/2018,POINT(-46.621746088066864 -23.55275757637053),27.0,8.0,1936.0,27.0,8.0,1936.0
477,136.0,136,"Livro de Emplacamento. n,24. p,24",Cintia,8/10/2018,POINT(-46.62024112332771 -23.556326426904963),10.0,8.0,1937.0,,,
477,12.0,12,"Livro de Emplacamento. n,24. p,24",Cintia,8/10/2018,POINT(-46.62024112332771 -23.556326426904963),10.0,7.0,1937.0,10.0,7.0,1937.0
477,218.0,218,"Livro de Emplacamento. n,24. p,24",Cintia,8/10/2018,POINT(-46.61943766199787 -23.55635567863831),10.0,8.0,1937.0,,,
477,32.0,32,"Livro de Emplacamento. n,24. p,24",Cintia,8/10/2018,POINT(-46.61943766199787 -23.55635567863831),3.0,2.0,1915.0,10.0,7.0,1937.0
477,668.0,668,"Livro de Emplacamento. n,24. p,24",Cintia,8/10/2018,POINT(-46.615034403546616 -23.556554407159744),10.0,8.0,1937.0,,,
477,116.0,116,"Livro de Emplacamento. n,24. p,24",Cintia,8/10/2018,POINT(-46.615034403546616 -23.556554407159744),3.0,2.0,1915.0,10.0,7.0,1937.0
477,1.0,1,"Livro de Emplacamento. n,24. p,24",Cintia,8/10/2018,POINT(-46.62156749059838 -23.556287939978112),10.0,8.0,1937.0,,,
477,7.0,7,"Livro de Emplacamento. n,24. p,24",Cintia,8/10/2018,POINT(-46.62156749059838 -23.556287939978112),3.0,2.0,1915.0,10.0,7.0,1937.0
477,309.0,309,"Livro de Emplacamento. n,24. p,24",Cintia,8/10/2018,POINT(-46.6185600245059 -23.556392504942206),10.0,8.0,1937.0,,,
477,85.0,85,"Livro de Emplacamento. n,24. p,24",Cintia,8/10/2018,POINT(-46.6185600245059 -23.556392504942206),3.0,2.0,1915.0,10.0,7.0,1937.0
477,677.0,677,"Livro de Emplacamento. n,24. p,24",Cintia,8/10/2018,POINT(-46.614950253876735 -23.556557813335743),10.0,8.0,1937.0,,,
477,175.0,175,"Livro de Emplacamento. n,24. p,24",Cintia,8/10/2018,POINT(-46.614950253876735 -23.556557813335743),7.0,1.0,1925.0,10.0,7.0,1937.0
477,111.0,111,"Livro de Emplacamento. n,24. p,24",Cintia,8/10/2018,POINT(-46.614950253876735 -23.556557813335743),3.0,2.0,1915.0,30.0,6.0,1925.0
477,107.0,107,"Livro de Emplacamento. n,24. p,24",Cintia,8/10/2018,POINT(-46.614950253876735 -23.556557813335743),3.0,1.0,1915.0,3.0,1.0,1915.0
479,57.0,57,"Livro de Emplacamento. n,19. p,387. n,1. p,72",Cintia,8/10/2018,POINT(-46.61929017461872 -23.557969726722416),9.0,4.0,1935.0,,,
479,106.0,106,"Livro de Emplacamento. n,19. p,387. n,1. p,72",Cintia,8/10/2018,POINT(-46.61929017461872 -23.557969726722416),9.0,3.0,1935.0,9.0,3.0,1935.0
479,89.0,89,"Livro de Emplacamento. n,19. p,387. n,1. p,72",Cintia,8/10/2018,POINT(-46.619325106546846 -23.55825125564848),9.0,4.0,1935.0,,,
479,102.0,102,"Livro de Emplacamento. n,19. p,387. n,1. p,72",Cintia,8/10/2018,POINT(-46.619325106546846 -23.55825125564848),9.0,3.0,1935.0,9.0,3.0,1935.0
480,15.0,15,"Livro de Emplacamento. n,19a. p,6",Cintia,8/10/2018,POINT(-46.619969200664464 -23.55737702289566),17.0,9.0,1931.0,,,
480,113.0,113,"Livro de Emplacamento. n,19a. p,6",Cintia,8/10/2018,POINT(-46.62028756525242 -23.55820411694049),17.0,9.0,1931.0,,,
480,28.0,28,"Livro de Emplacamento. n,19a. p,6",Cintia,8/10/2018,POINT(-46.62028756525242 -23.55820411694049),16.0,9.0,1931.0,16.0,9.0,1931.0
480,78.0,78,"Livro de Emplacamento. n,19a. p,6",Cintia,8/10/2018,POINT(-46.620172654516686 -23.557905585040874),17.0,9.0,1931.0,,,
487,44.0,44,"Livro de Emplacamento. n,21. p,245",Cintia,8/10/2018,POINT(-46.615528420468415 -23.552183389140588),15.0,8.0,1936.0,,,
487,4.0,4,"Livro de Emplacamento. n,21. p,245",Cintia,8/10/2018,POINT(-46.615528420468415 -23.552183389140588),14.0,8.0,1928.0,14.0,8.0,1936.0
487,110.0,110,"Livro de Emplacamento. n,21. p,245",Cintia,8/10/2018,POINT(-46.61499378696495 -23.55187194363563),15.0,8.0,1936.0,,,
487,20.0,20 F,"Livro de Emplacamento. n,21. p,245",Cintia,8/10/2018,POINT(-46.61499378696495 -23.55187194363563),14.0,8.0,1928.0,14.0,8.0,1936.0
487,51.0,51,"Livro de Emplacamento. n,21. p,245",Cintia,8/10/2018,POINT(-46.61546396697032 -23.552145842387283),15.0,8.0,1936.0,,,
487,1.0,1,"Livro de Emplacamento. n,21. p,245",Cintia,8/10/2018,POINT(-46.61546396697032 -23.552145842387283),14.0,8.0,1928.0,14.0,8.0,1936.0
487,85.0,85,"Livro de Emplacamento. n,21. p,245",Cintia,8/10/2018,POINT(-46.615197063382034 -23.55199036031912),15.0,8.0,1936.0,,,
487,7.0,7,"Livro de Emplacamento. n,21. p,245",Cintia,8/10/2018,POINT(-46.615197063382034 -23.55199036031912),14.0,8.0,1928.0,14.0,8.0,1936.0
482,44.0,44,"Livro de Emplacamento. n,21. p,103",Cintia,8/10/2018,POINT(-46.619113625777935 -23.556658914524547),30.0,4.0,1936.0,,,
482,4.0,4,"Livro de Emplacamento. n,21. p,103",Cintia,8/10/2018,POINT(-46.619113625777935 -23.556658914524547),18.0,12.0,1928.0,29.0,4.0,1936.0
482,2.0,2,"Livro de Emplacamento. n,21. p,103",Cintia,8/10/2018,POINT(-46.619113625777935 -23.556658914524547),17.0,12.0,1928.0,17.0,12.0,1928.0
482,90.0,90,"Livro de Emplacamento. n,21. p,103",Cintia,8/10/2018,POINT(-46.61907036177979 -23.556262933301355),30.0,4.0,1936.0,,,
482,26.0,26,"Livro de Emplacamento. n,21. p,103",Cintia,8/10/2018,POINT(-46.61907036177979 -23.556262933301355),18.0,12.0,1928.0,29.0,4.0,1936.0
482,12.0,12,"Livro de Emplacamento. n,21. p,103",Cintia,8/10/2018,POINT(-46.61907036177979 -23.556262933301355),3.0,5.0,1909.0,17.0,12.0,1928.0
482,176.0,176,"Livro de Emplacamento. n,21. p,103",Cintia,8/10/2018,POINT(-46.61900970625775 -23.555491827211643),30.0,4.0,1936.0,,,
482,52.0,52,"Livro de Emplacamento. n,21. p,103",Cintia,8/10/2018,POINT(-46.61900970625775 -23.555491827211643),18.0,12.0,1928.0,29.0,4.0,1936.0
482,42.0,42,"Livro de Emplacamento. n,21. p,103",Cintia,8/10/2018,POINT(-46.61900970625775 -23.555491827211643),3.0,5.0,1909.0,17.0,12.0,1928.0
482,34.0,34,"Livro de Emplacamento. n,21. p,103",Cintia,8/10/2018,POINT(-46.61900970625775 -23.555491827211643),3.0,4.0,1909.0,3.0,4.0,1909.0
482,41.0,41,"Livro de Emplacamento. n,21. p,103",Cintia,8/10/2018,POINT(-46.619118470508546 -23.556699002178707),30.0,4.0,1936.0,,,
482,3.0,3,"Livro de Emplacamento. n,21. p,103",Cintia,8/10/2018,POINT(-46.619118470508546 -23.556699002178707),3.0,5.0,1909.0,29.0,4.0,1936.0
482,257.0,257,"Livro de Emplacamento. n,21. p,103",Cintia,8/10/2018,POINT(-46.61894087462638 -23.554764662879638),30.0,4.0,1936.0,,,
482,61.0,61,"Livro de Emplacamento. n,21. p,103",Cintia,8/10/2018,POINT(-46.61894087462638 -23.554764662879638),18.0,12.0,1928.0,29.0,4.0,1936.0
482,53.0,53,"Livro de Emplacamento. n,21. p,103",Cintia,8/10/2018,POINT(-46.61894087462638 -23.554764662879638),3.0,5.0,1909.0,17.0,12.0,1928.0
482,275.0,275,"Livro de Emplacamento. n,21. p,103",Cintia,8/10/2018,POINT(-46.61892625090478 -23.55461101841962),30.0,4.0,1936.0,,,
482,67.0,67,"Livro de Emplacamento. n,21. p,103",Cintia,8/10/2018,POINT(-46.61892625090478 -23.55461101841962),18.0,12.0,1928.0,29.0,4.0,1936.0
478,15.0,15,"Livro de Emplacamento. n,20. p,113",Cintia,8/10/2018,POINT(-46.61782343354963 -23.55812688148265),24.0,10.0,1935.0,,,
478,1.0,1,"Livro de Emplacamento. n,20. p,113",Cintia,8/10/2018,POINT(-46.61782343354963 -23.55812688148265),4.0,10.0,1911.0,23.0,10.0,1935.0
478,37.0,37,"Livro de Emplacamento. n,20. p,113",Cintia,8/10/2018,POINT(-46.617776552337894 -23.55793985882445),24.0,10.0,1935.0,,,
478,11.0,11,"Livro de Emplacamento. n,20. p,113",Cintia,8/10/2018,POINT(-46.617776552337894 -23.55793985882445),6.0,2.0,1927.0,23.0,10.0,1935.0
478,5.0,5,"Livro de Emplacamento. n,20. p,113",Cintia,8/10/2018,POINT(-46.617776552337894 -23.55793985882445),4.0,10.0,1911.0,6.0,1.0,1927.0
509,25.0,25,"Livro de Emplacamento. n,19. p,217",Cintia,8/10/2018,POINT(-46.62922537620912 -23.554705745735696),27.0,12.0,1934.0,,,
509,1.0,1,"Livro de Emplacamento. n,19. p,217",Cintia,8/10/2018,POINT(-46.62922537620912 -23.554705745735696),14.0,8.0,1908.0,26.0,12.0,1934.0
509,445.0,445,"Livro de Emplacamento. n,19. p,217",Cintia,8/10/2018,POINT(-46.63297624874852 -23.55545435017261),27.0,12.0,1934.0,,,
509,85.0,85,"Livro de Emplacamento. n,19. p,217",Cintia,8/10/2018,POINT(-46.63297624874852 -23.55545435017261),22.0,8.0,1923.0,26.0,12.0,1934.0
509,67.0,67,"Livro de Emplacamento. n,19. p,217",Cintia,8/10/2018,POINT(-46.63297624874852 -23.55545435017261),14.0,8.0,1908.0,21.0,8.0,1923.0
509,43.0,43,"Livro de Emplacamento. n,19. p,217",Cintia,8/10/2018,POINT(-46.63297624874852 -23.55545435017261),13.0,8.0,1908.0,13.0,8.0,1908.0
509,471.0,471,"Livro de Emplacamento. n,19. p,217",Cintia,8/10/2018,POINT(-46.63322340479957 -23.555469612704133),27.0,12.0,1934.0,,,
509,89.0,89,"Livro de Emplacamento. n,19. p,217",Cintia,8/10/2018,POINT(-46.63322340479957 -23.555469612704133),22.0,8.0,1923.0,26.0,12.0,1934.0
509,73.0,73,"Livro de Emplacamento. n,19. p,217",Cintia,8/10/2018,POINT(-46.63322340479957 -23.555469612704133),2.0,2.0,1911.0,21.0,8.0,1923.0
509,609.0,609,"Livro de Emplacamento. n,19. p,217",Cintia,8/10/2018,POINT(-46.634572871102854 -23.555513258742582),27.0,12.0,1934.0,,,
509,129.0,129,"Livro de Emplacamento. n,19. p,217",Cintia,8/10/2018,POINT(-46.634572871102854 -23.555513258742582),22.0,8.0,1923.0,26.0,12.0,1934.0
509,111.0,111,"Livro de Emplacamento. n,19. p,217",Cintia,8/10/2018,POINT(-46.634572871102854 -23.555513258742582),21.0,8.0,1923.0,21.0,8.0,1923.0
509,26.0,26,"Livro de Emplacamento. n,19. p,217",Cintia,8/10/2018,POINT(-46.62922658516289 -23.554708396305063),27.0,12.0,1934.0,,,
509,2.0,2,"Livro de Emplacamento. n,19. p,217",Cintia,8/10/2018,POINT(-46.62922658516289 -23.554708396305063),14.0,8.0,1908.0,26.0,12.0,1934.0
509,438.0,438,"Livro de Emplacamento. n,19. p,217",Cintia,8/10/2018,POINT(-46.63291519712606 -23.555450412553462),27.0,12.0,1934.0,,,
509,78.0,78,"Livro de Emplacamento. n,19. p,217",Cintia,8/10/2018,POINT(-46.63291519712606 -23.555450412553462),14.0,8.0,1908.0,26.0,12.0,1934.0
509,66.0,66,"Livro de Emplacamento. n,19. p,217",Cintia,8/10/2018,POINT(-46.63291519712606 -23.555450412553462),13.0,8.0,1908.0,13.0,8.0,1908.0
509,518.0,518,"Livro de Emplacamento. n,19. p,217",Cintia,8/10/2018,POINT(-46.633679941575465 -23.555497404507182),27.0,12.0,1934.0,,,
509,100.0,100,"Livro de Emplacamento. n,19. p,217",Cintia,8/10/2018,POINT(-46.633679941575465 -23.555497404507182),2.0,2.0,1911.0,26.0,12.0,1934.0
509,606.0,606,"Livro de Emplacamento. n,19. p,217",Cintia,8/10/2018,POINT(-46.63454859722219 -23.555513658457535),27.0,12.0,1934.0,,,
509,132.0,132,"Livro de Emplacamento. n,19. p,217",Cintia,8/10/2018,POINT(-46.63454859722219 -23.555513658457535),22.0,8.0,1923.0,26.0,12.0,1934.0
509,120.0,120,"Livro de Emplacamento. n,19. p,217",Cintia,8/10/2018,POINT(-46.63454859722219 -23.555513658457535),21.0,8.0,1923.0,21.0,8.0,1923.0
261,36.0,36,Livro de Emplacamentos 22. p. 237-240,Cintia,8/10/2018,POINT(-46.62227662029378 -23.535337669081805),6.0,4.0,1937.0,8.0,9.0,1940.0
261,2.0,2,Livro de Emplacamentos 22. p. 237-240,Cintia,8/10/2018,POINT(-46.62227662029378 -23.535337669081805),7.0,8.0,1908.0,6.0,3.0,1937.0
261,2.0,2,Livro de Emplacamentos 22. p. 237-240,Cintia,8/10/2018,POINT(-46.62227662029378 -23.535337669081805),7.0,7.0,1908.0,7.0,7.0,1908.0
261,1148.0,1148,Livro de Emplacamentos 22. p. 237-240,Cintia,8/10/2018,POINT(-46.6205336719474 -23.545024408560938),6.0,4.0,1937.0,,,
261,186.0,186,Livro de Emplacamentos 22. p. 237-240,Cintia,8/10/2018,POINT(-46.6205336719474 -23.545024408560938),6.0,3.0,1937.0,6.0,3.0,1937.0
261,1034.0,1034,Livro de Emplacamentos 22. p. 237-240,Cintia,8/10/2018,POINT(-46.62112738354895 -23.544183162344563),6.0,4.0,1937.0,,,
261,176.0,176,Livro de Emplacamentos 22. p. 237-240,Cintia,8/10/2018,POINT(-46.62112738354895 -23.544183162344563),1.0,9.0,1929.0,6.0,3.0,1937.0
261,146.0,146,Livro de Emplacamentos 22. p. 237-240,Cintia,8/10/2018,POINT(-46.62112738354895 -23.544183162344563),26.0,3.0,1912.0,1.0,8.0,1929.0
261,746.0,746,Livro de Emplacamentos 22. p. 237-240,Cintia,8/10/2018,POINT(-46.62183989634692 -23.541729073680063),6.0,4.0,1937.0,,,
261,132.0,132,Livro de Emplacamentos 22. p. 237-240,Cintia,8/10/2018,POINT(-46.62183989634692 -23.541729073680063),1.0,9.0,1929.0,6.0,3.0,1937.0
261,112.0,112,Livro de Emplacamentos 22. p. 237-240,Cintia,8/10/2018,POINT(-46.62183989634692 -23.541729073680063),26.0,3.0,1912.0,1.0,8.0,1929.0
261,318.0,318,Livro de Emplacamentos 22. p. 237-240,Cintia,8/10/2018,POINT(-46.622167436039554 -23.537875076416295),6.0,4.0,1937.0,,,
261,64.0,64,Livro de Emplacamentos 22. p. 237-240,Cintia,8/10/2018,POINT(-46.622167436039554 -23.537875076416295),1.0,9.0,1929.0,6.0,3.0,1937.0
261,52.0,52,Livro de Emplacamentos 22. p. 237-240,Cintia,8/10/2018,POINT(-46.622167436039554 -23.537875076416295),26.0,3.0,1912.0,1.0,8.0,1929.0
261,71.0,71,Livro de Emplacamentos 22. p. 237-240,Cintia,8/10/2018,POINT(-46.6222669854382 -23.535663914737835),6.0,4.0,1937.0,,,
261,1.0,1,Livro de Emplacamentos 22. p. 237-240,Cintia,8/10/2018,POINT(-46.6222669854382 -23.535663914737835),7.0,8.0,1908.0,6.0,3.0,1937.0
261,1.0,1,Livro de Emplacamentos 22. p. 237-240,Cintia,8/10/2018,POINT(-46.6222669854382 -23.535663914737835),7.0,7.0,1908.0,7.0,7.0,1908.0
261,1157.0,1157,Livro de Emplacamentos 22. p. 237-240,Cintia,8/10/2018,POINT(-46.620487921841494 -23.545089233138032),6.0,4.0,1937.0,,,
261,209.0,209,Livro de Emplacamentos 22. p. 237-240,Cintia,8/10/2018,POINT(-46.620487921841494 -23.545089233138032),1.0,9.0,1929.0,6.0,3.0,1937.0
261,179.0,179,Livro de Emplacamentos 22. p. 237-240,Cintia,8/10/2018,POINT(-46.620487921841494 -23.545089233138032),7.0,8.0,1908.0,1.0,8.0,1929.0
261,97.0,97,Livro de Emplacamentos 22. p. 237-240,Cintia,8/10/2018,POINT(-46.620487921841494 -23.545089233138032),7.0,7.0,1908.0,7.0,7.0,1908.0
261,793.0,793,Livro de Emplacamentos 22. p. 237-240,Cintia,8/10/2018,POINT(-46.62176463845249 -23.542142435483928),6.0,4.0,1937.0,,,
261,139.0,139,Livro de Emplacamentos 22. p. 237-240,Cintia,8/10/2018,POINT(-46.62176463845249 -23.542142435483928),1.0,9.0,1929.0,6.0,3.0,1937.0
261,123.0,123,Livro de Emplacamentos 22. p. 237-240,Cintia,8/10/2018,POINT(-46.62176463845249 -23.542142435483928),7.0,8.0,1908.0,1.0,8.0,1929.0
261,69.0,69,Livro de Emplacamentos 22. p. 237-240,Cintia,8/10/2018,POINT(-46.62176463845249 -23.542142435483928),7.0,7.0,1908.0,7.0,7.0,1908.0
261,505.0,505,Livro de Emplacamentos 22. p. 237-240,Cintia,8/10/2018,POINT(-46.62203740104246 -23.53955323796976),6.0,4.0,1937.0,,,
261,87.0,87,Livro de Emplacamentos 22. p. 237-240,Cintia,8/10/2018,POINT(-46.62203740104246 -23.53955323796976),1.0,9.0,1929.0,6.0,3.0,1937.0
261,71.0,71,Livro de Emplacamentos 22. p. 237-240,Cintia,8/10/2018,POINT(-46.62203740104246 -23.53955323796976),7.0,8.0,1908.0,1.0,8.0,1929.0
261,31.9,31A,Livro de Emplacamentos 22. p. 237-240,Cintia,8/10/2018,POINT(-46.62203740104246 -23.53955323796976),7.0,7.0,1908.0,7.0,7.0,1908.0
261,367.0,367,Livro de Emplacamentos 22. p. 237-240,Cintia,8/10/2018,POINT(-46.622145316562964 -23.538317220863185),6.0,4.0,1937.0,,,
261,67.0,67,Livro de Emplacamentos 22. p. 237-240,Cintia,8/10/2018,POINT(-46.622145316562964 -23.538317220863185),1.0,9.0,1929.0,6.0,3.0,1937.0
261,63.0,63,Livro de Emplacamentos 22. p. 237-240,Cintia,8/10/2018,POINT(-46.622145316562964 -23.538317220863185),7.0,8.0,1908.0,1.0,8.0,1929.0
261,31.8,31G,Livro de Emplacamentos 22. p. 237-240,Cintia,8/10/2018,POINT(-46.622145316562964 -23.538317220863185),7.0,7.0,1908.0,7.0,7.0,1908.0
311,79.0,79,Livro de Emplacamentos 9. p. 177,Cintia,8/10/2018,POINT(-46.64364012634203 -23.54072037895679),13.0,8.0,1934.0,,,
311,1.0,1,Livro de Emplacamentos 9. p. 177,Cintia,8/10/2018,POINT(-46.64364012634203 -23.54072037895679),12.0,4.0,1908.0,8.0,12.0,1934.0
311,1.0,1,Livro de Emplacamentos 9. p. 177,Cintia,8/10/2018,POINT(-46.64364012634203 -23.54072037895679),12.0,3.0,1908.0,12.0,3.0,1908.0
311,851.0,851,Livro de Emplacamentos 9. p. 177,Cintia,8/10/2018,POINT(-46.63731646221094 -23.53691732969994),13.0,8.0,1934.0,,,
311,145.0,145,Livro de Emplacamentos 9. p. 177,Cintia,8/10/2018,POINT(-46.63731646221094 -23.53691732969994),6.0,1.0,1927.0,8.0,12.0,1934.0
311,133.0,133,Livro de Emplacamentos 9. p. 177,Cintia,8/10/2018,POINT(-46.63731646221094 -23.53691732969994),12.0,4.0,1908.0,31.0,5.0,1927.0
311,111.0,111,Livro de Emplacamentos 9. p. 177,Cintia,8/10/2018,POINT(-46.63731646221094 -23.53691732969994),12.0,3.0,1908.0,12.0,3.0,1908.0
311,313.0,313,Livro de Emplacamentos 9. p. 177,Cintia,8/10/2018,POINT(-46.64172315007708 -23.539573513283546),13.0,8.0,1934.0,,,
311,49.0,49,Livro de Emplacamentos 9. p. 177,Cintia,8/10/2018,POINT(-46.64172315007708 -23.539573513283546),6.0,1.0,1927.0,8.0,12.0,1934.0
311,43.0,43,Livro de Emplacamentos 9. p. 177,Cintia,8/10/2018,POINT(-46.64172315007708 -23.539573513283546),12.0,4.0,1908.0,31.0,5.0,1927.0
311,39.0,39,Livro de Emplacamentos 9. p. 177,Cintia,8/10/2018,POINT(-46.64172315007708 -23.539573513283546),12.0,3.0,1908.0,12.0,3.0,1908.0
311,643.0,643,Livro de Emplacamentos 9. p. 177,Cintia,8/10/2018,POINT(-46.63900782105258 -23.53793937637449),13.0,8.0,1934.0,,,
311,111.0,111,Livro de Emplacamentos 9. p. 177,Cintia,8/10/2018,POINT(-46.63900782105258 -23.53793937637449),6.0,1.0,1927.0,8.0,12.0,1934.0
311,85.0,85,Livro de Emplacamentos 9. p. 177,Cintia,8/10/2018,POINT(-46.63900782105258 -23.53793937637449),12.0,4.0,1908.0,31.0,5.0,1927.0
311,71.1,71A,Livro de Emplacamentos 9. p. 177,Cintia,8/10/2018,POINT(-46.63900782105258 -23.53793937637449),12.0,3.0,1908.0,12.0,3.0,1908.0
311,2.0,2,Livro de Emplacamentos 9. p. 177,Cintia,8/10/2018,POINT(-46.644266185769794 -23.541102385610163),13.0,8.0,1934.0,,,
311,2.1,2A,Livro de Emplacamentos 9. p. 177,Cintia,8/10/2018,POINT(-46.644266185769794 -23.541102385610163),8.0,12.0,1934.0,8.0,12.0,1934.0
311,10.0,10,Livro de Emplacamentos 9. p. 177,Cintia,8/10/2018,POINT(-46.64420315411116 -23.54106266870789),13.0,8.0,1934.0,,,
311,2.0,2,Livro de Emplacamentos 9. p. 177,Cintia,8/10/2018,POINT(-46.64420315411116 -23.54106266870789),12.0,4.0,1908.0,8.0,12.0,1934.0
311,2.0,2,Livro de Emplacamentos 9. p. 177,Cintia,8/10/2018,POINT(-46.64420315411116 -23.54106266870789),12.0,3.0,1908.0,12.0,3.0,1908.0
311,866.0,866,Livro de Emplacamentos 9. p. 177,Cintia,8/10/2018,POINT(-46.637205545945854 -23.536849717202195),13.0,8.0,1934.0,,,
311,158.0,158,Livro de Emplacamentos 9. p. 177,Cintia,8/10/2018,POINT(-46.637205545945854 -23.536849717202195),6.0,1.0,1927.0,8.0,12.0,1934.0
311,178.0,178,Livro de Emplacamentos 9. p. 177,Cintia,8/10/2018,POINT(-46.637205545945854 -23.536849717202195),12.0,4.0,1908.0,31.0,5.0,1927.0
311,638.0,638,Livro de Emplacamentos 9. p. 177,Cintia,8/10/2018,POINT(-46.639063405033646 -23.537972975302697),13.0,8.0,1934.0,,,
311,128.0,128,Livro de Emplacamentos 9. p. 177,Cintia,8/10/2018,POINT(-46.639063405033646 -23.537972975302697),6.0,1.0,1927.0,8.0,12.0,1934.0
311,134.0,134,Livro de Emplacamentos 9. p. 177,Cintia,8/10/2018,POINT(-46.639063405033646 -23.537972975302697),12.0,4.0,1908.0,31.0,5.0,1927.0
311,128.0,128,Livro de Emplacamentos 9. p. 177,Cintia,8/10/2018,POINT(-46.639063405033646 -23.537972975302697),12.0,3.0,1908.0,12.0,3.0,1908.0
311,302.0,302,Livro de Emplacamentos 9. p. 177,Cintia,8/10/2018,POINT(-46.64180629748246 -23.53962243018276),13.0,8.0,1934.0,,,
311,66.0,66,Livro de Emplacamentos 9. p. 177,Cintia,8/10/2018,POINT(-46.64180629748246 -23.53962243018276),6.0,1.0,1927.0,8.0,12.0,1934.0
311,70.0,70,Livro de Emplacamentos 9. p. 177,Cintia,8/10/2018,POINT(-46.64180629748246 -23.53962243018276),12.0,4.0,1908.0,31.0,5.0,1927.0
311,68.0,68,Livro de Emplacamentos 9. p. 177,Cintia,8/10/2018,POINT(-46.64180629748246 -23.53962243018276),12.0,3.0,1908.0,12.0,3.0,1908.0
61,8.0,8,Livro de emplacamento n. 27. p. 108,Cintia,8/10/2018,POINT(-46.63998940073695 -23.55640867645277),30.0,9.0,1940.0,,,
61,11.0,11,Livro de emplacamento n. 27. p. 110,Cintia,8/10/2018,POINT(-46.6399941912876 -23.556383668531765),30.0,9.0,1940.0,,,
61,350.0,350,Livro de emplacamento n. 27. p. 108,Cintia,8/10/2018,POINT(-46.64067242880644 -23.55336906150234),30.0,9.0,1940.0,,,
61,361.0,361,Livro de emplacamento n. 27. p. 110,Cintia,8/10/2018,POINT(-46.640666571644054 -23.553285603856704),30.0,9.0,1940.0,,,
61,430.0,430,Livro de emplacamento n. 27. p. 109,Cintia,8/10/2018,POINT(-46.64062327957428 -23.552668742997643),30.0,9.0,1940.0,,,
61,431.0,431,Livro de emplacamento n. 27. p. 110,Cintia,8/10/2018,POINT(-46.64062175161887 -23.552646971437913),30.0,9.0,1940.0,,,
61,762.0,762,Livro de emplacamento n. 27. p. 109,Cintia,8/10/2018,POINT(-46.63906428339753 -23.55030993087406),30.0,9.0,1940.0,,,
61,511.0,511,Livro de emplacamento n. 27. p. 111,Cintia,8/10/2018,POINT(-46.640573305368974 -23.551930205661378),30.0,9.0,1940.0,,,
61,2.0,2,Livro de emplacamento n. 8. p. 195,Cintia,8/10/2018,POINT(-46.63998940073695 -23.55640867645277),21.0,1.0,1912.0,29.0,9.0,1940.0
61,1.0,1,Livro de emplacamento n. 8. p. 195,Cintia,8/10/2018,POINT(-46.6399941912876 -23.556383668531765),21.0,1.0,1912.0,29.0,9.0,1940.0
61,72.0,72,Livro de emplacamento n. 8. p. 195,Cintia,8/10/2018,POINT(-46.64067242880644 -23.55336906150234),21.0,1.0,1912.0,29.0,9.0,1940.0
61,77.0,77,Livro de emplacamento n. 8. p. 195,Cintia,8/10/2018,POINT(-46.640666571644054 -23.553285603856704),21.0,1.0,1912.0,29.0,9.0,1940.0
61,84.0,84,Livro de emplacamento n. 8. p. 195,Cintia,8/10/2018,POINT(-46.64062327957428 -23.552668742997643),21.0,1.0,1912.0,29.0,9.0,1940.0
61,93.0,93,Livro de emplacamento n. 8. p. 195,Cintia,8/10/2018,POINT(-46.64062175161887 -23.552646971437913),21.0,1.0,1912.0,29.0,9.0,1940.0
61,146.0,146,Livro de emplacamento n. 8. p. 195,Cintia,8/10/2018,POINT(-46.63906428339753 -23.55030993087406),21.0,1.0,1912.0,29.0,9.0,1940.0
61,111.0,111,Livro de emplacamento n. 8. p. 195,Cintia,8/10/2018,POINT(-46.640573305368974 -23.551930205661378),21.0,1.0,1912.0,29.0,9.0,1940.0
61,2.0,2,Livro de emplacamento n. 8. p. 117,Cintia,8/10/2018,POINT(-46.63998940073695 -23.55640867645277),1.0,7.0,1908.0,20.0,1.0,1912.0
61,1.0,1,Livro de emplacamento n. 8. p. 117,Cintia,8/10/2018,POINT(-46.6399941912876 -23.556383668531765),1.0,7.0,1908.0,20.0,1.0,1912.0
61,70.0,70,Livro de emplacamento n. 8. p. 117,Cintia,8/10/2018,POINT(-46.64067242880644 -23.55336906150234),1.0,7.0,1908.0,20.0,1.0,1912.0
61,53.2,53B,Livro de emplacamento n. 8. p. 117,Cintia,8/10/2018,POINT(-46.640666571644054 -23.553285603856704),1.0,7.0,1908.0,20.0,1.0,1912.0
61,84.0,84,Livro de emplacamento n. 8. p. 117,Cintia,8/10/2018,POINT(-46.64062327957428 -23.552668742997643),1.0,7.0,1908.0,20.0,1.0,1912.0
61,53.0,41B,Livro de emplacamento n. 8. p. 117,Cintia,8/10/2018,POINT(-46.64062175161887 -23.552646971437913),1.0,7.0,1908.0,20.0,1.0,1912.0
61,140.0,140,Livro de emplacamento n. 8. p. 117,Cintia,8/10/2018,POINT(-46.63906428339753 -23.55030993087406),1.0,7.0,1908.0,20.0,1.0,1912.0
61,67.0,67,Livro de emplacamento n. 8. p. 117,Cintia,8/10/2018,POINT(-46.640573305368974 -23.551930205661378),1.0,7.0,1908.0,20.0,1.0,1912.0
62,73.0,73,Livro de emplacamento n. 26. p. 243,Cintia,8/10/2018,POINT(-46.63774818058858 -23.548270546737275),24.0,5.0,1939.0,,,
62,93.0,93,Livro de emplacamento n. 26. p. 243,Cintia,8/10/2018,POINT(-46.637573965319156 -23.548204396717285),24.0,5.0,1939.0,,,
62,171.0,171,Livro de emplacamento n. 26. p. 243,Cintia,8/10/2018,POINT(-46.63700297132235 -23.547771005735466),24.0,5.0,1939.0,,,
62,1.0,1,Livro de emplacamento n. 4. p. 40,Cintia,8/10/2018,POINT(-46.63774818058858 -23.548270546737275),26.0,2.0,1909.0,23.0,5.0,1939.0
62,15.0,15,Livro de emplacamento n. 4. p. 40,Cintia,8/10/2018,POINT(-46.637573965319156 -23.548204396717285),26.0,2.0,1909.0,23.0,5.0,1939.0
62,45.0,17E,Livro de emplacamento n. 4. p. 40,Cintia,8/10/2018,POINT(-46.63700297132235 -23.547771005735466),26.0,2.0,1909.0,23.0,5.0,1939.0
64,26.0,26,Livro de emplacamento n. 28. p. 383,Cintia,8/10/2018,POINT(-46.64051724636566 -23.54956008196039),18.0,11.0,1941.0,,,
64,62.0,62,Livro de emplacamento n. 28. p. 383,Cintia,8/10/2018,POINT(-46.640629418384265 -23.549245187329884),18.0,11.0,1941.0,,,
64,196.0,196,Livro de emplacamento n. 28. p. 383,Cintia,8/10/2018,POINT(-46.64012988287221 -23.54816200889698),18.0,11.0,1941.0,,,
64,59.0,59,Livro de emplacamento n. 28. p. 383,Cintia,8/10/2018,POINT(-46.640623125238164 -23.549278256146945),18.0,11.0,1941.0,,,
64,115.0,115,Livro de emplacamento n. 28. p. 383,Cintia,8/10/2018,POINT(-46.64049372334652 -23.548803596253542),18.0,11.0,1941.0,,,
64,199.0,199,Livro de emplacamento n. 28. p. 383,Cintia,8/10/2018,POINT(-46.6401164690275 -23.54813817204865),18.0,11.0,1941.0,,,
64,2.0,2,Livro de emplacamento n. 11. p. 138,Cintia,8/10/2018,POINT(-46.64051724636566 -23.54956008196039),24.0,12.0,1927.0,17.0,11.0,1941.0
64,10.0,2B,Livro de emplacamento n. 11. p. 138,Cintia,8/10/2018,POINT(-46.640629418384265 -23.549245187329884),24.0,12.0,1927.0,17.0,11.0,1941.0
64,28.0,28,Livro de emplacamento n. 11. p. 138,Cintia,8/10/2018,POINT(-46.64012988287221 -23.54816200889698),24.0,12.0,1927.0,17.0,11.0,1941.0
64,1.0,1,Livro de emplacamento n. 11. p. 138,Cintia,8/10/2018,POINT(-46.640623125238164 -23.549278256146945),24.0,12.0,1927.0,17.0,11.0,1941.0
64,11.0,11,Livro de emplacamento n. 11. p. 138,Cintia,8/10/2018,POINT(-46.64049372334652 -23.548803596253542),24.0,12.0,1927.0,17.0,11.0,1941.0
64,19.0,19,Livro de emplacamento n. 11. p. 138,Cintia,8/10/2018,POINT(-46.6401164690275 -23.54813817204865),24.0,12.0,1927.0,17.0,11.0,1941.0
89,41.0,41,Livro de emplacamento n. 20. p. 138,Cintia,8/10/2018,POINT(-46.64840964817045 -23.542746416444803),28.0,10.0,1935.0,,,
89,203.0,203,Livro de emplacamento n. 20. p. 138,Cintia,8/10/2018,POINT(-46.64682476617882 -23.542774272527346),28.0,10.0,1935.0,,,
89,289.0,289,Livro de emplacamento n. 20. p. 138,Cintia,8/10/2018,POINT(-46.64598447642004 -23.54273405165014),28.0,10.0,1935.0,,,
89,38.0,38,Livro de emplacamento n. 20. p. 139,Cintia,8/10/2018,POINT(-46.648442912057156 -23.542745054022134),28.0,10.0,1935.0,,,
89,188.0,188,Livro de emplacamento n. 20. p. 139,Cintia,8/10/2018,POINT(-46.646969679476534 -23.542773398795426),28.0,10.0,1935.0,,,
89,294.0,294,Livro de emplacamento n. 20. p. 139,Cintia,8/10/2018,POINT(-46.64594438417878 -23.542731975423123),28.0,10.0,1935.0,,,
89,3.0,3,Livro de emplacamento n. 8. p. 173,Cintia,8/10/2018,POINT(-46.64840964817045 -23.542746416444803),26.0,6.0,1911.0,27.0,10.0,1935.0
89,19.0,19,Livro de emplacamento n. 8. p. 173,Cintia,8/10/2018,POINT(-46.64682476617882 -23.542774272527346),26.0,6.0,1911.0,27.0,10.0,1935.0
89,27.0,27,Livro de emplacamento n. 8. p. 173,Cintia,8/10/2018,POINT(-46.64598447642004 -23.54273405165014),26.0,6.0,1911.0,27.0,10.0,1935.0
89,2.0,2,Livro de emplacamento n. 8. p. 173,Cintia,8/10/2018,POINT(-46.648442912057156 -23.542745054022134),26.0,6.0,1911.0,27.0,10.0,1935.0
89,24.0,24,Livro de emplacamento n. 8. p. 173,Cintia,8/10/2018,POINT(-46.646969679476534 -23.542773398795426),26.0,6.0,1911.0,27.0,10.0,1935.0
89,40.0,40,Livro de emplacamento n. 8. p. 173,Cintia,8/10/2018,POINT(-46.64594438417878 -23.542731975423123),26.0,6.0,1911.0,27.0,10.0,1935.0
89,3.0,3,Livro de emplacamento n. 8. p. 137,Cintia,8/10/2018,POINT(-46.64840964817045 -23.542746416444803),23.0,1.0,1909.0,25.0,6.0,1911.0
89,19.0,19,Livro de emplacamento n. 8. p. 137,Cintia,8/10/2018,POINT(-46.64682476617882 -23.542774272527346),23.0,1.0,1909.0,25.0,6.0,1911.0
89,27.0,27,Livro de emplacamento n. 8. p. 137,Cintia,8/10/2018,POINT(-46.64598447642004 -23.54273405165014),23.0,1.0,1909.0,25.0,6.0,1911.0
89,2.0,2,Livro de emplacamento n. 8. p. 137,Cintia,8/10/2018,POINT(-46.648442912057156 -23.542745054022134),23.0,1.0,1909.0,25.0,6.0,1911.0
89,24.0,24,Livro de emplacamento n. 8. p. 137,Cintia,8/10/2018,POINT(-46.646969679476534 -23.542773398795426),23.0,1.0,1909.0,25.0,6.0,1911.0
89,40.0,40,Livro de emplacamento n. 8. p. 137,Cintia,8/10/2018,POINT(-46.64594438417878 -23.542731975423123),23.0,1.0,1909.0,25.0,6.0,1911.0
149,45.0,45,Livro de emplacamento n. 25. p. 264,Cintia,8/10/2018,POINT(-46.61467339918108 -23.543778703207376),29.0,6.0,1939.0,,,
149,7.0,7,Livro de emplacamento n. 5. p. 47 e 58,Cintia,8/10/2018,POINT(-46.61467339918108 -23.543778703207376),13.0,6.0,1908.0,28.0,6.0,1939.0
149,1.0,1,Livro de emplacamento n. 5. p. 47,Cintia,8/10/2018,POINT(-46.61467339918108 -23.543778703207376),6.0,12.0,1908.0,6.0,12.0,1908.0
149,91.0,91,Livro de emplacamento n. 25. p. 264,Cintia,8/10/2018,POINT(-46.61490411285484 -23.543444630530953),29.0,6.0,1939.0,,,
149,21.0,21,Livro de emplacamento n. 5. p. 47 e 58,Cintia,8/10/2018,POINT(-46.61490411285484 -23.543444630530953),13.0,6.0,1908.0,28.0,6.0,1939.0
149,3.0,3,Livro de emplacamento n. 5. p. 47,Cintia,8/10/2018,POINT(-46.61490411285484 -23.543444630530953),6.0,12.0,1908.0,6.0,12.0,1908.0
149,119.0,119,Livro de emplacamento n. 25. p. 264,Cintia,8/10/2018,POINT(-46.61506458518008 -23.543238945719896),29.0,6.0,1939.0,,,
149,31.0,31,Livro de emplacamento n. 5. p. 47 e 58,Cintia,8/10/2018,POINT(-46.61506458518008 -23.543238945719896),13.0,6.0,1908.0,28.0,6.0,1939.0
149,13.0,13,Livro de emplacamento n. 5. p. 47,Cintia,8/10/2018,POINT(-46.61506458518008 -23.543238945719896),6.0,12.0,1908.0,6.0,12.0,1908.0
149,50.0,50,Livro de emplacamento n. 25. p. 265,Cintia,8/10/2018,POINT(-46.61469070270661 -23.543753647756645),29.0,6.0,1939.0,,,
149,4.0,4,Livro de emplacamento n. 5. p. 47 e 58,Cintia,8/10/2018,POINT(-46.61469070270661 -23.543753647756645),13.0,6.0,1908.0,28.0,6.0,1939.0
149,6.0,6,Livro de emplacamento n. 5. p. 47,Cintia,8/10/2018,POINT(-46.61469070270661 -23.543753647756645),6.0,12.0,1908.0,6.0,12.0,1908.0
149,110.0,110,Livro de emplacamento n. 25. p. 265,Cintia,8/10/2018,POINT(-46.61501393440758 -23.543297610548066),29.0,6.0,1939.0,,,
149,20.0,20,Livro de emplacamento n. 5. p. 47 e 58,Cintia,8/10/2018,POINT(-46.61501393440758 -23.543297610548066),13.0,6.0,1908.0,28.0,6.0,1939.0
149,24.0,24,Livro de emplacamento n. 5. p. 47,Cintia,8/10/2018,POINT(-46.61501393440758 -23.543297610548066),6.0,12.0,1908.0,6.0,12.0,1908.0
152,17.0,17,Livro de emplacamento n. 21. p. 163,Cintia,8/10/2018,POINT(-46.61873881847884 -23.548081132365564),15.0,6.0,1936.0,,,
152,1.0,1,Livros de emplacamento n. 7. p. 142 e n. 2. p. 75,Cintia,8/10/2018,POINT(-46.61873881847884 -23.548081132365564),8.0,1.0,1908.0,14.0,6.0,1936.0
152,1.0,1,Livro de Emplacamento n. 2. p. 75,Cintia,8/10/2018,POINT(-46.61873881847884 -23.548081132365564),31.0,7.0,1908.0,8.0,1.0,1908.0
152,95.0,95,Livro de emplacamento n. 21. p. 163,Cintia,8/10/2018,POINT(-46.61809667809666 -23.54770397606126),15.0,6.0,1936.0,,,
152,27.0,27,Livros de emplacamento n. 7. p. 142 e n. 2. p. 75,Cintia,8/10/2018,POINT(-46.61809667809666 -23.54770397606126),8.0,1.0,1908.0,14.0,6.0,1936.0
152,27.0,127,Livro de Emplacamento n. 2. p. 75,Cintia,8/10/2018,POINT(-46.61809667809666 -23.54770397606126),31.0,7.0,1908.0,31.0,7.0,1908.0
152,197.0,197,Livro de emplacamento n. 21. p. 163,Cintia,8/10/2018,POINT(-46.617249283600025 -23.547206265302822),15.0,6.0,1936.0,,,
152,67.0,67,Livro de Emplacamento n. 2. p. 75,Cintia,8/10/2018,POINT(-46.617249283600025 -23.547206265302822),8.0,1.0,1908.0,14.0,6.0,1936.0
152,67.0,67,Livro de Emplacamento n. 2. p. 75,Cintia,8/10/2018,POINT(-46.617249283600025 -23.547206265302822),31.0,7.0,1908.0,31.0,7.0,1908.0
152,18.0,18,Livro de emplacamento n. 21. p. 164,Cintia,8/10/2018,POINT(-46.61872398083201 -23.548072417585747),15.0,6.0,1936.0,,,
152,2.0,2,"Livros de emplacamento n. 7. p. 142 e p. 122 e n,2. p,75",Cintia,8/10/2018,POINT(-46.61872398083201 -23.548072417585747),8.0,1.0,1908.0,14.0,6.0,1936.0
152,2.0,2,Livro de Emplacamento n. 2. p. 75,Cintia,8/10/2018,POINT(-46.61872398083201 -23.548072417585747),31.0,7.0,1908.0,31.0,7.0,1908.0
152,138.0,138,Livro de emplacamento n. 21. p. 164,Cintia,8/10/2018,POINT(-46.617744696141344 -23.547497242117824),15.0,6.0,1936.0,,,
152,36.0,36,"Livros de emplacamento n. 7. p. 142 e p. 122 e n,2. p,75",Cintia,8/10/2018,POINT(-46.617744696141344 -23.547497242117824),8.0,1.0,1908.0,14.0,6.0,1936.0
152,30.0,30,Livro de Emplacamento n. 2. p. 75,Cintia,8/10/2018,POINT(-46.617744696141344 -23.547497242117824),31.0,7.0,1908.0,31.0,7.0,1908.0
152,182.0,182,Livro de emplacamento n. 21. p. 164,Cintia,8/10/2018,POINT(-46.61736303889237 -23.547273078614754),15.0,6.0,1936.0,,,
152,52.0,52,Livros de emplacamento n. 7. p. 122,Cintia,8/10/2018,POINT(-46.61736303889237 -23.547273078614754),6.0,9.0,1911.0,14.0,6.0,1936.0
152,56.0,56,Livros de emplacamento n. 7. p. 122,Cintia,8/10/2018,POINT(-46.61736303889237 -23.547273078614754),6.0,8.0,1911.0,6.0,8.0,1911.0
153,43.0,43,Livro de emplacamento n. 21. p. 232,Cintia,8/10/2018,POINT(-46.619949979168894 -23.54973092641578),8.0,10.0,1936.0,,,
153,7.0,7,Livro de emplacamento n. 13. p. 62,Cintia,8/10/2018,POINT(-46.619949979168894 -23.54973092641578),28.0,7.0,1929.0,8.0,9.0,1936.0
153,265.0,265,Livro de emplacamento n. 21. p. 232,Cintia,8/10/2018,POINT(-46.618116577246184 -23.5486657650986),8.0,10.0,1936.0,,,
153,47.0,47,Livro de emplacamento n. 13. p. 62,Cintia,8/10/2018,POINT(-46.618116577246184 -23.5486657650986),28.0,7.0,1929.0,8.0,9.0,1936.0
153,469.0,469,Livro de emplacamento n. 21. p. 232,Cintia,8/10/2018,POINT(-46.61642588662719 -23.547687967057556),8.0,10.0,1936.0,,,
153,79.0,79,Livro de emplacamento n. 13. p. 62,Cintia,8/10/2018,POINT(-46.61642588662719 -23.547687967057556),28.0,7.0,1929.0,8.0,9.0,1936.0
153,32.0,32,Livro de emplacamento n. 21. p. 233,Cintia,8/10/2018,POINT(-46.62004046997658 -23.549784496266398),8.0,10.0,1936.0,,,
153,4.0,4,Livro de emplacamento n. 13. p. 62,Cintia,8/10/2018,POINT(-46.62004046997658 -23.549784496266398),28.0,7.0,1929.0,8.0,9.0,1936.0
153,2.0,2,Livros de emplacamento n. 3. p. 72 e p. 28,Cintia,8/10/2018,POINT(-46.62004046997658 -23.549784496266398),11.0,8.0,1911.0,27.0,7.0,1929.0
153,2.0,2tinta,Livro de emplacamento n. 3. p. 20,Cintia,8/10/2018,POINT(-46.62004046997658 -23.549784496266398),11.0,7.0,1911.0,11.0,7.0,1911.0
153,264.0,264,Livro de emplacamento n. 21. p. 233,Cintia,8/10/2018,POINT(-46.61813147319877 -23.548674380059317),8.0,10.0,1936.0,,,
153,52.0,52,Livro de emplacamento n. 13. p. 62,Cintia,8/10/2018,POINT(-46.61813147319877 -23.548674380059317),28.0,7.0,1929.0,8.0,9.0,1936.0
153,46.0,46,Livro de emplacamento n. 3. p. 72,Cintia,8/10/2018,POINT(-46.61813147319877 -23.548674380059317),12.0,9.0,1921.0,27.0,7.0,1929.0
153,27.0,27,Livro de emplacamento n. 3. p. 28,Cintia,8/10/2018,POINT(-46.61813147319877 -23.548674380059317),6.0,8.0,1911.0,12.0,8.0,1921.0
153,25.0,25,Livro de emplacamento n. 3. p. 20,Cintia,8/10/2018,POINT(-46.61813147319877 -23.548674380059317),6.0,7.0,1911.0,6.0,7.0,1911.0
153,514.0,514,Livro de emplacamento n. 21. p. 233,Cintia,8/10/2018,POINT(-46.61607188860922 -23.54746979621039),8.0,10.0,1936.0,,,
153,92.0,92,Livro de emplacamento n. 13. p. 62,Cintia,8/10/2018,POINT(-46.61607188860922 -23.54746979621039),28.0,7.0,1929.0,8.0,9.0,1936.0
153,88.0,88,Livro de emplacamento n. 3. p. 72,Cintia,8/10/2018,POINT(-46.61607188860922 -23.54746979621039),12.0,9.0,1921.0,27.0,7.0,1929.0
153,60.0,60,Livro de emplacamento n. 3. p. 28,Cintia,8/10/2018,POINT(-46.61607188860922 -23.54746979621039),6.0,8.0,1911.0,12.0,8.0,1921.0
153,60.0,60,Livro de emplacamento n. 3. p. 20,Cintia,8/10/2018,POINT(-46.61607188860922 -23.54746979621039),6.0,7.0,1911.0,6.0,7.0,1911.0
190,12.0,12,Livro de emplacamento n. 22. p. 190,Cintia,8/10/2018,POINT(-46.647313217519134 -23.519993117819322),24.0,5.0,1937.0,,,
190,2.0,2,Livro de emplacamento n. 1. p. 80 e p. 37,Cintia,8/10/2018,POINT(-46.647313217519134 -23.519993117819322),25.0,4.0,1909.0,23.0,5.0,1937.0
190,2.0,2,Livro de emplacamento n. 1. p. 80 ,Cintia,8/10/2018,POINT(-46.647313217519134 -23.519993117819322),24.0,4.0,1909.0,24.0,4.0,1909.0
190,164.0,164,Livro de emplacamento n. 22. p. 190,Cintia,8/10/2018,POINT(-46.64665949254903 -23.521206942427522),24.0,5.0,1937.0,,,
190,52.0,52,Livro de emplacamento n. 17. p. 132   ,Cintia,8/10/2018,POINT(-46.64665949254903 -23.521206942427522),22.0,9.0,1930.0,23.0,5.0,1937.0
190,50.0,50,Livro de emplacamento n. 1. p. 37 ,Cintia,8/10/2018,POINT(-46.64665949254903 -23.521206942427522),17.0,11.0,1911.0,21.0,9.0,1930.0
190,44.0,44,Livro de emplacamento n. 1. p. 37 ,Cintia,8/10/2018,POINT(-46.64665949254903 -23.521206942427522),16.0,11.0,1911.0,16.0,11.0,1911.0
190,238.0,238,Livro de emplacamento n. 22. p. 190,Cintia,8/10/2018,POINT(-46.64633761206341 -23.521804604245876),24.0,5.0,1937.0,,,
190,70.0,70,Livro de emplacamento n. 17. p. 132   ,Cintia,8/10/2018,POINT(-46.64633761206341 -23.521804604245876),22.0,9.0,1930.0,23.0,5.0,1937.0
190,68.0,68,Livro de emplacamento n. 1. p. 37 ,Cintia,8/10/2018,POINT(-46.64633761206341 -23.521804604245876),17.0,11.0,1911.0,21.0,9.0,1930.0
190,62.0,62,Livro de emplacamento n. 1. p. 80,Cintia,8/10/2018,POINT(-46.64633761206341 -23.521804604245876),25.0,4.0,1909.0,16.0,11.0,1911.0
190,56.0,56,Livro de emplacamento n. 1. p. 80,Cintia,8/10/2018,POINT(-46.64633761206341 -23.521804604245876),24.0,4.0,1909.0,24.0,4.0,1909.0
190,35.0,35,Livro de emplacamento n. 22. p. 193,Cintia,8/10/2018,POINT(-46.647217476486404 -23.520170888023703),24.0,5.0,1937.0,,,
190,1.0,1,Livro de emplacamento n. 17. p. 130 e n. 1. p 37. 38 e 80,Cintia,8/10/2018,POINT(-46.647217476486404 -23.520170888023703),25.0,4.0,1909.0,23.0,5.0,1937.0
190,1.0,1,Livro de emplacamento n. 1. p. 180,Cintia,8/10/2018,POINT(-46.647217476486404 -23.520170888023703),24.0,4.0,1909.0,24.0,4.0,1909.0
190,107.0,107,Livro de emplacamento n. 22. p. 193,Cintia,8/10/2018,POINT(-46.6469038271303 -23.52075326643082),24.0,5.0,1937.0,,,
190,23.0,23,"25-4-1909 - L1. p,80; 17-11-1911 - L1. p,37; 4-2-1915 - L1. p,57;
22-9-1930 - L17. p,130 a 133;
24-5-1937 - L22. p,190 a 195",Cintia,8/10/2018,POINT(-46.6469038271303 -23.52075326643082),25.0,4.0,1909.0,23.0,5.0,1937.0
190,237.0,237,Livro de emplacamento n. 22. p. 193,Cintia,8/10/2018,POINT(-46.646338911715446 -23.521802191075682),24.0,5.0,1937.0,,,
190,47.0,47,Livro de emplacamento n. 17. p. 130,Cintia,8/10/2018,POINT(-46.646338911715446 -23.521802191075682),22.0,9.0,1930.0,23.0,5.0,1937.0
190,49.0,49,"25-4-1909 - L1. p,80; 17-11-1911 - L1. p,37; 4-2-1915 - L1. p,57;
22-9-1930 - L17. p,130 a 133;
24-5-1937 - L22. p,190 a 195",Cintia,8/10/2018,POINT(-46.646338911715446 -23.521802191075682),25.0,4.0,1909.0,21.0,9.0,1930.0
190,43.0,43,Livro de emplacamento n. 17. p. 130,Cintia,8/10/2018,POINT(-46.646338911715446 -23.521802191075682),24.0,4.0,1909.0,24.0,4.0,1909.0
1,3.0,3,"Livros de Emplacamento L13. P,58",Cintia,8/10/2018,POINT(-46.63408067050382 -23.54434203646286),13.0,3.0,1928.0,,,
1,5.0,5ª E/T,"Livros de Emplacamento L13. P,58",Cintia,8/10/2018,POINT(-46.63408067050382 -23.54434203646286),3.0,12.0,1928.0,3.0,12.0,1928.0
1,103.0,103,"Livros de Emplacamento L13. P,58",Cintia,8/10/2018,POINT(-46.63362769035889 -23.545124541610736),20.0,8.0,1937.0,,,
1,17.0,17,"Livros de Emplacamento L13. P,58",Cintia,8/10/2018,POINT(-46.63362769035889 -23.545124541610736),3.0,12.0,1928.0,19.0,8.0,1937.0
1,25.0,25 E/T,"Livros de Emplacamento L13. P,58",Cintia,8/10/2018,POINT(-46.63362769035889 -23.545124541610736),13.0,3.0,1928.0,13.0,3.0,1928.0
1,250.0,250,"Livros de Emplacamento L13. P,58",Cintia,8/10/2018,POINT(-46.63340275095172 -23.546433414213496),20.0,8.0,1937.0,,,
1,39.0,39F,"Livros de Emplacamento L13. P,58",Cintia,8/10/2018,POINT(-46.63340275095172 -23.546433414213496),13.0,3.0,1928.0,19.0,8.0,1937.0
1,55.0,55B E/T,"Livros de Emplacamento L13. P,58",Cintia,8/10/2018,POINT(-46.63340275095172 -23.546433414213496),3.0,12.0,1928.0,3.0,12.0,1928.0
1,10.0,10,"Livros de Emplacamento L13. P,58",Cintia,8/10/2018,POINT(-46.63405241359469 -23.544398692176504),20.0,8.0,1937.0,,,
1,2.0,2,"Livros de Emplacamento L13. P,58",Cintia,8/10/2018,POINT(-46.63405241359469 -23.544398692176504),13.0,3.0,1928.0,19.0,8.0,1937.0
1,18.0,18 E/S,"Livros de Emplacamento L13. P,58",Cintia,8/10/2018,POINT(-46.63405241359469 -23.544398692176504),3.0,12.0,1928.0,3.0,12.0,1928.0
1,136.0,136,"Livros de Emplacamento L13. P,58",Cintia,8/10/2018,POINT(-46.633566328160704 -23.545415636750562),20.0,8.0,1937.0,,,
1,26.0,26,"Livros de Emplacamento L13. P,58",Cintia,8/10/2018,POINT(-46.633566328160704 -23.545415636750562),13.0,3.0,1928.0,19.0,8.0,1937.0
1,42.0,42 E/T,"Livros de Emplacamento L13. P,58",Cintia,8/10/2018,POINT(-46.633566328160704 -23.545415636750562),3.0,12.0,1928.0,3.0,12.0,1928.0
2,9.0,9,"Livros de Emplacamento L19. P,69",Cintia,8/10/2018,POINT(-46.633499658763675 -23.546377625154875),15.0,11.0,1933.0,,,
2,1.0,1 Bº,"Livros de Emplacamento L19. P,69",Cintia,8/10/2018,POINT(-46.633499658763675 -23.546377625154875),14.0,11.0,1933.0,14.0,11.0,1933.0
2,43.0,43,"Livros de Emplacamento L19. P,69",Cintia,8/10/2018,POINT(-46.63383049733381 -23.546412540267983),15.0,11.0,1933.0,,,
2,7.0,7 Bº,"Livros de Emplacamento L19. P,69",Cintia,8/10/2018,POINT(-46.63383049733381 -23.546412540267983),14.0,11.0,1933.0,14.0,11.0,1933.0
2,69.0,69,"Livros de Emplacamento L19. P,69",Cintia,8/10/2018,POINT(-46.634083615906384 -23.546438010353345),15.0,11.0,1933.0,,,
2,11.0,11 B,"Livros de Emplacamento L19. P,69",Cintia,8/10/2018,POINT(-46.63351911336112 -23.546379740571954),14.0,11.0,1933.0,14.0,11.0,1933.0
2,34.0,34,"Livros de Emplacamento L19. P,69",Cintia,8/10/2018,POINT(-46.63374289180754 -23.546403588291962),15.0,11.0,1933.0,,,
2,4.0,4,"Livros de Emplacamento L19. P,69",Cintia,8/10/2018,POINT(-46.63374289180754 -23.546403588291962),14.0,11.0,1933.0,14.0,11.0,1933.0
2,40.0,40,"Livros de Emplacamento L19. P,69",Cintia,8/10/2018,POINT(-46.63380129549172 -23.54640955627598),15.0,11.0,1933.0,,,
2,8.0,8,"Livros de Emplacamento L19. P,69",Cintia,8/10/2018,POINT(-46.63380129549172 -23.54640955627598),14.0,11.0,1933.0,14.0,11.0,1933.0
2,68.0,68,"Livros de Emplacamento L19. P,69",Cintia,8/10/2018,POINT(-46.634073863679085 -23.546437214645852),15.0,11.0,1933.0,,,
2,16.0,16,"Livros de Emplacamento L19. P,69",Cintia,8/10/2018,POINT(-46.634073863679085 -23.546437214645852),14.0,11.0,1933.0,14.0,11.0,1933.0
3,19.0,19,"Livros de Emplacamento L28. P,129",Cintia,8/10/2018,POINT(-46.63417300780415 -23.545732911879824),15.0,3.0,1941.0,,,
3,1.0,1,"Livros de Emplacamento L28. P,129",Cintia,8/10/2018,POINT(-46.63417300780415 -23.545732911879824),14.0,3.0,1928.0,13.0,3.0,1941.0
3,47.0,47,"Livros de Emplacamento L28. P,129",Cintia,8/10/2018,POINT(-46.63398729509284 -23.54554639751286),15.0,3.0,1941.0,,,
3,9.0,9,"Livros de Emplacamento L28. P,129",Cintia,8/10/2018,POINT(-46.63398729509284 -23.54554639751286),14.0,3.0,1928.0,14.0,3.0,1941.0
3,15.0,15 E/S,"Livros de Emplacamento L28. P,129",Cintia,8/10/2018,POINT(-46.63398729509284 -23.54554639751286),13.0,3.0,1928.0,13.0,3.0,1928.0
3,67.0,67,"Livros de Emplacamento L28. P,129",Cintia,8/10/2018,POINT(-46.633854643156184 -23.54541317296503),14.0,3.0,1941.0,,,
3,15.0,15,"Livros de Emplacamento L28. P,129",Cintia,8/10/2018,POINT(-46.633854643156184 -23.54541317296503),14.0,3.0,1928.0,13.0,3.0,1941.0
3,21.0,21 E/T,"Livros de Emplacamento L28. P,129",Cintia,8/10/2018,POINT(-46.633854643156184 -23.54541317296503),13.0,3.0,1928.0,13.0,3.0,1928.0
3,32.0,32,"Livros de Emplacamento L28. P,129",Cintia,8/10/2018,POINT(-46.63408678404533 -23.545646315923733),14.0,3.0,1941.0,,,
3,32.0,32,"Livros de Emplacamento L28. P,129",Cintia,8/10/2018,POINT(-46.63408678404533 -23.545646315923733),14.0,3.0,1928.0,13.0,3.0,1928.0
3,2.0,2H E/T,"Livros de Emplacamento L28. P,129",Cintia,8/10/2018,POINT(-46.63408678404533 -23.545646315923733),13.0,3.0,1928.0,13.0,3.0,1928.0
3,42.0,42 E/T,"Livros de Emplacamento L28. P,129",Cintia,8/10/2018,POINT(-46.634020458077 -23.545579703649818),14.0,3.0,1941.0,,,
3,8.0,8,"Livros de Emplacamento L28. P,129",Cintia,8/10/2018,POINT(-46.634020458077 -23.545579703649818),14.0,3.0,1928.0,13.0,3.0,1941.0
3,36.0,36ª E/T,"Livros de Emplacamento L28. P,129",Cintia,8/10/2018,POINT(-46.634020458077 -23.545579703649818),13.0,3.0,1928.0,13.0,3.0,1928.0
3,56.0,56,"Livros de Emplacamento L28. P,129",Cintia,8/10/2018,POINT(-46.633927601721346 -23.545486446466338),14.0,3.0,1941.0,,,
3,14.0,,"Livros de Emplacamento L28. P,129",Cintia,8/10/2018,POINT(-46.633927601721346 -23.545486446466338),13.0,3.0,1941.0,13.0,3.0,1941.0
6,27.0,27,"Livros de Emplacamento L24. P,334",Cintia,8/10/2018,POINT(-46.63431096730145 -23.546043078264734),18.0,5.0,1938.0,,,
6,1.0,1,"Livros de Emplacamento L24. P,334",Cintia,8/10/2018,POINT(-46.63431096730145 -23.546043078264734),17.0,8.0,1938.0,17.0,8.0,1938.0
6,175.0,175,"Livros de Emplacamento L24. P,334",Cintia,8/10/2018,POINT(-46.6341651183609 -23.547366925246475),18.0,5.0,1938.0,,,
6,23.0,23,"Livros de Emplacamento L24. P,334",Cintia,8/10/2018,POINT(-46.6341651183609 -23.547366925246475),3.0,12.0,1928.0,17.0,8.0,1938.0
6,25.0,25,"Livros de Emplacamento L24. P,334",Cintia,8/10/2018,POINT(-46.6341651183609 -23.547366925246475),17.0,8.0,1938.0,17.0,8.0,1938.0
6,331.0,331,"Livros de Emplacamento L24. P,334",Cintia,8/10/2018,POINT(-46.63373537619455 -23.548704514707097),18.0,5.0,1938.0,,,
6,49.0,49,"Livros de Emplacamento L24. P,334",Cintia,8/10/2018,POINT(-46.63373537619455 -23.548704514707097),3.0,12.0,1928.0,3.0,11.0,1928.0
6,57.0,57,"Livros de Emplacamento L24. P,334",Cintia,8/10/2018,POINT(-46.63373537619455 -23.548704514707097),17.0,8.0,1938.0,17.0,8.0,1938.0
6,12.0,12,"Livros de Emplacamento L24. P,334",Cintia,8/10/2018,POINT(-46.63432291857052 -23.5459084989461),18.0,5.0,1938.0,,,
6,2.0,2,"Livros de Emplacamento L24. P,334",Cintia,8/10/2018,POINT(-46.63432291857052 -23.5459084989461),3.0,12.0,1928.0,17.0,5.0,1938.0
6,4.0,4 E/T,"Livros de Emplacamento L24. P,334",Cintia,8/10/2018,POINT(-46.63432291857052 -23.5459084989461),3.0,11.0,1928.0,3.0,11.0,1928.0
6,166.0,166,"Livros de Emplacamento L24. P,334",Cintia,8/10/2018,POINT(-46.63417950690844 -23.547287147035156),18.0,5.0,1938.0,,,
6,22.0,22,"Livros de Emplacamento L24. P,334",Cintia,8/10/2018,POINT(-46.63417950690844 -23.547287147035156),3.0,12.0,1928.0,17.0,5.0,1938.0
6,24.0,24 E/T,"Livros de Emplacamento L24. P,334",Cintia,8/10/2018,POINT(-46.63417950690844 -23.547287147035156),3.0,11.0,1928.0,3.0,11.0,1928.0
6,336.0,336,"Livros de Emplacamento L24. P,334",Cintia,8/10/2018,POINT(-46.63372082257686 -23.548747134676002),18.0,5.0,1938.0,,,
6,50.0,50,"Livros de Emplacamento L24. P,334",Cintia,8/10/2018,POINT(-46.63372082257686 -23.548747134676002),3.0,12.0,1928.0,17.0,5.0,1938.0
6,56.0,56,"Livros de Emplacamento L24. P,334",Cintia,8/10/2018,POINT(-46.63372082257686 -23.548747134676002),3.0,11.0,1928.0,3.0,11.0,1928.0
4,63.0,63,"Livros de Emplacamento 7. P,187",Cintia,8/10/2018,POINT(-46.633186501912526 -23.544734925652598),24.0,10.0,1939.0,,,
4,3.0,36ª E/T,"Livros de Emplacamento 7. P,187",Cintia,8/10/2018,POINT(-46.633595534942394 -23.5451234974446),5.0,6.0,1921.0,23.0,10.0,1939.0
4,7.0,7 E,"Livros de Emplacamento 7. P,187",Cintia,8/10/2018,POINT(-46.633595534942394 -23.5451234974446),5.0,5.0,1921.0,5.0,5.0,1921.0
4,109.0,109,"Livros de Emplacamento 7. P,187",Cintia,8/10/2018,POINT(-46.63285836993796 -23.544453936935973),24.0,10.0,1939.0,,,
4,15.0,15,"Livros de Emplacamento 7. P,187",Cintia,8/10/2018,POINT(-46.63285836993796 -23.544453936935973),5.0,6.0,1921.0,23.0,10.0,1939.0
4,17.0,17,"Livros de Emplacamento 7. P,187",Cintia,8/10/2018,POINT(-46.63285836993796 -23.544453936935973),5.0,5.0,1921.0,5.0,5.0,1921.0
4,133.0,133,"Livros de Emplacamento 7. P,187",Cintia,8/10/2018,POINT(-46.63267551544225 -23.544321049669485),24.0,10.0,1939.0,,,
4,23.0,23,"Livros de Emplacamento 7. P,187",Cintia,8/10/2018,POINT(-46.63267551544225 -23.544321049669485),5.0,6.0,1921.0,23.0,10.0,1939.0
4,25.0,25 E/T,"Livros de Emplacamento 7. P,187",Cintia,8/10/2018,POINT(-46.63267551544225 -23.544321049669485),5.0,5.0,1921.0,5.0,5.0,1921.0
4,14.0,14,"Livros de Emplacamento 7. P,187",Cintia,8/10/2018,POINT(-46.633514496343864 -23.545059584437674),24.0,10.0,1939.0,,,
4,2.0,2,"Livros de Emplacamento 7. P,187",Cintia,8/10/2018,POINT(-46.633514496343864 -23.545059584437674),5.0,6.0,1921.0,23.0,10.0,1939.0
4,0.0,0,"Livros de Emplacamento 7. P,187",Cintia,8/10/2018,POINT(-46.633514496343864 -23.545059584437674),5.0,5.0,1921.0,5.0,5.0,1921.0
4,52.0,52,"Livros de Emplacamento 7. P,187",Cintia,8/10/2018,POINT(-46.633260133315474 -23.544807808237003),24.0,10.0,1939.0,,,
4,8.0,8,"Livros de Emplacamento 7. P,187",Cintia,8/10/2018,POINT(-46.633260133315474 -23.544807808237003),5.0,6.0,1921.0,23.0,10.0,1939.0
4,4.0,4,"Livros de Emplacamento 7. P,187",Cintia,8/10/2018,POINT(-46.633260133315474 -23.544807808237003),5.0,5.0,1921.0,5.0,5.0,1921.0
4,106.0,106,"Livros de Emplacamento 7. P,187",Cintia,8/10/2018,POINT(-46.63288122674992 -23.544470547844284),24.0,10.0,1939.0,,,
7,12.0,12,"Livros de Emplacamento L4. p,42 e L26 p,211",Cintia,8/10/2018,POINT(-46.632352113445805 -23.54867495872643),29.0,8.0,1939.0,,,
7,2.0,2,"Livros de Emplacamento L4. p,42 e L26 p,211",Cintia,8/10/2018,POINT(-46.632352113445805 -23.54867495872643),28.0,8.0,1939.0,28.0,8.0,1939.0
7,46.0,46,"Livros de Emplacamento L4. p,42 e L26 p,211",Cintia,8/10/2018,POINT(-46.632662590303816 -23.548786056783076),29.0,8.0,1939.0,,,
7,8.0,8 A,"Livros de Emplacamento L4. p,42 e L26 p,211",Cintia,8/10/2018,POINT(-46.632662590303816 -23.548786056783076),28.0,8.0,1939.0,28.0,8.0,1939.0
7,64.0,64,"Livros de Emplacamento L4. p,42 e L26 p,211",Cintia,8/10/2018,POINT(-46.63282696040512 -23.5488448734013),29.0,8.0,1939.0,,,
7,12.0,12 A,"Livros de Emplacamento L4. p,42 e L26 p,211",Cintia,8/10/2018,POINT(-46.63282696040512 -23.5488448734013),27.0,1.0,1910.0,,,
7,10.0,10 Baixo,"Livros de Emplacamento L4. p,42 e L26 p,211",Cintia,8/10/2018,POINT(-46.63282696040512 -23.5488448734013),26.0,1.0,1910.0,26.0,1.0,1910.0
9,25.0,25,"Livros de Emplacamento L21. p,361 e L13. P,41",Cintia,8/10/2018,POINT(-46.634093353898855 -23.54959874278734),12.0,9.0,1936.0,,,
9,1.0,1 Sº,"Livros de Emplacamento L21. p,361 e L13. P,41",Cintia,8/10/2018,POINT(-46.634093353898855 -23.54959874278734),12.0,8.0,1936.0,12.0,8.0,1936.0
9,57.0,57,"Livros de Emplacamento L21. p,361 e L13. P,41",Cintia,8/10/2018,POINT(-46.634395996383155 -23.5495257363457),12.0,9.0,1936.0,,,
9,3.0,3,"Livros de Emplacamento L21. p,361 e L13. P,41",Cintia,8/10/2018,POINT(-46.634395996383155 -23.5495257363457),16.0,7.0,1928.0,12.0,8.0,1936.0
9,1.0,1 G,"Livros de Emplacamento L21. p,361 e L13. P,41",Cintia,8/10/2018,POINT(-46.634395996383155 -23.5495257363457),15.0,7.0,1928.0,15.0,7.0,1928.0
9,103.0,103,"Livros de Emplacamento L21. p,361 e L13. P,41",Cintia,8/10/2018,POINT(-46.634834907940984 -23.54944169070457),12.0,9.0,1936.0,,,
9,11.0,11 B,"Livros de Emplacamento L21. p,361 e L13. P,41",Cintia,8/10/2018,POINT(-46.634834907940984 -23.54944169070457),16.0,7.0,1928.0,15.0,7.0,1928.0
9,24.0,24,"Livros de Emplacamento L21. p,361 e L13. P,41",Cintia,8/10/2018,POINT(-46.63408393010759 -23.549601183917126),12.0,9.0,1936.0,,,
9,2.0,2 A,"Livros de Emplacamento L21. p,361 e L13. P,41",Cintia,8/10/2018,POINT(-46.63408393010759 -23.549601183917126),12.0,8.0,1936.0,12.0,8.0,1936.0
9,44.0,44,"Livros de Emplacamento L21. p,361 e L13. P,41",Cintia,8/10/2018,POINT(-46.634272405932826 -23.549552361321425),12.0,9.0,1936.0,,,
9,4.0,4,"Livros de Emplacamento L21. p,361 e L13. P,41",Cintia,8/10/2018,POINT(-46.634272405932826 -23.549552361321425),15.0,7.0,1928.0,15.0,7.0,1928.0
9,92.0,92,"Livros de Emplacamento L21. p,361 e L13. P,41",Cintia,8/10/2018,POINT(-46.63473216814339 -23.54947025599622),12.0,9.0,1936.0,,,
9,12.0,12 Sº,"Livros de Emplacamento L21. p,361 e L13. P,41",Cintia,8/10/2018,POINT(-46.63473216814339 -23.54947025599622),15.0,7.0,1928.0,15.0,7.0,1928.0
127,25.0,25,"Livros de Emplacamento L6 p,16. L15 ,18 e L21 p,100-101",Cintia,8/10/2018,POINT(-46.624659676846186 -23.544304189530713),30.0,4.0,1936.0,,,
127,1.0,1,"Livros de Emplacamento L6 p,16. L15 ,18 e L21 p,100-101",Cintia,8/10/2018,POINT(-46.624659676846186 -23.544304189530713),1.0,12.0,1929.0,29.0,4.0,1936.0
127,181.0,181,"Livros de Emplacamento L6 p,16. L15 ,18 e L21 p,100-101",Cintia,8/10/2018,POINT(-46.62499860627641 -23.54292886232253),30.0,4.0,1936.0,,,
127,35.0,35,"Livros de Emplacamento L6 p,16. L15 ,18 e L21 p,100-101",Cintia,8/10/2018,POINT(-46.62499860627641 -23.54292886232253),1.0,12.0,1929.0,29.0,4.0,1936.0
127,41.0,41,"Livros de Emplacamento L6 p,16. L15 ,18 e L21 p,100-101",Cintia,8/10/2018,POINT(-46.62499860627641 -23.54292886232253),30.0,9.0,1911.0,1.0,11.0,1929.0
127,35.0,35 B,"Livros de Emplacamento L6 p,16. L15 ,18 e L21 p,100-101",Cintia,8/10/2018,POINT(-46.62499860627641 -23.54292886232253),9.0,11.0,1911.0,9.0,11.0,1911.0
127,323.0,323,"Livros de Emplacamento L6 p,16. L15 ,18 e L21 p,100-101",Cintia,8/10/2018,POINT(-46.6254531731192 -23.54173636675167),30.0,4.0,1936.0,,,
127,61.0,61 º,"Livros de Emplacamento L6 p,16. L15 ,18 e L21 p,100-101",Cintia,8/10/2018,POINT(-46.6254531731192 -23.54173636675167),1.0,12.0,1929.0,29.0,4.0,1936.0
127,36.0,36,"Livros de Emplacamento L6 p,16. L15 ,18 e L21 p,100-101",Cintia,8/10/2018,POINT(-46.624682589167364 -23.54421121460465),30.0,4.0,1936.0,,,
127,2.0,2,"Livros de Emplacamento L6 p,16. L15 ,18 e L21 p,100-101",Cintia,8/10/2018,POINT(-46.624682589167364 -23.54421121460465),1.0,12.0,1929.0,29.0,4.0,1936.0
127,2.0,2,"Livros de Emplacamento L6 p,16. L15 ,18 e L21 p,100-101",Cintia,8/10/2018,POINT(-46.624682589167364 -23.54421121460465),30.0,9.0,1911.0,1.0,11.0,1929.0
127,158.0,158,"Livros de Emplacamento L6 p,16. L15 ,18 e L21 p,100-101",Cintia,8/10/2018,POINT(-46.62494651316883 -23.54314024871103),30.0,4.0,1936.0,,,
127,24.0,24,"Livros de Emplacamento L6 p,16. L15 ,18 e L21 p,100-101",Cintia,8/10/2018,POINT(-46.62494651316883 -23.54314024871103),1.0,12.0,1929.0,29.0,4.0,1936.0
127,320.0,320,"Livros de Emplacamento L6 p,16. L15 ,18 e L21 p,100-101",Cintia,8/10/2018,POINT(-46.62544348053056 -23.541760705296507),30.0,4.0,1936.0,,,
127,76.0,76,"Livros de Emplacamento L6 p,16. L15 ,18 e L21 p,100-101",Cintia,8/10/2018,POINT(-46.62544348053056 -23.541760705296507),1.0,12.0,1929.0,29.0,4.0,1936.0
127,50.0,50,"Livros de Emplacamento L6 p,16. L15 ,18 e L21 p,100-101",Cintia,8/10/2018,POINT(-46.62544348053056 -23.541760705296507),29.0,9.0,1911.0,29.0,9.0,1911.0
128,105.0,105,"Livros de Emplacamento L1 p,35 e 49. L15 p,1 e L21 p125",Cintia,8/10/2018,POINT(-46.62551200384011 -23.54357476745157),18.0,5.0,1936.0,,,
128,11.0,11,"Livros de Emplacamento L1 p,35 e 49. L15 p,1 e L21 p125",Cintia,8/10/2018,POINT(-46.62551200384011 -23.54357476745157),18.0,1.0,1929.0,17.0,5.0,1936.0
128,17.0,17,"Livros de Emplacamento L1 p,35 e 49. L15 p,1 e L21 p125",Cintia,8/10/2018,POINT(-46.62551200384011 -23.54357476745157),27.0,1.0,1921.0,17.0,1.0,1929.0
128,5.0,5,"Livros de Emplacamento L1 p,35 e 49. L15 p,1 e L21 p125",Cintia,8/10/2018,POINT(-46.62551200384011 -23.54357476745157),26.0,1.0,1911.0,26.0,1.0,1911.0
128,247.0,247,"Livros de Emplacamento L1 p,35 e 49. L15 p,1 e L21 p125",Cintia,8/10/2018,POINT(-46.62415349139753 -23.543298297223714),18.0,5.0,1936.0,,,
128,51.0,51,"Livros de Emplacamento L1 p,35 e 49. L15 p,1 e L21 p125",Cintia,8/10/2018,POINT(-46.62415349139753 -23.543298297223714),18.0,1.0,1929.0,17.0,5.0,1936.0
128,61.0,61,"Livros de Emplacamento L1 p,35 e 49. L15 p,1 e L21 p125",Cintia,8/10/2018,POINT(-46.62415349139753 -23.543298297223714),27.0,1.0,1911.0,17.0,1.0,1929.0
128,487.0,487,"Livros de Emplacamento L1 p,35 e 49. L15 p,1 e L21 p125",Cintia,8/10/2018,POINT(-46.62185753231831 -23.542838703634196),18.0,5.0,1936.0,,,
128,81.0,81,"Livros de Emplacamento L1 p,35 e 49. L15 p,1 e L21 p125",Cintia,8/10/2018,POINT(-46.62185753231831 -23.542838703634196),18.0,1.0,1929.0,17.0,5.0,1936.0
128,97.0,97,"Livros de Emplacamento L1 p,35 e 49. L15 p,1 e L21 p125",Cintia,8/10/2018,POINT(-46.62185753231831 -23.542838703634196),27.0,1.0,1921.0,17.0,1.0,1929.0
128,79.0,79,"Livros de Emplacamento L1 p,35 e 49. L15 p,1 e L21 p125",Cintia,8/10/2018,POINT(-46.62185753231831 -23.542838703634196),26.0,1.0,1911.0,26.0,1.0,1911.0
128,106.0,106,"Livros de Emplacamento L1 p,35 e 49. L15 p,1 e L21 p125",Cintia,8/10/2018,POINT(-46.62550245058143 -23.543572787496963),18.0,5.0,1939.0,,,
128,12.0,12,"Livros de Emplacamento L1 p,35 e 49. L15 p,1 e L21 p125",Cintia,8/10/2018,POINT(-46.62550245058143 -23.543572787496963),18.0,1.0,1929.0,14.0,6.0,1936.0
128,16.0,16,"Livros de Emplacamento L1 p,35 e 49. L15 p,1 e L21 p125",Cintia,8/10/2018,POINT(-46.62550245058143 -23.543572787496963),27.0,1.0,1911.0,17.0,1.0,1929.0
128,246.0,246,"Livros de Emplacamento L1 p,35 e 49. L15 p,1 e L21 p125",Cintia,8/10/2018,POINT(-46.62416784114178 -23.54330116968365),18.0,5.0,1936.0,,,
128,50.0,50,"Livros de Emplacamento L1 p,35 e 49. L15 p,1 e L21 p125",Cintia,8/10/2018,POINT(-46.62416784114178 -23.54330116968365),18.0,1.0,1929.0,17.0,5.0,1936.0
128,478.0,478,"Livros de Emplacamento L1 p,35 e 49. L15 p,1 e L21 p125",Cintia,8/10/2018,POINT(-46.62193980418532 -23.542855172404487),18.0,5.0,1936.0,,,
129,117.0,117,"Livros de Emplacamento L21. p,260/261. L15 p. 179. L6 p. 147. L6 p 87",Cintia,8/10/2018,POINT(-46.625293129619024 -23.54605137106441),27.0,8.0,1936.0,,,
129,11.0,11,"Livros de Emplacamento L21. p,260/261. L15 p. 179. L6 p. 147. L6 p 87",Cintia,8/10/2018,POINT(-46.625293041938605 -23.546051330848798),20.0,8.0,1929.0,26.0,8.0,1936.0
129,25.0,25,"Livros de Emplacamento L21. p,260/261. L15 p. 179. L6 p. 147. L6 p 87",Cintia,8/10/2018,POINT(-46.625293129619024 -23.54605137106441),8.0,5.0,1908.0,19.0,8.0,1929.0
129,301.0,301,"Livros de Emplacamento L21. p,260/261. L15 p. 179. L6 p. 147. L6 p 87",Cintia,8/10/2018,POINT(-46.62367984119176 -23.54529989408378),27.0,8.0,1936.0,,,
129,59.0,59,"Livros de Emplacamento L21. p,260/261. L15 p. 179. L6 p. 147. L6 p 87",Cintia,8/10/2018,POINT(-46.62367984119176 -23.54529989408378),20.0,8.0,1929.0,26.0,8.0,1936.0
129,71.0,71,"Livros de Emplacamento L21. p,260/261. L15 p. 179. L6 p. 147. L6 p 87",Cintia,8/10/2018,POINT(-46.62367984119176 -23.54529989408378),8.0,5.0,1908.0,19.0,8.0,1929.0
129,441.0,441,"Livros de Emplacamento L21. p,260/261. L15 p. 179. L6 p. 147. L6 p 87",Cintia,8/10/2018,POINT(-46.622420356602056 -23.54480261994005),27.0,8.0,1936.0,,,
129,87.0,87 Sob,"Livros de Emplacamento L21. p,260/261. L15 p. 179. L6 p. 147. L6 p 87",Cintia,8/10/2018,POINT(-46.622420356602056 -23.54480261994005),20.0,8.0,1929.0,26.0,8.0,1936.0
129,105.0,105,"Livros de Emplacamento L21. p,260/261. L15 p. 179. L6 p. 147. L6 p 87",Cintia,8/10/2018,POINT(-46.622420356602056 -23.54480261994005),8.0,5.0,1908.0,19.0,8.0,1929.0
129,44.0,44,"Livros de Emplacamento L21. p,260/261. L15 p. 179. L6 p. 147. L6 p 87",Cintia,8/10/2018,POINT(-46.62592004460157 -23.546338912708972),27.0,8.0,1936.0,,,
129,2.0,2,"Livros de Emplacamento L21. p,260/261. L15 p. 179. L6 p. 147. L6 p 87",Cintia,8/10/2018,POINT(-46.62592004460157 -23.546338912708972),20.0,8.0,1929.0,26.0,8.0,1936.0
129,8.0,8,"Livros de Emplacamento L21. p,260/261. L15 p. 179. L6 p. 147. L6 p 87",Cintia,8/10/2018,POINT(-46.62592004460157 -23.546338912708972),8.0,5.0,1908.0,19.0,8.0,1929.0
129,356.0,356,"Livros de Emplacamento L21. p,260/261. L15 p. 179. L6 p. 147. L6 p 87",Cintia,8/10/2018,POINT(-46.623181990326174 -23.545098379965562),27.0,8.0,1936.0,,,
129,74.0,74,"Livros de Emplacamento L21. p,260/261. L15 p. 179. L6 p. 147. L6 p 87",Cintia,8/10/2018,POINT(-46.623181990326174 -23.545098379965562),20.0,8.0,1929.0,26.0,8.0,1936.0
129,84.0,84,"Livros de Emplacamento L21. p,260/261. L15 p. 179. L6 p. 147. L6 p 87",Cintia,8/10/2018,POINT(-46.623181990326174 -23.545098379965562),8.0,5.0,1908.0,19.0,8.0,1929.0
129,408.0,408,"Livros de Emplacamento L21. p,260/261. L15 p. 179. L6 p. 147. L6 p 87",Cintia,8/10/2018,POINT(-46.62271350016057 -23.544916454377258),27.0,8.0,1936.0,,,
129,90.0,90,"Livros de Emplacamento L21. p,260/261. L15 p. 179. L6 p. 147. L6 p 87",Cintia,8/10/2018,POINT(-46.62271350016057 -23.544916454377258),20.0,8.0,1929.0,26.0,8.0,1936.0
129,100.0,100,"Livros de Emplacamento L21. p,260/261. L15 p. 179. L6 p. 147. L6 p 87",Cintia,8/10/2018,POINT(-46.62271350016057 -23.544916454377258),8.0,5.0,1908.0,19.0,8.0,1929.0
134,53.0,53,"Livros de Emplacamento L13. p,65-66 e L22. p,316-320",Cintia,8/10/2018,POINT(-46.62248620328969 -23.54678382193799),6.0,3.0,1937.0,,,
134,5.0,5,"Livros de Emplacamento L13. p,65-66 e L22. p,316-320",Cintia,8/10/2018,POINT(-46.62248620328969 -23.54678382193799),8.0,6.0,1928.0,6.0,2.0,1937.0
134,345.0,345,"Livros de Emplacamento L13. p,65-66 e L22. p,316-320",Cintia,8/10/2018,POINT(-46.620962661304205 -23.548995496897586),6.0,3.0,1937.0,,,
134,57.0,57,"Livros de Emplacamento L13. p,65-66 e L22. p,316-320",Cintia,8/10/2018,POINT(-46.620962661304205 -23.548995496897586),8.0,6.0,1928.0,6.0,2.0,1937.0
134,77.0,77,"Livros de Emplacamento L13. p,65-66 e L22. p,316-320",Cintia,8/10/2018,POINT(-46.620962661304205 -23.548995496897586),8.0,5.0,1928.0,8.0,5.0,1928.0
134,693.0,693,"Livros de Emplacamento L13. p,65-66 e L22. p,316-320",Cintia,8/10/2018,POINT(-46.61936362272131 -23.55169807823521),6.0,3.0,1937.0,,,
134,175.0,175,"Livros de Emplacamento L13. p,65-66 e L22. p,316-320",Cintia,8/10/2018,POINT(-46.61936362272131 -23.55169807823521),8.0,6.0,1928.0,6.0,2.0,1937.0
134,191.0,191,"Livros de Emplacamento L13. p,65-66 e L22. p,316-320",Cintia,8/10/2018,POINT(-46.61936362272131 -23.55169807823521),8.0,5.0,1928.0,8.0,5.0,1928.0
134,34.0,34,"Livros de Emplacamento L13. p,65-66 e L22. p,316-320",Cintia,8/10/2018,POINT(-46.62257790759524 -23.546650697863814),6.0,3.0,1937.0,,,
134,2.0,2,"Livros de Emplacamento L13. p,65-66 e L22. p,316-320",Cintia,8/10/2018,POINT(-46.62257790759524 -23.546650697863814),8.0,6.0,1928.0,6.0,2.0,1937.0
134,336.0,336,"Livros de Emplacamento L13. p,65-66 e L22. p,316-320",Cintia,8/10/2018,POINT(-46.62101059764574 -23.548925909313358),6.0,3.0,1937.0,,,
134,102.0,102,"Livros de Emplacamento L13. p,65-66 e L22. p,316-320",Cintia,8/10/2018,POINT(-46.62101059764574 -23.548925909313358),8.0,6.0,1928.0,6.0,2.0,1937.0
134,112.0,112,"Livros de Emplacamento L13. p,65-66 e L22. p,316-320",Cintia,8/10/2018,POINT(-46.62101059764574 -23.548925909313358),8.0,5.0,1928.0,8.0,5.0,1928.0
134,632.0,632,"Livros de Emplacamento L13. p,65-66 e L22. p,316-320",Cintia,8/10/2018,POINT(-46.619463087489486 -23.551172378065065),6.0,3.0,1937.0,,,
134,160.0,160,"Livros de Emplacamento L13. p,65-66 e L22. p,316-320",Cintia,8/10/2018,POINT(-46.619463087489486 -23.551172378065065),8.0,6.0,1928.0,6.0,2.0,1937.0
134,677.0,677,"Livros de Emplacamento L13. p,65-66 e L22. p,316-320",Cintia,8/10/2018,POINT(-46.6193676055595 -23.551552093748633),6.0,3.0,1937.0,,,
327,29.0,29,"Livros de Emplacamento 9. p,186 L10 p,8-9 L11 P,197-198 e L20 p,178-181",Cintia,8/10/2018,POINT(-46.65486009492614 -23.528269198625892),11.0,9.0,1935.0,,,
327,1.0,1,"Livros de Emplacamento 9. p,186 L10 p,8-9 L11 P,197-198 e L20 p,178-181",Cintia,8/10/2018,POINT(-46.65486009492614 -23.528269198625892),27.0,7.0,1908.0,11.0,8.0,1935.0
327,488.0,488,"Livros de Emplacamento 9. p,186 L10 p,8-9 L11 P,197-198 e L20 p,178-181",Cintia,8/10/2018,POINT(-46.65226833786865 -23.531640551280113),11.0,9.0,1935.0,,,
327,105.0,105,"Livros de Emplacamento 9. p,186 L10 p,8-9 L11 P,197-198 e L20 p,178-181",Cintia,8/10/2018,POINT(-46.65226833786865 -23.531640551280113),18.0,10.0,1927.0,12.0,11.0,1935.0
327,103.0,103,"Livros de Emplacamento 9. p,186 L10 p,8-9 L11 P,197-198 e L20 p,178-181",Cintia,8/10/2018,POINT(-46.65226833786865 -23.531640551280113),22.0,2.0,1911.0,17.0,10.0,1927.0
327,73.0,73,"Livros de Emplacamento 9. p,186 L10 p,8-9 L11 P,197-198 e L20 p,178-181",Cintia,8/10/2018,POINT(-46.65226833786865 -23.531640551280113),27.0,7.0,1908.0,21.0,2.0,1911.0
327,1093.0,1093,"Livros de Emplacamento 9. p,186 L10 p,8-9 L11 P,197-198 e L20 p,178-181",Cintia,8/10/2018,POINT(-46.64888991172066 -23.536156049519395),13.0,11.0,1935.0,,,
327,219.0,219,"Livros de Emplacamento 9. p,186 L10 p,8-9 L11 P,197-198 e L20 p,178-181",Cintia,8/10/2018,POINT(-46.64888991172066 -23.536156049519395),18.0,10.0,1927.0,12.0,11.0,1935.0
327,1041.0,1041,"Livros de Emplacamento 9. p,186 L10 p,8-9 L11 P,197-198 e L20 p,178-181",Cintia,8/10/2018,POINT(-46.649173308496636 -23.535778217803966),13.0,11.0,1935.0,,,
327,199.0,199,"Livros de Emplacamento 9. p,186 L10 p,8-9 L11 P,197-198 e L20 p,178-181",Cintia,8/10/2018,POINT(-46.649173308496636 -23.535778217803966),18.0,10.0,1927.0,12.0,11.0,1935.0
327,207.0,207,"Livros de Emplacamento 9. p,186 L10 p,8-9 L11 P,197-198 e L20 p,178-181",Cintia,8/10/2018,POINT(-46.649173308496636 -23.535778217803966),22.0,2.0,1911.0,17.0,10.0,1927.0
327,38.0,38,"Livros de Emplacamento 9. p,186 L10 p,8-9 L11 P,197-198 e L20 p,178-181",Cintia,8/10/2018,POINT(-46.65476222201484 -23.528393299007774),13.0,11.0,1935.0,,,
327,2.0,2,"Livros de Emplacamento 9. p,186 L10 p,8-9 L11 P,197-198 e L20 p,178-181",Cintia,8/10/2018,POINT(-46.65476222201484 -23.528393299007774),18.0,10.0,1927.0,12.0,11.0,1935.0
327,156.0,156,"Livros de Emplacamento 9. p,186 L10 p,8-9 L11 P,197-198 e L20 p,178-181",Cintia,8/10/2018,POINT(-46.65409200469121 -23.52924431302141),13.0,11.0,1935.0,,,
327,34.0,34,"Livros de Emplacamento 9. p,186 L10 p,8-9 L11 P,197-198 e L20 p,178-181",Cintia,8/10/2018,POINT(-46.65409200469121 -23.52924431302141),18.0,10.0,1927.0,12.0,11.0,1935.0
327,36.0,36,"Livros de Emplacamento 9. p,186 L10 p,8-9 L11 P,197-198 e L20 p,178-181",Cintia,8/10/2018,POINT(-46.65409200469121 -23.52924431302141),22.0,2.0,1911.0,17.0,10.0,1927.0
327,30.0,30,"Livros de Emplacamento 9. p,186 L10 p,8-9 L11 P,197-198 e L20 p,178-181",Cintia,8/10/2018,POINT(-46.65409200469121 -23.52924431302141),27.0,6.0,1908.0,21.0,2.0,1911.0
327,20.0,20,"Livros de Emplacamento 9. p,186 L10 p,8-9 L11 P,197-198 e L20 p,178-181",Cintia,8/10/2018,POINT(-46.65409200469121 -23.52924431302141),26.0,6.0,1908.0,26.0,6.0,1908.0
327,916.0,916,"Livros de Emplacamento 9. p,186 L10 p,8-9 L11 P,197-198 e L20 p,178-181",Cintia,8/10/2018,POINT(-46.64985798280521 -23.534853886357258),13.0,11.0,1935.0,,,
327,120.0,120,"Livros de Emplacamento 9. p,186 L10 p,8-9 L11 P,197-198 e L20 p,178-181",Cintia,8/10/2018,POINT(-46.64985798280521 -23.534853886357258),18.0,10.0,1927.0,12.0,11.0,1935.0
327,108.0,108,"Livros de Emplacamento 9. p,186 L10 p,8-9 L11 P,197-198 e L20 p,178-181",Cintia,8/10/2018,POINT(-46.64985798280521 -23.534853886357258),27.0,6.0,1908.0,17.0,10.0,1927.0
327,76.0,76,"Livros de Emplacamento 9. p,186 L10 p,8-9 L11 P,197-198 e L20 p,178-181",Cintia,8/10/2018,POINT(-46.64985798280521 -23.534853886357258),26.0,6.0,1908.0,26.0,6.0,1908.0
327,1094.0,1094,"Livros de Emplacamento 9. p,186 L10 p,8-9 L11 P,197-198 e L20 p,178-181",Cintia,8/10/2018,POINT(-46.64888602957304 -23.53616122529632),13.0,11.0,1935.0,,,
327,188.0,188,"Livros de Emplacamento 9. p,186 L10 p,8-9 L11 P,197-198 e L20 p,178-181",Cintia,8/10/2018,POINT(-46.64888602957304 -23.53616122529632),18.0,10.0,1927.0,12.0,11.0,1935.0
327,172.0,172,"Livros de Emplacamento 9. p,186 L10 p,8-9 L11 P,197-198 e L20 p,178-181",Cintia,8/10/2018,POINT(-46.64888602957304 -23.53616122529632),22.0,2.0,1911.0,17.0,10.0,1927.0
327,1080.0,1080,"Livros de Emplacamento 9. p,186 L10 p,8-9 L11 P,197-198 e L20 p,178-181",Cintia,8/10/2018,POINT(-46.648955908230135 -23.536068061311692),13.0,11.0,1935.0,,,
327,180.0,180,"Livros de Emplacamento 9. p,186 L10 p,8-9 L11 P,197-198 e L20 p,178-181",Cintia,8/10/2018,POINT(-46.648955908230135 -23.536068061311692),18.0,10.0,1927.0,12.0,11.0,1935.0
327,164.0,164,"Livros de Emplacamento 9. p,186 L10 p,8-9 L11 P,197-198 e L20 p,178-181",Cintia,8/10/2018,POINT(-46.648955908230135 -23.536068061311692),22.0,2.0,1911.0,17.0,10.0,1927.0
327,148.0,148,"Livros de Emplacamento 9. p,186 L10 p,8-9 L11 P,197-198 e L20 p,178-181",Cintia,8/10/2018,POINT(-46.648955908230135 -23.536068061311692),27.0,6.0,1908.0,11.0,11.0,1935.0
327,118.0,118,"Livros de Emplacamento 9. p,186 L10 p,8-9 L11 P,197-198 e L20 p,178-181",Cintia,8/10/2018,POINT(-46.648955908230135 -23.536068061311692),26.0,6.0,1908.0,26.0,6.0,1908.0
331,20.0,20,"Livro de Emplacamento L25 P,300",Cintia,8/10/2018,POINT(-46.63608154178659 -23.54275801430513),6.0,6.0,1939.0,,,
331,2.0,2,"Livro de Emplacamento L25 P,300",Cintia,8/10/2018,POINT(-46.63608154178659 -23.54275801430513),6.0,5.0,1939.0,6.0,5.0,1939.0
331,110.0,110,"Livro de Emplacamento L25 P,300",Cintia,8/10/2018,POINT(-46.63521612029458 -23.542744524673967),6.0,6.0,1939.0,,,
331,6.0,6,"Livro de Emplacamento L25 P,300",Cintia,8/10/2018,POINT(-46.63521612029458 -23.542744524673967),6.0,5.0,1939.0,6.0,5.0,1939.0
331,130.0,130,"Livro de Emplacamento L25 P,300",Cintia,8/10/2018,POINT(-46.635022688764685 -23.54271796238833),6.0,6.0,1939.0,,,
331,10.0,10,"Livro de Emplacamento L25 P,300",Cintia,8/10/2018,POINT(-46.635022688764685 -23.54271796238833),6.0,5.0,1939.0,6.0,5.0,1939.0
331,33.0,33,"Livro de Emplacamento L25 P,300",Cintia,8/10/2018,POINT(-46.63595513301669 -23.542798611318027),6.0,6.0,1939.0,,,
331,1.0,1,"Livro de Emplacamento L25 P,300",Cintia,8/10/2018,POINT(-46.63595513301669 -23.542798611318027),6.0,5.0,1939.0,6.0,5.0,1939.0
331,83.0,83,"Livro de Emplacamento L25 P,300",Cintia,8/10/2018,POINT(-46.63546177833754 -23.54277825877672),6.0,6.0,1939.0,,,
331,7.0,7,"Livro de Emplacamento L25 P,300",Cintia,8/10/2018,POINT(-46.63546177833754 -23.54277825877672),6.0,5.0,1939.0,6.0,5.0,1939.0
331,113.0,113,"Livro de Emplacamento L25 P,300",Cintia,8/10/2018,POINT(-46.635187105565095 -23.54274054033112),6.0,6.0,1939.0,,,
331,11.0,11,"Livro de Emplacamento L25 P,300",Cintia,8/10/2018,POINT(-46.635187105565095 -23.54274054033112),6.0,5.0,1939.0,6.0,5.0,1939.0
329,31.0,31,"14-4-1909 - L8. p,120; 
8-8-1911 - L8. p,174; 
9-8-1917 - L9. p,23; 
2-10-1925 - L9. p,59; 10-3-1928 - L14. p,80 a 81; 
23-3-1941 - L28. p,137 a 139",Cintia,8/10/2018,POINT(-46.63576149824615 -23.538810649143525),26.0,3.0,1941.0,,,
329,116.0,116,"14-4-1909 - L8. p,120; 
8-8-1911 - L8. p,174; 
9-8-1917 - L9. p,23; 
2-10-1925 - L9. p,59; 10-3-1928 - L14. p,80 a 81; 
23-3-1941 - L28. p,137 a 139",Cintia,8/10/2018,POINT(-46.63576149824615 -23.538810649143525),3.0,10.0,1928.0,25.0,3.0,1941.0
329,72.0,72,"14-4-1909 - L8. p,120; 
8-8-1911 - L8. p,174; 
9-8-1917 - L9. p,23; 
2-10-1925 - L9. p,59; 10-3-1928 - L14. p,80 a 81; 
23-3-1941 - L28. p,137 a 139",Cintia,8/10/2018,POINT(-46.63576149824615 -23.538810649143525),8.0,9.0,1917.0,3.0,9.0,1928.0
329,30.0,30,"14-4-1909 - L8. p,120; 
8-8-1911 - L8. p,174; 
9-8-1917 - L9. p,23; 
2-10-1925 - L9. p,59; 10-3-1928 - L14. p,80 a 81; 
23-3-1941 - L28. p,137 a 139",Cintia,8/10/2018,POINT(-46.63576149824615 -23.538810649143525),8.0,8.0,1911.0,8.0,8.0,1917.0
321,1.0,1,"Livro de Emplacamento 7-12-1908 - L8. p,95 a 96",Cintia,8/10/2018,POINT(-46.64111198120592 -23.535692174621843),12.0,7.0,1908.0,,,
321,755.0,755,"Livro de Emplacamento 7-12-1908 - L8. p,95 a 96",Cintia,8/10/2018,POINT(-46.6370288294482 -23.541314051502575),11.0,6.0,1936.0,,,
321,179.0,179,"Livro de Emplacamento 7-12-1908 - L8. p,95 a 96",Cintia,8/10/2018,POINT(-46.6370288294482 -23.541314051502575),9.0,5.0,1927.0,11.0,5.0,1936.0
321,133.0,133,"Livro de Emplacamento 7-12-1908 - L8. p,95 a 96",Cintia,8/10/2018,POINT(-46.6370288294482 -23.541314051502575),12.0,7.0,1908.0,9.0,4.0,1927.0
321,381.0,381,"Livro de Emplacamento 7-12-1908 - L8. p,95 a 96",Cintia,8/10/2018,POINT(-46.63904630231516 -23.538525518466535),11.0,6.0,1936.0,,,
321,91.1,91 a,"Livro de Emplacamento 7-12-1908 - L8. p,95 a 96",Cintia,8/10/2018,POINT(-46.63904630231516 -23.538525518466535),9.0,5.0,1927.0,11.0,5.0,1936.0
321,92.0,55,"Livro de Emplacamento 7-12-1908 - L8. p,95 a 96",Cintia,8/10/2018,POINT(-46.63904630231516 -23.538525518466535),12.0,7.0,1908.0,9.0,4.0,1927.0
321,93.0,44,"Livro de Emplacamento 7-12-1908 - L8. p,95 a 96",Cintia,8/10/2018,POINT(-46.64087516399355 -23.536012828039198),9.0,6.0,1936.0,,,
321,94.0,2,"Livro de Emplacamento 7-12-1908 - L8. p,95 a 96",Cintia,8/10/2018,POINT(-46.64087516399355 -23.536012828039198),12.0,7.0,1908.0,9.0,5.0,1936.0
321,95.0,746,"Livro de Emplacamento 7-12-1908 - L8. p,95 a 96",Cintia,8/10/2018,POINT(-46.639039246021255 -23.538535219176175),11.0,6.0,1936.0,,,
321,96.0,208,"Livro de Emplacamento 7-12-1908 - L8. p,95 a 96",Cintia,8/10/2018,POINT(-46.639039246021255 -23.538535219176175),9.0,5.0,1927.0,11.0,5.0,1936.0
321,97.0,166,"Livro de Emplacamento 7-12-1908 - L8. p,95 a 96",Cintia,8/10/2018,POINT(-46.639039246021255 -23.538535219176175),12.0,7.0,1908.0,9.0,4.0,1927.0
321,98.0,382,"Livro de Emplacamento 7-12-1908 - L8. p,95 a 96",Cintia,8/10/2018,POINT(-46.639039246021255 -23.538535219176175),11.0,6.0,1936.0,,,
321,99.0,100,"Livro de Emplacamento 7-12-1908 - L8. p,95 a 96",Cintia,8/10/2018,POINT(-46.639039246021255 -23.538535219176175),9.0,5.0,1927.0,11.0,5.0,1936.0
321,100.0,80,"Livro de Emplacamento 7-12-1908 - L8. p,95 a 96",Cintia,8/10/2018,POINT(-46.639039246021255 -23.538535219176175),12.0,7.0,1908.0,9.0,4.0,1927.0
23,255.0,255,livro de emplacamento 28. p. 118,Cintia,8/10/2018,POINT(-46.63476029232458 -23.543386601661975),14.0,3.0,1941.0,,,
23,1.1,1a,livro de emplacamento 28. p. 118,Cintia,8/10/2018,POINT(-46.63476029232458 -23.543386601661975),13.0,3.0,1941.0,13.0,3.0,1941.0
23,277.0,277,livro de emplacamento 28. p. 118,Cintia,8/10/2018,POINT(-46.63461307657677 -23.54353073391791),14.0,3.0,1941.0,,,
23,5.0,5,livro de emplacamento 28. p. 118,Cintia,8/10/2018,POINT(-46.63461307657677 -23.54353073391791),13.0,3.0,1941.0,13.0,3.0,1941.0
23,303.0,303,livro de emplacamento 28. p. 118,Cintia,8/10/2018,POINT(-46.634439094329366 -23.543701072038555),14.0,3.0,1941.0,,,
23,15.0,,livro de emplacamento 28. p. 118,Cintia,8/10/2018,POINT(-46.634439094329366 -23.543701072038555),13.0,3.0,1941.0,13.0,3.0,1941.0
27,23.0,23,livro de emplacamento 22. p. 399,Cintia,8/10/2018,POINT(-46.633107284455164 -23.543325076170767),13.0,9.0,1937.0,,,
27,1.0,1,livro de emplacamento 22. p. 399,Cintia,8/10/2018,POINT(-46.633107284455164 -23.543325076170767),9.0,12.0,1937.0,9.0,12.0,1937.0
27,69.0,69,livro de emplacamento 22. p. 399,Cintia,8/10/2018,POINT(-46.63270587722286 -23.543510732099815),13.0,9.0,1937.0,,,
27,28.0,28,livro de emplacamento 22. p. 399,Cintia,8/10/2018,POINT(-46.63306365323426 -23.543345256163054),13.0,9.0,1937.0,,,
27,2.0,2,livro de emplacamento 22. p. 399,Cintia,8/10/2018,POINT(-46.63306365323426 -23.543345256163054),9.0,12.0,1937.0,9.0,12.0,1937.0
27,74.0,74,livro de emplacamento 22. p. 399,Cintia,8/10/2018,POINT(-46.632662246001956 -23.543530912092102),13.0,9.0,1937.0,,,
27,8.0,8,livro de emplacamento 22. p. 399,Cintia,8/10/2018,POINT(-46.632662246001956 -23.543530912092102),9.0,12.0,1937.0,9.0,12.0,1937.0
28,30.0,30,livro de emplacamento 25. p. 273,Cintia,8/10/2018,POINT(-46.63215387597234 -23.543482256210996),27.0,6.0,1939.0,,,
28,2.0,2,livro de emplacamento 25. p. 273,Cintia,8/10/2018,POINT(-46.63215387597234 -23.543482256210996),26.0,6.0,1939.0,26.0,6.0,1939.0
30,16.0,16,"livro de emplacamento 21. p,300",Cintia,8/10/2018,POINT(-46.63212726146439 -23.54410903990701),30.0,9.0,1936.0,,,
30,2.0,2,"livro de emplacamento 21. p,300",Cintia,8/10/2018,POINT(-46.63212726146439 -23.54410903990701),29.0,9.0,1936.0,29.0,9.0,1936.0
30,162.0,162,"livro de emplacamento 21. p,300",Cintia,8/10/2018,POINT(-46.63188685075587 -23.54281772994155),30.0,9.0,1936.0,,,
30,26.0,26,"livro de emplacamento 21. p,300",Cintia,8/10/2018,POINT(-46.63188685075587 -23.54281772994155),29.0,9.0,1936.0,29.0,9.0,1936.0
30,256.0,256,"livro de emplacamento 21. p,300",Cintia,8/10/2018,POINT(-46.631726862379246 -23.542002514831395),30.0,9.0,1936.0,,,
30,48.0,48,"livro de emplacamento 21. p,300",Cintia,8/10/2018,POINT(-46.631726862379246 -23.542002514831395),29.0,9.0,1936.0,29.0,9.0,1936.0
30,13.0,13,"livro de emplacamento 21. p,299",Cintia,8/10/2018,POINT(-46.632132241304454 -23.544136463445234),30.0,9.0,1936.0,,,
30,1.0,1,"livro de emplacamento 21. p,299",Cintia,8/10/2018,POINT(-46.632132241304454 -23.544136463445234),29.0,9.0,1936.0,29.0,9.0,1936.0
30,139.0,139,"livro de emplacamento 21. p,299",Cintia,8/10/2018,POINT(-46.631928752473556 -23.543031238660877),30.0,9.0,1936.0,,,
30,33.0,33,"livro de emplacamento 21. p,299",Cintia,8/10/2018,POINT(-46.631928752473556 -23.543031238660877),29.0,9.0,1936.0,29.0,9.0,1936.0
30,251.0,251,"livro de emplacamento 21. p,299",Cintia,8/10/2018,POINT(-46.631733095692624 -23.542034276459063),30.0,9.0,1936.0,,,
30,57.1,57a,"livro de emplacamento 21. p,299",Cintia,8/10/2018,POINT(-46.631733095692624 -23.542034276459063),29.0,9.0,1936.0,29.0,9.0,1936.0
31,24.0,24,livro de emplacamento 31. p. 241,Cintia,8/10/2018,POINT(-46.63208385779375 -23.542719204791112),23.0,3.0,1944.0,,,
31,56.0,56,livro de emplacamento 31. p. 241,Cintia,8/10/2018,POINT(-46.63208385779375 -23.542719204791112),22.0,3.0,1944.0,22.0,3.0,1944.0
154,25.0,25,livro de emplacamento 20. p. 388,Cintia,8/10/2018,POINT(-46.61786581015058 -23.547833618936643),22.0,2.0,1936.0,,,
154,1.0,1,livro de emplacamento 20. p. 388. L1p 43. 12,Cintia,8/10/2018,POINT(-46.61786581015058 -23.547833618936643),8.0,8.0,1908.0,21.0,2.0,1936.0
154,75.0,75,livro de emplacamento 20. p. 388,Cintia,8/10/2018,POINT(-46.61760614811334 -23.54820945258786),22.0,2.0,1936.0,,,
154,17.0,17,livro de emplacamento 20. p. 388. L1p 43. 12,Cintia,8/10/2018,POINT(-46.61760614811334 -23.54820945258786),8.0,8.0,1908.0,21.0,2.0,1936.0
154,11.0,11,livro de emplacamento 1. p. 12,Cintia,8/10/2018,POINT(-46.61760614811334 -23.54820945258786),8.0,7.0,1908.0,8.0,7.0,1908.0
154,165.0,165,livro de emplacamento 20. p. 388,Cintia,8/10/2018,POINT(-46.61712922852477 -23.548899743830315),22.0,2.0,1936.0,,,
154,131.0,131,livro de emplacamento 20. p. 388,Cintia,8/10/2018,POINT(-46.61730460510234 -23.548645904569916),22.0,2.0,1936.0,,,
154,29.0,29,livro de emplacamento 20. p. 388. L1p 43. 12,Cintia,8/10/2018,POINT(-46.61730460510234 -23.548645904569916),8.0,8.0,1908.0,21.0,2.0,1936.0
154,21.0,21,livro de emplacamento 1. p. 12,Cintia,8/10/2018,POINT(-46.61730460510234 -23.548645904569916),8.0,7.0,1908.0,8.0,7.0,1908.0
154,40.0,40,livro de emplacamento 20. p. 388,Cintia,8/10/2018,POINT(-46.61778257171526 -23.54795409786919),22.0,2.0,1936.0,,,
154,4.0,4,livro de emplacamento 20. p. 388. L1p 43. 12,Cintia,8/10/2018,POINT(-46.61778257171526 -23.54795409786919),8.0,8.0,1908.0,21.0,2.0,1936.0
154,2.0,2,livro de emplacamento 1. p. 12,Cintia,8/10/2018,POINT(-46.61778257171526 -23.54795409786919),8.0,7.0,1908.0,8.0,7.0,1908.0
154,106.0,106,livro de emplacamento 20. p. 388,Cintia,8/10/2018,POINT(-46.617437577193996 -23.548453441369496),22.0,2.0,1936.0,,,
154,18.0,18,livro de emplacamento 20. p. 388. L1p 43. 12,Cintia,8/10/2018,POINT(-46.617437577193996 -23.548453441369496),8.0,8.0,1908.0,21.0,2.0,1936.0
154,16.0,16,livro de emplacamento 1. p. 12,Cintia,8/10/2018,POINT(-46.617437577193996 -23.548453441369496),8.0,7.0,1908.0,8.0,7.0,1908.0
154,158.0,158,livro de emplacamento 20. p. 388,Cintia,8/10/2018,POINT(-46.617170585986344 -23.54883988322861),22.0,2.0,1936.0,,,
154,34.0,34,livro de emplacamento 20. p. 388. L1p 43. 12,Cintia,8/10/2018,POINT(-46.617170585986344 -23.54883988322861),8.0,8.0,1908.0,21.0,2.0,1936.0
154,36.0,36,livro de emplacamento 1. p. 12,Cintia,8/10/2018,POINT(-46.617170585986344 -23.54883988322861),8.0,7.0,1908.0,8.0,7.0,1908.0
156,40.0,40,livro de emplacamento 21. p. 52,Cintia,8/10/2018,POINT(-46.617005071651164 -23.550154511915782),18.0,4.0,1936.0,,,
156,2.0,2 tinta,"livro de emplacamento 1. p,47",Cintia,8/10/2018,POINT(-46.617005071651164 -23.550154511915782),30.0,7.0,1908.0,30.0,7.0,1908.0
156,178.0,178,livro de emplacamento 21. p. 52,Cintia,8/10/2018,POINT(-46.61586132748931 -23.54950368585093),18.0,4.0,1936.0,,,
156,40.0,40,livro de emplacamento 21. p. 52,Cintia,8/10/2018,POINT(-46.61586132748931 -23.54950368585093),31.0,7.0,1908.0,17.0,4.0,1936.0
156,288.0,288,livro de emplacamento 21. p. 52,Cintia,8/10/2018,POINT(-46.614943733435474 -23.548977916039586),18.0,4.0,1936.0,,,
156,78.0,78,livro de emplacamento 21. p. 52,Cintia,8/10/2018,POINT(-46.614943733435474 -23.548977916039586),31.0,7.0,1908.0,17.0,4.0,1936.0
156,56.0,56,"livro de emplacamento 1. p,17",Cintia,8/10/2018,POINT(-46.614943733435474 -23.548977916039586),30.0,7.0,1908.0,30.0,7.0,1908.0
156,11.0,11,livro de emplacamento 21. p. 51,Cintia,8/10/2018,POINT(-46.6172460165188 -23.55029033408507),18.0,4.0,1936.0,,,
156,1.0,1,livro de emplacamento 21. p. 52,Cintia,8/10/2018,POINT(-46.6172460165188 -23.55029033408507),31.0,7.0,1908.0,17.0,4.0,1936.0
156,195.0,195,livro de emplacamento 21. p. 51,Cintia,8/10/2018,POINT(-46.61572010361133 -23.54942289520777),18.0,4.0,1936.0,,,
156,59.0,59,livro de emplacamento 21. p. 51,Cintia,8/10/2018,POINT(-46.61572010361133 -23.54942289520777),31.0,7.0,1908.0,8.0,11.0,1930.0
156,51.1,51a,"livro de emplacamento 1. p,17",Cintia,8/10/2018,POINT(-46.61572010361133 -23.54942289520777),30.0,7.0,1908.0,30.0,7.0,1908.0
156,285.0,285,livro de emplacamento 21. p. 51,Cintia,8/10/2018,POINT(-46.61497362392408 -23.548995052138565),18.0,4.0,1936.0,,,
156,77.0,77,livro de emplacamento 21. p. 51,Cintia,8/10/2018,POINT(-46.61497362392408 -23.548995052138565),8.0,12.0,1930.0,17.0,4.0,1936.0
156,83.0,83,livro de emplacamento 21. p. 51,Cintia,8/10/2018,POINT(-46.61497362392408 -23.548995052138565),31.0,7.0,1908.0,8.0,11.0,1930.0
156,75.0,75,"livro de emplacamento 1. p,17",Cintia,8/10/2018,POINT(-46.61497362392408 -23.548995052138565),8.0,10.0,1930.0,8.0,10.0,1930.0
157,28.0,28,"livro de emplacamento 21. p,224",Cintia,8/10/2018,POINT(-46.61918278197544 -23.55118489847803),8.0,6.0,1936.0,,,
157,92.0,92,"livro de emplacamento 21. p,224",Cintia,8/10/2018,POINT(-46.618617648343665 -23.5510745918869),8.0,6.0,1936.0,,,
157,41.0,41,"livro de emplacamento 14. p,33",Cintia,8/10/2018,POINT(-46.618617648343665 -23.5510745918869),8.0,1.0,1928.0,8.0,1.0,1928.0
157,224.0,224,"livro de emplacamento 21. p,224",Cintia,8/10/2018,POINT(-46.617505764564406 -23.55043692625832),8.0,6.0,1936.0,,,
157,1.0,1,"livro de emplacamento 14. p,33",Cintia,8/10/2018,POINT(-46.617505764564406 -23.55043692625832),8.0,1.0,1928.0,8.0,1.0,1928.0
157,11.0,11,"livro de emplacamento 21. p,223",Cintia,8/10/2018,POINT(-46.61934920585012 -23.551174371352285),8.0,6.0,1936.0,,,
157,1.0,1,"livro de emplacamento 21. p,223",Cintia,8/10/2018,POINT(-46.61934920585012 -23.551174371352285),8.0,5.0,1936.0,8.0,5.0,1936.0
157,79.0,79,"livro de emplacamento 21. p,223",Cintia,8/10/2018,POINT(-46.61872131232746 -23.5511353784145),8.0,6.0,1936.0,,,
157,18.0,18esquina,"livro de emplacamento 14. p,33",Cintia,8/10/2018,POINT(-46.61872131232746 -23.5511353784145),8.0,1.0,1928.0,8.0,1.0,1928.0
157,211.0,211,"livro de emplacamento 21. p,223",Cintia,8/10/2018,POINT(-46.617616702705924 -23.550500549310538),8.0,6.0,1936.0,,,
157,2.0,2,"livro de emplacamento 14. p,33",Cintia,8/10/2018,POINT(-46.617616702705924 -23.550500549310538),8.0,1.0,1928.0,8.0,1.0,1928.0
165,112.0,112,"livro de emplacamento 20.p,278",Cintia,8/10/2018,POINT(-46.655332049946935 -23.531572947660052),1.0,6.0,1936.0,,,
165,290.0,290,"livro de emplacamento 20.p,278",Cintia,8/10/2018,POINT(-46.654104056364574 -23.530465494872857),1.0,6.0,1936.0,,,
165,46.0,46,"livro de emplacamento 6 p,7",Cintia,8/10/2018,POINT(-46.654104056364574 -23.530465494872857),4.0,9.0,1908.0,8.0,1.0,1911.0
165,426.0,426,"livro de emplacamento 20.p,278",Cintia,8/10/2018,POINT(-46.653004266687155 -23.529778935807986),1.0,6.0,1936.0,,,
165,70.1,70a Tinta,"livro de emplacamento 6 p,7",Cintia,8/10/2018,POINT(-46.653004266687155 -23.529778935807986),8.0,1.0,1911.0,8.0,1.0,1911.0
165,622.0,622,"livro de emplacamento 20.p,278",Cintia,8/10/2018,POINT(-46.651456902875076 -23.528787131756722),1.0,6.0,1936.0,,,
165,110.0,110,"livro de emplacamento 6 p,7",Cintia,8/10/2018,POINT(-46.651456902875076 -23.528787131756722),4.0,9.0,1908.0,8.0,1.0,1911.0
165,98.0,98,"livro de emplacamento 6 p,7",Cintia,8/10/2018,POINT(-46.651456902875076 -23.528787131756722),4.0,8.0,1908.0,4.0,8.0,1908.0
165,23.0,23,"livro de emplacamento 20.p,277",Cintia,8/10/2018,POINT(-46.65588562831663 -23.532218590461756),1.0,6.0,1936.0,,,
165,437.0,437,"livro de emplacamento 20.p,277",Cintia,8/10/2018,POINT(-46.652925032373346 -23.52972919751746),1.0,6.0,1936.0,,,
165,597.0,597,"livro de emplacamento 20.p,277",Cintia,8/10/2018,POINT(-46.65164027917463 -23.52890554953048),1.0,6.0,1936.0,,,
165,39.0,39,"livro de emplacamento 6 p,7",Cintia,8/10/2018,POINT(-46.65164027917463 -23.52890554953048),4.0,8.0,1908.0,4.0,8.0,1908.0
165,615.0,615,"livro de emplacamento 20.p,277",Cintia,8/10/2018,POINT(-46.651498182388394 -23.528813788571597),1.0,6.0,1936.0,,,
199,9.0,9,"livro de emplacamento 22. p,63-64",Cintia,8/10/2018,POINT(-46.6406700668831 -23.52940288463844),24.0,3.0,1937.0,,,
199,1.0,1,"livro de emplacamento 1. p,10",Cintia,8/10/2018,POINT(-46.6406700668831 -23.52940288463844),13.0,9.0,1908.0,23.0,3.0,1937.0
199,5.0,5,"livro de emplacamento 1. p,10",Cintia,8/10/2018,POINT(-46.6406700668831 -23.52940288463844),9.0,12.0,1908.0,9.0,12.0,1908.0
199,127.0,127,"livro de emplacamento 22. p,63-64",Cintia,8/10/2018,POINT(-46.64016692495225 -23.53034150320468),24.0,3.0,1937.0,,,
199,35.0,35,"livro de emplacamento 22. p,63-64",Cintia,8/10/2018,POINT(-46.64016692495225 -23.53034150320468),19.0,6.0,1928.0,23.0,3.0,1937.0
199,39.0,39,"livro de emplacamento 1. p,10",Cintia,8/10/2018,POINT(-46.64016692495225 -23.53034150320468),13.0,9.0,1908.0,18.0,6.0,1928.0
199,43.0,43,"livro de emplacamento 1. p,10",Cintia,8/10/2018,POINT(-46.64016692495225 -23.53034150320468),9.0,12.0,1908.0,9.0,12.0,1908.0
199,287.0,287,"livro de emplacamento 22. p,63-64",Cintia,8/10/2018,POINT(-46.63947053717782 -23.53163249692735),24.0,3.0,1937.0,,,
199,77.0,77,"livro de emplacamento 1. p,10",Cintia,8/10/2018,POINT(-46.63947053717782 -23.53163249692735),19.0,6.0,1928.0,23.0,3.0,1937.0
199,275.0,275,"livro de emplacamento 22. p,63-64",Cintia,8/10/2018,POINT(-46.63952441897544 -23.531532879756483),24.0,3.0,1937.0,,,
199,75.1,75a,"livro de emplacamento 1. p,10",Cintia,8/10/2018,POINT(-46.63952441897544 -23.531532879756483),19.0,6.0,1928.0,23.0,3.0,1937.0
199,83.0,83 e/t,"livro de emplacamento 1. p,10",Cintia,8/10/2018,POINT(-46.63952441897544 -23.531532879756483),13.0,9.0,1908.0,18.0,6.0,1928.0
199,81.0,81,"livro de emplacamento 1. p,10",Cintia,8/10/2018,POINT(-46.63952441897544 -23.531532879756483),9.0,12.0,1908.0,9.0,12.0,1908.0
199,28.0,28,"livro de emplacamento 22. p,63-64",Cintia,8/10/2018,POINT(-46.64058807977601 -23.529555832775305),24.0,3.0,1937.0,,,
199,2.0,2,"livro de emplacamento 1. p,10",Cintia,8/10/2018,POINT(-46.64058807977601 -23.529555832775305),19.0,6.0,1928.0,23.0,3.0,1937.0
199,4.0,4 tinta,"livro de emplacamento 1. p,10",Cintia,8/10/2018,POINT(-46.64058807977601 -23.529555832775305),13.0,9.0,1908.0,18.0,6.0,1928.0
199,108.0,108,"livro de emplacamento 22. p,63-64",Cintia,8/10/2018,POINT(-46.640248049037154 -23.530190165048204),24.0,3.0,1937.0,,,
199,30.0,30,"livro de emplacamento 1. p,10",Cintia,8/10/2018,POINT(-46.640248049037154 -23.530190165048204),19.0,6.0,1928.0,23.0,3.0,1937.0
199,34.0,34,"livro de emplacamento 1. p,10",Cintia,8/10/2018,POINT(-46.640248049037154 -23.530190165048204),13.0,9.0,1908.0,18.0,6.0,1928.0
199,32.0,32,"livro de emplacamento 1. p,10",Cintia,8/10/2018,POINT(-46.640248049037154 -23.530190165048204),9.0,12.0,1908.0,9.0,12.0,1908.0
199,278.0,278,"livro de emplacamento 22. p,63-64",Cintia,8/10/2018,POINT(-46.63951355570979 -23.53155296386351),24.0,3.0,1937.0,,,
199,68.0,68,"livro de emplacamento 1. p,10",Cintia,8/10/2018,POINT(-46.63951355570979 -23.53155296386351),19.0,6.0,1928.0,23.0,3.0,1937.0
199,78.0,78,"livro de emplacamento 1. p,10",Cintia,8/10/2018,POINT(-46.63951355570979 -23.53155296386351),13.0,9.0,1908.0,18.0,6.0,1928.0
199,74.0,74,"livro de emplacamento 1. p,10",Cintia,8/10/2018,POINT(-46.63951355570979 -23.53155296386351),9.0,12.0,1908.0,9.0,12.0,1908.0
200,11.0,11,"livro de emplacamento 21. p,385",Cintia,8/10/2018,POINT(-46.63936432622785 -23.53052552308173),23.0,3.0,1937.0,,,
200,1.0,1,"livro de emplacamento 21. p,385",Cintia,8/10/2018,POINT(-46.63936432622785 -23.53052552308173),22.0,3.0,1937.0,22.0,3.0,1937.0
200,69.0,69,"livro de emplacamento 21. p,385",Cintia,8/10/2018,POINT(-46.6398532854294 -23.530756855530587),23.0,3.0,1937.0,,,
200,31.0,31,"livro de emplacamento 21. p,385",Cintia,8/10/2018,POINT(-46.6398532854294 -23.530756855530587),22.0,3.0,1937.0,22.0,3.0,1937.0
200,10.0,10,"livro de emplacamento 21. p,385",Cintia,8/10/2018,POINT(-46.63934257537369 -23.53051523249237),23.0,3.0,1937.0,,,
200,2.0,2,"livro de emplacamento 21. p,385",Cintia,8/10/2018,POINT(-46.63934257537369 -23.53051523249237),22.0,3.0,1937.0,22.0,3.0,1937.0
200,68.0,68,"livro de emplacamento 21. p,385",Cintia,8/10/2018,POINT(-46.63985154536107 -23.53075603228344),23.0,3.0,1937.0,,,
200,32.0,32,"livro de emplacamento 21. p,385",Cintia,8/10/2018,POINT(-46.63985154536107 -23.53075603228344),22.0,3.0,1937.0,22.0,3.0,1937.0
204,54.0,54,"livro de emplacamento 22.p,72",Cintia,8/10/2018,POINT(-46.63627120771251 -23.526781670552584),20.0,3.0,1937.0,,,
204,2.0,2,"livro de emplacameno 2. p,81",Cintia,8/10/2018,POINT(-46.63627120771251 -23.526781670552584),19.0,6.0,1908.0,19.0,3.0,1937.0
204,266.0,266,"livro de emplacamento 22.p,72",Cintia,8/10/2018,POINT(-46.63685471379008 -23.528610822465467),20.0,3.0,1937.0,,,
204,42.0,42,"livro de emplacameno 2. p,81",Cintia,8/10/2018,POINT(-46.63685471379008 -23.528610822465467),23.0,8.0,1930.0,19.0,3.0,1937.0
204,50.0,50,"livro de emplacameno 2. p,81",Cintia,8/10/2018,POINT(-46.63685471379008 -23.528610822465467),2.0,8.0,1911.0,22.0,8.0,1930.0
204,36.0,36,"livro de emplacameno 2. p,81",Cintia,8/10/2018,POINT(-46.63685471379008 -23.528610822465467),19.0,6.0,1908.0,2.0,7.0,1911.0
204,48.0,48 tinta,"livro de emplacameno 2. p,81",Cintia,8/10/2018,POINT(-46.63685471379008 -23.528610822465467),18.0,6.0,1908.0,18.0,6.0,1908.0
204,340.0,340,"livro de emplacamento 22.p,72",Cintia,8/10/2018,POINT(-46.63714238663243 -23.529202891166797),20.0,3.0,1937.0,,,
204,66.0,66,"livro de emplacameno 2. p,81",Cintia,8/10/2018,POINT(-46.63714238663243 -23.529202891166797),23.0,8.0,1930.0,19.0,3.0,1937.0
204,76.0,76,"livro de emplacameno 2. p,81",Cintia,8/10/2018,POINT(-46.63714238663243 -23.529202891166797),2.0,8.0,1911.0,22.0,8.0,1930.0
204,58.0,58,"livro de emplacameno 2. p,81",Cintia,8/10/2018,POINT(-46.63714238663243 -23.529202891166797),19.0,6.0,1908.0,2.0,7.0,1911.0
204,64.0,64 tinta,"livro de emplacameno 2. p,81",Cintia,8/10/2018,POINT(-46.63714238663243 -23.529202891166797),18.0,6.0,1908.0,18.0,6.0,1908.0
204,23.0,23,"livro de emplacamento 22.p,73",Cintia,8/10/2018,POINT(-46.63621103601793 -23.526512293224922),20.0,3.0,1937.0,,,
204,1.0,1,"livro de emplacameno 2. p,81",Cintia,8/10/2018,POINT(-46.63621103601793 -23.526512293224922),19.0,6.0,1908.0,19.0,3.0,1937.0
204,135.0,135,"livro de emplacamento 22.p,73",Cintia,8/10/2018,POINT(-46.63643371087452 -23.527509166559202),20.0,3.0,1937.0,,,
204,29.0,29,"livro de emplacameno 2. p,81",Cintia,8/10/2018,POINT(-46.63643371087452 -23.527509166559202),2.0,8.0,1911.0,19.0,3.0,1937.0
204,25.0,25,"livro de emplacameno 2. p,81",Cintia,8/10/2018,POINT(-46.63643371087452 -23.527509166559202),19.0,6.0,1908.0,2.0,7.0,1911.0
204,27.0,27 tinta,"livro de emplacameno 2. p,81",Cintia,8/10/2018,POINT(-46.63643371087452 -23.527509166559202),18.0,6.0,1908.0,18.0,6.0,1908.0
207,28.0,28,livro de emplacamento 20.p 17,Cintia,8/10/2018,POINT(-46.63781164830303 -23.535273848447382),14.0,7.0,1935.0,,,
210,4.0,4,livro de emplacamento 22p. 61,Cintia,8/10/2018,POINT(-46.634908916094254 -23.52936574541646),17.0,3.0,1937.0,17.0,3.0,1937.0
210,50.0,50,livro de emplacamento 22p. 61,Cintia,8/10/2018,POINT(-46.63488254957898 -23.529282174144182),18.0,3.0,1937.0,,,
210,178.0,178,livro de emplacamento 22p. 61,Cintia,8/10/2018,POINT(-46.63453131510927 -23.528178535229625),18.0,3.0,1937.0,,,
210,17.0,17,livro de emplacamento 22p. 61,Cintia,8/10/2018,POINT(-46.63497170645537 -23.529564765662812),18.0,3.0,1937.0,,,
210,105.0,105,livro de emplacamento 22p. 61,Cintia,8/10/2018,POINT(-46.63473277689945 -23.528807454855265),18.0,3.0,1937.0,,,
210,199.0,199,livro de emplacamento 22p. 61,Cintia,8/10/2018,POINT(-46.63447591906828 -23.52800655235539),18.0,3.0,1937.0,,,
210,55.0,55,livro de emplacamento 22p. 61,Cintia,8/10/2018,POINT(-46.63447591906828 -23.52800655235539),17.0,3.0,1937.0,17.0,3.0,1937.0
210,175.0,175,livro de emplacamento 22p. 61,Cintia,8/10/2018,POINT(-46.63454017847583 -23.5282060524895),18.0,3.0,1937.0,,,
214,36.0,36,"livro de emplacamento 22p,92",Cintia,8/10/2018,POINT(-46.628763133069526 -23.528669082062862),4.0,9.0,1937.0,,,
214,2.0,2,"livro de emplacamento 22p,92",Cintia,8/10/2018,POINT(-46.628763133069526 -23.528669082062862),25.0,2.0,1911.0,4.0,8.0,1937.0
214,98.0,98,"livro de emplacamento 22p,92",Cintia,8/10/2018,POINT(-46.62818305961493 -23.528852177990995),4.0,9.0,1937.0,,,
214,20.0,20,"livro de emplacamento 22p,92",Cintia,8/10/2018,POINT(-46.62818305961493 -23.528852177990995),25.0,2.0,1911.0,4.0,8.0,1937.0
214,14.0,14 tinta,"livro de emplacamento 22p,92",Cintia,8/10/2018,POINT(-46.62818305961493 -23.528852177990995),24.0,10.0,1908.0,24.0,2.0,1911.0
214,156.0,156,"livro de emplacamento 22p,92",Cintia,8/10/2018,POINT(-46.6276606474241 -23.528999233844246),4.0,9.0,1937.0,,,
214,38.0,38,"livro de emplacamento 22p,92",Cintia,8/10/2018,POINT(-46.6276606474241 -23.528999233844246),25.0,2.0,1911.0,4.0,8.0,1937.0
214,32.0,32,"livro de emplacamento 22p,92",Cintia,8/10/2018,POINT(-46.6276606474241 -23.528999233844246),24.0,10.0,1908.0,24.0,2.0,1911.0
214,13.0,13,"livro de emplacamento 22p,92",Cintia,8/10/2018,POINT(-46.62896811254559 -23.528593571911962),4.0,9.0,1937.0,,,
214,1.0,1,"livro de emplacamento 22p,92",Cintia,8/10/2018,POINT(-46.62896811254559 -23.528593571911962),25.0,2.0,1911.0,4.0,8.0,1937.0
214,83.0,83,"livro de emplacamento 22p,92",Cintia,8/10/2018,POINT(-46.628334456350025 -23.528809560731197),4.0,9.0,1937.0,,,
214,23.0,23,"livro de emplacamento 22p,92",Cintia,8/10/2018,POINT(-46.628334456350025 -23.528809560731197),25.0,2.0,1911.0,4.0,8.0,1937.0
214,13.0,13,"livro de emplacamento 22p,92",Cintia,8/10/2018,POINT(-46.628334456350025 -23.528809560731197),24.0,10.0,1908.0,24.0,2.0,1911.0
214,123.0,123,"livro de emplacamento 22p,92",Cintia,8/10/2018,POINT(-46.627955964512296 -23.52891610388069),4.0,9.0,1937.0,,,
214,39.0,39,"livro de emplacamento 22p,92",Cintia,8/10/2018,POINT(-46.627955964512296 -23.52891610388069),25.0,2.0,1911.0,4.0,8.0,1937.0
214,25.0,25,"livro de emplacamento 22p,92",Cintia,8/10/2018,POINT(-46.627955964512296 -23.52891610388069),24.0,10.0,1908.0,24.0,2.0,1911.0
250,21.0,21,"livro de emplacamento 5. p,51",Cintia,8/10/2018,POINT(-46.62464031920411 -23.53561843929802),6.0,4.0,1936.0,,,
250,1.0,1,"livro de emplacamento 5. p,51",Cintia,8/10/2018,POINT(-46.62464031920411 -23.53561843929802),4.0,1.0,1909.0,6.0,3.0,1936.0
250,131.0,131,"livro de emplacamento 5. p,51",Cintia,8/10/2018,POINT(-46.62452763366946 -23.534637448580344),6.0,4.0,1936.0,,,
250,37.0,37,"livro de emplacamento 5. p,51",Cintia,8/10/2018,POINT(-46.62452763366946 -23.534637448580344),4.0,1.0,1909.0,6.0,3.0,1936.0
250,20.0,20,"livro de emplacamento 5. p,51",Cintia,8/10/2018,POINT(-46.62464134361806 -23.53562735739545),6.0,4.0,1936.0,,,
250,2.0,2,"livro de emplacamento 5. p,51",Cintia,8/10/2018,POINT(-46.62464134361806 -23.53562735739545),4.0,1.0,1909.0,6.0,3.0,1936.0
250,114.0,114,"livro de emplacamento 5. p,51",Cintia,8/10/2018,POINT(-46.62454504870663 -23.53478905623671),6.0,4.0,1936.0,,,
250,34.0,34,"livro de emplacamento 5. p,51",Cintia,8/10/2018,POINT(-46.62454504870663 -23.53478905623671),4.0,1.0,1909.0,6.0,3.0,1936.0
245,44.0,44,"Livro de emplacamento 22. p,117",Cintia,8/10/2018,POINT(-46.62667786578175 -23.528989691070322),19.0,5.0,1937.0,,,
245,6.0,6,"Livro de emplacamento 5. p,23. p,30",Cintia,8/10/2018,POINT(-46.62667786578175 -23.528989691070322),18.0,5.0,1937.0,18.0,5.0,1937.0
158,44.0,44,"Livro de emplacamento 9. p,188 a 191; L10. p,31 a 33; p,42; L15. p,152 a 156; L24. p,56 a 70""",Cintia,8/10/2018,POINT(-46.62447792220733 -23.551299747741286),20.0,10.0,1937.0,,,
158,2.0,2,"Livro de emplacamento 9. p,188 a 191; L10. p,31 a 33; p,42; L15. p,152 a 156; L24. p,56 a 70""",Cintia,8/10/2018,POINT(-46.62447792220733 -23.551299747741286),7.0,2.0,1929.0,19.0,7.0,1937.0
158,116.0,116,"Livro de emplacamento 9. p,188 a 191; L10. p,31 a 33; p,42; L15. p,152 a 156; L24. p,56 a 70""",Cintia,8/10/2018,POINT(-46.62378867475794 -23.55136588238415),20.0,10.0,1937.0,,,
158,16.0,16,"Livro de emplacamento 9. p,188 a 191",Cintia,8/10/2018,POINT(-46.62378867475794 -23.55136588238415),7.0,2.0,1929.0,19.0,7.0,1937.0
158,6.0,6,"Livro de emplacamento 9. p,188 a 191; L10. p,31 a 33; p,42; L15. p,152 a 156; L24. p,56 a 70""",Cintia,8/10/2018,POINT(-46.62378867475794 -23.55136588238415),19.0,1.0,1917.0,7.0,1.0,1929.0
158,2.0,2,"Livro de emplacamento 9. p,188 a 191; L10. p,31 a 33; p,42; L15. p,152 a 156; L24. p,56 a 70""",Cintia,8/10/2018,POINT(-46.62378867475794 -23.55136588238415),23.0,5.0,1908.0,18.0,1.0,1917.0
158,500.0,500,"Livro de emplacamento 9. p,188 a 191; L10. p,31 a 33; p,42; L15. p,152 a 156; L24. p,56 a 70""",Cintia,8/10/2018,POINT(-46.62012269599575 -23.551749549890303),20.0,10.0,1937.0,,,
158,98.0,98,"Livro de emplacamento 9. p,188 a 191; L10. p,31 a 33; p,42; L15. p,152 a 156; L24. p,56 a 70""",Cintia,8/10/2018,POINT(-46.62012269599575 -23.551749549890303),7.0,2.0,1929.0,19.0,7.0,1937.0
158,82.0,82,"Livro de emplacamento 9. p,188 a 191; L10. p,31 a 33; p,42; L15. p,152 a 156; L24. p,56 a 70""",Cintia,8/10/2018,POINT(-46.62012269599575 -23.551749549890303),19.0,1.0,1917.0,7.0,1.0,1929.0
158,64.0,64,"Livro de emplacamento 9. p,188 a 191; L10. p,31 a 33; p,42; L15. p,152 a 156; L24. p,56 a 70""",Cintia,8/10/2018,POINT(-46.62012269599575 -23.551749549890303),23.0,5.0,1908.0,18.0,1.0,1917.0
158,24.0,24,"Livro de emplacamento 9. p,188 a 191",Cintia,8/10/2018,POINT(-46.62012269599575 -23.551749549890303),22.0,5.0,1908.0,22.0,5.0,1908.0
158,804.0,804,"Livro de emplacamento 9. p,188 a 191; L10. p,31 a 33; p,42; L15. p,152 a 156; L24. p,56 a 70""",Cintia,8/10/2018,POINT(-46.61732910273604 -23.55160389277438),20.0,10.0,1937.0,,,
158,194.0,194,"Livro de emplacamento 9. p,188 a 191; L10. p,31 a 33; p,42; L15. p,152 a 156; L24. p,56 a 70""",Cintia,8/10/2018,POINT(-46.61732910273604 -23.55160389277438),7.0,2.0,1929.0,19.0,7.0,1937.0
158,182.0,182,"Livro de emplacamento 9. p,188 a 191; L10. p,31 a 33; p,42; L15. p,152 a 156; L24. p,56 a 70""",Cintia,8/10/2018,POINT(-46.61732910273604 -23.55160389277438),19.0,1.0,1917.0,7.0,1.0,1929.0
158,142.0,142,"Livro de emplacamento 9. p,188 a 191; L10. p,31 a 33; p,42; L15. p,152 a 156; L24. p,56 a 70""",Cintia,8/10/2018,POINT(-46.61732910273604 -23.55160389277438),23.0,5.0,1908.0,18.0,1.0,1917.0
158,48.0,48,"Livro de emplacamento 9. p,188 a 191; L10. p,31 a 33; p,42; L15. p,152 a 156; L24. p,56 a 70""",Cintia,8/10/2018,POINT(-46.61732910273604 -23.55160389277438),22.0,5.0,1908.0,22.0,5.0,1908.0
158,43.0,43,"Livro de emplacamento 9. p,188 a 191; L10. p,31 a 33; p,42; L15. p,152 a 156; L24. p,56 a 70""",Cintia,8/10/2018,POINT(-46.62447600763108 -23.55129993144863),20.0,10.0,1937.0,,,
158,1.0,1,"Livro de emplacamento 9. p,188 a 191; L10. p,31 a 33; p,42; L15. p,152 a 156; L24. p,56 a 70""",Cintia,8/10/2018,POINT(-46.62447600763108 -23.55129993144863),7.0,2.0,1929.0,19.0,7.0,1937.0
158,65.0,65,"Livro de emplacamento 9. p,188 a 191; L10. p,31 a 33; p,42; L15. p,152 a 156; L24. p,56 a 70""",Cintia,8/10/2018,POINT(-46.624275934413134 -23.551319128865792),20.0,10.0,1937.0,,,
158,5.0,5,"Livro de emplacamento 9. p,188 a 191; L10. p,31 a 33; p,42; L15. p,152 a 156; L24. p,56 a 70""",Cintia,8/10/2018,POINT(-46.624275934413134 -23.551319128865792),7.0,2.0,1929.0,19.0,7.0,1937.0
158,1.0,1,"Livro de emplacamento 9. p,188 a 191; L10. p,31 a 33; p,42; L15. p,152 a 156; L24. p,56 a 70""",Cintia,8/10/2018,POINT(-46.624275934413134 -23.551319128865792),19.0,1.0,1917.0,7.0,1.0,1929.0
158,315.0,315,"Livro de emplacamento 9. p,188 a 191; L10. p,31 a 33; p,42; L15. p,152 a 156; L24. p,56 a 70""",Cintia,8/10/2018,POINT(-46.621888358603925 -23.55153142786794),20.0,10.0,1937.0,,,
158,45.0,45,"Livro de emplacamento 9. p,188 a 191; L10. p,31 a 33; p,42; L15. p,152 a 156; L24. p,56 a 70""",Cintia,8/10/2018,POINT(-46.621888358603925 -23.55153142786794),7.0,2.0,1929.0,19.0,7.0,1937.0
158,23.0,23,"Livro de emplacamento 9. p,188 a 191; L10. p,31 a 33; p,42; L15. p,152 a 156; L24. p,56 a 70""",Cintia,8/10/2018,POINT(-46.621888358603925 -23.55153142786794),19.0,1.0,1917.0,7.0,1.0,1929.0
158,13.0,13,"Livro de emplacamento 9. p,188 a 191; L10. p,31 a 33; p,42; L15. p,152 a 156; L24. p,56 a 70""",Cintia,8/10/2018,POINT(-46.621888358603925 -23.55153142786794),23.0,5.0,1908.0,18.0,1.0,1917.0
158,3.0,3,"Livro de emplacamento 9. p,188 a 191; L10. p,31 a 33; p,42; L15. p,152 a 156; L24. p,56 a 70""",Cintia,8/10/2018,POINT(-46.621888358603925 -23.55153142786794),22.0,5.0,1908.0,22.0,5.0,1908.0
158,785.0,785,"Livro de emplacamento 9. p,188 a 191; L10. p,31 a 33; p,42; L15. p,152 a 156; L24. p,56 a 70""",Cintia,8/10/2018,POINT(-46.61749100945911 -23.5516965933828),20.0,10.0,1937.0,,,
158,181.0,181,"Livro de emplacamento 9. p,188 a 191; L10. p,31 a 33; p,42; L15. p,152 a 156; L24. p,56 a 70""",Cintia,8/10/2018,POINT(-46.61749100945911 -23.5516965933828),7.0,2.0,1929.0,19.0,7.0,1937.0
158,179.0,179,"Livro de emplacamento 9. p,188 a 191; L10. p,31 a 33; p,42; L15. p,152 a 156; L24. p,56 a 70""",Cintia,8/10/2018,POINT(-46.61749100945911 -23.5516965933828),19.0,1.0,1917.0,7.0,1.0,1929.0
158,151.0,151,"Livro de emplacamento 9. p,188 a 191; L10. p,31 a 33; p,42; L15. p,152 a 156; L24. p,56 a 70""",Cintia,8/10/2018,POINT(-46.61749100945911 -23.5516965933828),23.0,5.0,1908.0,18.0,1.0,1917.0
158,85.0,85,"Livro de emplacamento 9. p,188 a 191; L10. p,31 a 33; p,42; L15. p,152 a 156; L24. p,56 a 70""",Cintia,8/10/2018,POINT(-46.61749100945911 -23.5516965933828),22.0,5.0,1908.0,22.0,5.0,1908.0
158,1085.0,1085,"Livro de emplacamento 9. p,188 a 191; L10. p,31 a 33; p,42; L15. p,152 a 156; L24. p,56 a 70""",Cintia,8/10/2018,POINT(-46.61499172898507 -23.55026122786398),20.0,10.0,1937.0,,,
158,247.0,247,"Livro de emplacamento 9. p,188 a 191; L10. p,31 a 33; p,42; L15. p,152 a 156; L24. p,56 a 70""",Cintia,8/10/2018,POINT(-46.61499172898507 -23.55026122786398),7.0,2.0,1929.0,19.0,7.0,1937.0
158,239.0,239,"Livro de emplacamento 9. p,188 a 191; L10. p,31 a 33; p,42; L15. p,152 a 156; L24. p,56 a 70""",Cintia,8/10/2018,POINT(-46.61499172898507 -23.55026122786398),19.0,1.0,1917.0,7.0,1.0,1929.0
158,215.0,215,"Livro de emplacamento 9. p,188 a 191; L10. p,31 a 33; p,42; L15. p,152 a 156; L24. p,56 a 70""",Cintia,8/10/2018,POINT(-46.61499172898507 -23.55026122786398),23.0,5.0,1908.0,18.0,1.0,1917.0
158,123.1,123 a,"Livro de emplacamento 9. p,188 a 191; L10. p,31 a 33; p,42; L15. p,152 a 156; L24. p,56 a 70""",Cintia,8/10/2018,POINT(-46.61499172898507 -23.55026122786398),22.0,5.0,1908.0,22.0,5.0,1908.0
167,42.0,42,"Livro de emplacamento 4. p,20",Cintia,8/10/2018,POINT(-46.65257763950275 -23.532758863870566),26.0,9.0,1935.0,,,
167,130.0,130,"Livro de emplacamento 4. p,20",Cintia,8/10/2018,POINT(-46.65187499240739 -23.53229955337411),26.0,9.0,1935.0,,,
167,105.0,105,"Livro de emplacamento 4. p,20",Cintia,8/10/2018,POINT(-46.65187499240739 -23.53229955337411),18.0,1.0,1909.0,25.0,9.0,1935.0
167,45.0,45,"Livro de emplacamento 4. p,20",Cintia,8/10/2018,POINT(-46.65187499240739 -23.53229955337411),17.0,1.0,1909.0,17.0,1.0,1909.0
167,318.0,318,"Livro de emplacamento 4. p,20",Cintia,8/10/2018,POINT(-46.650371180985516 -23.531336755054987),26.0,9.0,1935.0,,,
167,67.0,67,"Livro de emplacamento 4. p,20",Cintia,8/10/2018,POINT(-46.650371180985516 -23.531336755054987),18.0,1.0,1909.0,25.0,9.0,1935.0
167,11.0,11,"Livro de emplacamento 4. p,20",Cintia,8/10/2018,POINT(-46.650371180985516 -23.531336755054987),17.0,1.0,1909.0,17.0,1.0,1909.0
167,43.0,43,"Livro de emplacamento 4. p,20",Cintia,8/10/2018,POINT(-46.65257285416499 -23.53275573576276),26.0,9.0,1935.0,,,
167,112.0,112,"Livro de emplacamento 4. p,20",Cintia,8/10/2018,POINT(-46.65257285416499 -23.53275573576276),19.0,2.0,1914.0,25.0,9.0,1935.0
167,110.0,110,"Livro de emplacamento 4. p,20",Cintia,8/10/2018,POINT(-46.65257285416499 -23.53275573576276),24.0,11.0,1911.0,18.0,2.0,1914.0
167,165.0,165,"Livro de emplacamento 4. p,20",Cintia,8/10/2018,POINT(-46.65160252705863 -23.532124298553946),26.0,9.0,1935.0,,,
167,92.0,92,"Livro de emplacamento 4. p,20",Cintia,8/10/2018,POINT(-46.65160252705863 -23.532124298553946),18.0,1.0,1909.0,25.0,9.0,1935.0
167,461.0,461,"Livro de emplacamento 4. p,20",Cintia,8/10/2018,POINT(-46.64922554344448 -23.530604427093817),26.0,9.0,1935.0,,,
167,62.0,62,"Livro de emplacamento 4. p,20",Cintia,8/10/2018,POINT(-46.64922554344448 -23.530604427093817),18.0,1.0,1909.0,25.0,9.0,1935.0
167,48.0,48,"Livro de emplacamento 4. p,20",Cintia,8/10/2018,POINT(-46.64922554344448 -23.530604427093817),17.0,1.0,1909.0,17.0,1.0,1909.0
191,98.0,98,"Livro de emplacamento L5. p,43",Cintia,8/10/2018,POINT(-46.64254215808913 -23.52818456786793),29.0,8.0,1938.0,,,
191,161.0,161,"Livro de emplacamento L5. p,43",Cintia,8/10/2018,POINT(-46.64254215808913 -23.52818456786793),27.0,8.0,1929.0,28.0,8.0,1938.0
191,167.0,167,"Livro de emplacamento L5. p,43",Cintia,8/10/2018,POINT(-46.64254215808913 -23.52818456786793),26.0,8.0,1929.0,26.0,8.0,1929.0
191,144.0,144,"Livro de emplacamento L5. p,43",Cintia,8/10/2018,POINT(-46.6421700362518 -23.527949400934048),29.0,8.0,1938.0,,,
191,145.0,145,"Livro de emplacamento L5. p,43",Cintia,8/10/2018,POINT(-46.6421700362518 -23.527949400934048),27.0,8.0,1929.0,28.0,8.0,1938.0
191,151.0,151,"Livro de emplacamento L5. p,43",Cintia,8/10/2018,POINT(-46.6421700362518 -23.527949400934048),26.0,8.0,1929.0,26.0,8.0,1929.0
192,37.0,37,"Livros de emplacamento 8-12-1908 -L4. p,69;23-11-1911 - L4. p,79; 30-1-1935 - L19. p,229 a 232""",Cintia,8/10/2018,POINT(-46.64867324027879 -23.529693164278992),30.0,1.0,1935.0,,,
192,1.0,1,"Livros de emplacamento 8-12-1908 -L4. p,69;23-11-1911 - L4. p,79; 30-1-1935 - L19. p,229 a 232""",Cintia,8/10/2018,POINT(-46.64867324027879 -23.529693164278992),12.0,8.0,1908.0,29.0,1.0,1935.0
192,651.0,651,"Livros de emplacamento 8-12-1908 -L4. p,69;23-11-1911 - L4. p,79; 30-1-1935 - L19. p,229 a 232""",Cintia,8/10/2018,POINT(-46.64528285208007 -23.534245709428248),30.0,1.0,1935.0,,,
192,63.0,63,"Livros de emplacamento 8-12-1908 -L4. p,69;23-11-1911 - L4. p,79; 30-1-1935 - L19. p,229 a 232""",Cintia,8/10/2018,POINT(-46.64528285208007 -23.534245709428248),12.0,8.0,1908.0,29.0,1.0,1935.0
192,1081.0,1081,"Livros de emplacamento 8-12-1908 -L4. p,69;23-11-1911 - L4. p,79; 30-1-1935 - L19. p,229 a 232""",Cintia,8/10/2018,POINT(-46.64291618248734 -23.537435330663143),30.0,1.0,1935.0,,,
192,127.0,127,"Livros de emplacamento 8-12-1908 -L4. p,69;23-11-1911 - L4. p,79; 30-1-1935 - L19. p,229 a 232""",Cintia,8/10/2018,POINT(-46.64291618248734 -23.537435330663143),12.0,8.0,1908.0,29.0,1.0,1935.0
192,119.0,119,"Livros de emplacamento 8-12-1908 -L4. p,69;23-11-1911 - L4. p,79; 30-1-1935 - L19. p,229 a 232""",Cintia,8/10/2018,POINT(-46.64291618248734 -23.537435330663143),12.0,7.0,1908.0,12.0,7.0,1908.0
192,1527.0,1527,"Livros de emplacamento 8-12-1908 -L4. p,69;23-11-1911 - L4. p,79; 30-1-1935 - L19. p,229 a 232""",Cintia,8/10/2018,POINT(-46.64044028610442 -23.540727008532595),30.0,1.0,1935.0,,,
192,1345.0,1345,"Livros de emplacamento 8-12-1908 -L4. p,69;23-11-1911 - L4. p,79; 30-1-1935 - L19. p,229 a 232""",Cintia,8/10/2018,POINT(-46.64144485296947 -23.539387052097222),30.0,1.0,1935.0,,,
192,157.0,157,"Livros de emplacamento 8-12-1908 -L4. p,69;23-11-1911 - L4. p,79; 30-1-1935 - L19. p,229 a 232""",Cintia,8/10/2018,POINT(-46.64144485296947 -23.539387052097222),12.0,8.0,1908.0,29.0,1.0,1935.0
192,149.0,149,"Livros de emplacamento 8-12-1908 -L4. p,69;23-11-1911 - L4. p,79; 30-1-1935 - L19. p,229 a 232""",Cintia,8/10/2018,POINT(-46.64144485296947 -23.539387052097222),12.0,7.0,1908.0,12.0,7.0,1908.0
192,24.0,24,"Livros de emplacamento 8-12-1908 -L4. p,69;23-11-1911 - L4. p,79; 30-1-1935 - L19. p,229 a 232""",Cintia,8/10/2018,POINT(-46.64874549921567 -23.52959609812288),30.0,1.0,1935.0,,,
192,2.0,2,"Livros de emplacamento 8-12-1908 -L4. p,69;23-11-1911 - L4. p,79; 30-1-1935 - L19. p,229 a 232""",Cintia,8/10/2018,POINT(-46.64874549921567 -23.52959609812288),12.0,8.0,1908.0,29.0,1.0,1935.0
192,406.0,406,"Livros de emplacamento 8-12-1908 -L4. p,69;23-11-1911 - L4. p,79; 30-1-1935 - L19. p,229 a 232""",Cintia,8/10/2018,POINT(-46.64663018843513 -23.532440015634517),30.0,1.0,1935.0,,,
192,36.0,36,"Livros de emplacamento 8-12-1908 -L4. p,69;23-11-1911 - L4. p,79; 30-1-1935 - L19. p,229 a 232""",Cintia,8/10/2018,POINT(-46.64663018843513 -23.532440015634517),12.0,8.0,1908.0,29.0,1.0,1935.0
192,34.0,34,"Livros de emplacamento 8-12-1908 -L4. p,69;23-11-1911 - L4. p,79; 30-1-1935 - L19. p,229 a 232""",Cintia,8/10/2018,POINT(-46.64663018843513 -23.532440015634517),12.0,7.0,1908.0,12.0,7.0,1908.0
192,828.0,828,"Livros de emplacamento 8-12-1908 -L4. p,69;23-11-1911 - L4. p,79; 30-1-1935 - L19. p,229 a 232""",Cintia,8/10/2018,POINT(-46.644317023537894 -23.53557622145395),30.0,1.0,1935.0,,,
192,106.0,106,"Livros de emplacamento 8-12-1908 -L4. p,69;23-11-1911 - L4. p,79; 30-1-1935 - L19. p,229 a 232""",Cintia,8/10/2018,POINT(-46.644317023537894 -23.53557622145395),12.0,8.0,1908.0,29.0,1.0,1935.0
192,1554.0,1554,"Livros de emplacamento 8-12-1908 -L4. p,69;23-11-1911 - L4. p,79; 30-1-1935 - L19. p,229 a 232""",Cintia,8/10/2018,POINT(-46.640289372163124 -23.54092673572708),30.0,1.0,1935.0,,,
192,170.0,170,"Livros de emplacamento 8-12-1908 -L4. p,69;23-11-1911 - L4. p,79; 30-1-1935 - L19. p,229 a 232""",Cintia,8/10/2018,POINT(-46.640289372163124 -23.54092673572708),12.0,8.0,1908.0,29.0,1.0,1935.0
192,158.0,158,"Livros de emplacamento 8-12-1908 -L4. p,69;23-11-1911 - L4. p,79; 30-1-1935 - L19. p,229 a 232""",Cintia,8/10/2018,POINT(-46.640289372163124 -23.54092673572708),12.0,7.0,1908.0,12.0,7.0,1908.0
194,10.0,10,"Livros de emplacamento 24-5-1908 - L5. p,19",Cintia,8/10/2018,POINT(-46.64812394823035 -23.516537541990783),20.0,5.0,1937.0,,,
194,2.0,2,"Livros de emplacamento 24-5-1908 - L5. p,19",Cintia,8/10/2018,POINT(-46.64812394823035 -23.516537541990783),24.0,5.0,1908.0,19.0,5.0,1937.0
197,31.0,31,"Livros de emplacamento 18-7-1908 - L2. p,74; 8-2-1911 - L3. p,14; 25-8-1930 - L17. p,80; xx-xx-1937 - L21. p,383""",Cintia,8/10/2018,POINT(-46.63766910751053 -23.52794182355603),23.0,3.0,1937.0,,,
197,1.0,1,"Livros de emplacamento 18-7-1908 - L2. p,74; 8-2-1911 - L3. p,14; 25-8-1930 - L17. p,80; xx-xx-1937 - L21. p,383""",Cintia,8/10/2018,POINT(-46.63766910751053 -23.52794182355603),18.0,6.0,1909.0,22.0,3.0,1937.0
197,171.0,171,"Livros de emplacamento 18-7-1908 - L2. p,74; 8-2-1911 - L3. p,14; 25-8-1930 - L17. p,80; xx-xx-1937 - L21. p,383""",Cintia,8/10/2018,POINT(-46.63809930758948 -23.52913746871654),23.0,3.0,1937.0,,,
197,23.0,23,"Livros de emplacamento 18-7-1908 - L2. p,74; 8-2-1911 - L3. p,14; 25-8-1930 - L17. p,80; xx-xx-1937 - L21. p,383""",Cintia,8/10/2018,POINT(-46.63809930758948 -23.52913746871654),25.0,8.0,1930.0,22.0,3.0,1937.0
197,25.1,25 a,"Livros de emplacamento 18-7-1908 - L2. p,74; 8-2-1911 - L3. p,14; 25-8-1930 - L17. p,80; xx-xx-1937 - L21. p,383""",Cintia,8/10/2018,POINT(-46.63809930758948 -23.52913746871654),2.0,8.0,1911.0,24.0,8.0,1937.0
197,27.0,27 tinta,"Livros de emplacamento 18-7-1908 - L2. p,74; 8-2-1911 - L3. p,14; 25-8-1930 - L17. p,80; xx-xx-1937 - L21. p,383""",Cintia,8/10/2018,POINT(-46.63809930758948 -23.52913746871654),18.0,6.0,1909.0,2.0,7.0,1911.0
197,251.0,251,"Livros de emplacamento 18-7-1908 - L2. p,74; 8-2-1911 - L3. p,14; 25-8-1930 - L17. p,80; xx-xx-1937 - L21. p,383""",Cintia,8/10/2018,POINT(-46.63834132541571 -23.52983233845418),23.0,3.0,1937.0,,,
197,49.0,49,"Livros de emplacamento 18-7-1908 - L2. p,74; 8-2-1911 - L3. p,14; 25-8-1930 - L17. p,80; xx-xx-1937 - L21. p,383""",Cintia,8/10/2018,POINT(-46.63834132541571 -23.52983233845418),25.0,8.0,1930.0,22.0,3.0,1937.0
197,55.0,55,"Livros de emplacamento 18-7-1908 - L2. p,74; 8-2-1911 - L3. p,14; 25-8-1930 - L17. p,80; xx-xx-1937 - L21. p,383""",Cintia,8/10/2018,POINT(-46.63834132541571 -23.52983233845418),2.0,8.0,1911.0,24.0,8.0,1930.0
197,49.0,49,"Livros de emplacamento 18-7-1908 - L2. p,74; 8-2-1911 - L3. p,14; 25-8-1930 - L17. p,80; xx-xx-1937 - L21. p,383""",Cintia,8/10/2018,POINT(-46.63834132541571 -23.52983233845418),18.0,6.0,1909.0,2.0,7.0,1911.0
197,10.0,10,"Livros de emplacamento 18-7-1908 - L2. p,74; 8-2-1911 - L3. p,14; 25-8-1930 - L17. p,80; xx-xx-1937 - L21. p,383""",Cintia,8/10/2018,POINT(-46.63760470210917 -23.52776396921556),23.0,3.0,1937.0,,,
197,2.0,2,"Livros de emplacamento 18-7-1908 - L2. p,74; 8-2-1911 - L3. p,14; 25-8-1930 - L17. p,80; xx-xx-1937 - L21. p,383""",Cintia,8/10/2018,POINT(-46.63760470210917 -23.52776396921556),18.0,6.0,1909.0,22.0,3.0,1937.0
197,64.0,64,"Livros de emplacamento 18-7-1908 - L2. p,74; 8-2-1911 - L3. p,14; 25-8-1930 - L17. p,80; xx-xx-1937 - L21. p,383""",Cintia,8/10/2018,POINT(-46.63777480632711 -23.52823370890905),23.0,3.0,1937.0,,,
197,14.0,14,"Livros de emplacamento 18-7-1908 - L2. p,74; 8-2-1911 - L3. p,14; 25-8-1930 - L17. p,80; xx-xx-1937 - L21. p,383""",Cintia,8/10/2018,POINT(-46.63777480632711 -23.52823370890905),18.0,6.0,1909.0,22.0,3.0,1937.0
205,73.0,73,"Livros de emplacamento 16-10-1908 - L7. p,96",Cintia,8/10/2018,POINT(-46.63547527065385 -23.52826003358739),5.0,11.0,1937.0,,,
205,1.0,1,"Livros de emplacamento 16-10-1908 - L7. p,96",Cintia,8/10/2018,POINT(-46.63547527065385 -23.52826003358739),16.0,10.0,1908.0,5.0,10.0,1937.0
205,679.0,679,"Livros de emplacamento 16-10-1908 - L7. p,96",Cintia,8/10/2018,POINT(-46.63712026226553 -23.533490039312394),5.0,11.0,1937.0,,,
205,131.0,131,"Livros de emplacamento 16-10-1908 - L7. p,96",Cintia,8/10/2018,POINT(-46.63712026226553 -23.533490039312394),2.0,9.0,1911.0,5.0,10.0,1937.0
205,41.0,41,"Livros de emplacamento 16-10-1908 - L7. p,96",Cintia,8/10/2018,POINT(-46.63712026226553 -23.533490039312394),16.0,10.0,1908.0,10.0,8.0,1911.0
205,39.0,39,"Livros de emplacamento 16-10-1908 - L7. p,96",Cintia,8/10/2018,POINT(-46.63712026226553 -23.533490039312394),15.0,10.0,1908.0,15.0,10.0,1908.0
205,338.0,338,"Livros de emplacamento 16-10-1908 - L7. p,96",Cintia,8/10/2018,POINT(-46.636209808600505 -23.530549073482963),5.0,11.0,1937.0,,,
205,2.0,2,"Livros de emplacamento 16-10-1908 - L7. p,96",Cintia,8/10/2018,POINT(-46.636209808600505 -23.530549073482963),27.0,7.0,1915.0,5.0,10.0,1937.0
205,376.0,376,"Livros de emplacamento 16-10-1908 - L7. p,96",Cintia,8/10/2018,POINT(-46.63631087421581 -23.530865143812058),5.0,11.0,1937.0,,,
205,12.0,12,"Livros de emplacamento 16-10-1908 - L7. p,96",Cintia,8/10/2018,POINT(-46.63631087421581 -23.530865143812058),16.0,10.0,1908.0,5.0,10.0,1937.0
205,630.0,630,"Livros de emplacamento 16-10-1908 - L7. p,96",Cintia,8/10/2018,POINT(-46.63698619476679 -23.53306207228751),5.0,11.0,1937.0,,,
205,54.0,54,"Livros de emplacamento 16-10-1908 - L7. p,96",Cintia,8/10/2018,POINT(-46.63698619476679 -23.53306207228751),2.0,9.0,1911.0,5.0,10.0,1937.0
205,21.0,21,"Livros de emplacamento 16-10-1908 - L7. p,96",Cintia,8/10/2018,POINT(-46.63698619476679 -23.53306207228751),16.0,10.0,1908.0,10.0,8.0,1911.0
208,85.0,85,"Livros de emplacamento 7-3-1918 - L3. p,65; 13-12-1908 - L4. p,76; 19-5-1928 - L13. p,149; 28-11-1939 - L26. p,348-349""",Cintia,8/10/2018,POINT(-46.63689439414455 -23.53582314854453),28.0,11.0,1939.0,,,
208,1.0,1,"Livros de emplacamento 7-3-1918 - L3. p,65; 13-12-1908 - L4. p,76; 19-5-1928 - L13. p,149; 28-11-1939 - L26. p,348-349""",Cintia,8/10/2018,POINT(-46.63689439414455 -23.53582314854453),13.0,12.0,1908.0,27.0,11.0,1939.0
208,9.0,9,"Livros de emplacamento 7-3-1918 - L3. p,65; 13-12-1908 - L4. p,76; 19-5-1928 - L13. p,149; 28-11-1939 - L26. p,348-349""",Cintia,8/10/2018,POINT(-46.63689439414455 -23.53582314854453),12.0,12.0,1908.0,12.0,12.0,1908.0
208,257.0,257,"Livros de emplacamento 7-3-1918 - L3. p,65; 13-12-1908 - L4. p,76; 19-5-1928 - L13. p,149; 28-11-1939 - L26. p,348-349""",Cintia,8/10/2018,POINT(-46.636926400409486 -23.53734785846356),28.0,11.0,1939.0,,,
208,21.0,21,"Livros de emplacamento 7-3-1918 - L3. p,65; 13-12-1908 - L4. p,76; 19-5-1928 - L13. p,149; 28-11-1939 - L26. p,348-349""",Cintia,8/10/2018,POINT(-46.636926400409486 -23.53734785846356),19.0,5.0,1928.0,27.0,11.0,1939.0
208,19.0,19,"Livros de emplacamento 7-3-1918 - L3. p,65; 13-12-1908 - L4. p,76; 19-5-1928 - L13. p,149; 28-11-1939 - L26. p,348-349""",Cintia,8/10/2018,POINT(-46.636926400409486 -23.53734785846356),13.0,12.0,1908.0,18.0,5.0,1928.0
208,477.0,477,"Livros de emplacamento 7-3-1918 - L3. p,65; 13-12-1908 - L4. p,76; 19-5-1928 - L13. p,149; 28-11-1939 - L26. p,348-349""",Cintia,8/10/2018,POINT(-46.636322964666455 -23.53920075238031),28.0,11.0,1939.0,,,
208,45.0,45,"Livros de emplacamento 7-3-1918 - L3. p,65; 13-12-1908 - L4. p,76; 19-5-1928 - L13. p,149; 28-11-1939 - L26. p,348-349""",Cintia,8/10/2018,POINT(-46.636322964666455 -23.53920075238031),13.0,12.0,1908.0,27.0,11.0,1939.0
208,110.0,110,"Livros de emplacamento 7-3-1918 - L3. p,65; 13-12-1908 - L4. p,76; 19-5-1928 - L13. p,149; 28-11-1939 - L26. p,348-349""",Cintia,8/10/2018,POINT(-46.636894287065495 -23.536038738514126),28.0,11.0,1939.0,,,
208,4.0,4 sob,"Livros de emplacamento 7-3-1918 - L3. p,65; 13-12-1908 - L4. p,76; 19-5-1928 - L13. p,149; 28-11-1939 - L26. p,348-349""",Cintia,8/10/2018,POINT(-46.636894287065495 -23.536038738514126),19.0,5.0,1928.0,27.0,11.0,1939.0
208,12.0,12,"Livros de emplacamento 7-3-1918 - L3. p,65; 13-12-1908 - L4. p,76; 19-5-1928 - L13. p,149; 28-11-1939 - L26. p,348-349""",Cintia,8/10/2018,POINT(-46.636894287065495 -23.536038738514126),3.0,7.0,1918.0,18.0,5.0,1928.0
208,28.0,28,"Livros de emplacamento 7-3-1918 - L3. p,65; 13-12-1908 - L4. p,76; 19-5-1928 - L13. p,149; 28-11-1939 - L26. p,348-349""",Cintia,8/10/2018,POINT(-46.636894287065495 -23.536038738514126),13.0,12.0,1908.0,3.0,6.0,1918.0
208,280.0,280,"Livros de emplacamento 7-3-1918 - L3. p,65; 13-12-1908 - L4. p,76; 19-5-1928 - L13. p,149; 28-11-1939 - L26. p,348-349""",Cintia,8/10/2018,POINT(-46.63692907996738 -23.537564333926635),28.0,11.0,1939.0,,,
208,28.0,28,"Livros de emplacamento 7-3-1918 - L3. p,65; 13-12-1908 - L4. p,76; 19-5-1928 - L13. p,149; 28-11-1939 - L26. p,348-349""",Cintia,8/10/2018,POINT(-46.63692907996738 -23.537564333926635),19.0,5.0,1928.0,27.0,11.0,1939.0
208,40.0,40,"Livros de emplacamento 7-3-1918 - L3. p,65; 13-12-1908 - L4. p,76; 19-5-1928 - L13. p,149; 28-11-1939 - L26. p,348-349""",Cintia,8/10/2018,POINT(-46.63692907996738 -23.537564333926635),3.0,7.0,1918.0,18.0,5.0,1928.0
208,54.0,54,"Livros de emplacamento 7-3-1918 - L3. p,65; 13-12-1908 - L4. p,76; 19-5-1928 - L13. p,149; 28-11-1939 - L26. p,348-349""",Cintia,8/10/2018,POINT(-46.63692907996738 -23.537564333926635),13.0,12.0,1908.0,3.0,6.0,1918.0
208,484.0,484,"Livros de emplacamento 7-3-1918 - L3. p,65; 13-12-1908 - L4. p,76; 19-5-1928 - L13. p,149; 28-11-1939 - L26. p,348-349""",Cintia,8/10/2018,POINT(-46.63633489590615 -23.539175461947675),28.0,11.0,1939.0,,,
208,74.0,74,"Livros de emplacamento 7-3-1918 - L3. p,65; 13-12-1908 - L4. p,76; 19-5-1928 - L13. p,149; 28-11-1939 - L26. p,348-349""",Cintia,8/10/2018,POINT(-46.63633489590615 -23.539175461947675),19.0,5.0,1928.0,27.0,11.0,1939.0
208,92.0,92,"Livros de emplacamento 7-3-1918 - L3. p,65; 13-12-1908 - L4. p,76; 19-5-1928 - L13. p,149; 28-11-1939 - L26. p,348-349""",Cintia,8/10/2018,POINT(-46.63633489590615 -23.539175461947675),13.0,12.0,1908.0,18.0,5.0,1928.0
208,86.1,86 a,"Livros de emplacamento 7-3-1918 - L3. p,65; 13-12-1908 - L4. p,76; 19-5-1928 - L13. p,149; 28-11-1939 - L26. p,348-349""",Cintia,8/10/2018,POINT(-46.63633489590615 -23.539175461947675),12.0,12.0,1908.0,12.0,12.0,1908.0
245,51.0,51,"Livros de emplacamento 11-12-1911 - L5. p,23",Cintia,8/10/2018,POINT(-46.62662069743831 -23.528963882345014),19.0,5.0,1937.0,,,
245,13.0,13,"Livros de emplacamento 11-12-1911 - L5. p,23",Cintia,8/10/2018,POINT(-46.62662069743831 -23.528963882345014),11.0,12.0,1911.0,18.0,5.0,1937.0
245,1.0,1 tinta,"Livros de emplacamento 11-12-1911 - L5. p,23",Cintia,8/10/2018,POINT(-46.62662069743831 -23.528963882345014),10.0,12.0,1911.0,10.0,12.0,1911.0
245,141.0,141,"Livros de emplacamento 11-12-1911 - L5. p,23",Cintia,8/10/2018,POINT(-46.625825233779686 -23.52860348275106),19.0,5.0,1937.0,,,
245,29.0,29,"Livros de emplacamento 11-12-1911 - L5. p,23",Cintia,8/10/2018,POINT(-46.625825233779686 -23.52860348275106),11.0,12.0,1911.0,18.0,5.0,1937.0
245,44.0,44,"Livros de emplacamento 11-12-1911 - L5. p,23",Cintia,8/10/2018,POINT(-46.62667786578175 -23.528989691070322),19.0,5.0,1937.0,,,
245,6.0,6,"Livros de emplacamento 11-12-1911 - L5. p,23",Cintia,8/10/2018,POINT(-46.62667786578175 -23.528989691070322),11.0,12.0,1911.0,18.0,5.0,1937.0
245,82.0,82,"Livros de emplacamento 11-12-1911 - L5. p,23",Cintia,8/10/2018,POINT(-46.62634189182491 -23.528838015176984),19.0,5.0,1937.0,,,
245,20.0,20,"Livros de emplacamento 11-12-1911 - L5. p,23",Cintia,8/10/2018,POINT(-46.62634189182491 -23.528838015176984),11.0,12.0,1911.0,18.0,5.0,1937.0
245,132.0,132,"Livros de emplacamento 11-12-1911 - L5. p,23",Cintia,8/10/2018,POINT(-46.625907412414755 -23.52864186886466),19.0,5.0,1937.0,,,
245,34.0,34,"Livros de emplacamento 11-12-1911 - L5. p,23",Cintia,8/10/2018,POINT(-46.625907412414755 -23.52864186886466),11.0,12.0,1911.0,18.0,5.0,1937.0
246,78.0,78,"Livros de emplacamento 22-8-1913 - L10. p,17",Cintia,8/10/2018,POINT(-46.62651193753052 -23.528142597322766),5.0,12.0,1937.0,,,
246,20.0,20,"Livros de emplacamento 22-8-1913 - L10. p,17",Cintia,8/10/2018,POINT(-46.62651193753052 -23.528142597322766),22.0,8.0,1913.0,5.0,11.0,1937.0
246,33.0,33,"Livros de emplacamento 22-8-1913 - L10. p,17",Cintia,8/10/2018,POINT(-46.626328058228324 -23.528508322188344),5.0,12.0,1937.0,,,
246,1.0,1,"Livros de emplacamento 22-8-1913 - L10. p,17",Cintia,8/10/2018,POINT(-46.626328058228324 -23.528508322188344),22.0,8.0,1913.0,5.0,11.0,1937.0
247,33.0,33,"Livros de emplacamento 11-12-1911 - L9. p,92; 24-5-1917 - L9. p,137;6-5-1918 - L9. p,142; 31-5-1937 - L22. p,210 a 211""",Cintia,8/10/2018,POINT(-46.62724911604069 -23.528130527734522),31.0,5.0,1937.0,,,
247,1.0,1,"Livros de emplacamento 11-12-1911 - L9. p,92; 24-5-1917 - L9. p,137;6-5-1918 - L9. p,142; 31-5-1937 - L22. p,210 a 211""",Cintia,8/10/2018,POINT(-46.62724911604069 -23.528130527734522),11.0,12.0,1911.0,30.0,5.0,1937.0
247,75.0,75,"Livros de emplacamento 11-12-1911 - L9. p,92; 24-5-1917 - L9. p,137;6-5-1918 - L9. p,142; 31-5-1937 - L22. p,210 a 211""",Cintia,8/10/2018,POINT(-46.62689309271836 -23.52796436140042),31.0,5.0,1937.0,,,
247,21.0,21,"Livros de emplacamento 11-12-1911 - L9. p,92; 24-5-1917 - L9. p,137;6-5-1918 - L9. p,142; 31-5-1937 - L22. p,210 a 211""",Cintia,8/10/2018,POINT(-46.62689309271836 -23.52796436140042),24.0,5.0,1917.0,30.0,5.0,1937.0
247,52.0,52,"Livros de emplacamento 11-12-1911 - L9. p,92; 24-5-1917 - L9. p,137;6-5-1918 - L9. p,142; 31-5-1937 - L22. p,210 a 211""",Cintia,8/10/2018,POINT(-46.6271016455959 -23.528061699032406),31.0,5.0,1937.0,,,
247,6.0,6,"Livros de emplacamento 11-12-1911 - L9. p,92; 24-5-1917 - L9. p,137;6-5-1918 - L9. p,142; 31-5-1937 - L22. p,210 a 211""",Cintia,8/10/2018,POINT(-46.6271016455959 -23.528061699032406),11.0,12.0,1911.0,30.0,5.0,1937.0
247,74.0,74,"Livros de emplacamento 11-12-1911 - L9. p,92; 24-5-1917 - L9. p,137;6-5-1918 - L9. p,142; 31-5-1937 - L22. p,210 a 211""",Cintia,8/10/2018,POINT(-46.626909672235826 -23.527972099538527),31.0,5.0,1937.0,,,
247,16.0,16,"Livros de emplacamento 11-12-1911 - L9. p,92; 24-5-1917 - L9. p,137;6-5-1918 - L9. p,142; 31-5-1937 - L22. p,210 a 211""",Cintia,8/10/2018,POINT(-46.626909672235826 -23.527972099538527),11.0,12.0,1911.0,30.0,5.0,1937.0
247,12.0,12,"Livros de emplacamento 11-12-1911 - L9. p,92; 24-5-1917 - L9. p,137;6-5-1918 - L9. p,142; 31-5-1937 - L22. p,210 a 211""",Cintia,8/10/2018,POINT(-46.626909672235826 -23.527972099538527),10.0,12.0,1911.0,10.0,12.0,1911.0
249,24.0,24,"Livros de emplacamento 25-8-1908 - L7. p,91",Cintia,8/10/2018,POINT(-46.62621175016519 -23.535348685786772),6.0,2.0,1936.0,,,
249,32.0,32,"Livros de emplacamento 25-8-1908 - L7. p,91",Cintia,8/10/2018,POINT(-46.62618551509588 -23.535287861445326),6.0,2.0,1936.0,,,
249,4.0,4,"Livros de emplacamento 25-8-1908 - L7. p,91",Cintia,8/10/2018,POINT(-46.62618551509588 -23.535287861445326),25.0,8.0,1908.0,6.0,1.0,1936.0
249,78.0,78,"Livros de emplacamento 25-8-1908 - L7. p,91",Cintia,8/10/2018,POINT(-46.62602260405942 -23.534907509028248),6.0,2.0,1936.0,,,
249,24.0,24,"Livros de emplacamento 25-8-1908 - L7. p,91",Cintia,8/10/2018,POINT(-46.62602260405942 -23.534907509028248),25.0,8.0,1908.0,6.0,1.0,1936.0
249,10.0,10,"Livros de emplacamento 25-8-1908 - L7. p,91",Cintia,8/10/2018,POINT(-46.62602260405942 -23.534907509028248),24.0,8.0,1908.0,24.0,8.0,1908.0
249,134.0,134,"Livros de emplacamento 25-8-1908 - L7. p,91",Cintia,8/10/2018,POINT(-46.62582322795709 -23.534424360674993),6.0,2.0,1936.0,,,
249,44.0,44,"Livros de emplacamento 25-8-1908 - L7. p,91",Cintia,8/10/2018,POINT(-46.62582322795709 -23.534424360674993),25.0,8.0,1908.0,6.0,1.0,1936.0
249,30.0,30,"Livros de emplacamento 25-8-1908 - L7. p,91",Cintia,8/10/2018,POINT(-46.62582322795709 -23.534424360674993),24.0,8.0,1908.0,24.0,8.0,1908.0
249,37.0,37,"Livros de emplacamento 25-8-1908 - L7. p,91",Cintia,8/10/2018,POINT(-46.6261635926407 -23.535237035625762),6.0,2.0,1936.0,,,
249,3.0,3,"Livros de emplacamento 25-8-1908 - L7. p,91",Cintia,8/10/2018,POINT(-46.6261635926407 -23.535237035625762),25.0,8.0,1908.0,6.0,1.0,1936.0
249,79.0,79,"Livros de emplacamento 25-8-1908 - L7. p,91",Cintia,8/10/2018,POINT(-46.626016719695286 -23.534893249441435),6.0,2.0,1936.0,,,
249,21.0,21,"Livros de emplacamento 25-8-1908 - L7. p,91",Cintia,8/10/2018,POINT(-46.626016719695286 -23.534893249441435),12.0,9.0,1911.0,6.0,1.0,1936.0
249,17.0,17,"Livros de emplacamento 25-8-1908 - L7. p,91",Cintia,8/10/2018,POINT(-46.626016719695286 -23.534893249441435),25.0,8.0,1908.0,18.0,8.0,1911.0
249,15.0,15,"Livros de emplacamento 25-8-1908 - L7. p,91",Cintia,8/10/2018,POINT(-46.626016719695286 -23.534893249441435),24.0,8.0,1908.0,24.0,8.0,1908.0
249,133.0,133,"Livros de emplacamento 25-8-1908 - L7. p,91",Cintia,8/10/2018,POINT(-46.62582565093056 -23.534430232269564),6.0,2.0,1936.0,,,
249,41.0,41,"Livros de emplacamento 25-8-1908 - L7. p,91",Cintia,8/10/2018,POINT(-46.62582565093056 -23.534430232269564),12.0,9.0,1911.0,6.0,1.0,1936.0
249,37.0,37,"Livros de emplacamento 25-8-1908 - L7. p,91",Cintia,8/10/2018,POINT(-46.62582565093056 -23.534430232269564),25.0,8.0,1908.0,18.0,8.0,1911.0
249,33.0,33,"Livros de emplacamento 25-8-1908 - L7. p,91",Cintia,8/10/2018,POINT(-46.62582565093056 -23.534430232269564),24.0,8.0,1908.0,24.0,8.0,1908.0
251,46.0,46,"livros de emplacamento 6-5-1909 - L1. p,13",Cintia,8/10/2018,POINT(-46.62529927738007 -23.53128368281202),22.0,5.0,1937.0,,,
251,4.0,4,"livros de emplacamento 6-5-1909 - L1. p,13",Cintia,8/10/2018,POINT(-46.62529927738007 -23.53128368281202),10.0,9.0,1928.0,21.0,5.0,1937.0
251,49.0,49,"livros de emplacamento 6-5-1909 - L1. p,13",Cintia,8/10/2018,POINT(-46.62529927738007 -23.53128368281202),14.0,6.0,1917.0,10.0,8.0,1928.0
251,92.0,92,"livros de emplacamento 6-5-1909 - L1. p,13",Cintia,8/10/2018,POINT(-46.6248919418199 -23.53109752147435),22.0,5.0,1937.0,,,
251,10.0,10,"livros de emplacamento 6-5-1909 - L1. p,13",Cintia,8/10/2018,POINT(-46.6248919418199 -23.53109752147435),10.0,9.0,1928.0,21.0,5.0,1937.0
251,47.0,47,"livros de emplacamento 6-5-1909 - L1. p,13",Cintia,8/10/2018,POINT(-46.6248919418199 -23.53109752147435),14.0,6.0,1917.0,10.0,8.0,1928.0
251,100.0,100,"livros de emplacamento 6-5-1909 - L1. p,13",Cintia,8/10/2018,POINT(-46.62481435409415 -23.531062062171937),22.0,5.0,1937.0,,,
251,14.0,14,"livros de emplacamento 6-5-1909 - L1. p,13",Cintia,8/10/2018,POINT(-46.62481435409415 -23.531062062171937),10.0,9.0,1928.0,21.0,5.0,1937.0
251,43.0,43,"livros de emplacamento 6-5-1909 - L1. p,13",Cintia,8/10/2018,POINT(-46.62481435409415 -23.531062062171937),14.0,6.0,1917.0,10.0,8.0,1928.0
251,33.0,33,"livros de emplacamento 6-5-1909 - L1. p,13",Cintia,8/10/2018,POINT(-46.62481435409415 -23.531062062171937),5.0,4.0,1909.0,13.0,6.0,1917.0
251,178.0,178,"livros de emplacamento 6-5-1909 - L1. p,13",Cintia,8/10/2018,POINT(-46.624129612396466 -23.53083381436213),22.0,5.0,1937.0,,,
251,40.0,40,"livros de emplacamento 6-5-1909 - L1. p,13",Cintia,8/10/2018,POINT(-46.624129612396466 -23.53083381436213),10.0,9.0,1928.0,21.0,5.0,1937.0
251,17.0,17,"livros de emplacamento 6-5-1909 - L1. p,13",Cintia,8/10/2018,POINT(-46.624129612396466 -23.53083381436213),8.0,8.0,1911.0,10.0,8.0,1928.0
251,15.0,15,"livros de emplacamento 6-5-1909 - L1. p,13",Cintia,8/10/2018,POINT(-46.624129612396466 -23.53083381436213),5.0,4.0,1909.0,13.0,6.0,1917.0
251,17.0,17 tinta,"livros de emplacamento 6-5-1909 - L1. p,13",Cintia,8/10/2018,POINT(-46.624129612396466 -23.53083381436213),5.0,3.0,1909.0,5.0,3.0,1909.0
251,214.0,214,"livros de emplacamento 6-5-1909 - L1. p,13",Cintia,8/10/2018,POINT(-46.623778544279034 -23.530920381915806),22.0,5.0,1937.0,,,
251,54.0,54,"livros de emplacamento 6-5-1909 - L1. p,13",Cintia,8/10/2018,POINT(-46.623778544279034 -23.530920381915806),10.0,9.0,1928.0,21.0,5.0,1937.0
251,3.0,3,"livros de emplacamento 6-5-1909 - L1. p,13",Cintia,8/10/2018,POINT(-46.623778544279034 -23.530920381915806),5.0,4.0,1909.0,10.0,8.0,1928.0
251,31.0,31,"livros de emplacamento 6-5-1909 - L1. p,13",Cintia,8/10/2018,POINT(-46.62543922266824 -23.531330748621343),22.0,5.0,1937.0,,,
251,1.0,1,"livros de emplacamento 6-5-1909 - L1. p,13",Cintia,8/10/2018,POINT(-46.62543922266824 -23.531330748621343),10.0,9.0,1928.0,21.0,5.0,1937.0
251,121.0,121,"livros de emplacamento 6-5-1909 - L1. p,13",Cintia,8/10/2018,POINT(-46.624628319888096 -23.530977040435467),22.0,5.0,1937.0,,,
251,19.0,19,"livros de emplacamento 6-5-1909 - L1. p,13",Cintia,8/10/2018,POINT(-46.624628319888096 -23.530977040435467),10.0,9.0,1928.0,21.0,5.0,1937.0
251,20.0,20,"livros de emplacamento 6-5-1909 - L1. p,13",Cintia,8/10/2018,POINT(-46.624628319888096 -23.530977040435467),8.0,8.0,1911.0,10.0,8.0,1928.0
251,22.0,22,"livros de emplacamento 6-5-1909 - L1. p,13",Cintia,8/10/2018,POINT(-46.624628319888096 -23.530977040435467),5.0,4.0,1909.0,13.0,6.0,1917.0
251,211.0,211,"livros de emplacamento 6-5-1909 - L1. p,13",Cintia,8/10/2018,POINT(-46.623819015938686 -23.530910402278252),22.0,5.0,1937.0,,,
251,41.0,41,"livros de emplacamento 6-5-1909 - L1. p,13",Cintia,8/10/2018,POINT(-46.623819015938686 -23.530910402278252),10.0,9.0,1928.0,21.0,5.0,1937.0
251,6.0,6,"livros de emplacamento 6-5-1909 - L1. p,13",Cintia,8/10/2018,POINT(-46.623819015938686 -23.530910402278252),5.0,4.0,1909.0,10.0,8.0,1928.0
251,2.0,2,"livros de emplacamento 6-5-1909 - L1. p,13",Cintia,8/10/2018,POINT(-46.623819015938686 -23.530910402278252),5.0,3.0,1909.0,5.0,3.0,1909.0
254,37.0,37,"livros de emplacamento 7-6-1917 - L3. p,60",Cintia,8/10/2018,POINT(-46.622334206681494 -23.529220099811003),14.0,5.0,1937.0,,,
254,1.0,1,"livros de emplacamento 7-6-1917 - L3. p,60",Cintia,8/10/2018,POINT(-46.622334206681494 -23.529220099811003),15.0,3.0,1929.0,13.0,5.0,1937.0
254,47.0,47,"livros de emplacamento 7-6-1917 - L3. p,60",Cintia,8/10/2018,POINT(-46.62223877269944 -23.52924377754649),14.0,5.0,1937.0,,,
254,3.0,3,"livros de emplacamento 7-6-1917 - L3. p,60",Cintia,8/10/2018,POINT(-46.62223877269944 -23.52924377754649),6.0,7.0,1917.0,13.0,5.0,1937.0
254,139.0,139,"livros de emplacamento 7-6-1917 - L3. p,60",Cintia,8/10/2018,POINT(-46.62137392921333 -23.529461199734996),14.0,5.0,1937.0,,,
254,13.0,13,"livros de emplacamento 7-6-1917 - L3. p,60",Cintia,8/10/2018,POINT(-46.62137392921333 -23.529461199734996),6.0,7.0,1917.0,13.0,5.0,1937.0
254,347.0,347,"livros de emplacamento 7-6-1917 - L3. p,60",Cintia,8/10/2018,POINT(-46.619400650204284 -23.529965250162153),14.0,5.0,1937.0,,,
254,31.0,31,"livros de emplacamento 7-6-1917 - L3. p,60",Cintia,8/10/2018,POINT(-46.619400650204284 -23.529965250162153),15.0,3.0,1929.0,13.0,5.0,1937.0
254,463.0,463,"livros de emplacamento 7-6-1917 - L3. p,60",Cintia,8/10/2018,POINT(-46.61831285785522 -23.530238210511484),14.0,5.0,1937.0,,,
254,53.0,53,"livros de emplacamento 7-6-1917 - L3. p,60",Cintia,8/10/2018,POINT(-46.61831285785522 -23.530238210511484),13.0,5.0,1937.0,13.0,5.0,1937.0
254,16.0,16,"livros de emplacamento 7-6-1917 - L3. p,60",Cintia,8/10/2018,POINT(-46.6225250746456 -23.52917274434002),14.0,5.0,1937.0,,,
254,2.0,2,"livros de emplacamento 7-6-1917 - L3. p,60",Cintia,8/10/2018,POINT(-46.6225250746456 -23.52917274434002),15.0,3.0,1929.0,13.0,5.0,1937.0
254,114.0,114,"livros de emplacamento 7-6-1917 - L3. p,60",Cintia,8/10/2018,POINT(-46.621611566384715 -23.52940023869489),14.0,5.0,1937.0,,,
254,16.0,16,"livros de emplacamento 7-6-1917 - L3. p,60",Cintia,8/10/2018,POINT(-46.621611566384715 -23.52940023869489),15.0,3.0,1929.0,13.0,5.0,1937.0
254,264.0,264,"livros de emplacamento 7-6-1917 - L3. p,60",Cintia,8/10/2018,POINT(-46.62019140138429 -23.529764553482185),14.0,5.0,1937.0,,,
254,28.0,28,"livros de emplacamento 7-6-1917 - L3. p,60",Cintia,8/10/2018,POINT(-46.62019140138429 -23.529764553482185),15.0,3.0,1929.0,13.0,5.0,1937.0
434,32.0,32,"livros de emplacamento 19-12-1928 - L13. p,34; 4-6-1938 - L24. p,370""",Cintia,8/10/2018,POINT(-46.63558572694116 -23.55720490158205),6.0,4.0,1938.0,,,
434,2.0,2,"livros de emplacamento 19-12-1928 - L13. p,34; 4-6-1938 - L24. p,370""",Cintia,8/10/2018,POINT(-46.63558572694116 -23.55720490158205),19.0,12.0,1928.0,4.0,3.0,1938.0
434,118.0,118,"livros de emplacamento 19-12-1928 - L13. p,34; 4-6-1938 - L24. p,370""",Cintia,8/10/2018,POINT(-46.63474116804898 -23.557153619380948),6.0,4.0,1938.0,,,
434,6.0,6,"livros de emplacamento 19-12-1928 - L13. p,34; 4-6-1938 - L24. p,370""",Cintia,8/10/2018,POINT(-46.63474116804898 -23.557153619380948),19.0,12.0,1928.0,4.0,3.0,1938.0
434,140.0,140,"livros de emplacamento 19-12-1928 - L13. p,34; 4-6-1938 - L24. p,370""",Cintia,8/10/2018,POINT(-46.634523223515195 -23.557142344383156),6.0,4.0,1938.0,,,
434,14.0,14,"livros de emplacamento 19-12-1928 - L13. p,34; 4-6-1938 - L24. p,370""",Cintia,8/10/2018,POINT(-46.634523223515195 -23.557142344383156),19.0,12.0,1928.0,4.0,3.0,1938.0
434,8.0,8,"livros de emplacamento 19-12-1928 - L13. p,34; 4-6-1938 - L24. p,370""",Cintia,8/10/2018,POINT(-46.634523223515195 -23.557142344383156),18.0,12.0,1928.0,18.0,12.0,1928.0
435,5.0,5,"livros de emplacamento 3-2-1912 - L8. p,192; 15-4-1935 - L19. p,265 a 266""",Cintia,8/10/2018,POINT(-46.63402627111934 -23.557097206434776),15.0,4.0,1935.0,,,
435,1.0,1,"livros de emplacamento 3-2-1912 - L8. p,192; 15-4-1935 - L19. p,265 a 266""",Cintia,8/10/2018,POINT(-46.63402627111934 -23.557097206434776),2.0,3.0,1912.0,14.0,4.0,1935.0
435,141.0,141,"livros de emplacamento 3-2-1912 - L8. p,192; 15-4-1935 - L19. p,265 a 266""",Cintia,8/10/2018,POINT(-46.63271534608178 -23.557016680525948),15.0,4.0,1935.0,,,
435,23.0,23,"livros de emplacamento 3-2-1912 - L8. p,192; 15-4-1935 - L19. p,265 a 266""",Cintia,8/10/2018,POINT(-46.63271534608178 -23.557016680525948),2.0,3.0,1912.0,14.0,4.0,1935.0
435,323.0,323,"livros de emplacamento 3-2-1912 - L8. p,192; 15-4-1935 - L19. p,265 a 266""",Cintia,8/10/2018,POINT(-46.63093577180987 -23.556910978610976),15.0,4.0,1935.0,,,
435,81.0,81,"livros de emplacamento 3-2-1912 - L8. p,192; 15-4-1935 - L19. p,265 a 266""",Cintia,8/10/2018,POINT(-46.63093577180987 -23.556910978610976),2.0,3.0,1912.0,14.0,4.0,1935.0
435,10.0,10,"livros de emplacamento 3-2-1912 - L8. p,192; 15-4-1935 - L19. p,265 a 266""",Cintia,8/10/2018,POINT(-46.633982240917966 -23.557072143549338),15.0,4.0,1935.0,,,
435,2.0,2,"livros de emplacamento 3-2-1912 - L8. p,192; 15-4-1935 - L19. p,265 a 266""",Cintia,8/10/2018,POINT(-46.633982240917966 -23.557072143549338),2.0,3.0,1912.0,14.0,4.0,1935.0
435,200.0,200,"livros de emplacamento 3-2-1912 - L8. p,192; 15-4-1935 - L19. p,265 a 266""",Cintia,8/10/2018,POINT(-46.632127715462985 -23.556988975255823),15.0,4.0,1935.0,,,
435,30.0,30,"livros de emplacamento 3-2-1912 - L8. p,192; 15-4-1935 - L19. p,265 a 266""",Cintia,8/10/2018,POINT(-46.632127715462985 -23.556988975255823),2.0,3.0,1912.0,14.0,4.0,1935.0
435,386.0,386,"livros de emplacamento 3-2-1912 - L8. p,192; 15-4-1935 - L19. p,265 a 266""",Cintia,8/10/2018,POINT(-46.63033563669909 -23.556876245286034),15.0,4.0,1935.0,,,
435,84.0,84,"livros de emplacamento 3-2-1912 - L8. p,192; 15-4-1935 - L19. p,265 a 266""",Cintia,8/10/2018,POINT(-46.63033563669909 -23.556876245286034),2.0,3.0,1912.0,14.0,4.0,1935.0
435,444.0,444,"livros de emplacamento 3-2-1912 - L8. p,192; 15-4-1935 - L19. p,265 a 266""",Cintia,8/10/2018,POINT(-46.62975877285121 -23.556844066913115),15.0,4.0,1935.0,,,
435,96.1,96 a,"livros de emplacamento 3-2-1912 - L8. p,192; 15-4-1935 - L19. p,265 a 266""",Cintia,8/10/2018,POINT(-46.62975877285121 -23.556844066913115),14.0,4.0,1935.0,14.0,4.0,1935.0
436,25.0,25,"livros de emplacamento 20-8-1908 - L2. p,5; 1-2-1912 - L2. p,31; 6-12-1924 - L2. p,64;17-8-1934 - L19. p,165 a 170""",Cintia,8/10/2018,POINT(-46.6282065588542 -23.558162206337947),20.0,8.0,1934.0,,,
436,1.0,1,"livros de emplacamento 20-8-1908 - L2. p,5; 1-2-1912 - L2. p,31; 6-12-1924 - L2. p,64;17-8-1934 - L19. p,165 a 170""",Cintia,8/10/2018,POINT(-46.6282065588542 -23.558162206337947),26.0,8.0,1908.0,19.0,8.0,1934.0
436,139.0,139,"livros de emplacamento 20-8-1908 - L2. p,5; 1-2-1912 - L2. p,31; 6-12-1924 - L2. p,64;17-8-1934 - L19. p,165 a 170""",Cintia,8/10/2018,POINT(-46.62930964142356 -23.55803941424465),20.0,8.0,1934.0,,,
436,29.0,29,"livros de emplacamento 20-8-1908 - L2. p,5; 1-2-1912 - L2. p,31; 6-12-1924 - L2. p,64;17-8-1934 - L19. p,165 a 170""",Cintia,8/10/2018,POINT(-46.62930964142356 -23.55803941424465),26.0,8.0,1908.0,19.0,8.0,1934.0
436,27.0,27,"livros de emplacamento 20-8-1908 - L2. p,5; 1-2-1912 - L2. p,31; 6-12-1924 - L2. p,64;17-8-1934 - L19. p,165 a 170""",Cintia,8/10/2018,POINT(-46.62930964142356 -23.55803941424465),25.0,8.0,1908.0,25.0,8.0,1908.0
436,503.0,503,"livros de emplacamento 20-8-1908 - L2. p,5; 1-2-1912 - L2. p,31; 6-12-1924 - L2. p,64;17-8-1934 - L19. p,165 a 170""",Cintia,8/10/2018,POINT(-46.63285932479229 -23.55823180017773),20.0,8.0,1934.0,,,
436,71.0,71,"livros de emplacamento 20-8-1908 - L2. p,5; 1-2-1912 - L2. p,31; 6-12-1924 - L2. p,64;17-8-1934 - L19. p,165 a 170""",Cintia,8/10/2018,POINT(-46.63285932479229 -23.55823180017773),2.0,1.0,1912.0,19.0,8.0,1934.0
436,69.0,69,"livros de emplacamento 20-8-1908 - L2. p,5; 1-2-1912 - L2. p,31; 6-12-1924 - L2. p,64;17-8-1934 - L19. p,165 a 170""",Cintia,8/10/2018,POINT(-46.63285932479229 -23.55823180017773),26.0,8.0,1908.0,31.0,1.0,1912.0
436,61.0,61 tinta,"livros de emplacamento 20-8-1908 - L2. p,5; 1-2-1912 - L2. p,31; 6-12-1924 - L2. p,64;17-8-1934 - L19. p,165 a 170""",Cintia,8/10/2018,POINT(-46.63285932479229 -23.55823180017773),25.0,8.0,1908.0,25.0,8.0,1908.0
436,18.0,18,"livros de emplacamento 20-8-1908 - L2. p,5; 1-2-1912 - L2. p,31; 6-12-1924 - L2. p,64;17-8-1934 - L19. p,165 a 170""",Cintia,8/10/2018,POINT(-46.62814075213426 -23.558181215816724),17.0,8.0,1934.0,,,
436,2.0,2,"livros de emplacamento 20-8-1908 - L2. p,5; 1-2-1912 - L2. p,31; 6-12-1924 - L2. p,64;17-8-1934 - L19. p,165 a 170""",Cintia,8/10/2018,POINT(-46.62814075213426 -23.558181215816724),26.0,8.0,1908.0,16.0,8.0,1934.0
436,148.0,148,"livros de emplacamento 20-8-1908 - L2. p,5; 1-2-1912 - L2. p,31; 6-12-1924 - L2. p,64;17-8-1934 - L19. p,165 a 170""",Cintia,8/10/2018,POINT(-46.62939272357994 -23.55804335015191),17.0,8.0,1934.0,,,
436,40.0,40,"livros de emplacamento 20-8-1908 - L2. p,5; 1-2-1912 - L2. p,31; 6-12-1924 - L2. p,64;17-8-1934 - L19. p,165 a 170""",Cintia,8/10/2018,POINT(-46.62939272357994 -23.55804335015191),26.0,8.0,1908.0,16.0,8.0,1934.0
436,452.0,452,"livros de emplacamento 20-8-1908 - L2. p,5; 1-2-1912 - L2. p,31; 6-12-1924 - L2. p,64;17-8-1934 - L19. p,165 a 170""",Cintia,8/10/2018,POINT(-46.632365158389206 -23.558200922174585),17.0,8.0,1934.0,,,
436,96.0,96,"livros de emplacamento 20-8-1908 - L2. p,5; 1-2-1912 - L2. p,31; 6-12-1924 - L2. p,64;17-8-1934 - L19. p,165 a 170""",Cintia,8/10/2018,POINT(-46.632365158389206 -23.558200922174585),26.0,8.0,1908.0,16.0,8.0,1934.0
436,92.0,92,"livros de emplacamento 20-8-1908 - L2. p,5; 1-2-1912 - L2. p,31; 6-12-1924 - L2. p,64;17-8-1934 - L19. p,165 a 170""",Cintia,8/10/2018,POINT(-46.632365158389206 -23.558200922174585),25.0,8.0,1908.0,25.0,8.0,1908.0
436,604.0,604,"livros de emplacamento 20-8-1908 - L2. p,5; 1-2-1912 - L2. p,31; 6-12-1924 - L2. p,64;17-8-1934 - L19. p,165 a 170""",Cintia,8/10/2018,POINT(-46.633859616098704 -23.55827049879711),17.0,8.0,1934.0,,,
436,126.0,126,"livros de emplacamento 20-8-1908 - L2. p,5; 1-2-1912 - L2. p,31; 6-12-1924 - L2. p,64;17-8-1934 - L19. p,165 a 170""",Cintia,8/10/2018,POINT(-46.633859616098704 -23.55827049879711),26.0,8.0,1908.0,16.0,8.0,1934.0
430,18.0,18,"livros de emplacamento 28-12-1929 - L16. p,56; 21-3-1938 - L24. p,237""",Cintia,8/10/2018,POINT(-46.63887214990387 -23.55569977583202),21.0,3.0,1938.0,,,
430,2.0,2,"livros de emplacamento 28-12-1929 - L16. p,56; 21-3-1938 - L24. p,237""",Cintia,8/10/2018,POINT(-46.63887214990387 -23.55569977583202),28.0,12.0,1929.0,20.0,3.0,1938.0
430,52.0,52,"livros de emplacamento 28-12-1929 - L16. p,56; 21-3-1938 - L24. p,237""",Cintia,8/10/2018,POINT(-46.63887214990387 -23.55569977583202),27.0,12.0,1929.0,27.0,12.0,1929.0
430,98.0,98,"livros de emplacamento 28-12-1929 - L16. p,56; 21-3-1938 - L24. p,237""",Cintia,8/10/2018,POINT(-46.63827471609634 -23.55529355778522),21.0,3.0,1938.0,,,
430,20.0,20,"livros de emplacamento 28-12-1929 - L16. p,56; 21-3-1938 - L24. p,237""",Cintia,8/10/2018,POINT(-46.63827471609634 -23.55529355778522),28.0,12.0,1929.0,20.0,3.0,1938.0
430,62.0,62,"livros de emplacamento 28-12-1929 - L16. p,56; 21-3-1938 - L24. p,237""",Cintia,8/10/2018,POINT(-46.63827471609634 -23.55529355778522),27.0,12.0,1929.0,27.0,12.0,1929.0
430,180.0,180,"livros de emplacamento 28-12-1929 - L16. p,56; 21-3-1938 - L24. p,237""",Cintia,8/10/2018,POINT(-46.63780504189156 -23.554687941933633),21.0,3.0,1938.0,,,
430,38.0,38,"livros de emplacamento 28-12-1929 - L16. p,56; 21-3-1938 - L24. p,237""",Cintia,8/10/2018,POINT(-46.63780504189156 -23.554687941933633),28.0,12.0,1929.0,20.0,3.0,1938.0
430,80.0,80,"livros de emplacamento 28-12-1929 - L16. p,56; 21-3-1938 - L24. p,237""",Cintia,8/10/2018,POINT(-46.63780504189156 -23.554687941933633),27.0,12.0,1929.0,27.0,12.0,1929.0
430,21.0,21,"livros de emplacamento 28-12-1929 - L16. p,56; 21-3-1938 - L24. p,237""",Cintia,8/10/2018,POINT(-46.6388342270363 -23.555689638024035),21.0,3.0,1938.0,,,
430,1.0,1,"livros de emplacamento 28-12-1929 - L16. p,56; 21-3-1938 - L24. p,237""",Cintia,8/10/2018,POINT(-46.6388342270363 -23.555689638024035),28.0,12.0,1929.0,20.0,3.0,1938.0
430,61.0,61,"livros de emplacamento 28-12-1929 - L16. p,56; 21-3-1938 - L24. p,237""",Cintia,8/10/2018,POINT(-46.638485234062586 -23.555566731428513),21.0,3.0,1938.0,,,
430,11.0,11,"livros de emplacamento 28-12-1929 - L16. p,56; 21-3-1938 - L24. p,237""",Cintia,8/10/2018,POINT(-46.638485234062586 -23.555566731428513),28.0,12.0,1929.0,20.0,3.0,1938.0
430,195.0,195,"livros de emplacamento 28-12-1929 - L16. p,56; 21-3-1938 - L24. p,237""",Cintia,8/10/2018,POINT(-46.63772016369127 -23.55457871903002),21.0,3.0,1938.0,,,
430,41.0,41,"livros de emplacamento 28-12-1929 - L16. p,56; 21-3-1938 - L24. p,237""",Cintia,8/10/2018,POINT(-46.63772016369127 -23.55457871903002),20.0,3.0,1938.0,20.0,3.0,1938.0
431,6.0,6,"livros de emplacamento 25-5-1908 - L4. p,68",Cintia,8/10/2018,POINT(-46.63538958725857 -23.554305606440195),3.0,7.0,1935.0,,,
431,2.0,2,"livros de emplacamento 25-5-1908 - L4. p,68",Cintia,8/10/2018,POINT(-46.63538958725857 -23.554305606440195),25.0,8.0,1908.0,3.0,6.0,1935.0
431,160.0,160,"livros de emplacamento 25-5-1908 - L4. p,68",Cintia,8/10/2018,POINT(-46.63516933326495 -23.555666947548232),3.0,7.0,1935.0,,,
431,46.0,46,"livros de emplacamento 25-5-1908 - L4. p,68",Cintia,8/10/2018,POINT(-46.63516933326495 -23.555666947548232),25.0,8.0,1908.0,3.0,6.0,1935.0
431,300.0,300,"livros de emplacamento 25-5-1908 - L4. p,68",Cintia,8/10/2018,POINT(-46.63508956676561 -23.556927881285095),3.0,7.0,1935.0,,,
431,76.0,76,"livros de emplacamento 25-5-1908 - L4. p,68",Cintia,8/10/2018,POINT(-46.63508956676561 -23.556927881285095),25.0,8.0,1908.0,3.0,6.0,1935.0
431,440.0,440,"livros de emplacamento 25-5-1908 - L4. p,68",Cintia,8/10/2018,POINT(-46.635003488554226 -23.558181194041666),3.0,7.0,1935.0,,,
431,98.0,98,"livros de emplacamento 25-5-1908 - L4. p,68",Cintia,8/10/2018,POINT(-46.635003488554226 -23.558181194041666),25.0,8.0,1908.0,3.0,6.0,1935.0
431,5.0,5,"livros de emplacamento 25-5-1908 - L4. p,68",Cintia,8/10/2018,POINT(-46.63538997136122 -23.554304794757623),3.0,7.0,1935.0,,,
431,1.0,1,"livros de emplacamento 25-5-1908 - L4. p,68",Cintia,8/10/2018,POINT(-46.63538997136122 -23.554304794757623),25.0,8.0,1908.0,3.0,6.0,1935.0
431,129.0,129,"livros de emplacamento 25-5-1908 - L4. p,68",Cintia,8/10/2018,POINT(-46.635192324506114 -23.555383274917297),3.0,7.0,1935.0,,,
431,31.0,31,"livros de emplacamento 25-5-1908 - L4. p,68",Cintia,8/10/2018,POINT(-46.635192324506114 -23.555383274917297),25.0,8.0,1908.0,3.0,6.0,1935.0
431,297.0,297,"livros de emplacamento 25-5-1908 - L4. p,68",Cintia,8/10/2018,POINT(-46.63509189116253 -23.55689113765808),3.0,7.0,1935.0,,,
431,71.0,71,"livros de emplacamento 25-5-1908 - L4. p,68",Cintia,8/10/2018,POINT(-46.63509189116253 -23.55689113765808),25.0,8.0,1908.0,3.0,6.0,1935.0
431,443.0,443,"livros de emplacamento 25-5-1908 - L4. p,68",Cintia,8/10/2018,POINT(-46.63500135005159 -23.55821165028809),3.0,7.0,1935.0,,,
431,95.0,95,"livros de emplacamento 25-5-1908 - L4. p,68",Cintia,8/10/2018,POINT(-46.63500135005159 -23.55821165028809),25.0,8.0,1908.0,3.0,6.0,1935.0
440,39.0,39,"livros de emplacamento 18-9-1922 - L1. p,73",Cintia,8/10/2018,POINT(-46.634578631718725 -23.555731524119743),2.0,9.0,1940.0,,,
440,11.0,11,"livros de emplacamento 18-9-1922 - L1. p,73",Cintia,8/10/2018,POINT(-46.634578631718725 -23.555731524119743),2.0,8.0,1940.0,2.0,8.0,1940.0
440,26.0,26,"livros de emplacamento 18-9-1922 - L1. p,73",Cintia,8/10/2018,POINT(-46.634584879653566 -23.555842563043377),2.0,9.0,1940.0,,,
440,2.0,2,"livros de emplacamento 18-9-1922 - L1. p,73",Cintia,8/10/2018,POINT(-46.634584879653566 -23.555842563043377),18.0,9.0,1922.0,2.0,8.0,1940.0
442,29.0,29,"livro de emplacamento 24-8-1936 - L21. p,259",Cintia,8/10/2018,POINT(-46.6309336363403 -23.557473479124212),24.0,8.0,1936.0,,,
442,31.0,31,"livro de emplacamento 24-8-1936 - L21. p,259",Cintia,8/10/2018,POINT(-46.6309336363403 -23.557473479124212),23.0,8.0,1936.0,23.0,8.0,1936.0
442,67.0,67,"livro de emplacamento 24-8-1936 - L21. p,259",Cintia,8/10/2018,POINT(-46.63129861347924 -23.557502016342916),24.0,8.0,1936.0,,,
442,59.0,59,"livro de emplacamento 24-8-1936 - L21. p,259",Cintia,8/10/2018,POINT(-46.63129861347924 -23.557502016342916),23.0,8.0,1936.0,23.0,8.0,1936.0
442,18.0,18,"livro de emplacamento 24-8-1936 - L21. p,259",Cintia,8/10/2018,POINT(-46.630820341925876 -23.557465800992226),24.0,8.0,1936.0,,,
489,83.0,83,"livros de emplacamento 25-7-1908 - L8. p,28 e 29; 24-8-1911 - L8. p,41 a 45; 2-8-1930 - L17. p,77 a 78; 18-2-1936 - L20. p,352 a 355""",Cintia,8/10/2018,,18.0,2.0,1936.0,,,
489,17.0,17,"livros de emplacamento 25-7-1908 - L8. p,28 e 29; 24-8-1911 - L8. p,41 a 45; 2-8-1930 - L17. p,77 a 78; 18-2-1936 - L20. p,352 a 355""",Cintia,8/10/2018,,25.0,7.0,1908.0,17.0,2.0,1936.0
489,93.0,93,"livros de emplacamento 25-7-1908 - L8. p,28 e 29; 24-8-1911 - L8. p,41 a 45; 2-8-1930 - L17. p,77 a 78; 18-2-1936 - L20. p,352 a 355""",Cintia,8/10/2018,,18.0,2.0,1936.0,,,
489,21.0,21,"livros de emplacamento 25-7-1908 - L8. p,28 e 29; 24-8-1911 - L8. p,41 a 45; 2-8-1930 - L17. p,77 a 78; 18-2-1936 - L20. p,352 a 355""",Cintia,8/10/2018,,25.0,7.0,1908.0,17.0,2.0,1936.0
489,313.0,313,"livros de emplacamento 25-7-1908 - L8. p,28 e 29; 24-8-1911 - L8. p,41 a 45; 2-8-1930 - L17. p,77 a 78; 18-2-1936 - L20. p,352 a 355""",Cintia,8/10/2018,,18.0,2.0,1936.0,,,
489,73.0,73,"livros de emplacamento 25-7-1908 - L8. p,28 e 29; 24-8-1911 - L8. p,41 a 45; 2-8-1930 - L17. p,77 a 78; 18-2-1936 - L20. p,352 a 355""",Cintia,8/10/2018,,8.0,2.0,1930.0,17.0,2.0,1936.0
489,67.0,67,"livros de emplacamento 25-7-1908 - L8. p,28 e 29; 24-8-1911 - L8. p,41 a 45; 2-8-1930 - L17. p,77 a 78; 18-2-1936 - L20. p,352 a 355""",Cintia,8/10/2018,,24.0,8.0,1911.0,8.0,1.0,1930.0
489,59.0,59,"livros de emplacamento 25-7-1908 - L8. p,28 e 29; 24-8-1911 - L8. p,41 a 45; 2-8-1930 - L17. p,77 a 78; 18-2-1936 - L20. p,352 a 355""",Cintia,8/10/2018,,25.0,4.0,1908.0,23.0,8.0,1911.0
489,42.0,42,"livros de emplacamento 25-7-1908 - L8. p,28 e 29; 24-8-1911 - L8. p,41 a 45; 2-8-1930 - L17. p,77 a 78; 18-2-1936 - L20. p,352 a 355""",Cintia,8/10/2018,,18.0,2.0,1936.0,,,
489,2.0,2,"livros de emplacamento 25-7-1908 - L8. p,28 e 29; 24-8-1911 - L8. p,41 a 45; 2-8-1930 - L17. p,77 a 78; 18-2-1936 - L20. p,352 a 355""",Cintia,8/10/2018,,8.0,2.0,1930.0,17.0,2.0,1936.0
489,6.0,6,"livros de emplacamento 25-7-1908 - L8. p,28 e 29; 24-8-1911 - L8. p,41 a 45; 2-8-1930 - L17. p,77 a 78; 18-2-1936 - L20. p,352 a 355""",Cintia,8/10/2018,,25.0,4.0,1908.0,8.0,1.0,1930.0
489,156.0,156,"livros de emplacamento 25-7-1908 - L8. p,28 e 29; 24-8-1911 - L8. p,41 a 45; 2-8-1930 - L17. p,77 a 78; 18-2-1936 - L20. p,352 a 355""",Cintia,8/10/2018,,18.0,2.0,1936.0,,,
489,36.0,36,"livros de emplacamento 25-7-1908 - L8. p,28 e 29; 24-8-1911 - L8. p,41 a 45; 2-8-1930 - L17. p,77 a 78; 18-2-1936 - L20. p,352 a 355""",Cintia,8/10/2018,,8.0,2.0,1930.0,17.0,2.0,1936.0
489,40.0,40,"livros de emplacamento 25-7-1908 - L8. p,28 e 29; 24-8-1911 - L8. p,41 a 45; 2-8-1930 - L17. p,77 a 78; 18-2-1936 - L20. p,352 a 355""",Cintia,8/10/2018,,25.0,4.0,1908.0,8.0,1.0,1930.0
489,318.0,318,"livros de emplacamento 25-7-1908 - L8. p,28 e 29; 24-8-1911 - L8. p,41 a 45; 2-8-1930 - L17. p,77 a 78; 18-2-1936 - L20. p,352 a 355""",Cintia,8/10/2018,,18.0,2.0,1936.0,,,
489,74.0,74,"livros de emplacamento 25-7-1908 - L8. p,28 e 29; 24-8-1911 - L8. p,41 a 45; 2-8-1930 - L17. p,77 a 78; 18-2-1936 - L20. p,352 a 355""",Cintia,8/10/2018,,8.0,2.0,1930.0,17.0,2.0,1936.0
489,78.0,78,"livros de emplacamento 25-7-1908 - L8. p,28 e 29; 24-8-1911 - L8. p,41 a 45; 2-8-1930 - L17. p,77 a 78; 18-2-1936 - L20. p,352 a 355""",Cintia,8/10/2018,,25.0,4.0,1908.0,8.0,1.0,1930.0
489,58.0,58,"livros de emplacamento 25-7-1908 - L8. p,28 e 29; 24-8-1911 - L8. p,41 a 45; 2-8-1930 - L17. p,77 a 78; 18-2-1936 - L20. p,352 a 355""",Cintia,8/10/2018,,24.0,4.0,1908.0,24.0,4.0,1908.0
495,63.0,63,"livros de emplacamento 15-7-1908 - L1. p,97; 27-3-1912 - L2. p,30; 27-8-1929 - L15. p,187/188; 27-4-1936 - L21. p,85 a 88""",Cintia,8/10/2018,POINT(-46.626198047199544 -23.541651545980628),27.0,4.0,1936.0,,,
495,3.0,3,"livros de emplacamento 15-7-1908 - L1. p,97; 27-3-1912 - L2. p,30; 27-8-1929 - L15. p,187/188; 27-4-1936 - L21. p,85 a 88""",Cintia,8/10/2018,POINT(-46.626198047199544 -23.541651545980628),15.0,7.0,1908.0,26.0,4.0,1936.0
495,7.0,7,"livros de emplacamento 15-7-1908 - L1. p,97; 27-3-1912 - L2. p,30; 27-8-1929 - L15. p,187/188; 27-4-1936 - L21. p,85 a 88""",Cintia,8/10/2018,POINT(-46.626198047199544 -23.541651545980628),14.0,7.0,1908.0,14.0,7.0,1908.0
495,239.0,239,"livros de emplacamento 15-7-1908 - L1. p,97; 27-3-1912 - L2. p,30; 27-8-1929 - L15. p,187/188; 27-4-1936 - L21. p,85 a 88""",Cintia,8/10/2018,POINT(-46.62458332268946 -23.541136725302565),27.0,4.0,1936.0,,,
495,59.0,59,"livros de emplacamento 15-7-1908 - L1. p,97; 27-3-1912 - L2. p,30; 27-8-1929 - L15. p,187/188; 27-4-1936 - L21. p,85 a 88""",Cintia,8/10/2018,POINT(-46.62458332268946 -23.541136725302565),27.0,3.0,1912.0,26.0,4.0,1936.0
495,55.0,55,"livros de emplacamento 15-7-1908 - L1. p,97; 27-3-1912 - L2. p,30; 27-8-1929 - L15. p,187/188; 27-4-1936 - L21. p,85 a 88""",Cintia,8/10/2018,POINT(-46.62458332268946 -23.541136725302565),15.0,7.0,1908.0,26.0,3.0,1912.0
495,35.0,35,"livros de emplacamento 15-7-1908 - L1. p,97; 27-3-1912 - L2. p,30; 27-8-1929 - L15. p,187/188; 27-4-1936 - L21. p,85 a 88""",Cintia,8/10/2018,POINT(-46.62458332268946 -23.541136725302565),14.0,7.0,1908.0,14.0,7.0,1908.0
495,409.0,409,"livros de emplacamento 15-7-1908 - L1. p,97; 27-3-1912 - L2. p,30; 27-8-1929 - L15. p,187/188; 27-4-1936 - L21. p,85 a 88""",Cintia,8/10/2018,POINT(-46.62301082168988 -23.54063010078185),27.0,4.0,1936.0,,,
495,119.0,119,"livros de emplacamento 15-7-1908 - L1. p,97; 27-3-1912 - L2. p,30; 27-8-1929 - L15. p,187/188; 27-4-1936 - L21. p,85 a 88""",Cintia,8/10/2018,POINT(-46.62301082168988 -23.54063010078185),27.0,8.0,1929.0,26.0,4.0,1936.0
495,117.0,117,"livros de emplacamento 15-7-1908 - L1. p,97; 27-3-1912 - L2. p,30; 27-8-1929 - L15. p,187/188; 27-4-1936 - L21. p,85 a 88""",Cintia,8/10/2018,POINT(-46.62301082168988 -23.54063010078185),27.0,3.0,1912.0,26.0,8.0,1929.0
495,115.0,115,"livros de emplacamento 15-7-1908 - L1. p,97; 27-3-1912 - L2. p,30; 27-8-1929 - L15. p,187/188; 27-4-1936 - L21. p,85 a 88""",Cintia,8/10/2018,POINT(-46.62301082168988 -23.54063010078185),15.0,7.0,1908.0,26.0,3.0,1912.0
495,87.0,87,"livros de emplacamento 15-7-1908 - L1. p,97; 27-3-1912 - L2. p,30; 27-8-1929 - L15. p,187/188; 27-4-1936 - L21. p,85 a 88""",Cintia,8/10/2018,POINT(-46.62301082168988 -23.54063010078185),14.0,7.0,1908.0,14.0,7.0,1908.0
495,493.0,493,"livros de emplacamento 15-7-1908 - L1. p,97; 27-3-1912 - L2. p,30; 27-8-1929 - L15. p,187/188; 27-4-1936 - L21. p,85 a 88""",Cintia,8/10/2018,POINT(-46.62222739004517 -23.540377534560534),27.0,4.0,1936.0,,,
495,153.0,153,"livros de emplacamento 15-7-1908 - L1. p,97; 27-3-1912 - L2. p,30; 27-8-1929 - L15. p,187/188; 27-4-1936 - L21. p,85 a 88""",Cintia,8/10/2018,POINT(-46.62222739004517 -23.540377534560534),27.0,8.0,1929.0,26.0,4.0,1936.0
495,487.0,487,"livros de emplacamento 15-7-1908 - L1. p,97; 27-3-1912 - L2. p,30; 27-8-1929 - L15. p,187/188; 27-4-1936 - L21. p,85 a 88""",Cintia,8/10/2018,POINT(-46.62228004995525 -23.540394511299468),27.0,4.0,1936.0,,,
495,151.0,151,"livros de emplacamento 15-7-1908 - L1. p,97; 27-3-1912 - L2. p,30; 27-8-1929 - L15. p,187/188; 27-4-1936 - L21. p,85 a 88""",Cintia,8/10/2018,POINT(-46.62228004995525 -23.540394511299468),27.0,8.0,1929.0,26.0,4.0,1936.0
495,153.0,153,"livros de emplacamento 15-7-1908 - L1. p,97; 27-3-1912 - L2. p,30; 27-8-1929 - L15. p,187/188; 27-4-1936 - L21. p,85 a 88""",Cintia,8/10/2018,POINT(-46.62228004995525 -23.540394511299468),27.0,3.0,1912.0,26.0,8.0,1929.0
495,151.0,151,"livros de emplacamento 15-7-1908 - L1. p,97; 27-3-1912 - L2. p,30; 27-8-1929 - L15. p,187/188; 27-4-1936 - L21. p,85 a 88""",Cintia,8/10/2018,POINT(-46.62228004995525 -23.540394511299468),15.0,7.0,1908.0,26.0,3.0,1912.0
495,123.0,123,"livros de emplacamento 15-7-1908 - L1. p,97; 27-3-1912 - L2. p,30; 27-8-1929 - L15. p,187/188; 27-4-1936 - L21. p,85 a 88""",Cintia,8/10/2018,POINT(-46.62228004995525 -23.540394511299468),14.0,7.0,1908.0,14.0,7.0,1908.0
495,24.0,24,"livros de emplacamento 15-7-1908 - L1. p,97; 27-3-1912 - L2. p,30; 27-8-1929 - L15. p,187/188; 27-4-1936 - L21. p,85 a 88""",Cintia,8/10/2018,POINT(-46.62656889744498 -23.541769783719406),27.0,4.0,1936.0,,,
495,2.0,2,"livros de emplacamento 15-7-1908 - L1. p,97; 27-3-1912 - L2. p,30; 27-8-1929 - L15. p,187/188; 27-4-1936 - L21. p,85 a 88""",Cintia,8/10/2018,POINT(-46.62656889744498 -23.541769783719406),15.0,7.0,1908.0,26.0,4.0,1936.0
495,394.0,394,"livros de emplacamento 15-7-1908 - L1. p,97; 27-3-1912 - L2. p,30; 27-8-1929 - L15. p,187/188; 27-4-1936 - L21. p,85 a 88""",Cintia,8/10/2018,POINT(-46.62222461847095 -23.54037664104796),27.0,4.0,1936.0,,,
495,120.0,120,"livros de emplacamento 15-7-1908 - L1. p,97; 27-3-1912 - L2. p,30; 27-8-1929 - L15. p,187/188; 27-4-1936 - L21. p,85 a 88""",Cintia,8/10/2018,POINT(-46.62222461847095 -23.54037664104796),27.0,8.0,1929.0,26.0,4.0,1936.0
495,114.0,114,"livros de emplacamento 15-7-1908 - L1. p,97; 27-3-1912 - L2. p,30; 27-8-1929 - L15. p,187/188; 27-4-1936 - L21. p,85 a 88""",Cintia,8/10/2018,POINT(-46.62222461847095 -23.54037664104796),15.0,7.0,1908.0,26.0,8.0,1929.0
495,78.0,78,"livros de emplacamento 15-7-1908 - L1. p,97; 27-3-1912 - L2. p,30; 27-8-1929 - L15. p,187/188; 27-4-1936 - L21. p,85 a 88""",Cintia,8/10/2018,POINT(-46.62222461847095 -23.54037664104796),14.0,7.0,1908.0,14.0,7.0,1908.0
495,486.0,486,"livros de emplacamento 15-7-1908 - L1. p,97; 27-3-1912 - L2. p,30; 27-8-1929 - L15. p,187/188; 27-4-1936 - L21. p,85 a 88""",Cintia,8/10/2018,POINT(-46.62229575554247 -23.540399574537393),27.0,4.0,1936.0,,,
495,152.0,152,"livros de emplacamento 15-7-1908 - L1. p,97; 27-3-1912 - L2. p,30; 27-8-1929 - L15. p,187/188; 27-4-1936 - L21. p,85 a 88""",Cintia,8/10/2018,POINT(-46.62229575554247 -23.540399574537393),15.0,7.0,1908.0,26.0,4.0,1936.0
495,118.0,118,"livros de emplacamento 15-7-1908 - L1. p,97; 27-3-1912 - L2. p,30; 27-8-1929 - L15. p,187/188; 27-4-1936 - L21. p,85 a 88""",Cintia,8/10/2018,POINT(-46.62229575554247 -23.540399574537393),14.0,7.0,1908.0,14.0,7.0,1908.0
502,17.0,17,"livros de emplacamento 24-1-1911 - L2. p,20; 4-9-1921 - L2. p,55; 29-10-1924 - L2. p,60; 1-9-1925 - L2. p,65;16-12-1935 - L20. p,233""",Cintia,8/10/2018,POINT(-46.651832516413954 -23.538499362080707),16.0,12.0,1935.0,,,
502,1.0,1,"livros de emplacamento 24-1-1911 - L2. p,20; 4-9-1921 - L2. p,55; 29-10-1924 - L2. p,60; 1-9-1925 - L2. p,65;16-12-1935 - L20. p,233""",Cintia,8/10/2018,POINT(-46.651832516413954 -23.538499362080707),24.0,1.0,1911.0,15.0,12.0,1935.0
502,211.0,211,"livros de emplacamento 24-1-1911 - L2. p,20; 4-9-1921 - L2. p,55; 29-10-1924 - L2. p,60; 1-9-1925 - L2. p,65;16-12-1935 - L20. p,233""",Cintia,8/10/2018,POINT(-46.65330561301258 -23.537339661335064),16.0,12.0,1935.0,,,
502,47.0,47,"livros de emplacamento 24-1-1911 - L2. p,20; 4-9-1921 - L2. p,55; 29-10-1924 - L2. p,60; 1-9-1925 - L2. p,65;16-12-1935 - L20. p,233""",Cintia,8/10/2018,POINT(-46.65330561301258 -23.537339661335064),9.0,4.0,1921.0,15.0,12.0,1935.0
502,43.0,43,"livros de emplacamento 24-1-1911 - L2. p,20; 4-9-1921 - L2. p,55; 29-10-1924 - L2. p,60; 1-9-1925 - L2. p,65;16-12-1935 - L20. p,233""",Cintia,8/10/2018,POINT(-46.65330561301258 -23.537339661335064),24.0,1.0,1911.0,9.0,3.0,1921.0
502,295.0,295,"livros de emplacamento 24-1-1911 - L2. p,20; 4-9-1921 - L2. p,55; 29-10-1924 - L2. p,60; 1-9-1925 - L2. p,65;16-12-1935 - L20. p,233""",Cintia,8/10/2018,POINT(-46.65403188469431 -23.537028424588613),16.0,12.0,1935.0,,,
502,59.0,59,"livros de emplacamento 24-1-1911 - L2. p,20; 4-9-1921 - L2. p,55; 29-10-1924 - L2. p,60; 1-9-1925 - L2. p,65;16-12-1935 - L20. p,233""",Cintia,8/10/2018,POINT(-46.65403188469431 -23.537028424588613),9.0,4.0,1921.0,15.0,12.0,1935.0
502,55.0,55,"livros de emplacamento 24-1-1911 - L2. p,20; 4-9-1921 - L2. p,55; 29-10-1924 - L2. p,60; 1-9-1925 - L2. p,65;16-12-1935 - L20. p,233""",Cintia,8/10/2018,POINT(-46.65403188469431 -23.537028424588613),24.0,1.0,1911.0,9.0,3.0,1921.0
502,39.0,39,"livros de emplacamento 24-1-1911 - L2. p,20; 4-9-1921 - L2. p,55; 29-10-1924 - L2. p,60; 1-9-1925 - L2. p,65;16-12-1935 - L20. p,233""",Cintia,8/10/2018,POINT(-46.65403188469431 -23.537028424588613),23.0,1.0,1911.0,23.0,1.0,1911.0
502,14.0,14,"livros de emplacamento 24-1-1911 - L2. p,20; 4-9-1921 - L2. p,55; 29-10-1924 - L2. p,60; 1-9-1925 - L2. p,65;16-12-1935 - L20. p,233""",Cintia,8/10/2018,POINT(-46.65181140755788 -23.53851598010572),16.0,12.0,1935.0,,,
502,2.0,2,"livros de emplacamento 24-1-1911 - L2. p,20; 4-9-1921 - L2. p,55; 29-10-1924 - L2. p,60; 1-9-1925 - L2. p,65;16-12-1935 - L20. p,233""",Cintia,8/10/2018,POINT(-46.65181140755788 -23.53851598010572),24.0,1.0,1911.0,15.0,12.0,1935.0
502,180.0,180,"livros de emplacamento 24-1-1911 - L2. p,20; 4-9-1921 - L2. p,55; 29-10-1924 - L2. p,60; 1-9-1925 - L2. p,65;16-12-1935 - L20. p,233""",Cintia,8/10/2018,POINT(-46.653066630606354 -23.537527801118262),16.0,12.0,1935.0,,,
502,36.0,36,"livros de emplacamento 24-1-1911 - L2. p,20; 4-9-1921 - L2. p,55; 29-10-1924 - L2. p,60; 1-9-1925 - L2. p,65;16-12-1935 - L20. p,233""",Cintia,8/10/2018,POINT(-46.653066630606354 -23.537527801118262),24.0,1.0,1911.0,15.0,12.0,1935.0
502,28.0,28,"livros de emplacamento 24-1-1911 - L2. p,20; 4-9-1921 - L2. p,55; 29-10-1924 - L2. p,60; 1-9-1925 - L2. p,65;16-12-1935 - L20. p,233""",Cintia,8/10/2018,POINT(-46.653066630606354 -23.537527801118262),23.0,1.0,1911.0,23.0,1.0,1911.0
502,284.0,284,"livros de emplacamento 24-1-1911 - L2. p,20; 4-9-1921 - L2. p,55; 29-10-1924 - L2. p,60; 1-9-1925 - L2. p,65;16-12-1935 - L20. p,233""",Cintia,8/10/2018,POINT(-46.65392709780897 -23.53705978852172),16.0,12.0,1935.0,,,
307,25.0,25,"livros de emplacamento 25-3-1909 - L6. p,96; 26-10-1935 - L20. p,129-130""",Cintia,8/10/2018,POINT(-46.646521996278615 -23.541241613966257),26.0,10.0,1935.0,,,
307,38.0,38,"livros de emplacamento 25-3-1909 - L6. p,96; 26-10-1935 - L20. p,129-130""",Cintia,8/10/2018,POINT(-46.646521996278615 -23.541241613966257),25.0,3.0,1909.0,25.0,10.0,1935.0
307,155.0,155,"livros de emplacamento 25-3-1909 - L6. p,96; 26-10-1935 - L20. p,129-130""",Cintia,8/10/2018,POINT(-46.646291325350006 -23.54009196905311),26.0,10.0,1935.0,,,
307,16.0,16,"livros de emplacamento 25-3-1909 - L6. p,96; 26-10-1935 - L20. p,129-130""",Cintia,8/10/2018,POINT(-46.646291325350006 -23.54009196905311),25.0,3.0,1909.0,25.0,10.0,1935.0
307,209.0,209,"livros de emplacamento 25-3-1909 - L6. p,96; 26-10-1935 - L20. p,129-130""",Cintia,8/10/2018,POINT(-46.646193927770845 -23.53961732923548),26.0,10.0,1935.0,,,
307,2.0,2,"livros de emplacamento 25-3-1909 - L6. p,96; 26-10-1935 - L20. p,129-130""",Cintia,8/10/2018,POINT(-46.646193927770845 -23.53961732923548),25.0,3.0,1909.0,25.0,10.0,1935.0
307,64.0,64,"livros de emplacamento 25-3-1909 - L6. p,96; 26-10-1935 - L20. p,129-130""",Cintia,8/10/2018,POINT(-46.64645380299773 -23.540904430792565),26.0,10.0,1935.0,,,
307,39.0,39,"livros de emplacamento 25-3-1909 - L6. p,96; 26-10-1935 - L20. p,129-130""",Cintia,8/10/2018,POINT(-46.64645380299773 -23.540904430792565),25.0,3.0,1909.0,25.0,10.0,1935.0
307,104.0,104,"livros de emplacamento 25-3-1909 - L6. p,96; 26-10-1935 - L20. p,129-130""",Cintia,8/10/2018,POINT(-46.64638347287378 -23.540541024196553),26.0,10.0,1935.0,,,
307,27.0,27,"livros de emplacamento 25-3-1909 - L6. p,96; 26-10-1935 - L20. p,129-130""",Cintia,8/10/2018,POINT(-46.64638347287378 -23.540541024196553),25.0,3.0,1909.0,25.0,10.0,1935.0
307,220.0,220,"livros de emplacamento 25-3-1909 - L6. p,96; 26-10-1935 - L20. p,129-130""",Cintia,8/10/2018,POINT(-46.64617401376767 -23.539520283919607),26.0,10.0,1935.0,,,
307,3.0,3,"livros de emplacamento 25-3-1909 - L6. p,96; 26-10-1935 - L20. p,129-130""",Cintia,8/10/2018,POINT(-46.64617401376767 -23.539520283919607),25.0,3.0,1909.0,25.0,10.0,1935.0
296,11.0,11,"Livro de Emplacamento - 30-6-1908 - L5. p,42",Cintia,8/10/2018,POINT(-46.6555943819574 -23.541550788134614),12.0,7.0,1935.0,,,
296,1.0,1,"Livro de Emplacamento - 30-6-1908 - L5. p,42",Cintia,8/10/2018,POINT(-46.6555943819574 -23.541550788134614),30.0,6.0,1908.0,12.0,6.0,1935.0
296,449.0,449,"Livro de Emplacamento - 30-6-1908 - L5. p,42",Cintia,8/10/2018,POINT(-46.651306948477746 -23.541658567426705),12.0,7.0,1935.0,,,
296,49.0,49,"Livro de Emplacamento - 30-6-1908 - L5. p,42",Cintia,8/10/2018,POINT(-46.651306948477746 -23.541658567426705),9.0,4.0,1929.0,12.0,6.0,1935.0
296,43.0,43,"Livro de Emplacamento - 30-6-1908 - L5. p,42",Cintia,8/10/2018,POINT(-46.651306948477746 -23.541658567426705),15.0,3.0,1911.0,9.0,3.0,1929.0
296,33.0,33,"Livro de Emplacamento - 30-6-1908 - L5. p,42",Cintia,8/10/2018,POINT(-46.651306948477746 -23.541658567426705),30.0,6.0,1908.0,14.0,3.0,1911.0
296,50.0,50,"Livro de Emplacamento - 30-6-1908 - L5. p,42",Cintia,8/10/2018,POINT(-46.65105244964156 -23.541665192103522),30.0,6.0,1908.0,14.0,3.0,1911.0
296,82.0,82,"Livro de Emplacamento - 30-6-1908 - L5. p,42",Cintia,8/10/2018,POINT(-46.65105244964156 -23.541665192103522),15.0,3.0,1911.0,9.0,3.0,1929.0
296,474.0,474,"Livro de Emplacamento - 30-6-1908 - L5. p,42",Cintia,8/10/2018,POINT(-46.65105244964156 -23.541665192103522),12.0,7.0,1935.0,,,
296,780.0,780,"Livro de Emplacamento - 30-6-1908 - L5. p,42",Cintia,8/10/2018,POINT(-46.64806274417274 -23.54173455113121),12.0,7.0,1935.0,,,
296,138.0,138,"Livro de Emplacamento - 30-6-1908 - L5. p,42",Cintia,8/10/2018,POINT(-46.64806274417274 -23.54173455113121),9.0,3.0,1929.0,9.0,3.0,1929.0
296,785.0,785,"Livro de Emplacamento - 30-6-1908 - L5. p,42",Cintia,8/10/2018,POINT(-46.64801085313456 -23.541735583208766),12.0,7.0,1935.0,,,
296,107.0,107,"Livro de Emplacamento - 30-6-1908 - L5. p,42",Cintia,8/10/2018,POINT(-46.64801085313456 -23.541735583208766),9.0,4.0,1929.0,12.0,6.0,1935.0
296,101.0,101,"Livro de Emplacamento - 30-6-1908 - L5. p,42",Cintia,8/10/2018,POINT(-46.64801085313456 -23.541735583208766),9.0,3.0,1929.0,9.0,3.0,1929.0
301,47.0,47,"Livro de Emplacamento - 17-1-1909 - L6. p,98",Cintia,8/10/2018,POINT(-46.655576930568145 -23.542635598956196),12.0,9.0,1935.0,,,
301,1.0,1,"Livro de Emplacamento - 17-1-1909 - L6. p,98",Cintia,8/10/2018,POINT(-46.655576930568145 -23.542635598956196),17.0,1.0,1909.0,12.0,8.0,1935.0
301,237.0,237,"Livro de Emplacamento - 17-1-1909 - L6. p,98",Cintia,8/10/2018,POINT(-46.653709034482446 -23.54268278248221),12.0,9.0,1935.0,,,
301,29.0,29,"Livro de Emplacamento - 17-1-1909 - L6. p,98",Cintia,8/10/2018,POINT(-46.653709034482446 -23.54268278248221),17.0,1.0,1909.0,12.0,8.0,1935.0
301,315.0,315,"Livro de Emplacamento - 17-1-1909 - L6. p,98",Cintia,8/10/2018,POINT(-46.65295408908135 -23.54269405256088),12.0,9.0,1935.0,,,
301,51.0,51,"Livro de Emplacamento - 17-1-1909 - L6. p,98",Cintia,8/10/2018,POINT(-46.65295408908135 -23.54269405256088),17.0,1.0,1909.0,12.0,8.0,1935.0
301,451.0,451,"Livro de Emplacamento - 17-1-1909 - L6. p,98",Cintia,8/10/2018,POINT(-46.651621301800496 -23.54270523362912),12.0,9.0,1935.0,,,
301,81.0,81,"Livro de Emplacamento - 17-1-1909 - L6. p,98",Cintia,8/10/2018,POINT(-46.651621301800496 -23.54270523362912),31.0,12.0,1914.0,12.0,8.0,1935.0
301,90.0,90,"Livro de Emplacamento - 17-1-1909 - L6. p,98",Cintia,8/10/2018,POINT(-46.65515406084046 -23.542648332133886),12.0,9.0,1935.0,,,
301,8.0,8 Tinta,"Livro de Emplacamento - 17-1-1909 - L6. p,98",Cintia,8/10/2018,POINT(-46.65515406084046 -23.542648332133886),31.0,12.0,1914.0,12.0,8.0,1935.0
301,234.0,234,"Livro de Emplacamento - 17-1-1909 - L6. p,98",Cintia,8/10/2018,POINT(-46.65374428336621 -23.54268211961661),12.0,9.0,1935.0,,,
301,42.0,42,"Livro de Emplacamento - 17-1-1909 - L6. p,98",Cintia,8/10/2018,POINT(-46.65374428336621 -23.54268211961661),31.0,12.0,1914.0,12.0,8.0,1935.0
301,446.0,446,"Livro de Emplacamento - 17-1-1909 - L6. p,98",Cintia,8/10/2018,POINT(-46.65166634784895 -23.542704792980633),12.0,9.0,1935.0,,,
301,86.0,86,"Livro de Emplacamento - 17-1-1909 - L6. p,98",Cintia,8/10/2018,POINT(-46.65166634784895 -23.542704792980633),31.0,12.0,1914.0,12.0,8.0,1935.0
35,10.0,10,"Livro de emplacamento 26. p,208",Cintia,8/10/2018,POINT(-46.63417792437852 -23.543908806368247),24.0,10.0,1939.0,,,
35,2.0,2,"Livro de emplacamento 8. p,189",Cintia,8/10/2018,POINT(-46.63417792437852 -23.543908806368247),6.0,1.0,1912.0,23.0,10.0,1939.0
35,56.0,56,"Livro de emplacamento 26. p,208",Cintia,8/10/2018,POINT(-46.633912376672185 -23.544124032838294),24.0,10.0,1939.0,,,
35,14.0,14,"Livro de emplacamento 26. p,208",Cintia,8/10/2018,POINT(-46.633912376672185 -23.544124032838294),6.0,1.0,1912.0,23.0,10.0,1939.0
35,9.0,9,"Livro de emplacamento 26. p,208",Cintia,8/10/2018,POINT(-46.634186586641526 -23.543905122071106),24.0,10.0,1939.0,,,
35,25.0,25,"Livro de emplacamento 26. p,208",Cintia,8/10/2018,POINT(-46.63404799043335 -23.543964070825343),24.0,10.0,1939.0,,,
35,1.0,1,"Livro de emplacamento 26. p,208",Cintia,8/10/2018,POINT(-46.63404799043335 -23.543964070825343),6.0,1.0,1912.0,23.0,10.0,1939.0
35,97.0,97 alto,"Livro de emplacamento 8. p,189",Cintia,8/10/2018,POINT(-46.63404799043335 -23.543964070825343),6.0,1.0,1912.0,31.0,5.0,1912.0
35,83.0,83,"Livro de emplacamento 26. p,208",Cintia,8/10/2018,POINT(-46.63406544534676 -23.544309401832052),24.0,10.0,1939.0,,,
38,17.0,17,Livro de emplacamento 21. p. 226,Cintia,8/10/2018,POINT(-46.63155797478726 -23.54762155319335),8.0,6.0,1936.0,,,
38,1.0,1,Livro de emplacamento 21. p. 226,Cintia,8/10/2018,POINT(-46.63155797478726 -23.54762155319335),23.0,4.0,1909.0,8.0,5.0,1936.0
38,53.0,53,Livro de emplacamento 21. p. 226,Cintia,8/10/2018,POINT(-46.63122662470948 -23.547511200361164),8.0,6.0,1936.0,,,
38,15.0,15,Livro de emplacamento 21. p. 226,Cintia,8/10/2018,POINT(-46.63122662470948 -23.547511200361164),23.0,4.0,1909.0,6.0,5.0,1936.0
38,12.0,12,Livro de emplacamento 21. p. 226,Cintia,8/10/2018,POINT(-46.6316039956314 -23.547636879975595),8.0,6.0,1936.0,,,
38,18.0,18,Livro de emplacamento 21. p. 226,Cintia,8/10/2018,POINT(-46.63154877061844 -23.5476184878369),8.0,6.0,1936.0,,,
38,2.0,2,LIvro de emplacamento 21. p. 226,Cintia,8/10/2018,POINT(-46.63154877061844 -23.5476184878369),23.0,4.0,1909.0,6.0,5.0,1936.0
38,52.0,52,Livro de emplacamento 21. p. 226,Cintia,8/10/2018,POINT(-46.6312358288783 -23.547514265717613),8.0,6.0,1936.0,,,
38,42.0,42,Livro de emplacamento 21. p. 226,Cintia,8/10/2018,POINT(-46.63132787056658 -23.54754491928211),8.0,6.0,1936.0,,,
38,10.0,10,Livro de emplacamento 21. p. 226,Cintia,8/10/2018,POINT(-46.63132787056658 -23.54754491928211),23.0,4.0,1909.0,6.0,5.0,1936.0
37,12.0,12,"Livro de emplacamento 21. p,221",Cintia,8/10/2018,POINT(-46.63175138537035 -23.547310521753797),8.0,6.0,1936.0,,,
37,20.0,20,LIvro de emplacamento 21. p. 221,Cintia,8/10/2018,POINT(-46.6316795368197 -23.547281902830715),8.0,6.0,1936.0,,,
37,8.0,8,Livro de emplacamento 21. p. 221,Cintia,8/10/2018,POINT(-46.6316795368197 -23.547281902830715),8.0,5.0,1936.0,8.0,5.0,1936.0
37,58.0,58,Livro de emplacamento 21. p. 221,Cintia,8/10/2018,POINT(-46.63133825620413 -23.547145962946086),8.0,6.0,1936.0,,,
37,24.0,24,Livro de emplacamento 21. p. 221,Cintia,8/10/2018,POINT(-46.63133825620413 -23.547145962946086),8.0,5.0,1936.0,8.0,5.0,1936.0
39,14.0,14,Livro de emplacamento 21. p. 222,Cintia,8/10/2018,POINT(-46.631521620775146 -23.547773174371326),8.0,6.0,1936.0,,,
39,2.0,2,Livro de emplacamento 21. p. 222,Cintia,8/10/2018,POINT(-46.631521620775146 -23.547773174371326),23.0,4.0,1909.0,8.0,5.0,1936.0
39,58.0,58,Livro de emplacamento 21. p. 222,Cintia,8/10/2018,POINT(-46.63111321286185 -23.547647577825348),8.0,6.0,1936.0,,,
39,20.0,20,Livro de emplacamento 21. p. 222,Cintia,8/10/2018,POINT(-46.63111321286185 -23.547647577825348),8.0,5.0,1936.0,8.0,5.0,1936.0
39,13.0,13,Livro de emplacamento 21. p. 222,Cintia,8/10/2018,POINT(-46.63153087188031 -23.54777612773469),8.0,6.0,1936.0,,,
39,17.0,17,Livro de emplacamento 21. p. 222,Cintia,8/10/2018,POINT(-46.63149386745966 -23.54776431428123),8.0,6.0,1936.0,,,
39,1.0,1,Livro de emplacamento 21. p. 222,Cintia,8/10/2018,POINT(-46.63149386745966 -23.54776431428123),23.0,4.0,1909.0,8.0,5.0,1936.0
39,51.0,51,Livro de emplacamento 21. p. 222,Cintia,8/10/2018,POINT(-46.631168936497744 -23.547664603314185),8.0,6.0,1936.0,,,
39,11.0,11,LIvro de emplacamento 21. p. 222,Cintia,8/10/2018,POINT(-46.631168936497744 -23.547664603314185),23.0,4.0,1909.0,8.0,5.0,1936.0
40,19.0,19,Livro de emplacamento 21. p. 215,Cintia,8/10/2018,POINT(-46.63432460483235 -23.54821901875324),30.0,7.0,1936.0,,,
40,1.0,1,Livro de emplacamento 21. p. 215,Cintia,8/10/2018,POINT(-46.63432460483235 -23.54821901875324),22.0,6.0,1928.0,29.0,7.0,1936.0
40,49.0,49,Livro de emplacamento 21. p. 215,Cintia,8/10/2018,POINT(-46.634039689300494 -23.548153993242146),30.0,7.0,1936.0,,,
40,43.0,43,Livro de emplacamento 21. p. 215,Cintia,8/10/2018,POINT(-46.6340967576803 -23.54816665196454),30.0,7.0,1936.0,,,
40,9.0,9,Livro de emplacamento 21. p. 215,Cintia,8/10/2018,POINT(-46.6340967576803 -23.54816665196454),20.0,6.0,1928.0,29.0,7.0,1936.0
40,3.0,3,Livro de emplacamento 14. p. 95,Cintia,8/10/2018,POINT(-46.63432460483235 -23.54821901875324),22.0,6.0,1928.0,29.0,7.0,1936.0
40,11.0,11,Livro de emplacamento 14. p. 95,Cintia,8/10/2018,POINT(-46.6340967576803 -23.54816665196454),20.0,6.0,1928.0,29.0,7.0,1936.0
44,12.0,12,Livro de emplacamento 21. p. 358,Cintia,8/10/2018,POINT(-46.633647293477345 -23.548604408900573),12.0,7.0,1936.0,,,
44,7.0,7,Livro de emplacamento 21. p. 358,Cintia,8/10/2018,POINT(-46.633647293477345 -23.548604408900573),12.0,6.0,1936.0,12.0,6.0,1936.0
44,54.0,54,LIvro de emplacamento 21. p. 358,Cintia,8/10/2018,POINT(-46.63327108098816 -23.548451957825257),12.0,7.0,1936.0,,,
44,1.0,1,Livro de emplacamento 21. p. 358,Cintia,8/10/2018,POINT(-46.63327108098816 -23.548451957825257),12.0,6.0,1936.0,12.0,6.0,1936.0
48,2.0,2,Livro de emplacamento 19. p. 106,Cintia,8/10/2018,POINT(-46.641679541706985 -23.545236062536784),12.0,5.0,1933.0,,,
48,6.0,6,LIvro de emplacamento 19. p. 106,Cintia,8/10/2018,POINT(-46.641679541706985 -23.545236062536784),2.0,11.0,1909.0,6.0,4.0,1933.0
48,0.0,0,Livro de emplacamento 8. p. 121,Cintia,8/10/2018,POINT(-46.641679541706985 -23.545236062536784),2.0,11.0,1909.0,,,
48,222.0,222,Livro de emplacamento 19. p. 106,Cintia,8/10/2018,POINT(-46.64006506545408 -23.543927037725133),12.0,5.0,1933.0,,,
48,34.0,34,Livro de emplacamento 19. p. 106,Cintia,8/10/2018,POINT(-46.64006506545408 -23.543927037725133),2.0,11.0,1909.0,12.0,4.0,1933.0
48,218.0,218,Livro de emplacamento 19. p. 106,Cintia,8/10/2018,POINT(-46.64009433716344 -23.54395094004879),12.0,5.0,1933.0,,,
48,20.0,20,Livro de emplacamento 19. p. 106,Cintia,8/10/2018,POINT(-46.64009433716344 -23.54395094004879),2.0,11.0,1909.0,12.0,4.0,1933.0
48,35.0,35,Livro de emplacamento 19. p. 105,Cintia,8/10/2018,POINT(-46.64143623852647 -23.545041107934292),12.0,5.0,1933.0,,,
48,3.0,3,Livro de emplacamento 19. p. 105,Cintia,8/10/2018,POINT(-46.64143623852647 -23.545041107934292),2.0,11.0,1909.0,12.0,4.0,1933.0
48,1.0,1,"Livro de emplacamento 8. p,121",Cintia,8/10/2018,POINT(-46.64143623852647 -23.545041107934292),2.0,11.0,1909.0,12.0,4.0,1933.0
48,141.0,141,LIvro de emplacamento 19. p. 105,Cintia,8/10/2018,POINT(-46.64066513549591 -23.54441703536011),12.0,5.0,1933.0,,,
50,213.0,213,Livro de emplacamento 19. p. 105,Cintia,8/10/2018,POINT(-46.636209483780874 -23.54361786832778),12.0,5.0,1933.0,,,
50,27.0,27,Livro de emplacamento 19. p. 105,Cintia,8/10/2018,POINT(-46.636209483780874 -23.54361786832778),2.0,11.0,1909.0,12.0,4.0,1933.0
50,23.0,23,LIvro de emplacamento 21.p. 131,Cintia,8/10/2018,POINT(-46.6365455139258 -23.54195338888907),20.0,5.0,1936.0,,,
50,1.0,1,LIvro de emplacamento 21. p. 131,Cintia,8/10/2018,POINT(-46.6365455139258 -23.54195338888907),19.0,5.0,1936.0,19.0,5.0,1936.0
50,44.0,44,Livro de emplacamento 21. p. 133,Cintia,8/10/2018,POINT(-46.63649318845795 -23.54212523948049),20.0,5.0,1936.0,,,
50,58.0,58,Livro de emplacamento 21. p. 133,Cintia,8/10/2018,POINT(-46.63646896054633 -23.542248896446296),20.0,5.0,1936.0,,,
50,2.0,2,Livro de emplacamento 21. p. 133,Cintia,8/10/2018,POINT(-46.63646896054633 -23.542248896446296),19.0,5.0,1936.0,19.0,5.0,1936.0
79,51.0,51,Livro de emplacamento 20. p. 85,Cintia,8/10/2018,POINT(-46.644735101507784 -23.543866510435162),10.0,4.0,1935.0,,,
79,1.0,1,Livro de emplacamento 20. p. 85,Cintia,8/10/2018,POINT(-46.644735101507784 -23.543866510435162),19.0,6.0,1928.0,10.0,3.0,1935.0
79,361.0,361,Livro de emplacamento 20. p. 85,Cintia,8/10/2018,POINT(-46.64776996481976 -23.543794499986852),10.0,4.0,1935.0,,,
79,49.0,49,Livro de emplacamento 20. p. 85,Cintia,8/10/2018,POINT(-46.64776996481976 -23.543794499986852),10.0,3.0,1935.0,10.0,3.0,1935.0
79,715.0,715,Livro de emplacamento 20. p. 85,Cintia,8/10/2018,POINT(-46.651225819663054 -23.5437136305448),10.0,4.0,1935.0,,,
79,97.0,97,Livro de emplacamento 20. p. 85,Cintia,8/10/2018,POINT(-46.651225819663054 -23.5437136305448),10.0,3.0,1935.0,10.0,3.0,1935.0
79,48.0,48,Livro de emplacamento 20. p. 86,Cintia,8/10/2018,POINT(-46.64470573186685 -23.543867207481217),10.0,4.0,1935.0,,,
79,2.0,2,Livro de emplacamento 20. p. 86,Cintia,8/10/2018,POINT(-46.64470573186685 -23.543867207481217),10.0,3.0,1935.0,10.0,3.0,1935.0
79,364.0,364,Livro de emplacamento 20. p. 86,Cintia,8/10/2018,POINT(-46.647799334690944 -23.54379381271114),10.0,4.0,1935.0,,,
79,62.0,62,Livro de emplacamento 20. p. 86,Cintia,8/10/2018,POINT(-46.647799334690944 -23.54379381271114),10.0,3.0,1935.0,10.0,3.0,1935.0
79,876.0,876,Livro de emplacamento 20. p. 86,Cintia,8/10/2018,POINT(-46.65281179270729 -23.54367651765638),10.0,4.0,1935.0,,,
80,114.0,114,Livro de emplacamento 20. p. 86,Cintia,8/10/2018,POINT(-46.65296071882448 -23.54414021753182),10.0,3.0,1935.0,10.0,3.0,1935.0
80,31.0,31,Livro de emplacamento 27. p. 376,Cintia,8/10/2018,POINT(-46.64478829626083 -23.544745289152193),13.0,11.0,1940.0,,,
80,30.2,30-b,Livro de emplacamento 27. p. 376,Cintia,8/10/2018,POINT(-46.64478829626083 -23.544745289152193),12.0,11.0,1940.0,12.0,11.0,1940.0
80,112.0,112,Livro de emplacamento 27. p. 376,Cintia,8/10/2018,POINT(-46.64557940170725 -23.544723100028854),13.0,11.0,1940.0,,,
80,34.0,34,Livro de emplacamento 27. p. 376,Cintia,8/10/2018,POINT(-46.64557940170725 -23.544723100028854),12.0,11.0,1940.0,12.0,11.0,1940.0
80,57.0,57,Livro de emplacamento 27. p. 376,Cintia,8/10/2018,POINT(-46.645032462104695 -23.544738345141926),13.0,11.0,1940.0,,,
80,23.0,23,Livro de emplacamento 27. p. 376,Cintia,8/10/2018,POINT(-46.645032462104695 -23.544738345141926),12.0,11.0,1940.0,12.0,11.0,1940.0
80,97.0,97,Livro de emplacamento 27. p. 376,Cintia,8/10/2018,POINT(-46.645432894088636 -23.544726956965086),13.0,11.0,1940.0,,,
80,35.0,35,Livro de emplacamento 27. p. 376,Cintia,8/10/2018,POINT(-46.645432894088636 -23.544726956965086),12.0,11.0,1940.0,12.0,11.0,1940.0
80,33.0,33,Livro de emplacamento 20. p. 306,Cintia,8/10/2018,POINT(-46.64479806289458 -23.544745011391782),17.0,1.0,1936.0,,,
80,20.0,20,Livro de emplacamento 20. p. 306,Cintia,8/10/2018,POINT(-46.64479806289458 -23.544745011391782),16.0,1.0,1936.0,16.0,1.0,1936.0
80,129.0,129,Livro de emplacamento 20. p. 306,Cintia,8/10/2018,POINT(-46.64574545384599 -23.54471911683918),17.0,1.0,1936.0,,,
82,2.0,2,Livro de emplacamento 20. p. 306,Cintia,8/10/2018,POINT(-46.645382447076486 -23.54608366333384),16.0,1.0,1936.0,16.0,1.0,1936.0
82,18.0,18,LIvro de emplacamento 20. p. 306,Cintia,8/10/2018,POINT(-46.646421776870184 -23.545873128019945),17.0,1.0,1936.0,,,
82,26.0,26,Livro de emplacamento 20. p. 306,Cintia,8/10/2018,POINT(-46.646421776870184 -23.545873128019945),16.0,1.0,1936.0,16.0,1.0,1936.0
82,119.0,119,Livro de emplacamento 20. p. 306,Cintia,8/10/2018,POINT(-46.645475988893836 -23.546064246245873),17.0,1.0,1936.0,,,
82,1.0,1,Livro de emplacamento 20. p. 306,Cintia,8/10/2018,POINT(-46.645475988893836 -23.546064246245873),16.0,1.0,1936.0,16.0,1.0,1936.0
82,24.0,24,Livro de emplacamento 20. p. 126,Cintia,8/10/2018,POINT(-46.646374928820464 -23.545882457219356),25.0,10.0,1935.0,,,
82,2.0,2,Livro de emplacamento 20. p. 126,Cintia,8/10/2018,POINT(-46.646374928820464 -23.545882457219356),24.0,10.0,1935.0,24.0,10.0,1935.0
83,31.0,31,"Livro de emplacamento 20. p,125",Cintia,8/10/2018,POINT(-46.646183491908666 -23.54703700252864),25.0,10.0,1935.0,,,
83,1.0,1s,Livro de emplacamento 20. p. 125,Cintia,8/10/2018,POINT(-46.646183491908666 -23.54703700252864),24.0,5.0,1935.0,24.0,5.0,1935.0
84,31.0,31,Livro de emplacamento 20. p. 95,Cintia,8/10/2018,POINT(-46.646638792752746 -23.547008215295364),10.0,9.0,1935.0,,,
84,2.0,2,Livro de emplacamento 20. p. 95,Cintia,8/10/2018,POINT(-46.646638792752746 -23.547008215295364),10.0,8.0,1935.0,10.0,8.0,1935.0
84,338.0,338,Livro de emplacamento 20. p. 95,Cintia,8/10/2018,POINT(-46.646544199427495 -23.54426575740365),10.0,9.0,1935.0,,,
84,60.0,60,Livro de emplacamento 20. p. 95,Cintia,8/10/2018,POINT(-46.646544199427495 -23.54426575740365),10.0,8.0,1935.0,10.0,8.0,1935.0
84,29.0,29,Livro de emplacamento 20. p. 94,Cintia,8/10/2018,POINT(-46.64663984499963 -23.547035099055172),10.0,9.0,1935.0,,,
84,1.0,1,Livro de emplacamento 20. p. 94,Cintia,8/10/2018,POINT(-46.64663984499963 -23.547035099055172),10.0,8.0,1935.0,10.0,8.0,1935.0
84,1.1,1a,Livro de emplacamento 15. p. 46,Cintia,8/10/2018,POINT(-46.64663984499963 -23.547035099055172),20.0,5.0,1929.0,10.0,8.0,1935.0
86,33.0,33,Livro de emplacamento 20. p. 92,Cintia,8/10/2018,POINT(-46.64553600237863 -23.545752864796555),10.0,9.0,1935.0,,,
86,1.0,1,Livro de emplacamento 20. p. 92,Cintia,8/10/2018,POINT(-46.64553600237863 -23.545752864796555),10.0,8.0,1935.0,10.0,8.0,1935.0
86,303.0,303,Livro de emplacamento 20. p. 92,Cintia,8/10/2018,POINT(-46.64545061658314 -23.5433314766891),10.0,9.0,1935.0,,,
86,37.0,37,Livro de emplacamento 20. p. 92,Cintia,8/10/2018,POINT(-46.64545061658314 -23.5433314766891),10.0,8.0,1935.0,10.0,8.0,1935.0
86,441.0,441,Livro de emplacamento 20. p. 92,Cintia,8/10/2018,POINT(-46.64541642164529 -23.542093558776628),10.0,9.0,1935.0,,,
86,383.0,383,Livro de emplacamento 20. p. 92,Cintia,8/10/2018,POINT(-46.64543079343076 -23.54261384311665),10.0,9.0,1935.0,,,
86,49.0,49,Livro de emplacamento 20. p. 92,Cintia,8/10/2018,POINT(-46.64543079343076 -23.54261384311665),10.0,8.0,1935.0,10.0,8.0,1935.0
86,10.0,10,Livro de emplacamento 20. p. 92,Cintia,8/10/2018,POINT(-46.645544484478705 -23.54595908878448),10.0,9.0,1935.0,,,
86,2.0,2,Livro de emplacamento 20. p. 93,Cintia,8/10/2018,POINT(-46.645544484478705 -23.54595908878448),10.0,8.0,1935.0,10.0,8.0,1935.0
86,304.0,304,Livro de emplacamento 20. p. 93,Cintia,8/10/2018,POINT(-46.64545036879374 -23.543322506269444),10.0,9.0,1935.0,,,
86,58.0,58,Livro de emplacamento 20. p. 93,Cintia,8/10/2018,POINT(-46.64545036879374 -23.543322506269444),10.0,8.0,1935.0,10.0,8.0,1935.0
86,442.0,442,Livro de emplacamento 20. p. 93,Cintia,8/10/2018,POINT(-46.64541617385588 -23.54208458835697),10.0,9.0,1935.0,,,
86,76.0,76,Livro de emplacamento 20. p. 93,Cintia,8/10/2018,POINT(-46.64541617385588 -23.54208458835697),10.0,8.0,1935.0,10.0,8.0,1935.0
86,40.0,40,Livro de emplacamento 20. p. 185,Cintia,8/10/2018,POINT(-46.645533064353614 -23.545685625713613),14.0,11.0,1935.0,,,
87,2.0,2,Livro de emplacamento 20. p. 185,Cintia,8/10/2018,POINT(-46.64917448152656 -23.547708274264064),22.0,4.0,1911.0,13.0,11.0,1935.0
87,216.0,216,Livro de emplacamento 20. p. 185,Cintia,8/10/2018,POINT(-46.650474458134 -23.546682010184405),14.0,11.0,1935.0,,,
87,42.0,42,Livro de emplacamento 20. p. 185,Cintia,8/10/2018,POINT(-46.650474458134 -23.546682010184405),13.0,11.0,1935.0,13.0,11.0,1935.0
87,422.0,422,Livro de emplacamento 20 p. 185,Cintia,8/10/2018,POINT(-46.65197460444423 -23.54546166846047),14.0,11.0,1935.0,,,
87,90.0,90,Livro de emplacamento 20. p. 185,Cintia,8/10/2018,POINT(-46.65197460444423 -23.54546166846047),8.0,10.0,1908.0,13.0,11.0,1935.0
87,43.0,43,Livro de emplacamento 20. p. 184,Cintia,8/10/2018,POINT(-46.64919578908125 -23.547691197653123),14.0,11.0,1935.0,,,
87,1.0,1,Livro de emplacamento 20. p. 184,Cintia,8/10/2018,POINT(-46.64919578908125 -23.547691197653123),9.0,10.0,1908.0,13.0,11.0,1935.0
87,213.0,213,Livro de emplacamento 20. p. 184,Cintia,8/10/2018,POINT(-46.65045226470458 -23.546699485396918),14.0,11.0,1935.0,,,
87,47.1,47A,Livro de emplacamento 20. p. 184,Cintia,8/10/2018,POINT(-46.65045226470458 -23.546699485396918),9.0,10.0,1908.0,13.0,11.0,1935.0
87,403.0,403,Livro de emplacamento 20. p. 184,Cintia,8/10/2018,POINT(-46.65184236949822 -23.545572144453434),14.0,11.0,1935.0,,,
87,79.0,79,Livro de emplacamento 20. p. 184,Cintia,8/10/2018,POINT(-46.65184236949822 -23.545572144453434),9.0,10.0,1908.0,13.0,11.0,1935.0
87,63.0,63,Livro de emplacamento 20. p. 184,Cintia,8/10/2018,POINT(-46.65184236949822 -23.545572144453434),9.0,9.0,1908.0,9.0,9.0,1908.0
88,29.0,29,Livro de emplacamento 20. p. 140,Cintia,8/10/2018,POINT(-46.648954518962995 -23.547590753175236),30.0,10.0,1935.0,,,
88,1.0,1,Livro de emplacamento 20. p. 140,Cintia,8/10/2018,POINT(-46.648954518962995 -23.547590753175236),25.0,1.0,1909.0,29.0,10.0,1935.0
88,379.0,379,Livro de emplacamento 20. p. 140,Cintia,8/10/2018,POINT(-46.64886040421459 -23.544448487217156),30.0,10.0,1935.0,,,
88,33.0,33,Livro de emplacamento 20. p. 140,Cintia,8/10/2018,POINT(-46.64886040421459 -23.544448487217156),25.0,1.0,1909.0,29.0,10.0,1935.0
88,112.0,112,Livro de emplacamento 20. p. 141,Cintia,8/10/2018,POINT(-46.64892977651283 -23.546842917851958),30.0,10.0,1935.0,,,
88,4.0,4,Livro de emplacamento 3. p. 10,Cintia,8/10/2018,POINT(-46.64892977651283 -23.546842917851958),6.0,5.0,1911.0,29.0,10.0,1935.0
88,6.0,6,Livro de emplacamento 2. p. 93,Cintia,8/10/2018,POINT(-46.64892977651283 -23.546842917851958),25.0,1.0,1909.0,6.0,5.0,1911.0
88,390.0,390,Livro de emplacamento 20. p. 141,Cintia,8/10/2018,POINT(-46.6488574438505 -23.54435791658912),30.0,10.0,1935.0,,,
88,20.1,20A,Livro de emplacamento 20. p. 141,Cintia,8/10/2018,POINT(-46.6488574438505 -23.54435791658912),19.0,9.0,1930.0,29.0,10.0,1935.0
88,630.0,630,Livro de emplacamento 20. p. 141,Cintia,8/10/2018,POINT(-46.64880093978599 -23.542155097137943),30.0,10.0,1935.0,,,
88,80.0,80,Livro de emplacamento 20. p. 141,Cintia,8/10/2018,POINT(-46.64880093978599 -23.542155097137943),19.0,9.0,1930.0,29.0,10.0,1935.0
88,76.0,76,Livro de emplacamento 3. p. 29,Cintia,8/10/2018,POINT(-46.64880093978599 -23.542155097137943),6.0,5.0,1911.0,18.0,8.0,1930.0
102,28.0,28,Livro de emplacamento 20. p. 289,Cintia,8/10/2018,POINT(-46.648271198882384 -23.549038691911317),1.0,10.0,1936.0,,,
102,2.0,2,Livro de emplacamento 20. p. 289,Cintia,8/10/2018,POINT(-46.648271198882384 -23.549038691911317),1.0,9.0,1936.0,1.0,9.0,1936.0
102,96.0,96,Livro de emplacamento 20. p. 289,Cintia,8/10/2018,POINT(-46.647639326610964 -23.54882694007294),1.0,10.0,1936.0,,,
102,22.0,22,Livro de emplacamento 20. p. 289,Cintia,8/10/2018,POINT(-46.647639326610964 -23.54882694007294),1.0,9.0,1936.0,1.0,9.0,1936.0
102,42.0,42,Livro de emplacamento 20. p. 289,Cintia,8/10/2018,POINT(-46.648143352818735 -23.5489958483807),1.0,10.0,1936.0,,,
102,1.0,1,Livro de emplacamento 20. p. 289,Cintia,8/10/2018,POINT(-46.648143352818735 -23.5489958483807),1.0,9.0,1936.0,1.0,9.0,1936.0
102,11.0,11,Livro de emplacamento 20. p. 289,Cintia,8/10/2018,POINT(-46.647536313955364 -23.548792418666974),1.0,10.0,1936.0,,,
102,107.0,107,Livro de emplacamento 20. p. 289,Cintia,8/10/2018,POINT(-46.647536313955364 -23.548792418666974),1.0,9.0,1936.0,1.0,9.0,1936.0
104,40.0,40,Livro de emplacamento 21. p. 15,Cintia,8/10/2018,POINT(-46.65036134546083 -23.548819818186118),4.0,8.0,1936.0,,,
104,2.0,2,Livro de emplacamento 21. p. 15,Cintia,8/10/2018,POINT(-46.65036134546083 -23.548819818186118),4.0,7.0,1936.0,4.0,7.0,1936.0
104,190.0,190,Livro de emplacamento 21. p. 15,Cintia,8/10/2018,POINT(-46.64987726579605 -23.550101669578154),4.0,8.0,1936.0,,,
104,21.0,21,Livro de emplacamento 21. p. 14,Cintia,8/10/2018,POINT(-46.650415577764385 -23.548673792255364),4.0,8.0,1936.0,,,
104,1.0,1,Livro de emplacamento 21. p. 14,Cintia,8/10/2018,POINT(-46.650415577764385 -23.548673792255364),4.0,7.0,1936.0,4.0,7.0,1936.0
104,25.0,25,Livro de emplacamento 21. p. 14,Cintia,8/10/2018,POINT(-46.64925559969996 -23.551776595611617),4.0,7.0,1936.0,4.0,7.0,1936.0
105,39.0,39,Livro de emplacamento 20. p. 337,Cintia,8/10/2018,POINT(-46.65455359883224 -23.548535059120912),19.0,2.0,1936.0,,,
105,3.0,3,Livro de emplacamento 20. p. 337,Cintia,8/10/2018,POINT(-46.65455359883224 -23.548535059120912),18.0,2.0,1936.0,18.0,2.0,1936.0
105,347.0,347,Livro de emplacamento 20. p. 337,Cintia,8/10/2018,POINT(-46.65306496350644 -23.550927183296253),19.0,2.0,1936.0,,,
105,57.0,57,Livro de emplacamento 20. p. 337,Cintia,8/10/2018,POINT(-46.65306496350644 -23.550927183296253),18.0,2.0,1936.0,18.0,2.0,1936.0
105,38.0,38,Livro de emplacamento 20. p. 338,Cintia,8/10/2018,POINT(-46.65455900759811 -23.54852656892913),19.0,2.0,1936.0,,,
105,2.1,2A,Livro de emplacamento 20. p. 338,Cintia,8/10/2018,POINT(-46.65455900759811 -23.54852656892913),18.0,2.0,1936.0,18.0,2.0,1936.0
105,206.0,206,Livro de emplacamento 20. p. 338,Cintia,8/10/2018,POINT(-46.653725683207625 -23.549830561867417),19.0,2.0,1936.0,,,
105,26.1,26A,Livro de emplacamento 20. p. 338,Cintia,8/10/2018,POINT(-46.653725683207625 -23.549830561867417),18.0,2.0,1936.0,18.0,2.0,1936.0
106,15.0,15,Livro de emplacamento 20. p. 208,Cintia,8/10/2018,POINT(-46.652367651561654 -23.54894627340372),27.0,11.0,1935.0,,,
106,1.0,1,Livro de emplacamento 20. p. 208,Cintia,8/10/2018,POINT(-46.652367651561654 -23.54894627340372),9.0,2.0,1908.0,26.0,11.0,1935.0
106,527.0,527,Livro de emplacamento 20. p. 208,Cintia,8/10/2018,POINT(-46.655945085258196 -23.54605561465826),27.0,11.0,1935.0,,,
106,83.0,83,Livro de emplacamento 20. p. 208,Cintia,8/10/2018,POINT(-46.655945085258196 -23.54605561465826),23.0,4.0,1929.0,26.0,11.0,1935.0
106,42.0,42,Livro de emplacamento 20. p. 209,Cintia,8/10/2018,POINT(-46.65249423706701 -23.548743034247163),27.0,11.0,1935.0,,,
106,2.0,2,Livro de emplacamento 20. p. 209,Cintia,8/10/2018,POINT(-46.65249423706701 -23.548743034247163),23.0,4.0,1929.0,26.0,11.0,1935.0
106,498.0,498,Livro de emplacamento 20. p. 209,Cintia,8/10/2018,POINT(-46.65569903201216 -23.546161114094566),27.0,11.0,1935.0,,,
106,60.1,60A,Livro de emplacamento 20. p. 209,Cintia,8/10/2018,POINT(-46.65569383370414 -23.546163342955897),26.0,11.0,1935.0,26.0,11.0,1935.0
105,132.0,132,"Livro de emplacamento 20. p,166",Cintia,8/10/2018,POINT(-46.654090776134176 -23.549260189277135),11.0,9.0,1935.0,,,
108,2.0,2,"Livro de emplacamento 20. p,166",Cintia,8/10/2018,POINT(-46.65487826418369 -23.54539244186341),11.0,8.0,1935.0,11.0,8.0,1935.0
108,266.0,266,Livro de emplacamento 20. p. 166,Cintia,8/10/2018,POINT(-46.65368541735309 -23.54590395475343),11.0,9.0,1935.0,,,
108,14.0,14,Livro de emplacamento 20. p. 166,Cintia,8/10/2018,POINT(-46.65368541735309 -23.54590395475343),11.0,8.0,1935.0,11.0,8.0,1935.0
108,89.0,89,Livro de emplacamento 20.p. 165,Cintia,8/10/2018,POINT(-46.65526848916916 -23.545225106791584),11.0,9.0,1935.0,,,
108,1.0,1,Livro de emplacamento 20.p. 165,Cintia,8/10/2018,POINT(-46.65526848916916 -23.545225106791584),5.0,4.0,1908.0,11.0,8.0,1935.0
108,341.0,341,Livro de emplacamento 20.p. 165,Cintia,8/10/2018,POINT(-46.65303445112732 -23.546183100077798),11.0,9.0,1935.0,,,
108,23.0,23,Livro de emplacamento 20.p. 165,Cintia,8/10/2018,POINT(-46.65303445112732 -23.546183100077798),5.0,4.0,1908.0,11.0,8.0,1935.0
110,9.0,9,Livro de emplacamento 20. p. 328,Cintia,8/10/2018,POINT(-46.64675652147912 -23.552982625300405),23.0,1.0,1936.0,,,
110,1.0,1,Livro de emplacamento 20. p. 328,Cintia,8/10/2018,POINT(-46.64675652147912 -23.552982625300405),17.0,6.0,1908.0,22.0,1.0,1936.0
110,313.0,313,Livro de emplacamento 20. p. 328,Cintia,8/10/2018,POINT(-46.6438119615905 -23.552747670946694),23.0,1.0,1936.0,,,
110,45.2,45B,Livro de emplacamento 20. p. 328,Cintia,8/10/2018,POINT(-46.6438119615905 -23.552747670946694),22.0,1.0,1936.0,22.0,1.0,1936.0
110,16.0,16,Livro de emplacamento 20. p. 329,Cintia,8/10/2018,POINT(-46.6466892727525 -23.553003515240455),23.0,1.0,1936.0,,,
110,2.0,2,Livro de emplacamento 20. p. 329,Cintia,8/10/2018,POINT(-46.6466892727525 -23.553003515240455),17.0,6.0,1908.0,22.0,1.0,1936.0
110,292.0,292,Livro de emplacamento 20. p. 329,Cintia,8/10/2018,POINT(-46.64400489952121 -23.55276476266146),23.0,1.0,1936.0,,,
110,66.0,66,Livro de emplacamento 20. p. 329,Cintia,8/10/2018,POINT(-46.64400489952121 -23.55276476266146),22.0,1.0,1936.0,22.0,1.0,1936.0
112,8.0,8,Livro de emplacamento 24. p. 200,Cintia,8/10/2018,POINT(-46.64273956392716 -23.559608478798523),19.0,1.0,1938.0,,,
112,2.0,2,Livro de emplacamento 24. p. 200,Cintia,8/10/2018,POINT(-46.64273956392716 -23.559608478798523),16.0,6.0,1908.0,18.0,1.0,1938.0
112,280.0,280,Livro de emplacamento 24. p. 200,Cintia,8/10/2018,POINT(-46.643564385102245 -23.557521036779445),19.0,1.0,1938.0,,,
112,62.1,62B,Livro de emplacamento 24. p. 200,Cintia,8/10/2018,POINT(-46.643564385102245 -23.557521036779445),24.0,5.0,1928.0,18.0,1.0,1938.0
112,35.0,35,Livro de emplacamento 24. p. 201,Cintia,8/10/2018,POINT(-46.64294525192583 -23.55947053390171),19.0,1.0,1938.0,,,
112,1.0,1,Livro de emplacamento 24. p. 201,Cintia,8/10/2018,POINT(-46.64294525192583 -23.55947053390171),17.0,11.0,1921.0,18.0,1.0,1938.0
112,289.0,289,Livro de emplacamento 24. p. 201,Cintia,8/10/2018,POINT(-46.643573366766006 -23.557442624324036),19.0,1.0,1938.0,,,
112,57.0,57,Livro de emplacamento 24. p. 201,Cintia,8/10/2018,POINT(-46.643573366766006 -23.557442624324036),18.0,1.0,1938.0,18.0,1.0,1938.0
112,53.0,53,Livro de emplacamento 12. p. 195,Cintia,8/10/2018,POINT(-46.643573366766006 -23.557442624324036),24.0,5.0,1928.0,18.0,1.0,1938.0
112,47.0,47,Livro de emplacamento 6. p. 122,Cintia,8/10/2018,POINT(-46.643573366766006 -23.557442624324036),26.0,8.0,1911.0,23.0,5.0,1928.0
168,37.0,37,Livro de emplacamento 20. p. 71,Cintia,8/10/2018,POINT(-46.649441628980355 -23.52977725422513),26.0,9.0,1935.0,,,
168,1.0,1,Livro de emplacamento 20. p. 71,Cintia,8/10/2018,POINT(-46.649441628980355 -23.52977725422513),20.0,8.0,1925.0,25.0,9.0,1935.0
168,24.0,24,Livro de emplacamento 20. p. 71,Cintia,8/10/2018,POINT(-46.64954444062218 -23.52984133955094),26.0,9.0,1935.0,,,
168,2.0,2,Livro de emplacamento 20. p. 71,Cintia,8/10/2018,POINT(-46.64954444062218 -23.52984133955094),25.0,9.0,1935.0,25.0,9.0,1935.0
171,41.0,41,Livro de emplacamento 20. p. 225,Cintia,8/10/2018,POINT(-46.65586314078967 -23.541896077195666),13.0,12.0,1935.0,,,
171,1.0,1,Livro de emplacamento 20. p. 225,Cintia,8/10/2018,POINT(-46.65586314078967 -23.541896077195666),4.0,10.0,1908.0,12.0,12.0,1935.0
171,30.0,30,Livro de emplacamento 20. p. 228,Cintia,8/10/2018,POINT(-46.654547158231 -23.537812912828596),12.0,12.0,1935.0,12.0,12.0,1935.0
171,1008.0,1008,Livro de emplacamento 20. p. 228,Cintia,8/10/2018,POINT(-46.65324202312636 -23.53356924456541),13.0,12.0,1935.0,,,
171,78.0,78,Livro de emplacamento 20. p. 228,Cintia,8/10/2018,POINT(-46.65324202312636 -23.53356924456541),12.0,12.0,1935.0,12.0,12.0,1935.0
172,9.0,9,Livro de emplacamento 20. p. 394,Cintia,8/10/2018,POINT(-46.66086500812877 -23.52723075684583),3.0,1.0,1936.0,,,
172,1.0,1,Livro de emplacamento 20. p. 394,Cintia,8/10/2018,POINT(-46.66086500812877 -23.52723075684583),20.0,4.0,1908.0,30.0,2.0,1936.0
172,427.0,427,Livro de emplacamento 20. p. 394,Cintia,8/10/2018,POINT(-46.65793771607881 -23.529879664244255),3.0,1.0,1936.0,,,
172,83.0,83,Livro de emplacamento 20. p. 394,Cintia,8/10/2018,POINT(-46.65793771607881 -23.529879664244255),14.0,8.0,1929.0,30.0,2.0,1936.0
172,99.1,99A,Livro de emplacamento 15. p 161,Cintia,8/10/2018,POINT(-46.65793771607881 -23.529879664244255),13.0,8.0,1929.0,13.0,8.0,1929.0
172,22.0,22,Livro de emplacamento 20. p. 396,Cintia,8/10/2018,POINT(-46.66076435625313 -23.52732183675638),3.0,1.0,1936.0,,,
172,2.0,2,Livro de emplacamento 20. p. 396,Cintia,8/10/2018,POINT(-46.66076435625313 -23.52732183675638),20.0,4.0,1908.0,30.0,2.0,1936.0
172,422.0,422,Livro de emplacamento 20. p. 396,Cintia,8/10/2018,POINT(-46.657978256417614 -23.529842979280286),3.0,1.0,1936.0,,,
172,88.0,88,Livro de emplacamento 20. p. 396,Cintia,8/10/2018,POINT(-46.657978256417614 -23.529842979280286),14.0,8.0,1929.0,30.0,2.0,1936.0
172,90.0,90,Livro de emplacameto 15. p. 160,Cintia,8/10/2018,POINT(-46.657978256417614 -23.529842979280286),13.0,8.0,1929.0,13.0,8.0,1929.0
173,20.0,20,Livro de emplacamento 20. p. 29,Cintia,8/10/2018,POINT(-46.65157588739784 -23.53391441349144),16.0,9.0,1935.0,,,
173,2.0,2,Livro de emplacamento 20. p. 29,Cintia,8/10/2018,POINT(-46.65157588739784 -23.53391441349144),15.0,9.0,1935.0,15.0,9.0,1935.0
173,35.0,35,Livro de emplacamento 20. p. 28,Cintia,8/10/2018,POINT(-46.651465686238204 -23.53384434832011),16.0,9.0,1935.0,,,
173,3.0,3,Livro de emplacamento 20. p. 28,Cintia,8/10/2018,POINT(-46.651465686238204 -23.53384434832011),12.0,6.0,1908.0,15.0,9.0,1935.0
173,119.0,119,Livro de emplacamento 20. p. 28,Cintia,8/10/2018,POINT(-46.64422592613733 -23.529238653639148),12.0,6.0,1908.0,15.0,9.0,1935.0
173,129.0,129,Livro de emplacamento 8. p. 27,Cintia,8/10/2018,POINT(-46.64422592613733 -23.529238653639148),12.0,5.0,1908.0,12.0,5.0,1908.0
174,28.0,28,Livro de emplacamento 20. p. 305,Cintia,8/10/2018,POINT(-46.65287757265349 -23.53573411129311),15.0,1.0,1936.0,,,
174,55.0,55,Livro de emplacamento 20. p. 305,Cintia,8/10/2018,POINT(-46.65287757265349 -23.53573411129311),14.0,1.0,1936.0,14.0,1.0,1936.0
174,140.0,140,Livro de emplacamento 20. p. 305,Cintia,8/10/2018,POINT(-46.65198697123072 -23.535152681560596),15.0,1.0,1936.0,,,
174,39.0,39,Livro de emplacamento 20. p. 305,Cintia,8/10/2018,POINT(-46.65198697123072 -23.535152681560596),23.0,1.0,1911.0,14.0,1.0,1936.0
174,53.0,53,Livro de emplacamento 1. p. 76,Cintia,8/10/2018,POINT(-46.65198697123072 -23.535152681560596),22.0,1.0,1911.0,22.0,1.0,1911.0
174,290.0,290,Livro de emplacamento 20. p. 305,Cintia,8/10/2018,POINT(-46.650780211513386 -23.534386549438086),15.0,1.0,1936.0,,,
174,1.0,1,Livro de emplacamento 20. p. 305,Cintia,8/10/2018,POINT(-46.650780211513386 -23.534386549438086),5.0,11.0,1909.0,14.0,1.0,1936.0
174,5.0,5,Livro de emplacamento 20. p. 304,Cintia,8/10/2018,POINT(-46.65305780594867 -23.53585030178961),15.0,1.0,1936.0,,,
174,,,Livro de emplacamento 20. p. 304,Cintia,8/10/2018,POINT(-46.65305780594867 -23.53585030178961),14.0,1.0,1936.0,14.0,1.0,1936.0
174,31.0,31,Livro de emplacamento 20. p. 304,Cintia,8/10/2018,POINT(-46.65285033739999 -23.535716553618084),15.0,1.0,1936.0,,,
174,34.0,34,Livro de emplacamento 20. p. 304,Cintia,8/10/2018,POINT(-46.65285033739999 -23.535716553618084),30.0,12.0,1927.0,14.0,1.0,1936.0
174,40.0,40,Livro de emplacamento 11. p. 20,Cintia,8/10/2018,POINT(-46.65285033739999 -23.535716553618084),29.0,12.0,1927.0,29.0,12.0,1927.0
174,219.0,219,Livro de emplacamento 20. p. 304,Cintia,8/10/2018,POINT(-46.65134443120496 -23.53473535648461),15.0,1.0,1936.0,,,
174,12.0,12,Livro de emplacamento 20. p. 304,Cintia,8/10/2018,POINT(-46.65134443120496 -23.53473535648461),30.0,12.0,1927.0,14.0,1.0,1936.0
174,303.0,303,Livro de emplacamento 20. p. 304,Cintia,8/10/2018,POINT(-46.65066185508383 -23.534313380143846),15.0,1.0,1936.0,,,
174,2.0,2,Livro de emplacamento 20. p. 304,Cintia,8/10/2018,POINT(-46.65066185508383 -23.534313380143846),23.0,1.0,1911.0,14.0,1.0,1936.0
175,14.0,14,Livro de emplacamento 27. p. 273,Cintia,8/10/2018,POINT(-46.653208239675045 -23.535632560246803),29.0,8.0,1940.0,,,
175,17.0,17,Livro de emplacamento 27. p. 273,Cintia,8/10/2018,POINT(-46.653208239675045 -23.535632560246803),1.0,1.0,1911.0,28.0,8.0,1940.0
175,13.0,13,Livro de emplacamento 7. p. 128,Cintia,8/10/2018,POINT(-46.653208239675045 -23.535632560246803),5.0,8.0,1908.0,31.0,12.0,1910.0
175,76.0,76,Livro de emplacamento 27. p. 273,Cintia,8/10/2018,POINT(-46.65304443156002 -23.535085115120122),29.0,8.0,1940.0,,,
175,1.0,1,Livro de emplacamento 27. p. 273,Cintia,8/10/2018,POINT(-46.65304443156002 -23.535085115120122),1.0,1.0,1911.0,28.0,8.0,1940.0
175,29.0,29,Livro de emplacamento 27. p. 273,Cintia,8/10/2018,POINT(-46.65316735234144 -23.535495915175687),29.0,8.0,1940.0,,,
175,26.0,26,Livro de emplacamento 7. p. 188,Cintia,8/10/2018,POINT(-46.65316735234144 -23.535495915175687),22.0,12.0,1922.0,27.0,8.0,1940.0
175,32.0,32,Livro de emplacamento 7 p. 188,Cintia,8/10/2018,POINT(-46.65316735234144 -23.535495915175687),5.0,8.0,1908.0,21.0,12.0,1922.0
175,26.1,26A,Livro de emplacamento 27. p. 273,Cintia,8/10/2018,POINT(-46.65316735234144 -23.535495915175687),28.0,8.0,1940.0,28.0,8.0,1940.0
175,75.0,75,Livro de emplacamento 27. p. 273,Cintia,8/10/2018,POINT(-46.65305090107483 -23.535106736175678),29.0,8.0,1940.0,,,
175,16.0,16,Livro de emplacamento 27. p. 273,Cintia,8/10/2018,POINT(-46.65305090107483 -23.535106736175678),22.0,12.0,1922.0,28.0,8.0,1940.0
175,20.0,20,Livro de emplacamento 7. p. 188,Cintia,8/10/2018,POINT(-46.65305090107483 -23.535106736175678),5.0,8.0,1908.0,21.0,12.0,1922.0
175,18.1,18T,Livro de emplacamento 7. p. 98,Cintia,8/10/2018,POINT(-46.65305090107483 -23.535106736175678),5.0,8.0,1908.0,31.0,12.0,1910.0
175,16.0,16,Livro de emplcamento 7. p. 128,Cintia,8/10/2018,POINT(-46.65293522615 -23.534720151702334),5.0,8.0,1908.0,31.0,12.0,1910.0
175,119.0,119,Livro de emplacamento 27. p. 237,Cintia,8/10/2018,POINT(-46.65293522615 -23.534720151702334),29.0,8.0,1940.0,,,
175,2.0,2,Livro de emplacamento 27 p. 273,Cintia,8/10/2018,POINT(-46.65293522615 -23.534720151702334),22.0,12.0,1922.0,28.0,8.0,1940.0
175,8.0,8,Livro de emplacamento 7. p. 188,Cintia,8/10/2018,POINT(-46.65293522615 -23.534720151702334),5.0,8.0,1908.0,22.0,12.0,1922.0
175,6.0,6,Livro de emplacamento 7. p. 98,Cintia,8/10/2018,POINT(-46.65293522615 -23.534720151702334),8.0,7.0,1908.0,8.0,7.0,1908.0
176,21.0,21,Livro de emplacamento 20. p. 75,Cintia,8/10/2018,POINT(-46.653153054498816 -23.52880592986989),10.0,1.0,1935.0,,,
176,1.0,1,Livro de emplacamento 20. p. 75,Cintia,8/10/2018,POINT(-46.653153054498816 -23.52880592986989),1.0,2.0,1914.0,30.0,9.0,1935.0
176,49.0,49,Livro de emplacamento 20. p. 75,Cintia,8/10/2018,POINT(-46.65298729072177 -23.529017054133146),10.0,1.0,1935.0,,,
176,9.0,9,Livro de emplacamento 20. p. 75,Cintia,8/10/2018,POINT(-46.65298729072177 -23.529017054133146),1.0,2.0,1914.0,30.0,9.0,1935.0
176,3.0,3,Livro de emplacamento 3. p. 45,Cintia,8/10/2018,POINT(-46.65298729072177 -23.529017054133146),1.0,1.0,1914.0,1.0,1.0,1914.0
176,99.0,99,Livro de emplacamento 20. p. 75,Cintia,8/10/2018,POINT(-46.65271006509463 -23.52937014126308),10.0,1.0,1935.0,,,
176,25.0,25,Livro de emplacamento 20. p. 75,Cintia,8/10/2018,POINT(-46.65271006509463 -23.52937014126308),1.0,2.0,1914.0,30.0,9.0,1935.0
176,19.0,19,Livro de emplacamento 3. p. 45,Cintia,8/10/2018,POINT(-46.65271006509463 -23.52937014126308),1.0,1.0,1914.0,1.0,1.0,1914.0
176,70.0,70,Livro de emplacamento 20. p. 75,Cintia,8/10/2018,POINT(-46.652864968486284 -23.52917284927914),10.0,2.0,1935.0,,,
176,6.0,6,Livro de emplacamento 20. p. 75,Cintia,8/10/2018,POINT(-46.652864968486284 -23.52917284927914),10.0,9.0,1930.0,30.0,9.0,1935.0
176,8.0,8,Livro de emplcamento 17. p. 106,Cintia,8/10/2018,POINT(-46.652864968486284 -23.52917284927914),1.0,2.0,1914.0,10.0,8.0,1930.0
176,4.1,4t,Livro de emplacamento 3. p. 45,Cintia,8/10/2018,POINT(-46.652864968486284 -23.52917284927914),1.0,1.0,1914.0,1.0,1.0,1914.0
176,108.0,108,Livro de emplacamento 20. p. 75,Cintia,8/10/2018,POINT(-46.652655191568435 -23.529440030674365),10.0,1.0,1935.0,,,
176,18.0,18,Livro de emplacamento 20. p. 75,Cintia,8/10/2018,POINT(-46.652655191568435 -23.529440030674365),10.0,9.0,1930.0,30.0,9.0,1935.0
229,9.0,9,Livro de emplacamento 19. p. 199,Cintia,8/10/2018,POINT(-46.63316454430805 -23.552874567887162),30.0,10.0,1934.0,,,
229,1.0,1,Livro de emplacamento 19. p. 199,Cintia,8/10/2018,POINT(-46.63316454430805 -23.552874567887162),19.0,8.0,1908.0,29.0,10.0,1934.0
229,20.0,20,Livro de emplacamento 19. p. 202,Cintia,8/10/2018,POINT(-46.6331579707206 -23.552970313904638),30.0,10.0,1934.0,,,
229,2.0,2,Livro de emplacamento 19. p. 202,Cintia,8/10/2018,POINT(-46.6331579707206 -23.552970313904638),19.0,8.0,1908.0,29.0,10.0,1934.0
230,9.0,9,Livro de emplacamento 19. p. 175,Cintia,8/10/2018,POINT(-46.63302817100649 -23.553472391147572),9.0,3.0,1934.0,,,
230,1.0,1,Livro de emplacamento 19. p. 175,Cintia,8/10/2018,POINT(-46.63302817100649 -23.553472391147572),22.0,9.0,1908.0,9.0,2.0,1934.0
230,245.0,245,Livro de emplacamento 19. p. 175,Cintia,8/10/2018,POINT(-46.630814291960434 -23.554024410593417),9.0,3.0,1934.0,,,
230,71.0,71,Livro de emplacamento 19. p. 175,Cintia,8/10/2018,POINT(-46.630814291960434 -23.554024410593417),7.0,10.0,1930.0,9.0,2.0,1934.0
230,57.0,57,Livro de emplacamento 17. p. 19,Cintia,8/10/2018,POINT(-46.630814291960434 -23.554024410593417),2.0,3.0,1912.0,7.0,9.0,1930.0
230,14.0,14,Livro de emplacamento 19. p. 176,Cintia,8/10/2018,POINT(-46.63299039150058 -23.553481811274633),9.0,3.0,1934.0,,,
230,4.0,4,Livro de emplacamento 19. p. 176,Cintia,8/10/2018,POINT(-46.63299039150058 -23.553481811274633),9.0,2.0,1934.0,9.0,2.0,1934.0
230,2.0,2,Livro de emplacamento 22. p. 82,Cintia,8/10/2018,POINT(-46.63299039150058 -23.553481811274633),22.0,9.0,1908.0,22.0,9.0,1908.0
232,31.0,31,Livro de emplacamento 19. p. 260,Cintia,8/10/2018,POINT(-46.63273036171165 -23.554681842460763),28.0,3.0,1935.0,,,
232,3.0,3,Livro de emplacamento 19. p. 260,Cintia,8/10/2018,POINT(-46.63273036171165 -23.554681842460763),27.0,3.0,1935.0,27.0,3.0,1935.0
232,91.0,91,Livro de emplacamento 19. p. 260,Cintia,8/10/2018,POINT(-46.63214032457556 -23.554642672162984),28.0,3.0,1935.0,,,
232,7.1,7A,Livro de emplacamento 19. p. 260,Cintia,8/10/2018,POINT(-46.63214032457556 -23.554642672162984),27.0,3.0,1935.0,27.0,3.0,1935.0
232,48.0,48,Livro de emplacamento 19. p. 260,Cintia,8/10/2018,POINT(-46.63257894489693 -23.554671790480374),28.0,3.0,1935.0,,,
232,4.0,4,"Livro de emplacamento 19. p,260",Cintia,8/10/2018,POINT(-46.63257894489693 -23.554671790480374),27.0,3.0,1935.0,27.0,3.0,1935.0
232,88.0,88,Livro de emplacamento 19. p. 260,Cintia,8/10/2018,POINT(-46.63218428429596 -23.554645590479872),28.0,3.0,1935.0,,,
232,16.0,16,Livro de emplacamento 19. p. 260,Cintia,8/10/2018,POINT(-46.63218428429596 -23.554645590479872),27.0,3.0,1935.0,27.0,3.0,1935.0
235,31.0,31,Livro de emplacamento 21. p. 203,Cintia,8/10/2018,POINT(-46.63169967307001 -23.534393019374654),28.0,7.0,1936.0,,,
235,1.0,1,Livro de emplacamento 21. p. 203,Cintia,8/10/2018,POINT(-46.63169967307001 -23.534393019374654),27.0,7.0,1936.0,27.0,7.0,1936.0
235,99.0,99,Livro de emplacamento 21. p. 203,Cintia,8/10/2018,POINT(-46.63153524540483 -23.533792808876377),28.0,7.0,1936.0,,,
235,23.0,23,Livro de emplacamento 21. p. 203,Cintia,8/10/2018,POINT(-46.63153524540483 -23.533792808876377),27.0,7.0,1936.0,27.0,7.0,1936.0
235,32.0,32,Livro de emplacamento 21. p. 204,Cintia,8/10/2018,POINT(-46.63169420827194 -23.534373007877143),28.0,7.0,1936.0,,,
235,2.0,2,Livro de emplacamento 21. p. 204,Cintia,8/10/2018,POINT(-46.63169420827194 -23.534373007877143),27.0,7.0,1936.0,27.0,7.0,1936.0
235,98.0,98,Livro de emplacamento 21. p. 204,Cintia,8/10/2018,POINT(-46.631538435376235 -23.53380409160689),28.0,7.0,1936.0,,,
235,24.0,24,Livro de emplacamento 21. p. 204,Cintia,8/10/2018,POINT(-46.631538435376235 -23.53380409160689),27.0,7.0,1936.0,27.0,7.0,1936.0
236,31.0,31,Livro de emplacamento 21. p. 152,Cintia,8/10/2018,POINT(-46.6304792127142 -23.533228521125935),5.0,5.0,1936.0,,,
236,1.0,1,Livro de emplacamento 21. p. 152,Cintia,8/10/2018,POINT(-46.6304792127142 -23.533228521125935),5.0,4.0,1936.0,5.0,4.0,1936.0
236,83.0,83,Livro de emplacamento 21. p. 152,Cintia,8/10/2018,POINT(-46.63060265786886 -23.533692955432727),5.0,5.0,1936.0,,,
236,23.0,23,Livro de emplacamento 21. p. 152,Cintia,8/10/2018,POINT(-46.63060265786886 -23.533692955432727),5.0,4.0,1936.0,5.0,4.0,1936.0
236,167.0,167,Livro de emplacamento 21. p. 152,Cintia,8/10/2018,POINT(-46.63079651076653 -23.534422282852585),5.0,5.0,1936.0,,,
236,53.1,53AT,Livro de emplacamento 21. p. 152,Cintia,8/10/2018,POINT(-46.63079651076653 -23.534422282852585),5.0,4.0,1936.0,5.0,4.0,1936.0
236,14.0,14,Livro de emplacamento 21. p. 153,Cintia,8/10/2018,POINT(-46.63044099798527 -23.533084746903384),5.0,5.0,1936.0,,,
236,2.0,2,Livro de emplacamento 21. p. 153,Cintia,8/10/2018,POINT(-46.63044099798527 -23.533084746903384),5.0,4.0,1936.0,5.0,4.0,1936.0
236,90.0,90,Livro de emplacamento 21. p. 153,Cintia,8/10/2018,POINT(-46.6306174805516 -23.5337487224039),5.0,5.0,1936.0,,,
236,20.0,20,Livro de emplacamento 21. p. 153,Cintia,8/10/2018,POINT(-46.6306174805516 -23.5337487224039),5.0,4.0,1936.0,5.0,4.0,1936.0
236,196.0,196,Livro de emplacamento 21. p. 153,Cintia,8/10/2018,POINT(-46.630863444443264 -23.534674105581782),5.0,5.0,1936.0,,,
236,48.0,48,Livro de emplacamento 21. p. 153,Cintia,8/10/2018,POINT(-46.630863444443264 -23.534674105581782),5.0,4.0,1936.0,5.0,4.0,1936.0
238,33.0,33,Livro de emplacamento 21. p. 148,Cintia,8/10/2018,POINT(-46.62960499280449 -23.533469946245404),6.0,5.0,1936.0,,,
238,1.0,1,Livro de emplacamento 21. p. 148,Cintia,8/10/2018,POINT(-46.62960499280449 -23.533469946245404),5.0,10.0,1929.0,6.0,4.0,1936.0
238,73.0,73,Livro de emplacamento 21. p. 148,Cintia,8/10/2018,POINT(-46.6296991773518 -23.533810856231195),6.0,5.0,1936.0,,,
238,15.0,15,Livro de emplacamento 21. p. 148,Cintia,8/10/2018,POINT(-46.6296991773518 -23.533810856231195),5.0,10.0,1929.0,6.0,4.0,1936.0
238,13.0,13,Livro de emplacamento 15. p. 42,Cintia,8/10/2018,POINT(-46.6296991773518 -23.533810856231195),5.0,9.0,1929.0,5.0,9.0,1929.0
238,179.0,179,Livro de emplacamento 21. p. 148,Cintia,8/10/2018,POINT(-46.62995746405681 -23.53474574968713),6.0,5.0,1936.0,,,
238,37.0,37,Livro de emplacamento 21. p. 148,Cintia,8/10/2018,POINT(-46.62995746405681 -23.53474574968713),5.0,10.0,1929.0,6.0,4.0,1936.0
238,47.0,47,LIvro de emplacamento 15. p. 42,Cintia,8/10/2018,POINT(-46.62995746405681 -23.53474574968713),5.0,9.0,1929.0,5.0,9.0,1929.0
238,40.0,40,Livro de emplacamento 21. p. 148,Cintia,8/10/2018,POINT(-46.62962181147365 -23.53353082302858),6.0,5.0,1936.0,,,
238,2.0,2,Livro de emplacamento 21. p. 148,Cintia,8/10/2018,POINT(-46.62962181147365 -23.53353082302858),5.0,10.0,1929.0,6.0,4.0,1936.0
238,90.0,90,Livro de emplacamento 21. p. 148,Cintia,8/10/2018,POINT(-46.629742665624924 -23.533968266199125),6.0,5.0,1936.0,,,
238,18.0,18,Livro de emplacamento 21.p. 148,Cintia,8/10/2018,POINT(-46.629742665624924 -23.533968266199125),5.0,10.0,1929.0,6.0,4.0,1936.0
238,166.0,166,Livro de emplacamento 21. p. 148,Cintia,8/10/2018,POINT(-46.6299257488521 -23.534630953467424),6.0,5.0,1936.0,,,
238,42.1,42A,Livro de emplacamento 21. p. 148,Cintia,8/10/2018,POINT(-46.6299257488521 -23.534630953467424),5.0,10.0,1929.0,6.0,4.0,1936.0
238,40.0,40,Livro de emplacamento 15. p. 42,Cintia,8/10/2018,POINT(-46.6299257488521 -23.534630953467424),5.0,9.0,1929.0,5.0,9.0,1929.0
233,33.0,33,LIvro de emplacamento 20 . p. 110,Cintia,8/10/2018,POINT(-46.64023620968708 -23.535450387118356),21.0,10.0,1935.0,,,
233,1.0,1,LIvro de emplacamento 20 . p. 110,Cintia,8/10/2018,POINT(-46.64023620968708 -23.535450387118356),22.0,12.0,1908.0,20.0,10.0,1935.0
233,193.0,193,LIvro de emplacamento 20 . p. 110,Cintia,8/10/2018,POINT(-46.63930496758888 -23.536599397897437),21.0,10.0,1935.0,,,
233,29.0,29,LIvro de emplacamento 20 . p. 110,Cintia,8/10/2018,POINT(-46.63930496758888 -23.536599397897437),18.0,8.0,1930.0,20.0,10.0,1935.0
233,42.0,42,LIvro de emplacamento 20 . p. 110,Cintia,8/10/2018,POINT(-46.640194497890946 -23.53550127066891),21.0,10.0,1935.0,,,
233,2.0,2,LIvro de emplacamento 20 . p. 110,Cintia,8/10/2018,POINT(-46.640194497890946 -23.53550127066891),18.0,8.0,1930.0,20.0,10.0,1935.0
233,200.0,200,LIvro de emplacamento 20 . p. 110,Cintia,8/10/2018,POINT(-46.639265912967716 -23.53664766497364),21.0,10.0,1935.0,,,
233,20.0,20,LIvro de emplacamento 20 . p. 110,Cintia,8/10/2018,POINT(-46.639265912967716 -23.53664766497364),18.0,8.0,1930.0,20.0,10.0,1935.0
233,16.0,16,Livro de emplacamento 17. p. 52,Cintia,8/10/2018,POINT(-46.639265912967716 -23.53664766497364),22.0,12.0,1908.0,17.0,8.0,1930.0
233,24.0,24,Livro de emplacamento 1. p. 12,Cintia,8/10/2018,POINT(-46.639265912967716 -23.53664766497364),21.0,12.0,1908.0,21.0,12.0,1908.0
233,408.0,408,LIvro de emplacamento 20 . p. 110,Cintia,8/10/2018,POINT(-46.63805937105815 -23.53814490650358),21.0,10.0,1935.0,,,
233,58.1,58A,LIvro de emplacamento 20 . p. 110,Cintia,8/10/2018,POINT(-46.63805937105815 -23.53814490650358),18.0,8.0,1930.0,20.0,10.0,1935.0
234,22.0,22,Livro de emplacamento 22. p. 381,Cintia,8/10/2018,POINT(-46.6330065638223 -23.534472090388405),8.0,3.0,1937.0,,,
234,2.0,2,Livro de emplacamento 22. p. 381,Cintia,8/10/2018,POINT(-46.6330065638223 -23.534472090388405),14.0,6.0,1909.0,8.0,2.0,1937.0
234,252.0,252,Livro de emplacamento 22. p. 381,Cintia,8/10/2018,POINT(-46.63078828259995 -23.534820017628192),8.0,3.0,1937.0,,,
234,48.0,48,Livro de emplacamento 22. p. 381,Cintia,8/10/2018,POINT(-46.63078828259995 -23.534820017628192),8.0,2.0,1937.0,8.0,2.0,1937.0
234,13.0,13,Livro de emplacamento 22. p. 384,Cintia,8/10/2018,POINT(-46.63308303165231 -23.534455971732125),8.0,3.0,1937.0,,,
234,1.0,1,Livro de emplacamento 22. p. 384,Cintia,8/10/2018,POINT(-46.63308303165231 -23.534455971732125),25.0,7.0,1907.0,8.0,2.0,1937.0
234,283.0,283,Livro de emplacamento 22. p. 384,Cintia,8/10/2018,POINT(-46.63049068439638 -23.53487048702435),8.0,3.0,1937.0,,,
234,63.0,63,Livro de emplacamento 22. p. 384,Cintia,8/10/2018,POINT(-46.63049068439638 -23.53487048702435),15.0,7.0,1929.0,8.0,2.0,1937.0
234,55.0,55,"Livro de emplacamento 15. p,141",Cintia,8/10/2018,POINT(-46.63049068439638 -23.53487048702435),25.0,7.0,1907.0,14.0,7.0,1929.0
234,53.0,53,Livro de emplacamento 8. p. 88,Cintia,8/10/2018,POINT(-46.63049068439638 -23.53487048702435),24.0,7.0,1907.0,24.0,7.0,1907.0
234,591.0,591,Livro de emplacamento 22. p 385,Cintia,8/10/2018,POINT(-46.62749933636171 -23.535359872443006),8.0,3.0,1937.0,,,
234,143.0,143,Livro de emplacamento 22. p. 385,Cintia,8/10/2018,POINT(-46.62749933636171 -23.535359872443006),15.0,7.0,1929.0,8.0,2.0,1937.0
234,135.0,135,Livro de emplacamento 15. p. 141,Cintia,8/10/2018,POINT(-46.62749933636171 -23.535359872443006),25.0,7.0,1907.0,14.0,7.0,1929.0
234,123.0,123,Livro de emplacamento 8. p. 88,Cintia,8/10/2018,POINT(-46.62749933636171 -23.535359872443006),24.0,7.0,1907.0,24.0,7.0,1907.0
234,1055.0,1055,Livro de emplacamento 22. p. 386,Cintia,8/10/2018,POINT(-46.623044670533524 -23.53607072515278),8.0,3.0,1937.0,,,
234,249.0,249,Livro de emplacamento 22. p. 386,Cintia,8/10/2018,POINT(-46.623044670533524 -23.53607072515278),15.0,7.0,1929.0,8.0,2.0,1937.0
234,251.0,251,Livro de emplacamento 15. p. 141,Cintia,8/10/2018,POINT(-46.623044670533524 -23.53607072515278),25.0,7.0,1097.0,14.0,7.0,1929.0
259,31.0,31,Livro de emplacamento 25. p. 73,Cintia,8/10/2018,POINT(-46.61898744769429 -23.5276958161135),27.0,7.0,1938.0,,,
259,1.0,1,Livro de emplacamento 25. p. 73,Cintia,8/10/2018,POINT(-46.61898744769429 -23.5276958161135),26.0,7.0,1938.0,26.0,7.0,1938.0
259,127.0,127,Livro de emplacamento 25. p. 73,Cintia,8/10/2018,POINT(-46.61979011473132 -23.528126793726532),27.0,7.0,1938.0,,,
259,21.0,21,Livro de emplacamento 25. p. 73,Cintia,8/10/2018,POINT(-46.61979011473132 -23.528126793726532),9.0,2.0,1925.0,26.0,7.0,1938.0
259,44.0,44,Livro de emplacamento 25. p. 74,Cintia,8/10/2018,POINT(-46.619095418547026 -23.527753789118798),27.0,7.0,1938.0,,,
259,150.0,150,Livro de emplacamento 25. p. 74,Cintia,8/10/2018,POINT(-46.619095418547026 -23.527753789118798),26.0,7.0,1938.0,26.0,7.0,1938.0
259,98.0,98,Livro de emplacamento 25. p. 74,Cintia,8/10/2018,POINT(-46.619561618275526 -23.528004106668806),27.0,7.0,1938.0,,,
259,18.0,18,Livro de emplacamento 25. p. 74,Cintia,8/10/2018,POINT(-46.619561618275526 -23.528004106668806),26.0,7.0,1938.0,26.0,7.0,1938.0
258,32.0,32,Livro de emplacamento 22. p. 212,Cintia,8/10/2018,POINT(-46.62208477973697 -23.528245231806807),14.0,5.0,1937.0,,,
258,2.1,2AT,Livro de emplacamento 22. p. 212,Cintia,8/10/2018,POINT(-46.62208477973697 -23.528245231806807),25.0,6.0,1920.0,13.0,5.0,1937.0
258,63.0,63,Livro de emplacamento 22. p. 213,Cintia,8/10/2018,POINT(-46.62180331368811 -23.528315536665012),14.0,5.0,1937.0,,,
258,5.0,5,Livro de emplacamento 22. p. 213,Cintia,8/10/2018,POINT(-46.62180331368811 -23.528315536665012),13.0,5.0,1937.0,13.0,5.0,1937.0
258,513.0,513,Livro de emplacamento 22. p. 213,Cintia,8/10/2018,POINT(-46.61755087213642 -23.529399739062697),14.0,5.0,1937.0,,,
258,65.0,65,Livro de emplacamento 22. p. 213,Cintia,8/10/2018,POINT(-46.61755087213642 -23.529399739062697),13.0,5.0,1937.0,13.0,5.0,1937.0
289,73.0,73,Livro de emplacamento 26. p. 176,Cintia,8/10/2018,POINT(-46.616004131960516 -23.535534595443558),19.0,4.0,1939.0,,,
289,1.0,1,Livro de emplacamento 26. p. 176,Cintia,8/10/2018,POINT(-46.616004131960516 -23.535534595443558),14.0,5.0,1928.0,18.0,4.0,1939.0
289,7.0,7,Livro de emplacamento 14. p. 86,Cintia,8/10/2018,POINT(-46.616004131960516 -23.535534595443558),3.0,3.0,1913.0,13.0,5.0,1928.0
290,221.0,221,Livro de emplacamento 26. p. 176,Cintia,8/10/2018,POINT(-46.61772793860255 -23.535625354628873),19.0,4.0,1939.0,,,
290,45.0,45,Livro de emplacamento 26. p. 176,Cintia,8/10/2018,POINT(-46.61772793860255 -23.535625354628873),15.0,3.0,1911.0,18.0,4.0,1939.0
290,24.0,24,Livro de emplacamento 26. p. 176,Cintia,8/10/2018,POINT(-46.61779794731828 -23.53385560933302),19.0,4.0,1939.0,,,
290,2.0,2,Livro de emplacamento 26. p. 179,Cintia,8/10/2018,POINT(-46.61779794731828 -23.53385560933302),19.0,3.0,1908.0,18.0,4.0,1939.0
290,220.0,220,Livro de  emplacamento 26. p. 179,Cintia,8/10/2018,POINT(-46.61772785064135 -23.535627156682587),19.0,4.0,1939.0,,,
290,54.0,54,Livro de emplacamento 26. p. 179,Cintia,8/10/2018,POINT(-46.61772785064135 -23.535627156682587),14.0,5.0,1928.0,18.0,4.0,1939.0
290,52.1,52A,Livro de emplacamento 14. p. 87,Cintia,8/10/2018,POINT(-46.61772785064135 -23.535627156682587),15.0,3.0,1911.0,18.0,4.0,1939.0
290,12.0,12,Livro de emplacamento 22. p. 233,Cintia,8/10/2018,POINT(-46.617783510157686 -23.533744684554858),6.0,10.0,1937.0,,,
290,2.0,2,Livro de emplacamento 22. p. 233,Cintia,8/10/2018,POINT(-46.617783510157686 -23.533744684554858),9.0,2.0,1907.0,6.0,9.0,1937.0
290,59.0,59,Livro de emplacamento 22. p. 235,Cintia,8/10/2018,POINT(-46.617790139250246 -23.534170166754844),6.0,10.0,1937.0,,,
290,3.0,3,Livro de emplacamento 22. p. 235,Cintia,8/10/2018,POINT(-46.617790139250246 -23.534170166754844),9.0,2.0,1907.0,6.0,9.0,1937.0
290,131.0,131,Livro de emplacamento 14. p. 9,Cintia,8/10/2018,POINT(-46.61762008045232 -23.537924068849037),10.0,8.0,1928.0,10.0,7.0,1928.0
290,137.0,137,Livro de emplacamento 14. p 9,Cintia,8/10/2018,POINT(-46.61762008045232 -23.537924068849037),10.0,7.0,1928.0,10.0,7.0,1928.0
290,877.0,877,Livro de emplacamento 22. p. 236,Cintia,8/10/2018,POINT(-46.61663906922454 -23.54125002769234),6.0,10.0,1937.0,,,
290,219.0,219,Livro de emplacamento 22. p. 236,Cintia,8/10/2018,POINT(-46.61663906922454 -23.54125002769234),10.0,8.0,1928.0,6.0,9.0,1937.0
290,229.0,229,Livro de emplacamento 14. p. 9,Cintia,8/10/2018,POINT(-46.61663906922454 -23.54125002769234),10.0,7.0,1928.0,10.0,7.0,1928.0
513,123.0,123,Livro de emplacamento 25. p. 259,Cintia,8/10/2018,POINT(-46.64830229740799 -23.54046453310655),22.0,6.0,1939.0,,,
513,1.0,1,Livro de emplacamento 25. p. 259,Cintia,8/10/2018,POINT(-46.64830229740799 -23.54046453310655),1.0,12.0,1909.0,21.0,6.0,1939.0
513,189.0,189,Livro de emplacamento 25. p. 259,Cintia,8/10/2018,POINT(-46.648632348730416 -23.539958916657884),22.0,6.0,1939.0,,,
513,15.0,15,Livro de emplacamento 25. p. 259,Cintia,8/10/2018,POINT(-46.648632348730416 -23.539958916657884),11.0,6.0,1929.0,21.0,6.0,1939.0
513,19.0,19,Livro de emplacamento 16. p. 41,Cintia,8/10/2018,POINT(-46.648632348730416 -23.539958916657884),1.0,12.0,1909.0,11.0,5.0,1929.0
513,293.0,293,Livro de emplacamento 25. p. 259,Cintia,8/10/2018,POINT(-46.64915213495644 -23.53915090547397),22.0,6.0,1939.0,,,
513,43.0,43,Livro de emplacamento 25. p. 259,Cintia,8/10/2018,POINT(-46.64915213495644 -23.53915090547397),11.0,6.0,1929.0,21.0,6.0,1939.0
513,37.0,37,Livro de emplacamento 16. p. 41,Cintia,8/10/2018,POINT(-46.64915213495644 -23.53915090547397),1.0,12.0,1909.0,11.0,5.0,1929.0
513,12.0,12,Livro de emplacamento 25. p. 258,Cintia,8/10/2018,POINT(-46.64776142000507 -23.541330322557133),22.0,6.0,1939.0,,,
513,2.0,2,Livro de emplacamento 25. p. 258,Cintia,8/10/2018,POINT(-46.64776142000507 -23.541330322557133),1.0,12.0,1909.0,21.0,6.0,1939.0
513,146.0,146,Livro de emplacamento 25. p. 258,Cintia,8/10/2018,POINT(-46.64841064252295 -23.540298555670514),22.0,6.0,1939.0,,,
513,48.0,48,Livro de emplacamento 25. p. 258,Cintia,8/10/2018,POINT(-46.64841064252295 -23.540298555670514),24.0,11.0,1911.0,21.0,6.0,1939.0
513,40.0,40,Livro de emplacamento 8. p. 179,Cintia,8/10/2018,POINT(-46.64841064252295 -23.540298555670514),1.0,12.0,1909.0,23.0,11.0,1911.0
513,290.0,290,Livro de emplacamento 25. p. 258,Cintia,8/10/2018,POINT(-46.64913333851118 -23.53918027601979),22.0,6.0,1939.0,,,
513,92.0,92,Livro de emplacamento 25. p. 258,Cintia,8/10/2018,POINT(-46.64913333851118 -23.53918027601979),11.0,6.0,1929.0,21.0,6.0,1939.0
513,72.0,72,Livro de emplacamento 16. p. 41,Cintia,8/10/2018,POINT(-46.64913333851118 -23.53918027601979),11.0,5.0,1929.0,11.0,5.0,1929.0
293,51.0,51,Livro de emplacamento 20. p. 98,Cintia,8/10/2018,POINT(-46.648851602288666 -23.538701245684074),15.0,10.0,1935.0,,,
293,48.0,48,Livro de emplacamento 20. p. 98,Cintia,8/10/2018,POINT(-46.648851602288666 -23.538701245684074),13.0,9.0,1930.0,14.0,10.0,1935.0
293,44.0,44,Livro de emplacamento 17. p. 91,Cintia,8/10/2018,POINT(-46.648851602288666 -23.538701245684074),17.0,6.0,1911.0,9.0,12.0,1930.0
293,42.0,42,"Livro de emplacamento 1 p,34",Cintia,8/10/2018,POINT(-46.648851602288666 -23.538701245684074),27.0,7.0,1908.0,16.0,6.0,1911.0
293,26.0,26,Livro de emplacamento 1. p. 34,Cintia,8/10/2018,POINT(-46.648851602288666 -23.538701245684074),26.0,7.0,1908.0,26.0,7.0,1908.0
293,187.0,187,Livro de emplacamento 20. p. 98,Cintia,8/10/2018,POINT(-46.64775348353661 -23.538033620766143),15.0,10.0,1935.0,,,
293,30.0,30,Livro de emplacamento 20. p. 98,Cintia,8/10/2018,POINT(-46.64775348353661 -23.538033620766143),13.0,9.0,1930.0,14.0,10.0,1935.0
293,26.0,26,Livro de emplacamento 17. p 91,Cintia,8/10/2018,POINT(-46.64775348353661 -23.538033620766143),9.0,12.0,1930.0,13.0,9.0,1930.0
293,315.0,315,Livro de emplacamento 20. p. 98,Cintia,8/10/2018,POINT(-46.64670461419955 -23.537400744464673),15.0,10.0,1935.0,,,
293,2.0,2sob,Livro de emplacamento 20. p. 98,Cintia,8/10/2018,POINT(-46.64670461419955 -23.537400744464673),13.0,9.0,1930.0,14.0,10.0,1935.0
293,50.0,50,Livro de emplacamento 20. p. 99,Cintia,8/10/2018,POINT(-46.64887350951328 -23.53871483426203),15.0,10.0,1935.0,,,
293,41.0,41,Livro de emplacamento 20.p. 99,Cintia,8/10/2018,POINT(-46.64887350951328 -23.53871483426203),9.0,12.0,1930.0,14.0,10.0,1935.0
293,196.0,196,Livro de emplacamento 20. p. 99,Cintia,8/10/2018,POINT(-46.647677454816154 -23.53798774586666),15.0,10.0,1935.0,,,
293,31.0,31,Livro de emplacamento 20. p. 99,Cintia,8/10/2018,POINT(-46.647677454816154 -23.53798774586666),13.0,9.0,1930.0,14.0,10.0,1935.0
293,29.0,29,Livro de emplacamento 17. p. 91,Cintia,8/10/2018,POINT(-46.647677454816154 -23.53798774586666),9.0,12.0,1930.0,9.0,12.0,1930.0
293,306.0,306,Livro de emplacamento 20. p. 99,Cintia,8/10/2018,POINT(-46.64677737286751 -23.5374446462502),15.0,10.0,1935.0,,,
293,1.0,1t,Livro de emplacamento 20. p. 99,Cintia,8/10/2018,POINT(-46.64677737286751 -23.5374446462502),13.0,9.0,1930.0,14.0,10.0,1935.0
298,30.0,30,Livro de emplacamento 20. p. 340,Cintia,8/10/2018,POINT(-46.65544923581883 -23.53982399785453),20.0,1.0,1936.0,,,
298,2.0,2,Livro de emplacamento 20. p. 340,Cintia,8/10/2018,POINT(-46.65544923581883 -23.53982399785453),18.0,1.0,1909.0,19.0,1.0,1936.0
298,90.0,90,Livro de emplacamento 20. p. 340,Cintia,8/10/2018,POINT(-46.65602016847342 -23.539678601955025),20.0,1.0,1936.0,,,
298,20.0,20,Livro de emplacamento 20. p. 340,Cintia,8/10/2018,POINT(-46.65602016847342 -23.539678601955025),19.0,1.0,1936.0,19.0,1.0,1936.0
298,73.0,73,Livro de emplacamento 20. p. 341,Cintia,8/10/2018,POINT(-46.65585030421255 -23.539721860239172),20.0,1.0,1936.0,,,
298,1.0,1,Livro de emplacamento 20. p. 341,Cintia,8/10/2018,POINT(-46.65585030421255 -23.539721860239172),18.0,9.0,1924.0,19.0,1.0,1936.0
298,81.0,81,Livro de emplacamento 20. p. 341,Cintia,8/10/2018,POINT(-46.65593051789129 -23.539701432716104),20.0,1.0,1936.0,,,
298,3.0,3,Livro de emplacamento 20. p. 341,Cintia,8/10/2018,POINT(-46.65593051789129 -23.539701432716104),18.0,1.0,1909.0,19.0,1.0,1936.0
306,75.0,75,Livro de emplacamento 20. p. 121,Cintia,8/10/2018,POINT(-46.64763036579616 -23.538910610199714),25.0,10.0,1935.0,,,
306,15.0,15,Livro de emplacamento 20. p. 121,Cintia,8/10/2018,POINT(-46.64763036579616 -23.538910610199714),24.0,10.0,1935.0,24.0,10.0,1935.0
524,23.0,23,Livro de emplacamento 20. p. 190,Cintia,8/10/2018,POINT(-46.64586627109351 -23.53904243824795),19.0,11.0,1935.0,,,
524,1.0,1,Livro de emplacamento 20. p. 190,Cintia,8/10/2018,POINT(-46.64586627109351 -23.53904243824795),1.0,12.0,1909.0,18.0,11.0,1935.0
524,8.0,8,Livro de emplacamento 20. p. 189,Cintia,8/10/2018,POINT(-46.64598952949401 -23.539129635087225),19.0,11.0,1935.0,,,
524,2.0,2,Livro de emplacamento 20. p. 189,Cintia,8/10/2018,POINT(-46.64598952949401 -23.539129635087225),1.0,12.0,1909.0,18.0,11.0,1935.0
524,48.0,48,Livro de emplacamento 20. p. 189,Cintia,8/10/2018,POINT(-46.64236439329754 -23.53657917882353),13.0,9.0,1928.0,18.0,11.0,1935.0
524,44.0,44,Livro de emplacamento 13. p. 111,Cintia,8/10/2018,POINT(-46.64236439329754 -23.53657917882353),22.0,5.0,1922.0,9.0,12.0,1928.0
524,36.0,36,Livro de emplacamento 4. p. 15,Cintia,8/10/2018,POINT(-46.64236439329754 -23.53657917882353),1.0,12.0,1909.0,21.0,5.0,1922.0
524,26.0,26,Livro de emplacamento 4. p. 2,Cintia,8/10/2018,POINT(-46.64236439329754 -23.53657917882353),1.0,12.0,1909.0,1.0,11.0,1909.0
524,758.0,758,Livro de emplacamento 20. p. 189,Cintia,8/10/2018,POINT(-46.640169341452626 -23.535026357412768),19.0,11.0,1935.0,,,
524,80.0,80,Livro de emplacamento 20. p. 189,Cintia,8/10/2018,POINT(-46.640169341452626 -23.535026357412768),13.0,9.0,1928.0,18.0,11.0,1935.0
524,62.0,62,Livro de emplacamento 13. p 111,Cintia,8/10/2018,POINT(-46.640169341452626 -23.535026357412768),1.0,12.0,1909.0,9.0,12.0,1928.0
524,54.0,54,Livro de emplacamento 4. p. 2,Cintia,8/10/2018,POINT(-46.640169341452626 -23.535026357412768),1.0,10.0,1909.0,1.0,10.0,1909.0
387,67.0,67,Livro de emplacamento 19. p. 108,Cintia,8/10/2018,POINT(-46.65543803374273 -23.552539847029475),12.0,1.0,1933.0,,,
387,3.0,3,Livro de emplacamento 19. p. 108,Cintia,8/10/2018,POINT(-46.65543803374273 -23.552539847029475),30.0,11.0,1933.0,30.0,11.0,1933.0
387,201.0,201,Livro de emplacamento 19. p. 108,Cintia,8/10/2018,POINT(-46.65445086013686 -23.55175353131628),12.0,1.0,1933.0,,,
387,37.0,37,Livro de emplacamento 19. p. 108,Cintia,8/10/2018,POINT(-46.65445086013686 -23.55175353131628),27.0,8.0,1907.0,30.0,11.0,1933.0
387,35.0,35,Livro de emplacamento 1. p. 94,Cintia,8/10/2018,POINT(-46.65445086013686 -23.55175353131628),26.0,8.0,1907.0,26.0,8.0,1907.0
387,365.0,365,Livro de emplacamento 19. p. 108,Cintia,8/10/2018,POINT(-46.653224342194434 -23.550781853942855),12.0,1.0,1933.0,,,
387,85.0,85,Livro de emplacamento 18. p. 108,Cintia,8/10/2018,POINT(-46.653224342194434 -23.550781853942855),27.0,8.0,1907.0,30.0,11.0,1933.0
387,83.0,83,Livro de emplacamento 1. p. 94,Cintia,8/10/2018,POINT(-46.653224342194434 -23.550781853942855),26.0,8.0,1907.0,26.0,8.0,1907.0
387,24.0,24,Livro de emplacamento 19. p. 111,Cintia,8/10/2018,POINT(-46.65582307035556 -23.552699509676604),12.0,1.0,1933.0,,,
387,2.0,2,Livro de emplacamento 19. p. 111,Cintia,8/10/2018,POINT(-46.65582307035556 -23.552699509676604),27.0,8.0,1907.0,30.0,11.0,1933.0
387,202.0,202,Livro de emplacamento 19. p. 111,Cintia,8/10/2018,POINT(-46.65444119080196 -23.55174587103377),12.0,1.0,1933.0,,,
387,58.0,58,Livro de emplacamento 19. p. 111,Cintia,8/10/2018,POINT(-46.65444119080196 -23.55174587103377),2.0,4.0,1918.0,30.0,11.0,1933.0
387,68.0,68,Livro de emplacamento 2. p. 51,Cintia,8/10/2018,POINT(-46.65444119080196 -23.55174587103377),2.0,3.0,1918.0,2.0,3.0,1918.0
387,368.0,368,Livro de emplacamento 19. p. 111,Cintia,8/10/2018,POINT(-46.65320351593465 -23.550765354872837),12.0,1.0,1933.0,,,
387,124.0,124,Livro de emplacamento 19. p. 111,Cintia,8/10/2018,POINT(-46.65320351593465 -23.550765354872837),30.0,11.0,1933.0,30.0,11.0,1933.0
388,40.0,40,Livro de emplacamento 22. p. 2,Cintia,8/10/2018,,3.0,4.0,1937.0,,,
388,2.0,2,Livro de emplacamento 22. p. 2,Cintia,8/10/2018,,19.0,7.0,1928.0,3.0,3.0,1937.0
388,268.0,268,Livro de emplacamento 22. p. 2,Cintia,8/10/2018,,3.0,4.0,1937.0,,,
388,22.0,22,Livro de emplacamento 22. p. 2,Cintia,8/10/2018,,8.0,9.0,1922.0,3.0,3.0,1937.0
388,36.0,36,Livro de emplacamento 7. p. 194,Cintia,8/10/2018,,8.0,8.0,1922.0,8.0,8.0,1922.0
388,43.0,43,Livro de emplacamento 22. p. 5,Cintia,8/10/2018,,3.0,4.0,1937.0,,,
388,3.0,3,Livro de emplacamento 22. p. 5,Cintia,8/10/2018,,19.0,7.0,1928.0,3.0,3.0,1937.0
388,1.0,1a,Livro de emplacamento 14. p. 56,Cintia,8/10/2018,,8.0,9.0,1922.0,18.0,7.0,1928.0
388,251.0,251,Livro de emplacamento 22. p. 5,Cintia,8/10/2018,,3.0,4.0,1937.0,,,
388,39.0,39,"Livro de emplacamento 22. p,5",Cintia,8/10/2018,,19.0,7.0,1928.0,3.0,3.0,1937.0
388,33.0,33,Livro de emplacamento 14. p. 56,Cintia,8/10/2018,,23.0,3.0,1911.0,18.0,7.0,1937.0
388,27.0,27,Livro de emplacamento 7. p. 130,Cintia,8/10/2018,,22.0,3.0,1911.0,22.0,3.0,1911.0
388,475.0,475,Livro de emplacamento 22. p. 5,Cintia,8/10/2018,,3.0,4.0,1937.0,,,
388,81.0,81,Livro de emplacamento 22. p. 5. 22. p. 5,Cintia,8/10/2018,,19.0,7.0,1928.0,3.0,3.0,1937.0
388,69.0,69,Livro de emplacamento 14. p. 56,Cintia,8/10/2018,,8.0,9.0,1922.0,18.0,7.0,1928.0
388,51.0,51,Livro de emplacamento 7,Cintia,8/10/2018,,23.0,3.0,1911.0,8.0,7.0,1922.0
388,45.0,45,Livro de emplacamento 7. p. 193,Cintia,8/10/2018,,22.0,3.0,1911.0,22.0,3.0,1911.0
392,10.0,10,Livro de emplacamento 21. p. 8,Cintia,8/10/2018,POINT(-46.65545699315808 -23.55600407516237),31.0,3.0,1936.0,,,
392,2.0,2,Livro de emplacamento 21. p. 8,Cintia,8/10/2018,POINT(-46.65545699315808 -23.55600407516237),27.0,10.0,1927.0,30.0,3.0,1936.0
392,107.0,107,Livro de emplacamento 11. p. 126,Cintia,8/10/2018,POINT(-46.65545699315808 -23.55600407516237),28.0,10.0,1927.0,28.0,10.0,1927.0
392,184.0,184,Livro de emplacamento 21. p. 8,Cintia,8/10/2018,POINT(-46.653834433415774 -23.55555238359752),31.0,3.0,1936.0,,,
392,44.0,44,Livro de emplacamento 21. p. 8,Cintia,8/10/2018,POINT(-46.653834433415774 -23.55555238359752),27.0,10.0,1927.0,30.0,3.0,1936.0
392,63.0,63,Livro de emplacamento 11. p. 126,Cintia,8/10/2018,POINT(-46.653834433415774 -23.55555238359752),26.0,10.0,1927.0,26.0,10.0,1927.0
392,390.0,390,Livro de emplacamento 21. p. 8,Cintia,8/10/2018,POINT(-46.65191041284554 -23.554994568232228),31.0,3.0,1936.0,,,
392,80.0,80,Livro de emplacamento 21. p. 8,Cintia,8/10/2018,POINT(-46.65191041284554 -23.554994568232228),30.0,3.0,1936.0,30.0,3.0,1936.0
392,13.0,13,Livro de emplacamento 21. p. 9,Cintia,8/10/2018,POINT(-46.65542979805971 -23.55599660995575),31.0,3.0,1936.0,,,
392,1.0,1,Livro de emplacamento 21. p. 9,Cintia,8/10/2018,POINT(-46.65542979805971 -23.55599660995575),27.0,10.0,1927.0,30.0,3.0,1936.0
392,181.0,181,Livro de emplacamento 21. p. 9,Cintia,8/10/2018,POINT(-46.65384938215512 -23.555556699260958),31.0,3.0,1936.0,,,
392,55.0,55A,Livro de emplacamento 21. p. 9,Cintia,8/10/2018,POINT(-46.65384938215512 -23.555556699260958),27.0,10.0,1927.0,30.0,3.0,1936.0
392,74.0,74,Livro de emplacamento 11. p. 126,Cintia,8/10/2018,POINT(-46.653855922228594 -23.55555858736371),26.0,10.0,1927.0,26.0,10.0,1927.0
392,397.0,397,Livro de emplacamento 21. p. 9,Cintia,8/10/2018,POINT(-46.65184691319872 -23.55497611447576),31.0,3.0,1936.0,,,
392,109.0,109,Livro de emplacamento 21. p. 9,Cintia,8/10/2018,POINT(-46.65184691319872 -23.55497611447576),30.0,3.0,1936.0,30.0,3.0,1936.0
393,25.0,25,Livro de emplacamento 25. p. 243,Cintia,8/10/2018,POINT(-46.65520447356014 -23.55538523579788),15.0,6.0,1939.0,,,
393,1.0,1,Livro de emplacamento 25. p. 243,Cintia,8/10/2018,POINT(-46.65520447356014 -23.55538523579788),14.0,6.0,1939.0,14.0,6.0,1939.0
393,149.0,149,Livro de emplacamento 25. p. 243,Cintia,8/10/2018,POINT(-46.65407968334444 -23.555035381234873),15.0,6.0,1939.0,,,
393,19.0,19,Livro de emplacamento 25. p. 243,Cintia,8/10/2018,POINT(-46.65407968334444 -23.555035381234873),14.0,6.0,1939.0,14.0,6.0,1939.0
393,329.0,329,Livro de emplacamento 25. p. 243,Cintia,8/10/2018,POINT(-46.652684872653296 -23.555144394619727),15.0,6.0,1939.0,,,
393,55.0,55,Livro de emplacamento 25. p. 243,Cintia,8/10/2018,POINT(-46.652684872653296 -23.555144394619727),22.0,10.0,1927.0,14.0,6.0,1939.0
393,45.0,45,Livro de emplacamento 11. p 136,Cintia,8/10/2018,POINT(-46.652684872653296 -23.555144394619727),21.0,10.0,1927.0,21.0,10.0,1927.0
393,28.0,28,Livro de emplacamento 25. p. 242,Cintia,8/10/2018,POINT(-46.655181549728624 -23.55537812793763),15.0,6.0,1939.0,,,
393,2.0,2,Livro de emplacamento 25. p. 242,Cintia,8/10/2018,POINT(-46.655181549728624 -23.55537812793763),14.0,6.0,1939.0,14.0,6.0,1939.0
393,154.0,154,Livro de emplacamento 25. p. 242,Cintia,8/10/2018,POINT(-46.654036614115604 -23.55502192984854),15.0,6.0,1939.0,,,
393,18.0,18,Livro de emplacamento 25. p. 242,Cintia,8/10/2018,POINT(-46.654036614115604 -23.55502192984854),22.0,10.0,1927.0,14.0,6.0,1939.0
393,14.0,14,Livro de emplacamento 11. p. 136,Cintia,8/10/2018,POINT(-46.654036614115604 -23.55502192984854),21.0,10.0,1927.0,21.0,10.0,1927.0
393,302.0,302,Livro de empĺacamento 25. p. 242,Cintia,8/10/2018,POINT(-46.652796407696854 -23.554912843377913),15.0,6.0,1939.0,,,
393,46.0,46,Livro de emplacamento 25. p. 242,Cintia,8/10/2018,POINT(-46.652796407696854 -23.554912843377913),14.0,6.0,1939.0,14.0,6.0,1939.0
394,36.0,36,Livro de emplacamento 27. p. 94,Cintia,8/10/2018,POINT(-46.651059198020896 -23.553050607681627),16.0,5.0,1940.0,,,
394,2.0,2,Livro de emplacamento 27. p. 94,Cintia,8/10/2018,POINT(-46.651059198020896 -23.553050607681627),15.0,5.0,1940.0,15.0,5.0,1940.0
394,326.0,326,Livro de emplacamento 27. p. 94,Cintia,8/10/2018,POINT(-46.64960416676602 -23.554929821012934),16.0,5.0,1940.0,,,
394,44.0,44,Livro de emplacamento 27. p. 94,Cintia,8/10/2018,POINT(-46.64960416676602 -23.554929821012934),26.0,6.0,1929.0,15.0,5.0,1940.0
394,48.0,48,Livro de emplacamento 15. p. 135,Cintia,8/10/2018,POINT(-46.64960054702578 -23.554928811468123),25.0,6.0,1929.0,25.0,6.0,1929.0
394,7.0,7,Livro de emplacamento 27. p. 95,Cintia,8/10/2018,POINT(-46.65123992383803 -23.552834337613238),16.0,5.0,1940.0,,,
394,1.0,1,Livro de emplacamento 27. p. 95,Cintia,8/10/2018,POINT(-46.65123992383803 -23.552834337613238),15.0,5.0,1940.0,15.0,5.0,1940.0
394,285.0,285,Livro de emplacamento 27. p. 95,Cintia,8/10/2018,POINT(-46.6499782732907 -23.55502087388636),16.0,5.0,1940.0,,,
394,69.0,69,Livro de emplacamento 27. p. 95,Cintia,8/10/2018,POINT(-46.6499782732907 -23.55502087388636),26.0,6.0,1929.0,15.0,5.0,1940.0
394,61.0,61,Livro de emplacamento 15. p. 135,Cintia,8/10/2018,POINT(-46.6499782732907 -23.55502087388636),25.0,6.0,1929.0,25.0,6.0,1929.0
394,477.0,477,Livro de emplacamento 27. p 95,Cintia,8/10/2018,POINT(-46.64827981778046 -23.555030161487426),16.0,5.0,1940.0,,,
394,123.0,123,Livro de emplacamento 27. p. 95,Cintia,8/10/2018,POINT(-46.64827981778046 -23.555030161487426),15.0,5.0,1940.0,15.0,5.0,1940.0
402,27.0,27,Livro de emplacamento 26. p. 350,Cintia,8/10/2018,POINT(-46.649074472062644 -23.55656214953514),10.0,11.0,1939.0,,,
402,1.0,1,Livro de emplacamento 26. p. 350,Cintia,8/10/2018,POINT(-46.649074472062644 -23.55656214953514),15.0,8.0,1928.0,11.0,9.0,1939.0
402,160.0,160,Livro de emplacamento 26. p. 350,Cintia,8/10/2018,POINT(-46.64777201002399 -23.55646406361948),10.0,11.0,1939.0,,,
402,29.0,29,Livro de emplacamento 26. p. 350,Cintia,8/10/2018,POINT(-46.64777201002399 -23.55646406361948),15.0,8.0,1928.0,11.0,9.0,1939.0
402,39.0,39 tinta,Livro de emplacamento 14. p. 70,Cintia,8/10/2018,POINT(-46.64777201002399 -23.55646406361948),14.0,8.0,1928.0,14.0,8.0,1928.0
402,271.0,271,Livro de emplacamento 26. p. 350,Cintia,8/10/2018,POINT(-46.64669423737857 -23.556476126162508),10.0,11.0,1939.0,,,
402,57.0,57,Livro de emplacamento 26. p. 350,Cintia,8/10/2018,POINT(-46.64669423737857 -23.556476126162508),11.0,9.0,1939.0,11.0,9.0,1939.0
402,42.0,42,Livro de emplacamento 26. p. 351,Cintia,8/10/2018,POINT(-46.64892438023823 -23.556547827389046),10.0,11.0,1939.0,,,
402,2.0,2sob,Livro de emplacamento 26. p. 351,Cintia,8/10/2018,POINT(-46.64892438023823 -23.556547827389046),15.0,8.0,1928.0,11.0,9.0,1939.0
402,172.0,172,Livro de emplacamento 26. p. 351,Cintia,8/10/2018,POINT(-46.64766529678707 -23.55646324432372),10.0,11.0,1939.0,,,
402,8.0,8,Livro de emplacamento 26. p. 351,Cintia,8/10/2018,POINT(-46.64766529678707 -23.55646324432372),15.0,8.0,1928.0,11.0,9.0,1939.0
402,20.0,20,Livro de emplacamento 14. p. 70,Cintia,8/10/2018,POINT(-46.64766529678707 -23.55646324432372),14.0,8.0,1928.0,14.0,8.0,1928.0
402,270.0,270,Livro de emplacamento 26. p. 351,Cintia,8/10/2018,POINT(-46.64668934314604 -23.556476225811892),10.0,11.0,1939.0,,,
402,34.0,34,Livro de emplacamento 26. p. 351,Cintia,8/10/2018,POINT(-46.64668934314604 -23.556476225811892),15.0,8.0,1928.0,11.0,9.0,1939.0
402,50.0,50,Livro de emplacamento 14. p. 70,Cintia,8/10/2018,POINT(-46.64668934314604 -23.556476225811892),14.0,8.0,1928.0,14.0,8.0,1928.0
405,39.0,39,Livro de emplacamento 20. p. 344,Cintia,8/10/2018,POINT(-46.64254924049271 -23.55909143616208),2.0,7.0,1936.0,,,
405,1.0,1,Livro de emplacamento 20. p. 344,Cintia,8/10/2018,POINT(-46.64254924049271 -23.55909143616208),2.0,6.0,1936.0,2.0,6.0,1936.0
405,18.0,18,Livro de emplacamento 20. p. 346,Cintia,8/10/2018,POINT(-46.642528056730555 -23.55928864385896),2.0,7.0,1936.0,,,
405,2.0,2,Livro de emplacamento 20. p. 346,Cintia,8/10/2018,POINT(-46.642528056730555 -23.55928864385896),2.0,6.0,1936.0,2.0,6.0,1936.0
405,272.0,272,Livro de emplacamento 20. p. 346,Cintia,8/10/2018,POINT(-46.64277214555448 -23.557015841916826),2.0,7.0,1936.0,,,
405,48.0,48,Livro de emplacamento 20. p. 346,Cintia,8/10/2018,POINT(-46.64277214555448 -23.557015841916826),4.0,11.0,1908.0,2.0,6.0,1936.0
405,32.0,32,Livro de emplacamento 6. p. 75,Cintia,8/10/2018,POINT(-46.64277214555448 -23.557015841916826),4.0,10.0,1908.0,4.0,10.0,1908.0
405,800.0,800,Livro de emplacamento 20. p. 347,Cintia,8/10/2018,POINT(-46.643274648024665 -23.55231385734857),2.0,7.0,1936.0,,,
405,170.0,170B,Livro de emplacamento 20. p. 347,Cintia,8/10/2018,POINT(-46.643274648024665 -23.55231385734857),19.0,3.0,1912.0,2.0,6.0,1936.0
405,152.0,152,Livro de emplacamento 6. p. 148,Cintia,8/10/2018,POINT(-46.643274648024665 -23.55231385734857),4.0,11.0,1908.0,18.0,3.0,1912.0
405,140.0,140,Livro de emplacamento 6. p. 75,Cintia,8/10/2018,POINT(-46.643274648024665 -23.55231385734857),4.0,10.0,1908.0,4.0,10.0,1908.0
406,13.0,13,Livro de emplacamento 27. p. 317,Cintia,8/10/2018,,10.0,7.0,1940.0,,,
406,1.0,1,Livro de emplacamento 27. p. 317,Cintia,8/10/2018,,10.0,6.0,1940.0,10.0,6.0,1940.0
411,45.0,45,Livro de emplacamento 19. p. 133,Cintia,8/10/2018,POINT(-46.648790166120264 -23.567162034482347),5.0,9.0,1934.0,,,
411,3.0,3,Livro de emplacamento 19. p. 133,Cintia,8/10/2018,POINT(-46.648790166120264 -23.567162034482347),17.0,10.0,1929.0,5.0,8.0,1934.0
411,1.0,1,Livro de emplacamento 16. p. 22,Cintia,8/10/2018,POINT(-46.648790166120264 -23.567162034482347),5.0,5.0,1919.0,16.0,10.0,1929.0
411,453.0,453,Livro de emplacamento 19. p. 133,Cintia,8/10/2018,POINT(-46.64653464442248 -23.564167907202247),5.0,9.0,1934.0,,,
411,79.0,79,Livro de emplacamento 19. p. 133,Cintia,8/10/2018,POINT(-46.64653464442248 -23.564167907202247),17.0,10.0,1929.0,5.0,8.0,1934.0
411,83.0,83,Livro de emplacamento 16. p. 22,Cintia,8/10/2018,POINT(-46.64653464442248 -23.564167907202247),5.0,5.0,1919.0,16.0,10.0,1929.0
411,73.0,73,Livro de emplacamento 2. p. 53,Cintia,8/10/2018,POINT(-46.64653464442248 -23.564167907202247),5.0,4.0,1919.0,5.0,4.0,1919.0
411,6.0,6,Livro de emplacamento 19. p. 138,Cintia,8/10/2018,POINT(-46.648990911561434 -23.567472851949585),5.0,9.0,1934.0,,,
411,2.0,2,Livro de emplacamento 19. p. 138,Cintia,8/10/2018,POINT(-46.648990911561434 -23.567472851949585),5.0,8.0,1934.0,5.0,8.0,1934.0
411,436.0,436,Livro de emplacamento 19. p. 139,Cintia,8/10/2018,POINT(-46.646630113846776 -23.564279409636335),5.0,9.0,1934.0,,,
411,88.0,88,Livro de emplacamento 19. p. 139,Cintia,8/10/2018,POINT(-46.646630113846776 -23.564279409636335),17.0,10.0,1929.0,5.0,8.0,1934.0
411,116.0,116,Livro de emplacamento 16. p. 19,Cintia,8/10/2018,POINT(-46.646630113846776 -23.564279409636335),5.0,5.0,1919.0,16.0,10.0,1929.0
411,80.0,80,Livro de emplacamento 2. p. 54,Cintia,8/10/2018,POINT(-46.646630113846776 -23.564279409636335),5.0,4.0,1919.0,5.0,4.0,1919.0
411,966.0,966,Livro de emplacamento 19. p. 139,Cintia,8/10/2018,POINT(-46.64345416315326 -23.56057426187775),5.0,9.0,1934.0,,,
411,154.0,154,Livro de emplacamento 19. p. 139,Cintia,8/10/2018,POINT(-46.64345416315326 -23.56057426187775),17.0,10.0,1929.0,5.0,8.0,1934.0
411,150.0,150,Livro de emplacamento 2. p. 54,Cintia,8/10/2018,POINT(-46.64345416315326 -23.56057426187775),5.0,4.0,1934.0,5.0,4.0,1934.0
418,36.0,36,Livro de emplacamento 20. p. 299,Cintia,8/10/2018,POINT(-46.639411201722446 -23.551776931185625),14.0,1.0,1936.0,,,
418,2.0,2,Livro de emplacamento 20. p. 299,Cintia,8/10/2018,POINT(-46.639411201722446 -23.551776931185625),13.0,1.0,1936.0,13.0,1.0,1936.0
418,120.0,120,"Livro de emplacamento 20. p,299",Cintia,8/10/2018,POINT(-46.638685314925816 -23.552120442381447),14.0,1.0,1936.0,,,
418,18.0,18,Livro de emplacamento 20. p. 299,Cintia,8/10/2018,POINT(-46.638685314925816 -23.552120442381447),22.0,1.0,1927.0,13.0,1.0,1936.0
418,14.0,14,Livro de emplacamento 11. p. 173,Cintia,8/10/2018,POINT(-46.638685314925816 -23.552120442381447),1.0,1.0,1908.0,21.0,1.0,1927.0
418,4.0,4,Livro de emplacamento 6. p. 79,Cintia,8/10/2018,POINT(-46.638685314925816 -23.552120442381447),30.0,6.0,1908.0,30.0,6.0,1908.0
418,212.0,212,Livro de emplacamento 20. p. 299,Cintia,8/10/2018,POINT(-46.6378852999608 -23.552489365481744),14.0,1.0,1936.0,,,
418,40.0,40,"Livro de emplacamento 20. p,299",Cintia,8/10/2018,POINT(-46.6378852999608 -23.552489365481744),22.0,1.0,1927.0,13.0,1.0,1936.0
418,19.0,19,Livro de emplacamento 11. p. 173,Cintia,8/10/2018,POINT(-46.6378852999608 -23.552489365481744),7.0,1.0,1908.0,21.0,1.0,1937.0
418,9.0,9,Livro de emplacamento 6. p. 79,Cintia,8/10/2018,POINT(-46.6378852999608 -23.552489365481744),30.0,6.0,1908.0,30.0,6.0,1908.0
418,29.0,29,Livro de emplacamento 20. 298,Cintia,8/10/2018,POINT(-46.639479090415655 -23.551744804239252),14.0,1.0,1936.0,,,
418,3.0,3,Livro de emplacamento 20. p. 298,Cintia,8/10/2018,POINT(-46.639479090415655 -23.551744804239252),22.0,1.0,1927.0,13.0,1.0,1936.0
418,1.0,1,Livro de emplacamento 11. p. 173,Cintia,8/10/2018,POINT(-46.639479090415655 -23.551744804239252),21.0,1.0,1927.0,21.0,1.0,1927.0
418,115.0,115,Livro de emplacamento 20. p. 298,Cintia,8/10/2018,POINT(-46.63873753699752 -23.552095729345776),14.0,1.0,1936.0,,,
418,21.0,21,Livro de emplacamento 20. p. 298,Cintia,8/10/2018,POINT(-46.63873753699752 -23.552095729345776),22.0,1.0,1927.0,13.0,1.0,1936.0
418,29.0,29,Livro de emplacamento 11. p. 173´,Cintia,8/10/2018,POINT(-46.63873753699752 -23.552095729345776),7.0,1.0,1908.0,21.0,1.0,1927.0
418,19.0,19,Livro de emplacamento 6. p. 79,Cintia,8/10/2018,POINT(-46.63873753699752 -23.552095729345776),30.0,6.0,1908.0,30.0,6.0,1908.0
418,211.0,211,Livro de emplacamento 20. p. 298,Cintia,8/10/2018,POINT(-46.63789675893839 -23.552484326959778),14.0,1.0,1936.0,,,
418,43.0,43,Livro de emplacamento 20. p. 298,Cintia,8/10/2018,POINT(-46.63789675893839 -23.552484326959778),22.0,1.0,1927.0,13.0,1.0,1936.0
418,33.0,33,Livro de emplacamento 11. p. 173,Cintia,8/10/2018,POINT(-46.63789675893839 -23.552484326959778),7.0,1.0,1908.0,21.0,1.0,1927.0
418,23.0,23 tinta,Livro de emplacamento 6. p. 79,Cintia,8/10/2018,POINT(-46.63789675893839 -23.552484326959778),30.0,6.0,1908.0,30.0,6.0,1908.0
423,20.0,20,Livro de emplacamento 20. p. 259,Cintia,8/10/2018,POINT(-46.63974095544474 -23.5510774942304),17.0,12.0,1935.0,,,
423,2.0,2,Livro de emplacamento 20. p. 259,Cintia,8/10/2018,POINT(-46.63974095544474 -23.5510774942304),7.0,3.0,1908.0,16.0,12.0,1935.0
423,150.0,150,Livro de emplacamento 20. p. 259,Cintia,8/10/2018,POINT(-46.639719745983506 -23.55225105211011),17.0,12.0,1935.0,,,
423,44.0,44,Livro de emplacamento 20. p. 259,Cintia,8/10/2018,POINT(-46.639719745983506 -23.55225105211011),7.0,3.0,1908.0,16.0,12.0,1935.0
423,34.0,34,Livro de emplacamento 4. p. 71,Cintia,8/10/2018,POINT(-46.639719745983506 -23.55225105211011),7.0,2.0,1908.0,7.0,2.0,1908.0
423,21.0,21,Livro de emplacamento 20. p. 260,Cintia,8/10/2018,POINT(-46.63974061518601 -23.55109632136216),17.0,12.0,1935.0,,,
423,1.0,1,Livro de emplacamento 20. p. 260,Cintia,8/10/2018,POINT(-46.63974061518601 -23.55109632136216),7.0,3.0,1908.0,16.0,12.0,1935.0
423,151.0,151,Livro de emplacamento 20. p. 260,Cintia,8/10/2018,POINT(-46.63971961636113 -23.552258224350776),17.0,12.0,1935.0,,,
423,11.0,11,Livro de emplacamento 20. p. 260,Cintia,8/10/2018,POINT(-46.63971961636113 -23.552258224350776),7.0,3.0,1908.0,16.0,12.0,1935.0
423,7.0,7 tinta,Livro de emplacamento 4. p. 71,Cintia,8/10/2018,POINT(-46.63971961636113 -23.552258224350776),7.0,2.0,1908.0,7.0,2.0,1908.0
423,311.0,311,Livro de emplacamento 20. p. 260,Cintia,8/10/2018,POINT(-46.639716504071785 -23.553700062731075),17.0,12.0,1935.0,,,
423,47.0,47A,Livro de emplacamento 20. p. 260,Cintia,8/10/2018,POINT(-46.639716504071785 -23.553700062731075),7.0,3.0,1908.0,16.0,12.0,1935.0
423,35.0,35,Livro de emplacamento 4. p. 71,Cintia,8/10/2018,POINT(-46.639716504071785 -23.553700062731075),7.0,2.0,1908.0,7.0,2.0,1908.0
439,3.0,3,Livro de emplacamento 19. p. 279,Cintia,8/10/2018,POINT(-46.63395530515214 -23.558247844063803),5.0,5.0,1935.0,,,
439,1.0,1,Livro de emplacamento 19. p. 279,Cintia,8/10/2018,POINT(-46.63395530515214 -23.558247844063803),5.0,4.0,1935.0,5.0,4.0,1935.0
439,293.0,293,Livro de emplacamento 19. p. 279,Cintia,8/10/2018,POINT(-46.63417118047162 -23.555659415278267),5.0,5.0,1935.0,,,
439,51.0,51,Livro de emplacamento 19. p. 279,Cintia,8/10/2018,POINT(-46.63417118047162 -23.555659415278267),5.0,4.0,1935.0,5.0,4.0,1935.0
439,38.0,38,Livro de emplacamento 19. p. 281,Cintia,8/10/2018,POINT(-46.63400913961893 -23.557947121301954),5.0,5.0,1935.0,,,
439,4.0,4A,Livro de emplacamento 19. p. 281,Cintia,8/10/2018,POINT(-46.63400913961893 -23.557947121301954),22.0,6.0,1929.0,5.0,4.0,1935.0
439,8.0,8,Livro de emplacamento 15. p. 125,Cintia,8/10/2018,POINT(-46.63400913961893 -23.557947121301954),15.0,8.0,1908.0,21.0,6.0,1929.0
439,4.0,4,Livro de emplacamento 15. p. 125,Cintia,8/10/2018,POINT(-46.63400913961893 -23.557947121301954),14.0,8.0,1908.0,14.0,8.0,1908.0
439,294.0,294,Livro de emplacamento 19. p. 281,Cintia,8/10/2018,POINT(-46.63417213566308 -23.555645990055112),5.0,5.0,1935.0,,,
439,70.0,70,Livro de emplacamento 19. p. 281,Cintia,8/10/2018,POINT(-46.63417213566308 -23.555645990055112),22.0,6.0,1929.0,5.0,4.0,1935.0
439,82.0,82,Livro de emplacamento 15. p. 125,Cintia,8/10/2018,POINT(-46.63417213566308 -23.555645990055112),15.0,8.0,1908.0,21.0,6.0,1929.0
439,474.0,474,Livro de emplacamento 19. p. 282,Cintia,8/10/2018,POINT(-46.63429222691744 -23.554033562840758),5.0,5.0,1935.0,,,
439,106.0,106,Livro de emplacamento 19. p. 282,Cintia,8/10/2018,POINT(-46.63429222691744 -23.554033562840758),22.0,6.0,1929.0,5.0,4.0,1935.0
439,126.0,126,Livro de emplacamento 15. p. 125,Cintia,8/10/2018,POINT(-46.63429222691744 -23.554033562840758),15.0,8.0,1908.0,21.0,6.0,1929.0
439,106.0,106,Livro de emplacamento 4. p. 68,Cintia,8/10/2018,POINT(-46.63429222691744 -23.554033562840758),14.0,8.0,1908.0,14.0,8.0,1908.0
460,21.0,21,Livro de emplacamento 24. p. 237,Cintia,8/10/2018,POINT(-46.63264474908087 -23.55249328323114),4.0,4.0,1938.0,,,
460,1.0,1,Livro de emplacamento 24. p. 237,Cintia,8/10/2018,POINT(-46.63264474908087 -23.55249328323114),23.0,1.0,1928.0,4.0,3.0,1938.0
460,106.0,106,Livro de emplacamento 14. p. 96,Cintia,8/10/2018,POINT(-46.63264474908087 -23.55249328323114),30.0,3.0,1914.0,22.0,1.0,1928.0
460,48.0,48,Livro de emplacamento 19. p. 116,Cintia,8/10/2018,POINT(-46.63264474908087 -23.55249328323114),29.0,3.0,1914.0,29.0,3.0,1914.0
460,277.0,277,Livro de emplacamento 24. p. 237,Cintia,8/10/2018,POINT(-46.63015490238915 -23.552489162061992),4.0,4.0,1938.0,,,
460,55.0,55,Livro de emplacamento 24. p. 237,Cintia,8/10/2018,POINT(-46.63015490238915 -23.552489162061992),23.0,1.0,1928.0,4.0,3.0,1938.0
460,56.0,56,Livro de emplacamento 14. p. 96,Cintia,8/10/2018,POINT(-46.63015490238915 -23.552489162061992),22.0,1.0,1928.0,22.0,1.0,1928.0
460,543.0,543,Livro de emplacamento 24. p. 237,Cintia,8/10/2018,POINT(-46.62760708436979 -23.5521517506745),4.0,4.0,1938.0,,,
460,107.0,107,Livro de emplacamento 24. p. 237,Cintia,8/10/2018,POINT(-46.62760708436979 -23.5521517506745),23.0,1.0,1938.0,4.0,3.0,1938.0
460,2.0,2,Livro de emplacamento 14. p. 96,Cintia,8/10/2018,POINT(-46.62760708436979 -23.5521517506745),30.0,3.0,1914.0,22.0,1.0,1928.0
460,49.0,49,Livro de emplacamento 19. p. 116,Cintia,8/10/2018,POINT(-46.62760708436979 -23.5521517506745),4.0,12.0,1909.0,29.0,3.0,1914.0
460,43.0,43,Livro de emplacamento 9. p. 78,Cintia,8/10/2018,POINT(-46.62760708436979 -23.5521517506745),4.0,11.0,1909.0,4.0,11.0,1909.0
460,30.0,30,Livro de emplacamento 24. p. 238,Cintia,8/10/2018,POINT(-46.6325626348891 -23.552492840176868),4.0,4.0,1938.0,,,
460,2.0,2,Livro de emplacamento 24. p. 238,Cintia,8/10/2018,POINT(-46.6325626348891 -23.552492840176868),23.0,1.0,1928.0,4.0,3.0,1938.0
460,278.0,278,Livro de emplacamento 24. p. 238,Cintia,8/10/2018,POINT(-46.63014512674871 -23.552489157932406),4.0,4.0,1938.0,,,
460,52.0,52,Livro de emplacamento 24. p. 238,Cintia,8/10/2018,POINT(-46.63014512674871 -23.552489157932406),23.0,1.0,1928.0,4.0,3.0,1938.0
460,75.0,75,Livro de emplacamento 14. p. 96,Cintia,8/10/2018,POINT(-46.63014512674871 -23.552489157932406),30.0,3.0,1914.0,22.0,1.0,1928.0
460,15.0,15,Livro de emplacamento 19. p. 116,Cintia,8/10/2018,POINT(-46.63014023892849 -23.552489155867615),3.0,12.0,1909.0,29.0,3.0,1914.0
460,11.0,11,Livro de emplacamento 9. p. 85,Cintia,8/10/2018,POINT(-46.63014023892849 -23.552489155867615),4.0,12.0,1909.0,3.0,11.0,1909.0
460,546.0,546,Livro de emplacamento 24. p. 239,Cintia,8/10/2018,POINT(-46.627576228890575 -23.552146602258016),4.0,4.0,1938.0,4.0,4.0,1938.0
460,524.0,524,Livro de emplacamento 24. p. 238,Cintia,8/10/2018,POINT(-46.627776789505496 -23.552180066965164),4.0,4.0,1938.0,,,
460,118.0,118,Livro de emplacamento 24. p. 238,Cintia,8/10/2018,POINT(-46.627776789505496 -23.552180066965164),23.0,1.0,1928.0,4.0,3.0,1938.0
460,11.0,11,Livro de emplacamento 14. p. 96,Cintia,8/10/2018,POINT(-46.6277806464404 -23.552180710517224),30.0,3.0,1914.0,22.0,1.0,1928.0
460,48.0,48,Livro de emplacamento 19. p. 116,Cintia,8/10/2018,POINT(-46.6277806464404 -23.552180710517224),29.0,3.0,1914.0,29.0,3.0,1914.0
463,19.0,19,Livro de emplacamento 21. p. 60,Cintia,8/10/2018,POINT(-46.62490148033541 -23.552640426971184),22.0,4.0,1936.0,,,
463,1.0,1,Livro de emplacamento 21. p. 60,Cintia,8/10/2018,POINT(-46.62490148033541 -23.552640426971184),21.0,4.0,1936.0,21.0,4.0,1936.0
463,123.0,123,Livro de emplacamento 21. p. 60,Cintia,8/10/2018,POINT(-46.62388105736574 -23.55273326161228),22.0,4.0,1936.0,,,
463,37.0,37,Livro de emplacamento 21. p. 60,Cintia,8/10/2018,POINT(-46.62388105736574 -23.55273326161228),21.0,4.0,1936.0,21.0,4.0,1936.0
463,237.0,237,Livro de emplacamento 21. p. 60,Cintia,8/10/2018,POINT(-46.622769949765406 -23.552833845153884),22.0,4.0,1936.0,,,
463,59.0,59T,Livro de emplacamento 21. p. 60,Cintia,8/10/2018,POINT(-46.622769949765406 -23.552833845153884),21.0,4.0,1936.0,21.0,4.0,1936.0
463,14.0,14,Livro de emplacamento 21. p. 61,Cintia,8/10/2018,POINT(-46.62494046262555 -23.55263685444995),22.0,4.0,1936.0,,,
463,2.0,2,Livro de emplacamento 21. p. 61,Cintia,8/10/2018,POINT(-46.62494046262555 -23.55263685444995),7.0,4.0,1908.0,21.0,4.0,1936.0
463,162.0,162,Livro de emplacamento 21. p. 61,Cintia,8/10/2018,POINT(-46.62349996336943 -23.552767720402564),22.0,4.0,1936.0,,,
463,22.0,22,Livro de emplacamento 21. p. 61,Cintia,8/10/2018,POINT(-46.62349996336943 -23.552767720402564),22.0,8.0,1929.0,21.0,4.0,1936.0
463,30.0,30,Livro de emplacamento 15. p. 175,Cintia,8/10/2018,POINT(-46.62349996336943 -23.552767720402564),9.0,1.0,1912.0,21.0,8.0,1929.0
463,14.0,14,Livro de emplacamento 2. p. 32,Cintia,8/10/2018,POINT(-46.62349996336943 -23.552767720402564),31.0,8.0,1912.0,31.0,8.0,1912.0
463,230.0,230,Livro de emplacamento 21. p. 61,Cintia,8/10/2018,POINT(-46.62283622603386 -23.552827841838678),22.0,4.0,1936.0,,,
463,48.0,48,Livro de emplacamento 21. p. 61,Cintia,8/10/2018,POINT(-46.62283622603386 -23.552827841838678),22.0,8.0,1929.0,21.0,4.0,1936.0
463,54.0,54,Livro de emplacamento 15. p. 175,Cintia,8/10/2018,POINT(-46.62283622603386 -23.552827841838678),9.0,1.0,1912.0,21.0,8.0,1929.0
463,38.0,38,Livro de emplacamento 2. p. 32,Cintia,8/10/2018,POINT(-46.62283622603386 -23.552827841838678),7.0,4.0,1908.0,31.0,8.0,1912.0
463,32.0,32,Livro de emplacamento 1. p. 100,Cintia,8/10/2018,POINT(-46.62283622603386 -23.552827841838678),7.0,3.0,1908.0,7.0,3.0,1908.0
464,19.0,19,Livro de emplacamento 26. p. 251,Cintia,8/10/2018,POINT(-46.6250493315813 -23.553301522922375),28.0,4.0,1938.0,,,
464,1.0,1,Livro de emplacamento 26. p. 251,Cintia,8/10/2018,POINT(-46.6250493315813 -23.553301522922375),27.0,4.0,1938.0,27.0,4.0,1938.0
464,265.0,265,Livro de emplacamento 26. p. 251,Cintia,8/10/2018,POINT(-46.62268494194957 -23.553499347129833),28.0,4.0,1938.0,,,
464,65.0,65,Livro de emplacamento 26. p. 251,Cintia,8/10/2018,POINT(-46.62268494194957 -23.553499347129833),27.0,4.0,1938.0,27.0,4.0,1938.0
464,44.0,44,Livro de emplacamento 26. p 259,Cintia,8/10/2018,POINT(-46.624803028610124 -23.55334431877285),28.0,4.0,1938.0,,,
464,16.0,16,Livro de emplacamento 26. p. 259,Cintia,8/10/2018,POINT(-46.624803028610124 -23.55334431877285),27.0,5.0,1909.0,27.0,4.0,1938.0
464,296.0,296,Livro de emplacamento 26. p. 259,Cintia,8/10/2018,POINT(-46.62237071726107 -23.553522922203115),28.0,4.0,1938.0,,,
464,80.0,80,Livro de emplacamento 26. p. 259,Cintia,8/10/2018,POINT(-46.62237071726107 -23.553522922203115),11.0,12.0,1917.0,27.0,4.0,1938.0
464,82.0,82,Livro de emplacamento 6. p. 116,Cintia,8/10/2018,POINT(-46.62237071726107 -23.553522922203115),10.0,12.0,1917.0,10.0,12.0,1917.0
464,518.0,518,Livro de emplacamento 26. p. 260,Cintia,8/10/2018,POINT(-46.62021207812359 -23.553662278545723),28.0,4.0,1938.0,,,
464,114.0,114,Livro de emplacamento 26. p. 260,Cintia,8/10/2018,POINT(-46.62021207812359 -23.553662278545723),11.0,12.0,1917.0,27.0,4.0,1938.0
464,108.0,108,Livro de emplacamento 6. p. 116,Cintia,8/10/2018,POINT(-46.62021207812359 -23.553662278545723),27.0,5.0,1909.0,10.0,12.0,1917.0
464,828.0,828,Livro de emplacamento 26. p. 260,Cintia,8/10/2018,POINT(-46.61721174682528 -23.55388380482911),28.0,4.0,1938.0,,,
464,200.0,200,Livro de emplacamento 26. p. 260,Cintia,8/10/2018,POINT(-46.61721174682528 -23.55388380482911),11.0,12.0,1917.0,27.0,4.0,1938.0
464,186.0,186,Livro de emplacamento 6. p. 116,Cintia,8/10/2018,POINT(-46.61721174682528 -23.55388380482911),8.0,4.0,1913.0,10.0,12.0,1917.0
464,180.0,180,Livro de emplacamento 6. p. 152,Cintia,8/10/2018,POINT(-46.61721174682528 -23.55388380482911),8.0,3.0,1913.0,8.0,3.0,1913.0
464,1050.0,1050,Livro de emplacamento 26. p. 261,Cintia,8/10/2018,POINT(-46.61505288250657 -23.554085040945658),28.0,4.0,1938.0,,,
464,256.0,256,Livro de emplacamento 26. p. 261,Cintia,8/10/2018,POINT(-46.61505288250657 -23.554085040945658),11.0,12.0,1917.0,27.0,4.0,1938.0
464,244.0,244,Livro de emplacamento 6. p. 116,Cintia,8/10/2018,POINT(-46.61505288250657 -23.554085040945658),8.0,4.0,1913.0,10.0,12.0,1917.0
464,230.0,230,Livro de emplacamento 6. p. 152,Cintia,8/10/2018,POINT(-46.61505288250657 -23.554085040945658),8.0,3.0,1913.0,8.0,3.0,1913.0
505,85.0,85,"Livro de Emplacamento. n,20. p,361",Cintia,8/10/2018,POINT(-46.647482523776034 -23.55792535246583),18.0,2.0,1936.0,,,
505,1.0,1,"Livro de Emplacamento. n,20. p,361",Cintia,8/10/2018,POINT(-46.647482523776034 -23.55792535246583),4.0,6.0,1908.0,17.0,2.0,1936.0
505,387.0,387,"Livro de Emplacamento. n,20. p,361",Cintia,8/10/2018,POINT(-46.64453849046471 -23.557689422691933),18.0,2.0,1936.0,,,
505,69.0,69,"Livro de Emplacamento. n,20. p,361",Cintia,8/10/2018,POINT(-46.64453849046471 -23.557689422691933),4.0,6.0,1908.0,17.0,2.0,1936.0
505,613.0,613,"Livro de Emplacamento. n,20. p,362",Cintia,8/10/2018,POINT(-46.64234869758377 -23.55746293820131),18.0,2.0,1936.0,,,
505,127.0,127,"Livro de Emplacamento. n,20. p,362",Cintia,8/10/2018,POINT(-46.64234869758377 -23.55746293820131),19.0,10.0,1922.0,17.0,2.0,1936.0
505,425.0,425,"Livro de Emplacamento. n,20. p,361",Cintia,8/10/2018,POINT(-46.64417848865437 -23.557661000017244),18.0,2.0,1936.0,,,
505,79.0,79,"Livro de Emplacamento. n,20. p,362",Cintia,8/10/2018,POINT(-46.64417848865437 -23.557661000017244),28.0,8.0,1911.0,17.0,2.0,1936.0
505,77.0,77,"Livro de Emplacamento. n,20. p,362",Cintia,8/10/2018,POINT(-46.64417848865437 -23.557661000017244),27.0,8.0,1911.0,27.0,8.0,1911.0
505,98.0,98,"Livro de Emplacamento. n,20. p,362",Cintia,8/10/2018,POINT(-46.64735284562206 -23.557914156927133),18.0,2.0,1936.0,,,
505,4.0,4,"Livro de Emplacamento. n,20. p,362",Cintia,8/10/2018,POINT(-46.64735284562206 -23.557914156927133),4.0,6.0,1908.0,17.0,2.0,1936.0
505,6.0,6 tinta,"Livro de Emplacamento. n,20. p,362",Cintia,8/10/2018,POINT(-46.64735284562206 -23.557914156927133),3.0,6.0,1908.0,3.0,6.0,1908.0
505,474.0,474,"Livro de Emplacamento. n,20. p,363",Cintia,8/10/2018,POINT(-46.643701413170795 -23.55762333310424),18.0,2.0,1936.0,,,
505,82.0,82,"Livro de Emplacamento. n,20. p,363",Cintia,8/10/2018,POINT(-46.643701413170795 -23.55762333310424),19.0,10.0,1922.0,17.0,2.0,1936.0
505,94.0,94,"Livro de Emplacamento. n,20. p,363",Cintia,8/10/2018,POINT(-46.643701413170795 -23.55762333310424),28.0,8.0,1911.0,18.0,10.0,1922.0
505,82.0,82,"Livro de Emplacamento. n,20. p,363",Cintia,8/10/2018,POINT(-46.643701413170795 -23.55762333310424),4.0,6.0,1908.0,27.0,8.0,1911.0
505,74.1,74A,"Livro de Emplacamento. n,20. p,363",Cintia,8/10/2018,POINT(-46.643701413170795 -23.55762333310424),3.0,6.0,1908.0,3.0,6.0,1908.0
211,78.0,78,"Livro de Emplacamento. n,22. p,57",Cintia,8/10/2018,POINT(-46.63566296348448 -23.52751784775773),18.0,3.0,1937.0,,,
211,6.0,6,"Livro de Emplacamento. n,22. p,57",Cintia,8/10/2018,POINT(-46.63566296348448 -23.52751784775773),14.0,10.0,1908.0,17.0,3.0,1937.0
211,228.0,228,"Livro de Emplacamento. n,22. p,57",Cintia,8/10/2018,POINT(-46.634279053716895 -23.5279476009523),18.0,3.0,1937.0,,,
211,50.0,50,"Livro de Emplacamento. n,22. p,57",Cintia,8/10/2018,POINT(-46.634279053716895 -23.5279476009523),2.0,6.0,1928.0,17.0,3.0,1937.0
211,46.0,46,"Livro de Emplacamento. n,22. p,57",Cintia,8/10/2018,POINT(-46.634279053716895 -23.5279476009523),8.0,3.0,1920.0,1.0,6.0,1928.0
211,27.0,27,"Livro de Emplacamento. n,22. p,57",Cintia,8/10/2018,POINT(-46.634279053716895 -23.5279476009523),16.0,10.0,1908.0,7.0,3.0,1920.0
211,492.0,492,"Livro de Emplacamento. n,22. p,57",Cintia,8/10/2018,POINT(-46.63181519192783 -23.528691815567427),18.0,3.0,1937.0,,,
211,98.0,98,"Livro de Emplacamento. n,22. p,57",Cintia,8/10/2018,POINT(-46.63181519192783 -23.528691815567427),2.0,6.0,1928.0,17.0,3.0,1937.0
211,66.0,66,"Livro de Emplacamento. n,22. p,57",Cintia,8/10/2018,POINT(-46.63181519192783 -23.528691815567427),8.0,3.0,1920.0,1.0,6.0,1928.0
211,5.0,5,"Livro de Emplacamento. n,22. p,57",Cintia,8/10/2018,POINT(-46.63181519192783 -23.528691815567427),16.0,10.0,1908.0,7.0,3.0,1920.0
211,25.0,25,"Livro de Emplacamento. n,22. p,57",Cintia,8/10/2018,POINT(-46.63616198724785 -23.52736288313395),18.0,3.0,1937.0,,,
211,1.0,1,"Livro de Emplacamento. n,22. p,57",Cintia,8/10/2018,POINT(-46.63616198724785 -23.52736288313395),8.0,3.0,1920.0,17.0,3.0,1937.0
211,82.0,82,"Livro de Emplacamento. n,22. p,57",Cintia,8/10/2018,POINT(-46.63616198724785 -23.52736288313395),25.0,11.0,1911.0,7.0,3.0,1920.0
211,70.0,70,"Livro de Emplacamento. n,22. p,57",Cintia,8/10/2018,POINT(-46.63616198724785 -23.52736288313395),16.0,10.0,1908.0,24.0,11.0,1911.0
211,307.0,307,"Livro de Emplacamento. n,22. p,57",Cintia,8/10/2018,POINT(-46.633529718788594 -23.5281741209349),18.0,3.0,1937.0,,,
211,41.0,41,"Livro de Emplacamento. n,22. p,57",Cintia,8/10/2018,POINT(-46.633529718788594 -23.5281741209349),8.0,3.0,1920.0,17.0,3.0,1937.0
211,40.0,40,"Livro de Emplacamento. n,22. p,57",Cintia,8/10/2018,POINT(-46.633529718788594 -23.5281741209349),16.0,10.0,1908.0,7.0,3.0,1920.0
45,15.0,15,"Livro de Emplacamento. n,19A. p,40",Cintia,8/10/2018,POINT(-46.635509064250485 -23.54500806574864),5.0,5.0,1933.0,,,
45,3.0,3,"Livro de Emplacamento. n,19A. p,40",Cintia,8/10/2018,POINT(-46.635509064250485 -23.54500806574864),14.0,5.0,1908.0,4.0,5.0,1933.0
45,16.0,16,"Livro de Emplacamento. n,19A. p,40",Cintia,8/10/2018,POINT(-46.63552554161107 -23.54500035989865),5.0,5.0,1933.0,,,
45,2.0,2,"Livro de Emplacamento. n,19A. p,40",Cintia,8/10/2018,POINT(-46.63552554161107 -23.54500035989865),14.0,5.0,1908.0,4.0,5.0,1933.0
45,694.0,694,"Livro de Emplacamento. n,19A. p,40",Cintia,8/10/2018,POINT(-46.64117482856405 -23.541803879586176),5.0,5.0,1933.0,,,
45,134.0,134,"Livro de Emplacamento. n,19A. p,40",Cintia,8/10/2018,POINT(-46.64117482856405 -23.541803879586176),1.0,10.0,1911.0,4.0,5.0,1933.0
45,132.0,132,"Livro de Emplacamento. n,19A. p,40",Cintia,8/10/2018,POINT(-46.64117482856405 -23.541803879586176),14.0,5.0,1908.0,30.0,9.0,1911.0
45,1476.0,1476,"Livro de Emplacamento. n,19A. p,40",Cintia,8/10/2018,POINT(-46.647730537794914 -23.53823031823821),5.0,5.0,1933.0,,,
45,300.0,300,"Livro de Emplacamento. n,19A. p,40",Cintia,8/10/2018,POINT(-46.647730537794914 -23.53823031823821),1.0,10.0,1911.0,4.0,5.0,1933.0
45,288.0,288,"Livro de Emplacamento. n,19A. p,40",Cintia,8/10/2018,POINT(-46.647730537794914 -23.53823031823821),14.0,5.0,1908.0,30.0,9.0,1911.0
45,222.0,222,"Livro de Emplacamento. n,19A. p,40",Cintia,8/10/2018,POINT(-46.647730537794914 -23.53823031823821),13.0,5.0,1908.0,13.0,5.0,1908.0
137,193.0,193,"Livro de Emplacamento. n,19A. p,40",Cintia,8/10/2018,POINT(-46.62631889578222 -23.546574138176794),1.0,4.0,1942.0,,,
137,64.0,64,"Livro de Emplacamento. n,19A. p,40",Cintia,8/10/2018,POINT(-46.62631889578222 -23.546574138176794),4.0,11.0,1929.0,31.0,3.0,1942.0
137,1.0,1,"Livro de Emplacamento. n,19A. p,40",Cintia,8/10/2018,POINT(-46.62631889578222 -23.546574138176794),30.0,10.0,1911.0,3.0,11.0,1929.0
137,247.0,247,"Livro de Emplacamento. n,19A. p,40",Cintia,8/10/2018,POINT(-46.62630978786169 -23.547062947580876),1.0,4.0,1942.0,,,
137,48.0,48,"Livro de Emplacamento. n,19A. p,40",Cintia,8/10/2018,POINT(-46.62630978786169 -23.547062947580876),4.0,11.0,1929.0,31.0,3.0,1942.0
137,17.0,17,"Livro de Emplacamento. n,19A. p,40",Cintia,8/10/2018,POINT(-46.62630978786169 -23.547062947580876),30.0,10.0,1911.0,3.0,11.0,1929.0
137,841.0,841,"Livro de Emplacamento. n,19A. p,40",Cintia,8/10/2018,POINT(-46.62499186401083 -23.552170475998356),1.0,4.0,1942.0,,,
137,2.0,2,"Livro de Emplacamento. n,19A. p,40",Cintia,8/10/2018,POINT(-46.62499186401083 -23.552170475998356),31.0,3.0,1942.0,31.0,3.0,1942.0
143,100.0,100,"Livro de Emplacamento. n,27. p,300",Cintia,8/10/2018,POINT(-46.62529650525173 -23.544662429516478),28.0,9.0,1940.0,,,
143,18.0,18,"Livro de Emplacamento. n,27. p,300",Cintia,8/10/2018,POINT(-46.62529650525173 -23.544662429516478),9.0,6.0,1908.0,27.0,9.0,1940.0
143,402.0,402,"Livro de Emplacamento. n,27. p,300",Cintia,8/10/2018,POINT(-46.62240790026296 -23.54408841596266),28.0,9.0,1940.0,,,
143,110.0,110,"Livro de Emplacamento. n,27. p,300",Cintia,8/10/2018,POINT(-46.62240790026296 -23.54408841596266),9.0,6.0,1908.0,27.0,9.0,1940.0
143,114.0,114,"Livro de Emplacamento. n,27. p,300",Cintia,8/10/2018,POINT(-46.62240790026296 -23.54408841596266),8.0,6.0,1908.0,8.0,6.0,1908.0
143,820.0,820,"Livro de Emplacamento. n,27. p,300",Cintia,8/10/2018,POINT(-46.618436051944414 -23.543168462501182),28.0,9.0,1940.0,,,
143,190.0,190,"Livro de Emplacamento. n,27. p,300",Cintia,8/10/2018,POINT(-46.618436051944414 -23.543168462501182),27.0,9.0,1940.0,27.0,9.0,1940.0
143,790.0,790,"Livro de Emplacamento. n,27. p,300",Cintia,8/10/2018,POINT(-46.618723353486764 -23.54323754676803),28.0,9.0,1940.0,,,
143,182.0,182,"Livro de Emplacamento. n,27. p,300",Cintia,8/10/2018,POINT(-46.618723353486764 -23.54323754676803),9.0,6.0,1908.0,27.0,9.0,1940.0
143,172.0,172,"Livro de Emplacamento. n,27. p,300",Cintia,8/10/2018,POINT(-46.618723353486764 -23.54323754676803),8.0,6.0,1908.0,8.0,6.0,1908.0
143,37.0,37,"Livro de Emplacamento. n,27. p,302",Cintia,8/10/2018,POINT(-46.62590358076853 -23.544779642867375),28.0,9.0,1940.0,,,
143,1.0,1,"Livro de Emplacamento. n,27. p,300",Cintia,8/10/2018,POINT(-46.62590358076853 -23.544779642867375),26.0,3.0,1912.0,27.0,9.0,1940.0
143,405.0,405,"Livro de Emplacamento. n,27. p,302",Cintia,8/10/2018,POINT(-46.62236684329712 -23.54407988283655),28.0,9.0,1940.0,,,
143,97.0,97,"Livro de Emplacamento. n,27. p,300",Cintia,8/10/2018,POINT(-46.62236684329712 -23.54407988283655),26.0,3.0,1912.0,27.0,9.0,1940.0
143,809.0,809,"Livro de Emplacamento. n,27. p,302",Cintia,8/10/2018,POINT(-46.6185431974041 -23.5431942266007),28.0,9.0,1940.0,,,
143,211.0,211,"Livro de Emplacamento. n,27. p,300",Cintia,8/10/2018,POINT(-46.6185431974041 -23.5431942266007),27.0,9.0,1940.0,27.0,9.0,1940.0
143,795.0,795,"Livro de Emplacamento. n,27. p,302",Cintia,8/10/2018,POINT(-46.618663617522515 -23.54322318271255),28.0,9.0,1940.0,,,
143,205.0,205,"Livro de Emplacamento. n,27. p,300",Cintia,8/10/2018,POINT(-46.618663617522515 -23.54322318271255),26.0,3.0,1912.0,27.0,9.0,1940.0
140,23.0,23,"Livro de Emplacamento. n,22. p,352. n,7.p,179",Cintia,8/10/2018,POINT(-46.62542169592073 -23.54633645616016),7.0,8.0,1937.0,,,
140,1.0,1,"Livro de Emplacamento. n,22. p,352. n,7.p,179",Cintia,8/10/2018,POINT(-46.62542169592073 -23.54633645616016),6.0,8.0,1937.0,6.0,8.0,1937.0
140,71.0,71,"Livro de Emplacamento. n,22. p,352. n,7.p,179",Cintia,8/10/2018,POINT(-46.62528952748966 -23.546743860692562),7.0,8.0,1937.0,,,
140,15.0,15,"Livro de Emplacamento. n,22. p,352. n,7.p,179",Cintia,8/10/2018,POINT(-46.62528952748966 -23.546743860692562),6.0,8.0,1937.0,6.0,8.0,1937.0
140,119.0,119,"Livro de Emplacamento. n,22. p,352. n,7.p,179",Cintia,8/10/2018,POINT(-46.6251509458225 -23.547171033799323),7.0,8.0,1937.0,,,
140,27.2,"27,2","Livro de Emplacamento. n,22. p,352. n,7.p,179",Cintia,8/10/2018,POINT(-46.6251509458225 -23.547171033799323),6.0,8.0,1937.0,6.0,8.0,1937.0
140,40.0,40,"Livro de Emplacamento. n,22. p,352. n,7.p,179",Cintia,8/10/2018,POINT(-46.625372899559046 -23.54648686922592),7.0,8.0,1937.0,,,
140,2.0,2,"Livro de Emplacamento. n,22. p,352. n,7.p,179",Cintia,8/10/2018,POINT(-46.625372899559046 -23.54648686922592),18.0,3.0,1919.0,6.0,8.0,1937.0
140,94.0,94,"Livro de Emplacamento. n,22. p,352. n,7.p,179",Cintia,8/10/2018,POINT(-46.62522344327414 -23.546947562958767),7.0,8.0,1937.0,,,
140,26.0,26,"Livro de Emplacamento. n,22. p,352. n,7.p,179",Cintia,8/10/2018,POINT(-46.62522344327414 -23.546947562958767),18.0,3.0,1919.0,6.0,8.0,1937.0
140,116.0,116,"Livro de Emplacamento. n,22. p,352. n,7.p,179",Cintia,8/10/2018,POINT(-46.625162099276594 -23.54713665367001),7.0,8.0,1937.0,,,
140,32.0,32,"Livro de Emplacamento. n,22. p,352. n,7.p,179",Cintia,8/10/2018,POINT(-46.625162099276594 -23.54713665367001),6.0,8.0,1937.0,6.0,8.0,1937.0
314,15.0,15,"Livro de Emplacamento. n,20. p,108",Cintia,8/10/2018,POINT(-46.63870609439175 -23.535647557002942),19.0,10.0,1935.0,,,
314,1.0,1,"Livro de Emplacamento. n,20. p,108",Cintia,8/10/2018,POINT(-46.63870609439175 -23.535647557002942),16.0,12.0,1908.0,18.0,10.0,1935.0
314,145.0,145,"Livro de Emplacamento. n,20. p,108",Cintia,8/10/2018,POINT(-46.63795219599398 -23.536579759841672),19.0,10.0,1935.0,,,
314,19.0,19,"Livro de Emplacamento. n,20. p,108",Cintia,8/10/2018,POINT(-46.63795219599398 -23.536579759841672),16.0,12.0,1908.0,18.0,10.0,1935.0
314,136.0,136,"Livro de Emplacamento. n,20. p,108",Cintia,8/10/2018,POINT(-46.63799598211915 -23.536525664095514),19.0,10.0,1935.0,,,
314,4.0,4,"Livro de Emplacamento. n,20. p,108",Cintia,8/10/2018,POINT(-46.63799598211915 -23.536525664095514),24.0,4.0,1928.0,18.0,10.0,1935.0
314,2.0,2,"Livro de Emplacamento. n,20. p,108",Cintia,8/10/2018,POINT(-46.63799598211915 -23.536525664095514),16.0,12.0,1908.0,23.0,4.0,1928.0
314,18.1,18ª,"Livro de Emplacamento. n,20. p,108",Cintia,8/10/2018,POINT(-46.637696485022985 -23.536895678999244),24.0,4.0,1928.0,18.0,10.0,1935.0
314,16.0,16 E/S,"Livro de Emplacamento. n,20. p,108",Cintia,8/10/2018,POINT(-46.637696485022985 -23.536895678999244),16.0,12.0,1908.0,23.0,4.0,1928.0
314,284.0,284,"Livro de Emplacamento. n,20. p,108",Cintia,8/10/2018,POINT(-46.63714210033497 -23.53759644469031),19.0,10.0,1935.0,,,
314,36.0,36,"Livro de Emplacamento. n,20. p,108",Cintia,8/10/2018,POINT(-46.63714210033497 -23.53759644469031),24.0,4.0,1928.0,18.0,10.0,1935.0
314,32.0,32,"Livro de Emplacamento. n,20. p,108",Cintia,8/10/2018,POINT(-46.63714210033497 -23.53759644469031),16.0,12.0,1908.0,23.0,4.0,1928.0
226,5.0,5,"Livro de Emplacamento. n,19A. p,7",Cintia,8/10/2018,POINT(-46.63121018113097 -23.55070181329504),13.0,10.0,1931.0,,,
226,1.0,1,"Livro de Emplacamento. n,19A. p,7",Cintia,8/10/2018,POINT(-46.63121018113097 -23.55070181329504),24.0,11.0,1927.0,10.0,12.0,1931.0
226,155.0,155,"Livro de Emplacamento. n,19A. p,7",Cintia,8/10/2018,POINT(-46.63231689690116 -23.551562237963815),13.0,10.0,1931.0,,,
226,9.0,9,"Livro de Emplacamento. n,19A. p,7",Cintia,8/10/2018,POINT(-46.63231689690116 -23.551562237963815),24.0,11.0,1927.0,10.0,12.0,1931.0
226,223.0,223,"Livro de Emplacamento. n,19A. p,7",Cintia,8/10/2018,POINT(-46.63272756304279 -23.552033339988327),13.0,10.0,1931.0,,,
226,13.0,13,"Livro de Emplacamento. n,19A. p,7",Cintia,8/10/2018,POINT(-46.63272756304279 -23.552033339988327),24.0,11.0,1927.0,10.0,12.0,1931.0
121,44.0,44,"Livro de Emplacamento. n,21. p,124",Cintia,8/10/2018,POINT(-46.65588984622434 -23.545643736068854),16.0,5.0,1936.0,,,
121,2.0,2t,"Livro de Emplacamento. n,21. p,124",Cintia,8/10/2018,POINT(-46.65588984622434 -23.545643736068854),15.0,5.0,1936.0,15.0,5.0,1936.0
121,82.0,82,"Livro de Emplacamento. n,21. p,124",Cintia,8/10/2018,POINT(-46.655735299645485 -23.545338781817595),16.0,5.0,1936.0,,,
121,67.0,67,"Livro de Emplacamento. n,21. p,124",Cintia,8/10/2018,POINT(-46.65579917889808 -23.545464829574783),16.0,5.0,1936.0,,,
121,1.0,1,"Livro de Emplacamento. n,21. p,124",Cintia,8/10/2018,POINT(-46.65579917889808 -23.545464829574783),8.0,5.0,1929.0,15.0,5.0,1936.0
121,193.0,193,"Livro de Emplacamento. n,21. p,124",Cintia,8/10/2018,POINT(-46.65528361469724 -23.544434241589833),16.0,5.0,1936.0,,,
121,11.0,11,"Livro de Emplacamento. n,21. p,124",Cintia,8/10/2018,POINT(-46.65528361469724 -23.544434241589833),8.0,5.0,1929.0,15.0,5.0,1936.0
121,5.0,5,"Livro de Emplacamento. n,21. p,124",Cintia,8/10/2018,POINT(-46.65528361469724 -23.544434241589833),7.0,5.0,1929.0,7.0,5.0,1929.0
122,60.0,60,"Livro de Emplacamento. n,20. p,238",Cintia,8/10/2018,POINT(-46.65455950385361 -23.543863121354764),18.0,12.0,1935.0,,,
122,2.0,2,"Livro de Emplacamento. n,20. p,238",Cintia,8/10/2018,POINT(-46.65455950385361 -23.543863121354764),6.0,4.0,1908.0,17.0,12.0,1935.0
122,6.0,6,"Livro de Emplacamento. n,20. p,238",Cintia,8/10/2018,POINT(-46.65455950385361 -23.543863121354764),5.0,4.0,1908.0,5.0,4.0,1908.0
122,19.0,19,"Livro de Emplacamento. n,20. p,238",Cintia,8/10/2018,POINT(-46.654571015149315 -23.54424177210637),18.0,12.0,1935.0,,,
122,3.0,3,"Livro de Emplacamento. n,20. p,238",Cintia,8/10/2018,POINT(-46.654571015149315 -23.54424177210637),25.0,3.0,1924.0,17.0,12.0,1935.0
122,1.0,1,"Livro de Emplacamento. n,20. p,238",Cintia,8/10/2018,POINT(-46.654571015149315 -23.54424177210637),6.0,4.0,1908.0,24.0,3.0,1924.0
122,277.0,277,"Livro de Emplacamento. n,20. p,238",Cintia,8/10/2018,POINT(-46.65447464419298 -23.541862752957304),18.0,12.0,1935.0,,,
122,75.0,75,"Livro de Emplacamento. n,20. p,238",Cintia,8/10/2018,POINT(-46.65447464419298 -23.541862752957304),25.0,3.0,1924.0,17.0,12.0,1935.0
122,57.0,57,"Livro de Emplacamento. n,20. p,238",Cintia,8/10/2018,POINT(-46.65447464419298 -23.541862752957304),6.0,4.0,1908.0,24.0,3.0,1924.0
122,49.0,49,"Livro de Emplacamento. n,20. p,238",Cintia,8/10/2018,POINT(-46.65447464419298 -23.541862752957304),5.0,4.0,1908.0,5.0,4.0,1908.0
122,777.0,777,"Livro de Emplacamento. n,20. p,238",Cintia,8/10/2018,POINT(-46.65152760922014 -23.53842641392124),18.0,12.0,1935.0,,,
122,147.0,147,"Livro de Emplacamento. n,20. p,238",Cintia,8/10/2018,POINT(-46.65152760922014 -23.53842641392124),25.0,3.0,1924.0,17.0,12.0,1935.0
122,133.0,133,"Livro de Emplacamento. n,20. p,238",Cintia,8/10/2018,POINT(-46.65152760922014 -23.53842641392124),27.0,5.0,1911.0,24.0,3.0,1924.0
265,34.0,34,"Livro de Emplacamento. n,22. p,102",Cintia,8/10/2018,POINT(-46.62362760751198 -23.53342580491495),18.0,4.0,1937.0,,,
265,4.0,4,"Livro de Emplacamento. n,22. p,102",Cintia,8/10/2018,POINT(-46.62362760751198 -23.53342580491495),23.0,4.0,1928.0,17.0,4.0,1937.0
265,2.0,2,"Livro de Emplacamento. n,22. p,102",Cintia,8/10/2018,POINT(-46.62362760751198 -23.53342580491495),22.0,4.0,1928.0,22.0,4.0,1928.0
265,54.0,54,"Livro de Emplacamento. n,22. p,102",Cintia,8/10/2018,POINT(-46.62343029049626 -23.53347538964672),18.0,4.0,1937.0,,,
265,12.0,12,"Livro de Emplacamento. n,22. p,102",Cintia,8/10/2018,POINT(-46.62343029049626 -23.53347538964672),23.0,4.0,1928.0,17.0,4.0,1937.0
265,10.0,10,"Livro de Emplacamento. n,22. p,102",Cintia,8/10/2018,POINT(-46.62343029049626 -23.53347538964672),25.0,6.0,1920.0,22.0,4.0,1928.0
265,72.0,72,"Livro de Emplacamento. n,22. p,102",Cintia,8/10/2018,POINT(-46.623251855491624 -23.53352022942808),18.0,4.0,1937.0,,,
265,18.0,18,"Livro de Emplacamento. n,22. p,102",Cintia,8/10/2018,POINT(-46.623251855491624 -23.53352022942808),23.0,4.0,1928.0,17.0,4.0,1937.0
265,16.0,16,"Livro de Emplacamento. n,22. p,102",Cintia,8/10/2018,POINT(-46.623251855491624 -23.53352022942808),25.0,6.0,1920.0,22.0,4.0,1928.0
265,10.0,10 tinta,"Livro de Emplacamento. n,22. p,102",Cintia,8/10/2018,POINT(-46.623251855491624 -23.53352022942808),24.0,6.0,1920.0,24.0,6.0,1920.0
265,378.0,378,"Livro de Emplacamento. n,22. p,102",Cintia,8/10/2018,POINT(-46.6203577669182 -23.53426925924809),18.0,4.0,1937.0,,,
265,36.0,36,"Livro de Emplacamento. n,22. p,102",Cintia,8/10/2018,POINT(-46.6203577669182 -23.53426925924809),23.0,4.0,1928.0,17.0,4.0,1937.0
265,38.0,38,"Livro de Emplacamento. n,22. p,102",Cintia,8/10/2018,POINT(-46.6203577669182 -23.53426925924809),17.0,10.0,1924.0,22.0,4.0,1928.0
265,15.0,15,"Livro de Emplacamento. n,22. p,102",Cintia,8/10/2018,POINT(-46.623795657410525 -23.533383574856312),18.0,4.0,1937.0,,,
265,1.0,1,"Livro de Emplacamento. n,22. p,102",Cintia,8/10/2018,POINT(-46.623795657410525 -23.533383574856312),17.0,10.0,1924.0,17.0,4.0,1937.0
265,71.0,71,"Livro de Emplacamento. n,22. p,102",Cintia,8/10/2018,POINT(-46.623264128798816 -23.53351714521032),18.0,4.0,1937.0,,,
265,13.0,13,"Livro de Emplacamento. n,22. p,102",Cintia,8/10/2018,POINT(-46.623264128798816 -23.53351714521032),23.0,4.0,1928.0,17.0,4.0,1937.0
265,11.0,11,"Livro de Emplacamento. n,22. p,102",Cintia,8/10/2018,POINT(-46.623264128798816 -23.53351714521032),25.0,6.0,1920.0,22.0,4.0,1928.0
265,295.0,295,"Livro de Emplacamento. n,22. p,102",Cintia,8/10/2018,POINT(-46.621167844708275 -23.534061917696526),18.0,4.0,1937.0,,,
265,41.0,41,"Livro de Emplacamento. n,22. p,102",Cintia,8/10/2018,POINT(-46.621167844708275 -23.534061917696526),23.0,4.0,1928.0,17.0,4.0,1937.0
265,45.0,45,"Livro de Emplacamento. n,22. p,102",Cintia,8/10/2018,POINT(-46.621167844708275 -23.534061917696526),19.0,3.0,1925.0,22.0,4.0,1928.0
219,119.0,119,"Livro de Emplamento. n,25. p,131",Cintia,8/10/2018,POINT(-46.63759814653246 -23.533316815520106),13.0,9.0,1938.0,,,
219,21.0,21,"Livro de Emplamento. n,25. p,131",Cintia,8/10/2018,POINT(-46.63759814653246 -23.533316815520106),21.0,9.0,1929.0,12.0,9.0,1938.0
219,5.0,5,"Livro de Emplamento. n,25. p,131",Cintia,8/10/2018,POINT(-46.63759814653246 -23.533316815520106),4.0,5.0,1916.0,20.0,9.0,1929.0
219,1.0,1,"Livro de Emplamento. n,25. p,131",Cintia,8/10/2018,POINT(-46.63759814653246 -23.533316815520106),3.0,5.0,1916.0,3.0,5.0,1916.0
219,451.0,451,"Livro de Emplamento. n,25. p,131",Cintia,8/10/2018,POINT(-46.63912922603933 -23.5307057487269),13.0,9.0,1938.0,,,
219,99.0,99,"Livro de Emplamento. n,25. p,131",Cintia,8/10/2018,POINT(-46.63912922603933 -23.5307057487269),21.0,9.0,1929.0,12.0,9.0,1938.0
219,85.0,85,"Livro de Emplamento. n,25. p,131",Cintia,8/10/2018,POINT(-46.63912922603933 -23.5307057487269),4.0,5.0,1916.0,20.0,9.0,1929.0
219,77.0,77,"Livro de Emplamento. n,25. p,131",Cintia,8/10/2018,POINT(-46.63912922603933 -23.5307057487269),3.0,5.0,1916.0,3.0,5.0,1916.0
219,931.0,931,"Livro de Emplamento. n,25. p,131",Cintia,8/10/2018,POINT(-46.64123558066263 -23.526839718368915),13.0,9.0,1938.0,,,
219,227.0,227,"Livro de Emplamento. n,25. p,131",Cintia,8/10/2018,POINT(-46.64123558066263 -23.526839718368915),21.0,9.0,1929.0,12.0,9.0,1938.0
219,225.0,225,"Livro de Emplamento. n,25. p,131",Cintia,8/10/2018,POINT(-46.64123558066263 -23.526839718368915),4.0,5.0,1916.0,20.0,9.0,1929.0
219,215.0,215,"Livro de Emplamento. n,25. p,131",Cintia,8/10/2018,POINT(-46.64123558066263 -23.526839718368915),3.0,5.0,1916.0,3.0,5.0,1916.0
219,54.0,54,"Livro de Emplamento. n,25. p,131",Cintia,8/10/2018,POINT(-46.63726473979543 -23.53381081271423),13.0,9.0,1938.0,,,
219,14.0,14,"Livro de Emplamento. n,25. p,131",Cintia,8/10/2018,POINT(-46.63726473979543 -23.53381081271423),21.0,9.0,1929.0,12.0,9.0,1938.0
219,16.0,16,"Livro de Emplamento. n,25. p,131",Cintia,8/10/2018,POINT(-46.63726473979543 -23.53381081271423),21.0,5.0,1909.0,20.0,9.0,1929.0
219,14.0,14 tinta,"Livro de Emplamento. n,25. p,131",Cintia,8/10/2018,POINT(-46.63726473979543 -23.53381081271423),22.0,5.0,1908.0,20.0,5.0,1909.0
219,2.0,2,"Livro de Emplamento. n,25. p,131",Cintia,8/10/2018,POINT(-46.63726473979543 -23.53381081271423),21.0,5.0,1908.0,21.0,5.0,1908.0
219,116.0,116,"Livro de Emplamento. n,25. p,131",Cintia,8/10/2018,POINT(-46.63757409784827 -23.5333524969824),13.0,9.0,1938.0,,,
219,32.0,32,"Livro de Emplamento. n,25. p,131",Cintia,8/10/2018,POINT(-46.63757409784827 -23.5333524969824),21.0,9.0,1929.0,12.0,9.0,1938.0
219,34.0,34,"Livro de Emplamento. n,25. p,131",Cintia,8/10/2018,POINT(-46.63757409784827 -23.5333524969824),21.0,5.0,1909.0,20.0,9.0,1929.0
219,24.0,24,"Livro de Emplamento. n,25. p,131",Cintia,8/10/2018,POINT(-46.63757409784827 -23.5333524969824),22.0,5.0,1908.0,20.0,5.0,1909.0
219,6.1,6A,"Livro de Emplamento. n,25. p,131",Cintia,8/10/2018,POINT(-46.63757409784827 -23.5333524969824),21.0,5.0,1908.0,21.0,5.0,1908.0
219,366.0,366,"Livro de Emplamento. n,25. p,131",Cintia,8/10/2018,POINT(-46.63873984106766 -23.53137845173973),13.0,9.0,1938.0,,,
219,100.0,100,"Livro de Emplamento. n,25. p,131",Cintia,8/10/2018,POINT(-46.63874442746309 -23.531370528264905),21.0,9.0,1929.0,9.0,12.0,1938.0
219,102.0,102,"Livro de Emplamento. n,25. p,131",Cintia,8/10/2018,POINT(-46.63874442746309 -23.531370528264905),20.0,9.0,1929.0,20.0,9.0,1929.0
219,664.0,664,"Livro de Emplamento. n,25. p,131",Cintia,8/10/2018,POINT(-46.64007526729734 -23.528984955197608),13.0,9.0,1938.0,,,
219,178.0,178,"Livro de Emplamento. n,25. p,131",Cintia,8/10/2018,POINT(-46.64007526729734 -23.528984955197608),21.0,9.0,1929.0,9.0,12.0,1938.0
219,186.0,186,"Livro de Emplamento. n,25. p,131",Cintia,8/10/2018,POINT(-46.64007526729734 -23.528984955197608),20.0,9.0,1929.0,20.0,9.0,1929.0
219,908.0,908,"Livro de Emplamento. n,25. p,131",Cintia,8/10/2018,POINT(-46.64113758122299 -23.52702090391188),13.0,9.0,1938.0,,,
219,246.0,246,"Livro de Emplamento. n,25. p,131",Cintia,8/10/2018,POINT(-46.64113758122299 -23.52702090391188),21.0,9.0,1929.0,9.0,12.0,1938.0
219,264.0,264,"Livro de Emplamento. n,25. p,131",Cintia,8/10/2018,POINT(-46.64113758122299 -23.52702090391188),20.0,9.0,1929.0,20.0,9.0,1929.0
274,202.0,202,"Livro de Emplacamento. n,25. p,77",Cintia,8/10/2018,POINT(-46.619250739193674 -23.527103787364858),1.0,8.0,1938.0,,,
274,17.0,17,"Livro de Emplacamento. n,25. p,77",Cintia,8/10/2018,POINT(-46.619250739193674 -23.527103787364858),31.0,7.0,1938.0,31.0,7.0,1938.0
114,79.0,79,"Livro de Emplacamento. n,27. p,92",Cintia,8/10/2018,POINT(-46.65066165628637 -23.555869586780382),11.0,5.0,1940.0,,,
114,9.0,9,"Livro de Emplacamento. n,27. p,92",Cintia,8/10/2018,POINT(-46.65066165628637 -23.555869586780382),29.0,11.0,1927.0,10.0,5.0,1940.0
114,105.0,105,"Livro de Emplacamento. n,27. p,92",Cintia,8/10/2018,POINT(-46.650904830257176 -23.555894960159385),11.0,5.0,1940.0,,,
114,15.0,15,"Livro de Emplacamento. n,27. p,92",Cintia,8/10/2018,POINT(-46.650904830257176 -23.555894960159385),29.0,11.0,1927.0,10.0,5.0,1940.0
114,17.0,17,"Livro de Emplacamento. n,27. p,92",Cintia,8/10/2018,POINT(-46.650904830257176 -23.555894960159385),5.0,12.0,1914.0,28.0,11.0,1927.0
114,48.0,48 tinta,"Livro de Emplacamento. n,27. p,92",Cintia,8/10/2018,POINT(-46.650904830257176 -23.555894960159385),4.0,12.0,1914.0,4.0,12.0,1914.0
114,40.0,40,"Livro de Emplacamento. n,27. p,92",Cintia,8/10/2018,POINT(-46.65027800332844 -23.55582955547327),11.0,5.0,1940.0,,,
114,10.0,10,"Livro de Emplacamento. n,27. p,92",Cintia,8/10/2018,POINT(-46.65027800332844 -23.55582955547327),5.0,12.0,1914.0,10.0,5.0,1940.0
114,198.0,198,"Livro de Emplacamento. n,27. p,92",Cintia,8/10/2018,POINT(-46.651785908284296 -23.556115976089046),11.0,5.0,1940.0,,,
114,44.0,44,"Livro de Emplacamento. n,27. p,92",Cintia,8/10/2018,POINT(-46.651785908284296 -23.556115976089046),29.0,11.0,1927.0,10.0,5.0,1940.0
114,34.0,34,"Livro de Emplacamento. n,27. p,92",Cintia,8/10/2018,POINT(-46.651785908284296 -23.556115976089046),5.0,12.0,1914.0,28.0,11.0,1927.0
93,79.0,79,"Livro de Emplacamento. n,20. p,172",Cintia,8/10/2018,POINT(-46.64316271995707 -23.545728333587874),11.0,12.0,1935.0,,,
93,16.0,16,"Livro de Emplacamento. n,20. p,172",Cintia,8/10/2018,POINT(-46.64316271995707 -23.545728333587874),26.0,1.0,1909.0,11.0,11.0,1935.0
93,117.0,117,"Livro de Emplacamento. n,20. p,172",Cintia,8/10/2018,POINT(-46.64308882794113 -23.546056013949364),11.0,12.0,1935.0,,,
93,10.0,10,"Livro de Emplacamento. n,20. p,172",Cintia,8/10/2018,POINT(-46.64308882794113 -23.546056013949364),26.0,1.0,1909.0,11.0,11.0,1935.0
93,6.0,6 tinta,"Livro de Emplacamento. n,20. p,172",Cintia,8/10/2018,POINT(-46.64308882794113 -23.546056013949364),25.0,1.0,1909.0,25.0,1.0,1909.0
93,211.0,211,"Livro de Emplacamento. n,20. p,172",Cintia,8/10/2018,POINT(-46.64290854022467 -23.546883114837073),11.0,12.0,1935.0,,,
93,2.0,2,"Livro de Emplacamento. n,20. p,172",Cintia,8/10/2018,POINT(-46.64290854022467 -23.546883114837073),26.0,1.0,1909.0,11.0,11.0,1935.0
93,72.0,72,"Livro de Emplacamento. n,20. p,172",Cintia,8/10/2018,POINT(-46.64317698329526 -23.54566508161461),11.0,12.0,1935.0,,,
93,19.0,19,"Livro de Emplacamento. n,20. p,172",Cintia,8/10/2018,POINT(-46.64317698329526 -23.54566508161461),11.0,11.0,1935.0,11.0,11.0,1935.0
93,210.0,210,"Livro de Emplacamento. n,20. p,172",Cintia,8/10/2018,POINT(-46.64290949463887 -23.54687871435497),11.0,12.0,1935.0,,,
93,5.0,5,"Livro de Emplacamento. n,20. p,172",Cintia,8/10/2018,POINT(-46.64290949463887 -23.54687871435497),16.0,3.0,1925.0,11.0,11.0,1935.0
93,3.0,3,"Livro de Emplacamento. n,20. p,172",Cintia,8/10/2018,POINT(-46.64290949463887 -23.54687871435497),26.0,1.0,1909.0,15.0,3.0,1925.0
93,1.0,1,"Livro de Emplacamento. n,20. p,172",Cintia,8/10/2018,POINT(-46.64290949463887 -23.54687871435497),25.0,1.0,1909.0,25.0,1.0,1909.0
93,288.0,288,"Livro de Emplacamento. n,20. p,172",Cintia,8/10/2018,POINT(-46.64276308750022 -23.54755374830943),11.0,12.0,1935.0,,,
93,1.0,1,"Livro de Emplacamento. n,20. p,172",Cintia,8/10/2018,POINT(-46.64276308750022 -23.54755374830943),16.0,4.0,1925.0,11.0,11.0,1935.0
135,13.0,13,"Livro de Emplacamento. n,21. p,113",Cintia,8/10/2018,POINT(-46.622729462245566 -23.54760281506951),5.0,5.0,1936.0,,,
135,1.0,1,"Livro de Emplacamento. n,21. p,113",Cintia,8/10/2018,POINT(-46.622729462245566 -23.54760281506951),28.0,4.0,1925.0,4.0,5.0,1936.0
135,63.0,63,"Livro de Emplacamento. n,21. p,113",Cintia,8/10/2018,POINT(-46.62228314558019 -23.547389593256653),5.0,5.0,1936.0,,,
135,7.0,7,"Livro de Emplacamento. n,21. p,113",Cintia,8/10/2018,POINT(-46.62228314558019 -23.547389593256653),28.0,4.0,1925.0,4.0,5.0,1936.0
135,8.0,8,"Livro de Emplacamento. n,21. p,113",Cintia,8/10/2018,POINT(-46.62228314558019 -23.547389593256653),27.0,4.0,1925.0,27.0,4.0,1925.0
135,14.0,14,"Livro de Emplacamento. n,21. p,113",Cintia,8/10/2018,POINT(-46.62271209583835 -23.547594518500915),5.0,5.0,1936.0,,,
135,34.0,34,"Livro de Emplacamento. n,21. p,113",Cintia,8/10/2018,POINT(-46.62254016840694 -23.54751238247184),5.0,5.0,1936.0,,,
135,2.0,2,"Livro de Emplacamento. n,21. p,113",Cintia,8/10/2018,POINT(-46.62254016840694 -23.54751238247184),28.0,4.0,1925.0,4.0,5.0,1936.0
135,62.0,62,"Livro de Emplacamento. n,21. p,113",Cintia,8/10/2018,POINT(-46.62230138030776 -23.54739830465368),5.0,5.0,1936.0,,,
135,8.0,8,"Livro de Emplacamento. n,21. p,113",Cintia,8/10/2018,POINT(-46.62230138030776 -23.54739830465368),28.0,4.0,1925.0,4.0,5.0,1936.0
187,55.0,55,"Livro de Emplacamento. n,20. p,22",Cintia,8/10/2018,POINT(-46.64936090901237 -23.538088531921396),25.0,10.0,1935.0,,,
187,1.0,1,"Livro de Emplacamento. n,20. p,22",Cintia,8/10/2018,POINT(-46.64936090901237 -23.538088531921396),3.0,8.0,1908.0,24.0,10.0,1935.0
115,10.0,10,"Livro de Emplacamento. n,24. p,137",Cintia,8/10/2018,POINT(-46.64978331444359 -23.555778762795825),15.0,12.0,1937.0,,,
115,2.0,2,"Livro de Emplacamento. n,24. p,137",Cintia,8/10/2018,POINT(-46.64978331444359 -23.555778762795825),19.0,6.0,1908.0,14.0,12.0,1937.0
115,330.0,330,"Livro de Emplacamento. n,24. p,137",Cintia,8/10/2018,POINT(-46.646657425090226 -23.55551593775668),15.0,12.0,1937.0,,,
115,60.0,60,"Livro de Emplacamento. n,24. p,137",Cintia,8/10/2018,POINT(-46.646657425090226 -23.55551593775668),12.0,3.0,1925.0,14.0,12.0,1937.0
115,58.0,58,"Livro de Emplacamento. n,24. p,137",Cintia,8/10/2018,POINT(-46.646657425090226 -23.55551593775668),19.0,6.0,1908.0,11.0,3.0,1925.0
115,44.0,44,"Livro de Emplacamento. n,24. p,137",Cintia,8/10/2018,POINT(-46.646657425090226 -23.55551593775668),18.0,6.0,1908.0,18.0,6.0,1908.0
115,648.0,648,"Livro de Emplacamento. n,24. p,137",Cintia,8/10/2018,POINT(-46.64355843785419 -23.555282193216783),15.0,12.0,1937.0,,,
115,118.0,118,"Livro de Emplacamento. n,24. p,137",Cintia,8/10/2018,POINT(-46.64355843785419 -23.555282193216783),14.0,12.0,1937.0,14.0,12.0,1937.0
115,636.0,636,"Livro de Emplacamento. n,24. p,137",Cintia,8/10/2018,POINT(-46.643676590652355 -23.555290462810987),15.0,12.0,1937.0,,,
115,116.0,116,"Livro de Emplacamento. n,24. p,137",Cintia,8/10/2018,POINT(-46.643676590652355 -23.555290462810987),12.0,3.0,1925.0,14.0,12.0,1937.0
115,100.3,100 D,"Livro de Emplacamento. n,24. p,137",Cintia,8/10/2018,POINT(-46.643676590652355 -23.555290462810987),11.0,3.0,1925.0,11.0,3.0,1925.0
115,578.0,578,"Livro de Emplacamento. n,24. p,137",Cintia,8/10/2018,POINT(-46.64425563726037 -23.55533098708369),15.0,12.0,1937.0,,,
115,96.0,96,"Livro de Emplacamento. n,24. p,137",Cintia,8/10/2018,POINT(-46.64425563726037 -23.55533098708369),12.0,3.0,1925.0,14.0,12.0,1937.0
115,94.0,94,"Livro de Emplacamento. n,24. p,137",Cintia,8/10/2018,POINT(-46.64425563726037 -23.55533098708369),19.0,6.0,1908.0,11.0,3.0,1925.0
115,76.0,76,"Livro de Emplacamento. n,24. p,137",Cintia,8/10/2018,POINT(-46.64425563726037 -23.55533098708369),18.0,6.0,1908.0,18.0,6.0,1908.0
115,37.0,37,"Livro de Emplacamento. n,24. p,137",Cintia,8/10/2018,POINT(-46.64953680689009 -23.555754990853842),15.0,12.0,1937.0,,,
115,1.0,1,"Livro de Emplacamento. n,24. p,137",Cintia,8/10/2018,POINT(-46.64953680689009 -23.555754990853842),19.0,6.0,1908.0,14.0,12.0,1937.0
115,307.0,307,"Livro de Emplacamento. n,24. p,137",Cintia,8/10/2018,POINT(-46.64689080458254 -23.555532160228736),15.0,12.0,1937.0,,,
115,59.0,59,"Livro de Emplacamento. n,24. p,137",Cintia,8/10/2018,POINT(-46.64689080458254 -23.555532160228736),12.0,3.0,1925.0,14.0,12.0,1937.0
115,53.0,53,"Livro de Emplacamento. n,24. p,137",Cintia,8/10/2018,POINT(-46.64689080458254 -23.555532160228736),29.0,8.0,1911.0,11.0,3.0,1925.0
115,51.0,51,"Livro de Emplacamento. n,24. p,137",Cintia,8/10/2018,POINT(-46.64689080458254 -23.555532160228736),19.0,6.0,1908.0,28.0,8.0,1911.0
115,35.0,35,"Livro de Emplacamento. n,24. p,137",Cintia,8/10/2018,POINT(-46.64689080458254 -23.555532160228736),18.0,6.0,1908.0,18.0,6.0,1908.0
115,581.0,581,"Livro de Emplacamento. n,24. p,137",Cintia,8/10/2018,POINT(-46.64421950787153 -23.55532845866208),15.0,12.0,1937.0,,,
115,113.0,113,"Livro de Emplacamento. n,24. p,137",Cintia,8/10/2018,POINT(-46.64421950787153 -23.55532845866208),12.0,3.0,1925.0,14.0,12.0,1937.0
115,87.0,87,"Livro de Emplacamento. n,24. p,137",Cintia,8/10/2018,POINT(-46.64421950787153 -23.55532845866208),19.0,6.0,1908.0,11.0,3.0,1925.0
115,69.0,69,"Livro de Emplacamento. n,24. p,137",Cintia,8/10/2018,POINT(-46.64421950787153 -23.55532845866208),18.0,6.0,1908.0,18.0,6.0,1908.0
115,641.0,641,"Livro de Emplacamento. n,24. p,137",Cintia,8/10/2018,POINT(-46.64364046128432 -23.5552879340921),15.0,12.0,1937.0,,,
115,133.0,133,"Livro de Emplacamento. n,24. p,137",Cintia,8/10/2018,POINT(-46.64364046128432 -23.5552879340921),12.0,3.0,1925.0,14.0,12.0,1937.0
115,103.0,103,"Livro de Emplacamento. n,24. p,137",Cintia,8/10/2018,POINT(-46.64364046128432 -23.5552879340921),29.0,8.0,1911.0,11.0,3.0,1925.0
115,85.0,85 B,"Livro de Emplacamento. n,24. p,137",Cintia,8/10/2018,POINT(-46.64364046128432 -23.5552879340921),28.0,8.0,1911.0,28.0,8.0,1911.0
116,181.0,181,"Livro de Emplacamento. n,2. p,213",Cintia,8/10/2018,POINT(-46.65498355093522 -23.547286853277427),7.0,12.0,1935.0,,,
116,3.0,3,"Livro de Emplacamento. n,2. p,213",Cintia,8/10/2018,POINT(-46.65498355093522 -23.547286853277427),18.0,2.0,1909.0,6.0,12.0,1935.0
116,1.0,1 tinta,"Livro de Emplacamento. n,2. p,213",Cintia,8/10/2018,POINT(-46.65498355093522 -23.547286853277427),17.0,2.0,1909.0,17.0,2.0,1909.0
116,207.0,207,"Livro de Emplacamento. n,2. p,213",Cintia,8/10/2018,POINT(-46.65487770775086 -23.5470729572701),7.0,12.0,1935.0,,,
116,7.0,7,"Livro de Emplacamento. n,2. p,213",Cintia,8/10/2018,POINT(-46.65487770775086 -23.5470729572701),18.0,2.0,1909.0,6.0,12.0,1935.0
116,5.0,5,"Livro de Emplacamento. n,2. p,213",Cintia,8/10/2018,POINT(-46.65487770775086 -23.5470729572701),17.0,2.0,1909.0,17.0,2.0,1909.0
116,267.0,267,"Livro de Emplacamento. n,2. p,213",Cintia,8/10/2018,POINT(-46.65463831311797 -23.546588752258927),7.0,12.0,1935.0,,,
116,11.0,11 tinta,"Livro de Emplacamento. n,2. p,213",Cintia,8/10/2018,POINT(-46.65463831311797 -23.546588752258927),6.0,6.0,1911.0,6.0,12.0,1935.0
116,455.0,455,"Livro de Emplacamento. n,2. p,213",Cintia,8/10/2018,POINT(-46.653889459878584 -23.545046684985063),7.0,12.0,1935.0,,,
116,35.0,35,"Livro de Emplacamento. n,2. p,213",Cintia,8/10/2018,POINT(-46.653889459878584 -23.545046684985063),6.0,12.0,1935.0,6.0,12.0,1935.0
116,168.0,168,"Livro de Emplacamento. n,2. p,213",Cintia,8/10/2018,POINT(-46.655036876509016 -23.54739461767807),7.0,12.0,1935.0,,,
116,16.0,16,"Livro de Emplacamento. n,2. p,213",Cintia,8/10/2018,POINT(-46.655036876509016 -23.54739461767807),6.0,6.0,1911.0,6.0,12.0,1935.0
116,246.0,246,"Livro de Emplacamento. n,2. p,213",Cintia,8/10/2018,POINT(-46.65471853899271 -23.54675129686213),7.0,12.0,1935.0,,,
116,22.0,22,"Livro de Emplacamento. n,2. p,213",Cintia,8/10/2018,POINT(-46.65471853899271 -23.54675129686213),18.0,2.0,1909.0,6.0,12.0,1935.0
116,290.0,290,"Livro de Emplacamento. n,2. p,213",Cintia,8/10/2018,POINT(-46.654542020618536 -23.546390463055804),7.0,12.0,1935.0,,,
116,34.0,34,"Livro de Emplacamento. n,2. p,213",Cintia,8/10/2018,POINT(-46.654542020618536 -23.546390463055804),18.0,2.0,1909.0,6.0,12.0,1935.0
116,458.0,458,"Livro de Emplacamento. n,2. p,213",Cintia,8/10/2018,POINT(-46.65387792069477 -23.545022923055765),7.0,12.0,1935.0,,,
116,60.0,60,"Livro de Emplacamento. n,2. p,213",Cintia,8/10/2018,POINT(-46.65387792069477 -23.545022923055765),6.0,12.0,1935.0,6.0,12.0,1935.0
280,21.0,21,"Livro de Emplacamento. n,29. p,317",Cintia,8/10/2018,POINT(-46.615745113104886 -23.530960305986984),25.0,6.0,1942.0,,,
280,1.0,1,"Livro de Emplacamento. n,29. p,317",Cintia,8/10/2018,POINT(-46.615745113104886 -23.530960305986984),22.0,2.0,1927.0,24.0,6.0,1942.0
280,165.0,165,"Livro de Emplacamento. n,29. p,317",Cintia,8/10/2018,POINT(-46.61481642260186 -23.529977153989726),25.0,6.0,1942.0,,,
280,33.0,33,"Livro de Emplacamento. n,29. p,317",Cintia,8/10/2018,POINT(-46.61481642260186 -23.529977153989726),22.0,2.0,1927.0,24.0,6.0,1942.0
280,46.0,46,"Livro de Emplacamento. n,29. p,317",Cintia,8/10/2018,POINT(-46.61558028125502 -23.530787444896664),25.0,6.0,1942.0,,,
280,4.0,4,"Livro de Emplacamento. n,29. p,317",Cintia,8/10/2018,POINT(-46.61558028125502 -23.530787444896664),22.0,2.0,1927.0,24.0,6.0,1942.0
280,2.0,2,"Livro de Emplacamento. n,29. p,317",Cintia,8/10/2018,POINT(-46.61558028125502 -23.530787444896664),16.0,5.0,1917.0,21.0,2.0,1927.0
280,160.0,160,"Livro de Emplacamento. n,29. p,317",Cintia,8/10/2018,POINT(-46.61484096941224 -23.530005460068026),25.0,6.0,1942.0,,,
280,40.0,40,"Livro de Emplacamento. n,29. p,317",Cintia,8/10/2018,POINT(-46.61484096941224 -23.530005460068026),22.0,2.0,1927.0,24.0,6.0,1942.0
280,36.0,36,"Livro de Emplacamento. n,29. p,317",Cintia,8/10/2018,POINT(-46.61484096941224 -23.530005460068026),16.0,5.0,1917.0,21.0,2.0,1927.0
99,19.0,19,"Livro de Emplacamento. n,21. p,129",Cintia,8/10/2018,POINT(-46.64550455189999 -23.551752668641743),19.0,5.0,1936.0,,,
99,1.0,1,"Livro de Emplacamento. n,21. p,129",Cintia,8/10/2018,POINT(-46.64550455189999 -23.551752668641743),27.0,2.0,1909.0,18.0,5.0,1936.0
286,9.0,9,"Livro de Emplacamento. n,19. p,102. p,12. p,5",Cintia,8/10/2018,POINT(-46.61747810634655 -23.533984423908514),26.0,10.0,1933.0,,,
286,1.0,1,"Livro de Emplacamento. n,19. p,102. p,12. p,5",Cintia,8/10/2018,POINT(-46.61747810634655 -23.533984423908514),1.0,9.0,1927.0,25.0,10.0,1933.0
286,121.0,121,"Livro de Emplacamento. n,19. p,102. p,12. p,5",Cintia,8/10/2018,POINT(-46.616808098801016 -23.533187687594967),26.0,10.0,1933.0,,,
286,25.0,25,"Livro de Emplacamento. n,19. p,102. p,12. p,5",Cintia,8/10/2018,POINT(-46.616808098801016 -23.533187687594967),1.0,9.0,1927.0,25.0,10.0,1933.0
286,19.0,19,"Livro de Emplacamento. n,19. p,102. p,12. p,5",Cintia,8/10/2018,POINT(-46.616808098801016 -23.533187687594967),31.0,8.0,1927.0,31.0,8.0,1927.0
286,301.0,301,"Livro de Emplacamento. n,19. p,102. p,12. p,5",Cintia,8/10/2018,POINT(-46.61583218399566 -23.531853678518704),26.0,10.0,1933.0,,,
286,55.0,55,"Livro de Emplacamento. n,19. p,102. p,12. p,5",Cintia,8/10/2018,POINT(-46.61583218399566 -23.531853678518704),1.0,9.0,1927.0,25.0,10.0,1933.0
286,44.0,44,"Livro de Emplacamento. n,19. p,102. p,12. p,5",Cintia,8/10/2018,POINT(-46.61583218399566 -23.531853678518704),31.0,8.0,1927.0,31.0,8.0,1927.0
286,28.0,28,"Livro de Emplacamento. n,19. p,102. p,12. p,5",Cintia,8/10/2018,POINT(-46.61735988054911 -23.533851316846743),26.0,10.0,1933.0,,,
286,2.0,2,"Livro de Emplacamento. n,19. p,102. p,12. p,5",Cintia,8/10/2018,POINT(-46.61735988054911 -23.533851316846743),1.0,9.0,1927.0,25.0,10.0,1933.0
286,48.0,48,"Livro de Emplacamento. n,19. p,102. p,12. p,5",Cintia,8/10/2018,POINT(-46.617241528730894 -23.533710301436816),26.0,10.0,1933.0,,,
286,10.0,10,"Livro de Emplacamento. n,19. p,102. p,12. p,5",Cintia,8/10/2018,POINT(-46.617241528730894 -23.533710301436816),1.0,9.0,1927.0,25.0,10.0,1933.0
286,6.0,6,"Livro de Emplacamento. n,19. p,102. p,12. p,5",Cintia,8/10/2018,POINT(-46.617241528730894 -23.533710301436816),24.0,4.0,1917.0,31.0,8.0,1927.0
286,154.0,154,"Livro de Emplacamento. n,19. p,102. p,12. p,5",Cintia,8/10/2018,POINT(-46.61662270393898 -23.53294513705797),26.0,10.0,1933.0,,,
286,40.0,40,"Livro de Emplacamento. n,19. p,102. p,12. p,5",Cintia,8/10/2018,POINT(-46.61662270393898 -23.53294513705797),1.0,9.0,1927.0,25.0,10.0,1933.0
286,30.0,30,"Livro de Emplacamento. n,19. p,102. p,12. p,5",Cintia,8/10/2018,POINT(-46.61662270393898 -23.53294513705797),24.0,4.0,1917.0,31.0,8.0,1927.0
286,32.1,32A,"Livro de Emplacamento. n,19. p,102. p,12. p,5",Cintia,8/10/2018,POINT(-46.61662270393898 -23.53294513705797),23.0,4.0,1917.0,23.0,4.0,1917.0
286,272.0,272,"Livro de Emplacamento. n,19. p,102. p,12. p,5",Cintia,8/10/2018,POINT(-46.61597754107325 -23.53206021406622),26.0,10.0,1933.0,,,
286,80.0,80,"Livro de Emplacamento. n,19. p,102. p,12. p,5",Cintia,8/10/2018,POINT(-46.61597754107325 -23.53206021406622),1.0,9.0,1927.0,25.0,10.0,1933.0
286,62.0,62,"Livro de Emplacamento. n,19. p,102. p,12. p,5",Cintia,8/10/2018,POINT(-46.61597754107325 -23.53206021406622),24.0,4.0,1917.0,31.0,8.0,1927.0
286,300.0,300,"Livro de Emplacamento. n,19. p,102. p,12. p,5",Cintia,8/10/2018,POINT(-46.61583058666513 -23.531851408897303),26.0,10.0,1933.0,,,
286,88.1,88A,"Livro de Emplacamento. n,19. p,102. p,12. p,5",Cintia,8/10/2018,POINT(-46.61583058666513 -23.531851408897303),1.0,9.0,1927.0,25.0,10.0,1933.0
286,64.0,64 terreo,"Livro de Emplacamento. n,19. p,102. p,12. p,5",Cintia,8/10/2018,POINT(-46.61583058666513 -23.531851408897303),31.0,8.0,1927.0,31.0,8.0,1927.0
18,11.0,11,"Livro de Emplacamento. n,27. p,270",Cintia,8/10/2018,POINT(-46.63383505240942 -23.548083197026106),16.0,9.0,1940.0,,,
18,1.0,1,"Livro de Emplacamento. n,27. p,270",Cintia,8/10/2018,POINT(-46.63383505240942 -23.548083197026106),29.0,3.0,1909.0,15.0,9.0,1940.0
18,157.0,157,"Livro de Emplacamento. n,27. p,270",Cintia,8/10/2018,POINT(-46.6329146966422 -23.547092059627612),16.0,9.0,1940.0,,,
18,45.0,45,"Livro de Emplacamento. n,27. p,270",Cintia,8/10/2018,POINT(-46.6329146966422 -23.547092059627612),29.0,3.0,1909.0,15.0,9.0,1940.0
18,301.0,301,"Livro de Emplacamento. n,27. p,270",Cintia,8/10/2018,POINT(-46.63201310147389 -23.546095425085433),16.0,9.0,1940.0,,,
18,95.0,95,"Livro de Emplacamento. n,27. p,270",Cintia,8/10/2018,POINT(-46.63201310147389 -23.546095425085433),29.0,3.0,1909.0,15.0,9.0,1940.0
60,35.0,35,"Livro de Emplacamento. n,21. p,229",Cintia,8/10/2018,POINT(-46.6386211845573 -23.54981235055327),10.0,8.0,1936.0,,,
60,1.0,1,"Livro de Emplacamento. n,21. p,229",Cintia,8/10/2018,POINT(-46.6386211845573 -23.54981235055327),27.0,1.0,1912.0,9.0,8.0,1936.0
60,3.0,3,"Livro de Emplacamento. n,21. p,229",Cintia,8/10/2018,POINT(-46.6386211845573 -23.54981235055327),3.0,7.0,1908.0,26.0,1.0,1912.0
60,92.0,92,"Livro de Emplacamento. n,21. p,229",Cintia,8/10/2018,POINT(-46.638452462668454 -23.550297390151105),10.0,8.0,1936.0,,,
60,4.1,4A,"Livro de Emplacamento. n,21. p,229",Cintia,8/10/2018,POINT(-46.638452462668454 -23.550297390151105),3.0,7.0,1908.0,9.0,8.0,1936.0
60,254.0,254,"Livro de Emplacamento. n,21. p,229",Cintia,8/10/2018,POINT(-46.63797065473939 -23.551682485622383),10.0,8.0,1936.0,,,
60,50.0,50,"Livro de Emplacamento. n,21. p,229",Cintia,8/10/2018,POINT(-46.63797065473939 -23.551682485622383),3.0,7.0,1908.0,9.0,8.0,1936.0
60,44.0,44,"Livro de Emplacamento. n,21. p,229",Cintia,8/10/2018,POINT(-46.63797065473939 -23.551682485622383),2.0,8.0,1908.0,2.0,8.0,1908.0
60,494.0,494,"Livro de Emplacamento. n,21. p,229",Cintia,8/10/2018,POINT(-46.63729161099886 -23.55374442675935),10.0,8.0,1936.0,,,
60,96.0,96,"Livro de Emplacamento. n,21. p,229",Cintia,8/10/2018,POINT(-46.63729161099886 -23.55374442675935),27.0,1.0,1912.0,9.0,8.0,1936.0
60,112.0,112,"Livro de Emplacamento. n,21. p,229",Cintia,8/10/2018,POINT(-46.63729161099886 -23.55374442675935),26.0,1.0,1912.0,26.0,1.0,1912.0
60,306.0,306,"Livro de Emplacamento. n,21. p,229",Cintia,8/10/2018,POINT(-46.63781035681527 -23.552130171622753),10.0,8.0,1936.0,,,
60,66.0,66,"Livro de Emplacamento. n,21. p,229",Cintia,8/10/2018,POINT(-46.63781035681527 -23.552130171622753),3.0,7.0,1908.0,9.0,8.0,1936.0
60,60.0,60,"Livro de Emplacamento. n,21. p,229",Cintia,8/10/2018,POINT(-46.63781035681527 -23.552130171622753),2.0,8.0,1908.0,2.0,8.0,1908.0
72,31.0,31,"Livro de Emplacamento. n,21. p,225",Cintia,8/10/2018,POINT(-46.63953669680265 -23.547959008259802),6.0,9.0,1936.0,,,
72,1.0,1,"Livro de Emplacamento. n,21. p,225",Cintia,8/10/2018,POINT(-46.63953669680265 -23.547959008259802),27.0,9.0,1930.0,5.0,9.0,1936.0
72,149.0,149,"Livro de Emplacamento. n,21. p,225",Cintia,8/10/2018,POINT(-46.640608249428986 -23.54774227641775),6.0,9.0,1936.0,,,
72,25.0,25,"Livro de Emplacamento. n,21. p,225",Cintia,8/10/2018,POINT(-46.640608249428986 -23.54774227641775),27.0,9.0,1930.0,5.0,9.0,1936.0
72,45.1,45A,"Livro de Emplacamento. n,21. p,225",Cintia,8/10/2018,POINT(-46.640608249428986 -23.54774227641775),26.0,9.0,1930.0,26.0,9.0,1930.0
72,243.0,243,"Livro de Emplacamento. n,21. p,225",Cintia,8/10/2018,POINT(-46.64137318446747 -23.54783121115652),6.0,9.0,1936.0,,,
72,57.0,57,"Livro de Emplacamento. n,21. p,225",Cintia,8/10/2018,POINT(-46.64137318446747 -23.54783121115652),27.0,9.0,1930.0,5.0,9.0,1936.0
72,75.0,75,"Livro de Emplacamento. n,21. p,225",Cintia,8/10/2018,POINT(-46.64137318446747 -23.54783121115652),26.0,9.0,1930.0,26.0,9.0,1930.0
71,47.0,47,"Livro de Emplacamento. n,26. p,31",Cintia,8/10/2018,POINT(-46.640944548363386 -23.547695650661492),28.0,12.0,1938.0,,,
71,3.0,3,"Livro de Emplacamento. n,26. p,31",Cintia,8/10/2018,POINT(-46.640944548363386 -23.547695650661492),19.0,2.0,1909.0,27.0,12.0,1938.0
71,101.0,101,"Livro de Emplacamento. n,26. p,31",Cintia,8/10/2018,POINT(-46.640426449503046 -23.547596437334278),28.0,12.0,1938.0,,,
71,15.0,15,"Livro de Emplacamento. n,26. p,31",Cintia,8/10/2018,POINT(-46.640426449503046 -23.547596437334278),19.0,2.0,1909.0,27.0,12.0,1938.0
71,171.0,171,"Livro de Emplacamento. n,26. p,31",Cintia,8/10/2018,POINT(-46.639775532069415 -23.54746675723447),28.0,12.0,1938.0,,,
71,35.0,35,"Livro de Emplacamento. n,26. p,31",Cintia,8/10/2018,POINT(-46.639775532069415 -23.54746675723447),19.0,2.0,1909.0,27.0,12.0,1938.0
71,33.0,33,"Livro de Emplacamento. n,26. p,31",Cintia,8/10/2018,POINT(-46.639775532069415 -23.54746675723447),18.0,2.0,1909.0,18.0,2.0,1909.0
71,28.0,28,"Livro de Emplacamento. n,26. p,31",Cintia,8/10/2018,POINT(-46.64110081516507 -23.547725574968442),28.0,12.0,1938.0,,,
71,6.0,6,"Livro de Emplacamento. n,26. p,31",Cintia,8/10/2018,POINT(-46.64110081516507 -23.547725574968442),19.0,2.0,1909.0,27.0,12.0,1938.0
71,78.0,78,"Livro de Emplacamento. n,26. p,31",Cintia,8/10/2018,POINT(-46.64064968779116 -23.54763918634421),28.0,12.0,1938.0,,,
71,16.0,16,"Livro de Emplacamento. n,26. p,31",Cintia,8/10/2018,POINT(-46.64064968779116 -23.54763918634421),19.0,2.0,1909.0,27.0,12.0,1938.0
71,150.0,150,"Livro de Emplacamento. n,26. p,31",Cintia,8/10/2018,POINT(-46.639980864560684 -23.54751132224002),28.0,12.0,1938.0,,,
71,38.0,38,"Livro de Emplacamento. n,26. p,31",Cintia,8/10/2018,POINT(-46.639980864560684 -23.54751132224002),19.0,2.0,1909.0,27.0,12.0,1938.0
70,46.0,46,"Livro de Emplacamento. n,26. p,239",Cintia,8/10/2018,POINT(-46.6422447757388 -23.54463402029378),25.0,5.0,1939.0,,,
70,12.0,12,"Livro de Emplacamento. n,26. p,239",Cintia,8/10/2018,POINT(-46.6422447757388 -23.54463402029378),23.0,2.0,1909.0,24.0,5.0,1939.0
70,216.0,216,"Livro de Emplacamento. n,26. p,239",Cintia,8/10/2018,POINT(-46.64123420328623 -23.545858478739888),25.0,5.0,1939.0,,,
70,58.0,58,"Livro de Emplacamento. n,26. p,239",Cintia,8/10/2018,POINT(-46.64123420328623 -23.545858478739888),23.0,2.0,1909.0,24.0,5.0,1939.0
70,75.0,75,"Livro de Emplacamento. n,26. p,239",Cintia,8/10/2018,POINT(-46.642054317503884 -23.54482465762225),25.0,5.0,1939.0,,,
70,19.0,19,"Livro de Emplacamento. n,26. p,239",Cintia,8/10/2018,POINT(-46.642054317503884 -23.54482465762225),23.0,2.0,1909.0,24.0,5.0,1939.0
70,173.0,173,"Livro de Emplacamento. n,26. p,239",Cintia,8/10/2018,POINT(-46.64148535329791 -23.545525106618385),25.0,5.0,1939.0,,,
70,41.0,41,"Livro de Emplacamento. n,26. p,239",Cintia,8/10/2018,POINT(-46.64148535329791 -23.545525106618385),23.0,2.0,1909.0,24.0,5.0,1939.0
70,397.0,397,"Livro de Emplacamento. n,26. p,239",Cintia,8/10/2018,POINT(-46.64013881080143 -23.547108874697578),25.0,5.0,1939.0,,,
70,83.0,83,"Livro de Emplacamento. n,26. p,239",Cintia,8/10/2018,POINT(-46.64013881080143 -23.547108874697578),23.0,2.0,1909.0,24.0,5.0,1939.0
68,51.0,51,"Livro de Emplacamento. n,26. p,96",Cintia,8/10/2018,POINT(-46.640125554980884 -23.546525369130592),27.0,2.0,1939.0,,,
68,78.0,78,"Livro de Emplacamento. n,26. p,96",Cintia,8/10/2018,POINT(-46.640125554980884 -23.546525369130592),22.0,2.0,1908.0,26.0,2.0,1939.0
68,74.0,74,"Livro de Emplacamento. n,26. p,96",Cintia,8/10/2018,POINT(-46.640125554980884 -23.546525369130592),21.0,2.0,1908.0,21.0,2.0,1908.0
68,165.0,165,"Livro de Emplacamento. n,26. p,96",Cintia,8/10/2018,POINT(-46.6394596666264 -23.54570143510592),27.0,2.0,1939.0,,,
68,40.0,40,"Livro de Emplacamento. n,26. p,96",Cintia,8/10/2018,POINT(-46.6394596666264 -23.54570143510592),22.0,2.0,1908.0,26.0,2.0,1939.0
68,38.0,38,"Livro de Emplacamento. n,26. p,96",Cintia,8/10/2018,POINT(-46.6394596666264 -23.54570143510592),21.0,2.0,1908.0,21.0,2.0,1908.0
68,403.0,403,"Livro de Emplacamento. n,26. p,96",Cintia,8/10/2018,POINT(-46.6381415349358 -23.5439224691586),27.0,2.0,1939.0,,,
68,2.0,2,"Livro de Emplacamento. n,26. p,96",Cintia,8/10/2018,POINT(-46.6381415349358 -23.5439224691586),22.0,2.0,1908.0,26.0,2.0,1939.0
68,14.0,14,"Livro de Emplacamento. n,26. p,96",Cintia,8/10/2018,POINT(-46.64033944384783 -23.54679149173104),27.0,2.0,1939.0,,,
68,47.0,47,"Livro de Emplacamento. n,26. p,96",Cintia,8/10/2018,POINT(-46.64033944384783 -23.54679149173104),22.0,2.0,1922.0,26.0,2.0,1939.0
68,67.0,67,"Livro de Emplacamento. n,26. p,96",Cintia,8/10/2018,POINT(-46.64033944384783 -23.54679149173104),21.0,2.0,1922.0,21.0,2.0,1922.0
68,108.0,108,"Livro de Emplacamento. n,26. p,96",Cintia,8/10/2018,POINT(-46.63979056425084 -23.546108480603554),27.0,2.0,1939.0,,,
68,23.0,23,"Livro de Emplacamento. n,26. p,96",Cintia,8/10/2018,POINT(-46.63979056425084 -23.546108480603554),22.0,2.0,1922.0,26.0,2.0,1939.0
68,43.0,43,"Livro de Emplacamento. n,26. p,96",Cintia,8/10/2018,POINT(-46.63979056425084 -23.546108480603554),21.0,2.0,1922.0,21.0,2.0,1922.0
68,414.0,414,"Livro de Emplacamento. n,26. p,96",Cintia,8/10/2018,POINT(-46.63808908568416 -23.543848501467203),27.0,2.0,1939.0,,,
68,1.0,1,"Livro de Emplacamento. n,26. p,96",Cintia,8/10/2018,POINT(-46.63808908568416 -23.543848501467203),22.0,2.0,1922.0,26.0,2.0,1939.0
148,38.0,38,"Livro de Emplacamento. n,21. p,332",Cintia,8/10/2018,POINT(-46.61555985634618 -23.543765038286008),3.0,11.0,1936.0,,,
148,2.0,2,"Livro de Emplacamento. n,21. p,332",Cintia,8/10/2018,POINT(-46.61555985634618 -23.543765038286008),13.0,6.0,1908.0,2.0,11.0,1936.0
148,88.0,88,"Livro de Emplacamento. n,21. p,332",Cintia,8/10/2018,POINT(-46.61517375983791 -23.54351609491252),3.0,11.0,1936.0,,,
148,22.0,22,"Livro de Emplacamento. n,21. p,332",Cintia,8/10/2018,POINT(-46.61517375983791 -23.54351609491252),26.0,8.0,1930.0,2.0,11.0,1936.0
181,95.0,95,Livro de Emplacamento,Cintia,8/10/2018,POINT(-46.65082226607854 -23.534143753506886),7.0,2.0,1939.0,,,
181,182.0,182,Livro de Emplacamento,Cintia,8/10/2018,POINT(-46.65082226607854 -23.534143753506886),3.0,6.0,1929.0,6.0,2.0,1939.0
181,140.0,140,Livro de Emplacamento,Cintia,8/10/2018,POINT(-46.65082226607854 -23.534143753506886),2.0,6.0,1929.0,2.0,6.0,1929.0
181,44.0,44,Livro de Emplacamento,Cintia,8/10/2018,POINT(-46.651332614688855 -23.534101415441615),7.0,2.0,1939.0,,,
181,203.0,203,Livro de Emplacamento,Cintia,8/10/2018,POINT(-46.651332614688855 -23.534101415441615),3.0,6.0,1929.0,6.0,2.0,1939.0
337,29.0,29,"Livro de Emplacamento. n,21. p,189",Cintia,8/10/2018,POINT(-46.63048559694472 -23.53810487986415),23.0,7.0,1936.0,,,
337,1.0,1,"Livro de Emplacamento. n,21. p,189",Cintia,8/10/2018,POINT(-46.63048559694472 -23.53810487986415),23.0,5.0,1909.0,22.0,7.0,1936.0
337,113.0,113,"Livro de Emplacamento. n,21. p,189",Cintia,8/10/2018,POINT(-46.630198992452925 -23.53740820645549),23.0,7.0,1936.0,,,
337,17.0,17,"Livro de Emplacamento. n,21. p,189",Cintia,8/10/2018,POINT(-46.630198992452925 -23.53740820645549),21.0,8.0,1930.0,22.0,7.0,1936.0
337,19.0,19,"Livro de Emplacamento. n,21. p,189",Cintia,8/10/2018,POINT(-46.630198992452925 -23.53740820645549),23.0,5.0,1909.0,20.0,8.0,1930.0
337,147.0,147,"Livro de Emplacamento. n,21. p,189",Cintia,8/10/2018,POINT(-46.63008271753335 -23.537120333797347),23.0,7.0,1936.0,,,
337,27.0,27,"Livro de Emplacamento. n,21. p,189",Cintia,8/10/2018,POINT(-46.63008271753335 -23.537120333797347),21.0,8.0,1930.0,22.0,7.0,1936.0
337,33.0,33,"Livro de Emplacamento. n,21. p,189",Cintia,8/10/2018,POINT(-46.63008271753335 -23.537120333797347),20.0,8.0,1930.0,20.0,8.0,1930.0
337,36.0,36,"Livro de Emplacamento. n,21. p,189",Cintia,8/10/2018,POINT(-46.63046284416722 -23.53805840593944),23.0,7.0,1936.0,,,
337,2.0,2,"Livro de Emplacamento. n,21. p,189",Cintia,8/10/2018,POINT(-46.63046284416722 -23.53805840593944),23.0,5.0,1909.0,22.0,7.0,1936.0
337,162.0,162,"Livro de Emplacamento. n,21. p,189",Cintia,8/10/2018,POINT(-46.630030019835885 -23.536989865194972),23.0,7.0,1936.0,,,
337,34.0,34,"Livro de Emplacamento. n,21. p,189",Cintia,8/10/2018,POINT(-46.630030019835885 -23.536989865194972),21.0,8.0,1930.0,22.0,7.0,1936.0
337,14.0,14,"Livro de Emplacamento. n,21. p,189",Cintia,8/10/2018,POINT(-46.630030019835885 -23.536989865194972),20.0,8.0,1930.0,20.0,8.0,1930.0
338,39.0,39,"Livro de Emplacamento. n,21. p,191",Cintia,8/10/2018,POINT(-46.62913504864729 -23.537301484507058),23.0,7.0,1936.0,,,
338,1.0,1,"Livro de Emplacamento. n,21. p,191",Cintia,8/10/2018,POINT(-46.62913504864729 -23.537301484507058),2.0,6.0,1929.0,22.0,7.0,1936.0
338,145.0,145,"Livro de Emplacamento. n,21. p,191",Cintia,8/10/2018,POINT(-46.629515773565345 -23.538192650756674),23.0,7.0,1936.0,,,
338,23.0,23,"Livro de Emplacamento. n,21. p,191",Cintia,8/10/2018,POINT(-46.629515773565345 -23.538192650756674),2.0,6.0,1929.0,22.0,7.0,1936.0
338,159.0,159,"Livro de Emplacamento. n,21. p,191",Cintia,8/10/2018,POINT(-46.629563718642046 -23.538306494228756),23.0,7.0,1936.0,,,
338,29.0,29,"Livro de Emplacamento. n,21. p,191",Cintia,8/10/2018,POINT(-46.629563718642046 -23.538306494228756),2.0,6.0,1929.0,22.0,7.0,1936.0
338,50.0,50,"Livro de Emplacamento. n,21. p,191",Cintia,8/10/2018,POINT(-46.629180271958255 -23.53740065480615),23.0,7.0,1936.0,,,
338,2.0,2,"Livro de Emplacamento. n,21. p,191",Cintia,8/10/2018,POINT(-46.629180271958255 -23.53740065480615),2.0,6.0,1929.0,22.0,7.0,1936.0
338,16.0,16,"Livro de Emplacamento. n,21. p,191",Cintia,8/10/2018,POINT(-46.629180271958255 -23.53740065480615),1.0,6.0,1929.0,1.0,6.0,1929.0
338,112.0,112,"Livro de Emplacamento. n,21. p,191",Cintia,8/10/2018,POINT(-46.62940296162017 -23.537924783763547),23.0,7.0,1936.0,,,
338,16.0,16,"Livro de Emplacamento. n,21. p,191",Cintia,8/10/2018,POINT(-46.62940296162017 -23.537924783763547),2.0,6.0,1929.0,22.0,7.0,1936.0
338,26.0,26,"Livro de Emplacamento. n,21. p,191",Cintia,8/10/2018,POINT(-46.62940296162017 -23.537924783763547),1.0,6.0,1929.0,1.0,6.0,1929.0
338,180.0,180,"Livro de Emplacamento. n,21. p,191",Cintia,8/10/2018,POINT(-46.62964268700367 -23.538494001123947),23.0,7.0,1936.0,,,
338,38.0,38,"Livro de Emplacamento. n,21. p,191",Cintia,8/10/2018,POINT(-46.62964268700367 -23.538494001123947),2.0,6.0,1929.0,22.0,7.0,1936.0
338,46.0,46,"Livro de Emplacamento. n,21. p,191",Cintia,8/10/2018,POINT(-46.62964268700367 -23.538494001123947),1.0,6.0,1929.0,1.0,6.0,1929.0
362,106.0,106,"Livro de Emplacamento. n,24. p,147",Cintia,8/10/2018,POINT(-46.62982597277151 -23.542690271520524),20.0,12.0,1937.0,,,
362,12.0,12,"Livro de Emplacamento. n,24. p,147",Cintia,8/10/2018,POINT(-46.62982597277151 -23.542690271520524),19.0,12.0,1937.0,19.0,12.0,1937.0
362,150.0,150,"Livro de Emplacamento. n,24. p,147",Cintia,8/10/2018,POINT(-46.6294027894578 -23.54269388723988),20.0,12.0,1937.0,,,
362,142.0,142,"Livro de Emplacamento. n,24. p,147",Cintia,8/10/2018,POINT(-46.6294027894578 -23.54269388723988),19.0,12.0,1937.0,19.0,12.0,1937.0
362,25.0,25,"Livro de Emplacamento. n,24. p,147",Cintia,8/10/2018,POINT(-46.63061889786513 -23.542637265831477),20.0,12.0,1937.0,,,
362,17.0,17,"Livro de Emplacamento. n,24. p,147",Cintia,8/10/2018,POINT(-46.63061889786513 -23.542637265831477),19.0,12.0,1937.0,19.0,12.0,1937.0
363,26.0,26,"Livro de Emplacamento. n,17. p,9A",Cintia,8/10/2018,POINT(-46.62757772707327 -23.54249962577028),15.0,4.0,1936.0,,,
363,4.0,4,"Livro de Emplacamento. n,17. p,9A",Cintia,8/10/2018,POINT(-46.62757772707327 -23.54249962577028),19.0,1.0,1909.0,14.0,4.0,1936.0
363,92.0,92,"Livro de Emplacamento. n,17. p,9A",Cintia,8/10/2018,POINT(-46.627583754488846 -23.541911442436056),15.0,4.0,1936.0,,,
363,26.0,26,"Livro de Emplacamento. n,17. p,9A",Cintia,8/10/2018,POINT(-46.627583754488846 -23.541911442436056),19.0,1.0,1909.0,14.0,4.0,1936.0
363,16.0,16,"Livro de Emplacamento. n,17. p,9A",Cintia,8/10/2018,POINT(-46.627583754488846 -23.541911442436056),18.0,1.0,1909.0,18.0,1.0,1909.0
363,152.0,152,"Livro de Emplacamento. n,17. p,9A",Cintia,8/10/2018,POINT(-46.62759707086496 -23.541375413570222),15.0,4.0,1936.0,,,
363,50.0,50,"Livro de Emplacamento. n,17. p,9A",Cintia,8/10/2018,POINT(-46.62759707086496 -23.541375413570222),19.0,1.0,1909.0,14.0,4.0,1936.0
363,40.0,40,"Livro de Emplacamento. n,17. p,9A",Cintia,8/10/2018,POINT(-46.62759707086496 -23.541375413570222),18.0,1.0,1909.0,18.0,1.0,1909.0
363,49.0,49,"Livro de Emplacamento. n,17. p,9A",Cintia,8/10/2018,POINT(-46.62757936497023 -23.54229519184883),15.0,4.0,1936.0,,,
363,7.0,7,"Livro de Emplacamento. n,17. p,9A",Cintia,8/10/2018,POINT(-46.62757936497023 -23.54229519184883),19.0,1.0,1909.0,14.0,4.0,1936.0
363,1.0,1,"Livro de Emplacamento. n,17. p,9A",Cintia,8/10/2018,POINT(-46.62757936497023 -23.54229519184883),18.0,1.0,1909.0,18.0,1.0,1909.0
363,101.0,101,"Livro de Emplacamento. n,17. p,9A",Cintia,8/10/2018,POINT(-46.627584718541996 -23.541827161022972),15.0,4.0,1936.0,,,
363,23.0,23,"Livro de Emplacamento. n,17. p,9A",Cintia,8/10/2018,POINT(-46.627584718541996 -23.541827161022972),14.0,10.0,1926.0,14.0,4.0,1936.0
363,21.0,21,"Livro de Emplacamento. n,17. p,9A",Cintia,8/10/2018,POINT(-46.627584718541996 -23.541827161022972),18.0,1.0,1909.0,13.0,10.0,1926.0
363,149.0,149,"Livro de Emplacamento. n,17. p,9A",Cintia,8/10/2018,POINT(-46.62759632324472 -23.541401406234158),15.0,4.0,1936.0,,,
363,39.0,39,"Livro de Emplacamento. n,17. p,9A",Cintia,8/10/2018,POINT(-46.62759632324472 -23.541401406234158),19.0,1.0,1909.0,14.0,4.0,1936.0
363,29.0,29,"Livro de Emplacamento. n,17. p,9A",Cintia,8/10/2018,POINT(-46.62759632324472 -23.541401406234158),18.0,1.0,1909.0,18.0,1.0,1909.0
367,6.0,6,"Livro de Emplacamento. n,21. p,54",Cintia,8/10/2018,POINT(-46.62185864479076 -23.541237975919834),20.0,4.0,1936.0,,,
367,2.0,2,"Livro de Emplacamento. n,21. p,54",Cintia,8/10/2018,POINT(-46.62185864479076 -23.541237975919834),4.0,4.0,1909.0,19.0,4.0,1936.0
367,108.0,108,"Livro de Emplacamento. n,21. p,54",Cintia,8/10/2018,POINT(-46.621043122517 -23.540718983819392),20.0,4.0,1936.0,,,
367,22.0,22,"Livro de Emplacamento. n,21. p,54",Cintia,8/10/2018,POINT(-46.621043122517 -23.540718983819392),26.0,7.0,1927.0,19.0,4.0,1936.0
367,34.0,34,"Livro de Emplacamento. n,21. p,54",Cintia,8/10/2018,POINT(-46.621043122517 -23.540718983819392),4.0,4.0,1909.0,25.0,7.0,1927.0
367,77.0,77,"Livro de Emplacamento. n,21. p,54",Cintia,8/10/2018,POINT(-46.62129002256877 -23.540881365812613),20.0,4.0,1936.0,,,
367,1.0,1,"Livro de Emplacamento. n,21. p,54",Cintia,8/10/2018,POINT(-46.62129002256877 -23.540881365812613),26.0,7.0,1927.0,19.0,4.0,1936.0
367,13.0,13,"Livro de Emplacamento. n,21. p,54",Cintia,8/10/2018,POINT(-46.62129002256877 -23.540881365812613),4.0,4.0,1909.0,25.0,7.0,1927.0
367,165.0,165,"Livro de Emplacamento. n,21. p,54",Cintia,8/10/2018,POINT(-46.6205875520989 -23.540419362851253),20.0,4.0,1936.0,,,
367,19.0,19,"Livro de Emplacamento. n,21. p,54",Cintia,8/10/2018,POINT(-46.6205875520989 -23.540419362851253),26.0,7.0,1927.0,19.0,4.0,1936.0
367,43.0,43,"Livro de Emplacamento. n,21. p,54",Cintia,8/10/2018,POINT(-46.6205875520989 -23.540419362851253),4.0,4.0,1909.0,25.0,7.0,1927.0
369,30.0,30,"Livro de Emplacamento. n,20. p,342",Cintia,8/10/2018,POINT(-46.62028299764779 -23.54229275045106),30.0,6.0,1936.0,,,
369,2.0,2,"Livro de Emplacamento. n,20. p,342",Cintia,8/10/2018,POINT(-46.62028299764779 -23.54229275045106),8.0,6.0,1908.0,29.0,6.0,1936.0
369,130.0,130,"Livro de Emplacamento. n,20. p,342",Cintia,8/10/2018,POINT(-46.61976333343997 -23.54304694634903),30.0,6.0,1936.0,,,
369,18.0,18,"Livro de Emplacamento. n,20. p,342",Cintia,8/10/2018,POINT(-46.61976333343997 -23.54304694634903),8.0,8.0,1928.0,29.0,6.0,1936.0
369,10.0,10,"Livro de Emplacamento. n,20. p,342",Cintia,8/10/2018,POINT(-46.61976333343997 -23.54304694634903),8.0,6.0,1908.0,7.0,8.0,1928.0
369,4.0,4,"Livro de Emplacamento. n,20. p,342",Cintia,8/10/2018,POINT(-46.61976333343997 -23.54304694634903),7.0,6.0,1908.0,7.0,6.0,1908.0
369,252.0,252,"Livro de Emplacamento. n,20. p,342",Cintia,8/10/2018,POINT(-46.619136744023024 -23.543973322953047),30.0,6.0,1936.0,,,
369,38.0,38,"Livro de Emplacamento. n,20. p,342",Cintia,8/10/2018,POINT(-46.619136744023024 -23.543973322953047),8.0,8.0,1928.0,29.0,6.0,1936.0
369,30.0,30,"Livro de Emplacamento. n,20. p,342",Cintia,8/10/2018,POINT(-46.619136744023024 -23.543973322953047),8.0,6.0,1908.0,7.0,8.0,1928.0
369,24.0,24,"Livro de Emplacamento. n,20. p,342",Cintia,8/10/2018,POINT(-46.619136744023024 -23.543973322953047),7.0,6.0,1908.0,7.0,6.0,1908.0
369,21.0,21,"Livro de Emplacamento. n,20. p,342",Cintia,8/10/2018,POINT(-46.62033082809043 -23.54222398345221),30.0,6.0,1936.0,,,
369,1.0,1,"Livro de Emplacamento. n,20. p,342",Cintia,8/10/2018,POINT(-46.62033082809043 -23.54222398345221),8.0,6.0,1908.0,29.0,6.0,1936.0
369,97.0,97,"Livro de Emplacamento. n,20. p,342",Cintia,8/10/2018,POINT(-46.61994108135417 -23.54278823257273),30.0,6.0,1936.0,,,
369,21.0,21,"Livro de Emplacamento. n,20. p,342",Cintia,8/10/2018,POINT(-46.61994108135417 -23.54278823257273),8.0,8.0,1928.0,29.0,6.0,1936.0
369,17.0,17,"Livro de Emplacamento. n,20. p,342",Cintia,8/10/2018,POINT(-46.61994108135417 -23.54278823257273),8.0,6.0,1908.0,7.0,8.0,1928.0
369,13.0,13,"Livro de Emplacamento. n,20. p,342",Cintia,8/10/2018,POINT(-46.61994108135417 -23.54278823257273),7.0,6.0,1908.0,7.0,6.0,1908.0
369,207.0,207,"Livro de Emplacamento. n,20. p,342",Cintia,8/10/2018,POINT(-46.619365031252414 -23.543632104089546),30.0,6.0,1936.0,,,
369,43.0,43,"Livro de Emplacamento. n,20. p,342",Cintia,8/10/2018,POINT(-46.619365031252414 -23.543632104089546),8.0,8.0,1928.0,29.0,6.0,1936.0
369,39.0,39,"Livro de Emplacamento. n,20. p,342",Cintia,8/10/2018,POINT(-46.619365031252414 -23.543632104089546),8.0,6.0,1908.0,7.0,8.0,1928.0
369,35.0,35,"Livro de Emplacamento. n,20. p,342",Cintia,8/10/2018,POINT(-46.619365031252414 -23.543632104089546),7.0,6.0,1908.0,7.0,6.0,1908.0
373,27.0,27,"Livro de Emplacamento. n,21. p,354",Cintia,8/10/2018,POINT(-46.619192494256566 -23.536573284309803),4.0,12.0,1936.0,,,
373,1.0,1,"Livro de Emplacamento. n,21. p,354",Cintia,8/10/2018,POINT(-46.619192494256566 -23.536573284309803),19.0,3.0,1908.0,3.0,12.0,1936.0
373,171.0,171,"Livro de Emplacamento. n,21. p,354",Cintia,8/10/2018,POINT(-46.620595979227645 -23.53663470495169),4.0,12.0,1936.0,,,
373,35.0,35,"Livro de Emplacamento. n,21. p,354",Cintia,8/10/2018,POINT(-46.620595979227645 -23.53663470495169),26.0,9.0,1911.0,3.0,12.0,1936.0
373,33.0,33,"Livro de Emplacamento. n,21. p,354",Cintia,8/10/2018,POINT(-46.620595979227645 -23.53663470495169),19.0,3.0,1908.0,25.0,9.0,1911.0
373,29.1,29A,"Livro de Emplacamento. n,21. p,354",Cintia,8/10/2018,POINT(-46.620595979227645 -23.53663470495169),18.0,3.0,1908.0,18.0,3.0,1908.0
373,263.0,263,"Livro de Emplacamento. n,21. p,354",Cintia,8/10/2018,POINT(-46.621492075261024 -23.53668812520018),4.0,12.0,1936.0,,,
373,61.0,61,"Livro de Emplacamento. n,21. p,354",Cintia,8/10/2018,POINT(-46.621492075261024 -23.53668812520018),26.0,9.0,1911.0,3.0,12.0,1936.0
373,57.0,57,"Livro de Emplacamento. n,21. p,354",Cintia,8/10/2018,POINT(-46.621492075261024 -23.53668812520018),19.0,3.0,1908.0,25.0,9.0,1911.0
373,273.0,273,"Livro de Emplacamento. n,21. p,354",Cintia,8/10/2018,POINT(-46.62160554709566 -23.536692861521168),4.0,12.0,1936.0,,,
373,65.0,65,"Livro de Emplacamento. n,21. p,354",Cintia,8/10/2018,POINT(-46.62160554709566 -23.536692861521168),26.0,9.0,1911.0,3.0,12.0,1936.0
373,32.0,32,"Livro de Emplacamento. n,21. p,354",Cintia,8/10/2018,POINT(-46.61924628974828 -23.53657566508303),4.0,12.0,1936.0,,,
373,2.0,2,"Livro de Emplacamento. n,21. p,354",Cintia,8/10/2018,POINT(-46.61924628974828 -23.53657566508303),19.0,3.0,1908.0,3.0,12.0,1936.0
373,202.0,202,"Livro de Emplacamento. n,21. p,354",Cintia,8/10/2018,POINT(-46.62089379402995 -23.53665651646368),4.0,12.0,1936.0,,,
373,44.0,44,"Livro de Emplacamento. n,21. p,354",Cintia,8/10/2018,POINT(-46.62089379402995 -23.53665651646368),26.0,9.0,1911.0,3.0,12.0,1936.0
373,36.0,36,"Livro de Emplacamento. n,21. p,354",Cintia,8/10/2018,POINT(-46.62089379402995 -23.53665651646368),19.0,3.0,1908.0,25.0,9.0,1911.0
373,314.0,314,"Livro de Emplacamento. n,21. p,354",Cintia,8/10/2018,POINT(-46.62200732069232 -23.536685187978442),4.0,12.0,1936.0,,,
373,84.0,84,"Livro de Emplacamento. n,21. p,354",Cintia,8/10/2018,POINT(-46.62200732069232 -23.536685187978442),26.0,9.0,1911.0,3.0,12.0,1936.0
373,82.0,82,"Livro de Emplacamento. n,21. p,354",Cintia,8/10/2018,POINT(-46.62200732069232 -23.536685187978442),19.0,3.0,1908.0,25.0,9.0,1911.0
373,50.0,50,"Livro de Emplacamento. n,21. p,354",Cintia,8/10/2018,POINT(-46.62200732069232 -23.536685187978442),18.0,3.0,1908.0,18.0,3.0,1908.0
396,24.0,24,"Livro de Emplacamento. n,28. p,308",Cintia,8/10/2018,POINT(-46.641836219492326 -23.5558022000829),23.0,1.0,1942.0,,,
396,2.0,2,"Livro de Emplacamento. n,28. p,308",Cintia,8/10/2018,POINT(-46.641836219492326 -23.5558022000829),22.0,1.0,1942.0,22.0,1.0,1942.0
396,64.0,64,"Livro de Emplacamento. n,28. p,308",Cintia,8/10/2018,POINT(-46.64190418736807 -23.55616466693981),23.0,1.0,1942.0,,,
396,10.0,10,"Livro de Emplacamento. n,28. p,308",Cintia,8/10/2018,POINT(-46.64190418736807 -23.55616466693981),22.0,1.0,1942.0,22.0,1.0,1942.0
396,112.0,112,"Livro de Emplacamento. n,28. p,308",Cintia,8/10/2018,POINT(-46.64197571020501 -23.556607797649885),23.0,1.0,1942.0,,,
396,24.0,24,"Livro de Emplacamento. n,28. p,308",Cintia,8/10/2018,POINT(-46.64197571020501 -23.556607797649885),22.0,1.0,1942.0,22.0,1.0,1942.0
396,9.0,9,"Livro de Emplacamento. n,28. p,308",Cintia,8/10/2018,POINT(-46.64179911320171 -23.555679996551984),23.0,1.0,1942.0,,,
396,5.0,5,"Livro de Emplacamento. n,28. p,308",Cintia,8/10/2018,POINT(-46.64179911320171 -23.555679996551984),22.0,1.0,1942.0,22.0,1.0,1942.0
396,167.0,167,"Livro de Emplacamento. n,28. p,308",Cintia,8/10/2018,POINT(-46.64204333987606 -23.557127066528484),23.0,1.0,1942.0,,,
396,21.0,21,"Livro de Emplacamento. n,28. p,308",Cintia,8/10/2018,POINT(-46.64204333987606 -23.557127066528484),2.0,6.0,1919.0,22.0,1.0,1942.0
396,79.0,79,"Livro de Emplacamento. n,28. p,308",Cintia,8/10/2018,POINT(-46.64204333987606 -23.557127066528484),1.0,6.0,1919.0,1.0,6.0,1919.0
396,233.0,233,"Livro de Emplacamento. n,28. p,308",Cintia,8/10/2018,POINT(-46.64214398789933 -23.55771955905424),23.0,1.0,1942.0,,,
396,41.0,41,"Livro de Emplacamento. n,28. p,308",Cintia,8/10/2018,POINT(-46.64214398789933 -23.55771955905424),22.0,1.0,1942.0,22.0,1.0,1942.0
488,113.0,113,"Livro de Emplacamento. n,21. p,265",Cintia,8/10/2018,POINT(-46.61924555143068 -23.550230419964407),29.0,4.0,1936.0,,,
488,11.0,11,"Livro de Emplacamento. n,21. p,265",Cintia,8/10/2018,POINT(-46.61924555143068 -23.550230419964407),4.0,2.0,1918.0,28.0,4.0,1936.0
488,117.0,117,"Livro de Emplacamento. n,21. p,265",Cintia,8/10/2018,POINT(-46.619263773106 -23.550202784068837),29.0,4.0,1936.0,,,
488,13.0,13,"Livro de Emplacamento. n,21. p,265",Cintia,8/10/2018,POINT(-46.619263773106 -23.550202784068837),4.0,2.0,1918.0,28.0,4.0,1936.0
488,5.0,5,"Livro de Emplacamento. n,21. p,265",Cintia,8/10/2018,POINT(-46.619263773106 -23.550202784068837),3.0,1.0,1918.0,3.0,1.0,1918.0
488,34.0,34,"Livro de Emplacamento. n,21. p,265",Cintia,8/10/2018,POINT(-46.61884821847199 -23.550856000770292),29.0,4.0,1936.0,,,
488,2.0,2,"Livro de Emplacamento. n,21. p,265",Cintia,8/10/2018,POINT(-46.61884821847199 -23.550856000770292),24.0,1.0,1912.0,28.0,4.0,1936.0
488,92.0,92,"Livro de Emplacamento. n,21. p,265",Cintia,8/10/2018,POINT(-46.61913201047743 -23.55040445965205),29.0,4.0,1936.0,,,
488,16.0,16,"Livro de Emplacamento. n,21. p,265",Cintia,8/10/2018,POINT(-46.61913201047743 -23.55040445965205),4.0,2.0,1918.0,28.0,4.0,1936.0
488,8.0,8,"Livro de Emplacamento. n,21. p,265",Cintia,8/10/2018,POINT(-46.61913201047743 -23.55040445965205),24.0,1.0,1912.0,3.0,1.0,1918.0
488,136.0,136,"Livro de Emplacamento. n,21. p,265",Cintia,8/10/2018,POINT(-46.619353363009644 -23.550066907582274),29.0,4.0,1936.0,,,
488,34.0,34,"Livro de Emplacamento. n,21. p,265",Cintia,8/10/2018,POINT(-46.619353363009644 -23.550066907582274),4.0,2.0,1918.0,28.0,4.0,1936.0
488,184.0,184,"Livro de Emplacamento. n,21. p,265",Cintia,8/10/2018,POINT(-46.61960937020011 -23.549688413016906),29.0,4.0,1936.0,,,
488,56.0,56,"Livro de Emplacamento. n,21. p,265",Cintia,8/10/2018,POINT(-46.61960937020011 -23.549688413016906),28.0,4.0,1936.0,28.0,4.0,1936.0
505,85.0,85,"Livro de Emplacamento. n,20. p,361",Cintia,8/10/2018,POINT(-46.647482523776034 -23.55792535246583),18.0,2.0,1936.0,,,
505,1.0,1,"Livro de Emplacamento. n,20. p,361",Cintia,8/10/2018,POINT(-46.647482523776034 -23.55792535246583),4.0,6.0,1908.0,17.0,2.0,1936.0
505,98.0,98,"Livro de Emplacamento. n,20. p,361",Cintia,8/10/2018,POINT(-46.64735284562206 -23.557914156927133),18.0,2.0,1936.0,,,
505,4.0,4,"Livro de Emplacamento. n,20. p,361",Cintia,8/10/2018,POINT(-46.64735284562206 -23.557914156927133),4.0,7.0,1908.0,17.0,2.0,1936.0
505,6.0,6,"Livro de Emplacamento. n,20. p,361",Cintia,8/10/2018,POINT(-46.64735284562206 -23.557914156927133),3.0,6.0,1908.0,3.0,6.0,1908.0
505,474.0,474,"Livro de Emplacamento. n,20. p,361",Cintia,8/10/2018,POINT(-46.643701413170795 -23.55762333310424),18.0,2.0,1936.0,,,
505,82.0,82,"Livro de Emplacamento. n,20. p,361",Cintia,8/10/2018,POINT(-46.643701413170795 -23.55762333310424),19.0,10.0,1922.0,17.0,2.0,1936.0
505,94.0,94,"Livro de Emplacamento. n,20. p,361",Cintia,8/10/2018,POINT(-46.643701413170795 -23.55762333310424),28.0,8.0,1911.0,18.0,10.0,1922.0
505,82.0,82,"Livro de Emplacamento. n,20. p,361",Cintia,8/10/2018,POINT(-46.643701413170795 -23.55762333310424),4.0,7.0,1908.0,27.0,8.0,1911.0
505,74.1,74A,"Livro de Emplacamento. n,20. p,361",Cintia,8/10/2018,POINT(-46.643701413170795 -23.55762333310424),3.0,6.0,1908.0,3.0,6.0,1908.0
505,530.0,530,"Livro de Emplacamento. n,20. p,361",Cintia,8/10/2018,POINT(-46.64315402867852 -23.557561181324992),18.0,2.0,1936.0,,,
505,96.0,96,"Livro de Emplacamento. n,20. p,361",Cintia,8/10/2018,POINT(-46.64315402867852 -23.557561181324992),19.0,10.0,1922.0,17.0,2.0,1936.0
505,108.0,108,"Livro de Emplacamento. n,20. p,361",Cintia,8/10/2018,POINT(-46.64315402867852 -23.557561181324992),28.0,8.0,1911.0,18.0,10.0,1922.0
505,558.0,558,"Livro de Emplacamento. n,20. p,361",Cintia,8/10/2018,POINT(-46.64286745119837 -23.55752622204238),18.0,2.0,1936.0,,,
505,106.0,106,"Livro de Emplacamento. n,20. p,361",Cintia,8/10/2018,POINT(-46.64286745119837 -23.55752622204238),19.0,10.0,1922.0,17.0,2.0,1936.0
522,17.0,17,"Livro de Emplacamento. n,19. p,158",Cintia,8/10/2018,POINT(-46.64177607730219 -23.529814133038954),8.0,8.0,1934.0,,,
522,1.0,1,"Livro de Emplacamento. n,19. p,158",Cintia,8/10/2018,POINT(-46.64177607730219 -23.529814133038954),18.0,5.0,1909.0,7.0,8.0,1934.0
522,59.0,59,"Livro de Emplacamento. n,19. p,158",Cintia,8/10/2018,POINT(-46.64140848137835 -23.529644752720554),8.0,8.0,1934.0,,,
522,11.0,11,"Livro de Emplacamento. n,19. p,158",Cintia,8/10/2018,POINT(-46.64140848137835 -23.529644752720554),18.0,5.0,1909.0,7.0,8.0,1934.0
522,7.1,7A,"Livro de Emplacamento. n,19. p,158",Cintia,8/10/2018,POINT(-46.64140848137835 -23.529644752720554),17.0,5.0,1909.0,17.0,5.0,1909.0
522,79.0,79,"Livro de Emplacamento. n,19. p,158",Cintia,8/10/2018,POINT(-46.64124568889779 -23.529569741436692),8.0,8.0,1934.0,,,
522,19.0,19,"Livro de Emplacamento. n,19. p,158",Cintia,8/10/2018,POINT(-46.64124568889779 -23.529569741436692),18.0,5.0,1909.0,7.0,8.0,1934.0
522,15.0,15,"Livro de Emplacamento. n,19. p,158",Cintia,8/10/2018,POINT(-46.64124568889779 -23.529569741436692),17.0,5.0,1909.0,17.0,5.0,1909.0
522,2.0,2,"Livro de Emplacamento. n,19. p,158",Cintia,8/10/2018,POINT(-46.641915238616214 -23.529878255588063),18.0,5.0,1909.0,7.0,8.0,1934.0
522,18.0,18,"Livro de Emplacamento. n,19. p,158",Cintia,8/10/2018,POINT(-46.64176820024668 -23.529810503460702),8.0,8.0,1934.0,,,
522,8.0,8,"Livro de Emplacamento. n,19. p,158",Cintia,8/10/2018,POINT(-46.64176820024668 -23.529810503460702),7.0,8.0,1934.0,7.0,8.0,1934.0
522,78.0,78,"Livro de Emplacamento. n,19. p,158",Cintia,8/10/2018,POINT(-46.64125006503974 -23.529571757869054),8.0,8.0,1934.0,,,
522,16.0,16,"Livro de Emplacamento. n,19. p,158",Cintia,8/10/2018,POINT(-46.64125006503974 -23.529571757869054),18.0,5.0,1909.0,7.0,8.0,1934.0
287,41.0,41,"Livro de Emplacamento. n,19. p,70",Cintia,8/10/2018,POINT(-46.61556265849477 -23.53200456444377),30.0,6.0,1933.0,,,
287,5.0,5,"Livro de Emplacamento. n,19. p,70",Cintia,8/10/2018,POINT(-46.61556265849477 -23.53200456444377),5.0,4.0,1917.0,29.0,6.0,1933.0
287,59.0,59,"Livro de Emplacamento. n,19. p,70",Cintia,8/10/2018,POINT(-46.61550891792905 -23.532166802358905),30.0,6.0,1933.0,,,
287,9.0,9,"Livro de Emplacamento. n,19. p,70",Cintia,8/10/2018,POINT(-46.61550891792905 -23.532166802358905),5.0,4.0,1917.0,29.0,6.0,1933.0
287,22.0,22,"Livro de Emplacamento. n,19. p,70",Cintia,8/10/2018,POINT(-46.6156210468932 -23.53182829514138),30.0,6.0,1933.0,,,
287,2.0,2,"Livro de Emplacamento. n,19. p,70",Cintia,8/10/2018,POINT(-46.6156210468932 -23.53182829514138),5.0,4.0,1917.0,29.0,6.0,1933.0
287,40.0,40,"Livro de Emplacamento. n,19. p,70",Cintia,8/10/2018,POINT(-46.61556411094249 -23.53200017963525),30.0,6.0,1933.0,,,
287,8.0,8,"Livro de Emplacamento. n,19. p,70",Cintia,8/10/2018,POINT(-46.61556411094249 -23.53200017963525),5.0,4.0,1917.0,29.0,6.0,1933.0
287,10.0,10,"Livro de Emplacamento. n,19. p,70",Cintia,8/10/2018,POINT(-46.61556411094249 -23.53200017963525),4.0,4.0,1917.0,4.0,4.0,1917.0
287,122.0,122,"Livro de Emplacamento. n,19. p,70",Cintia,8/10/2018,POINT(-46.615327942942855 -23.532713149500143),30.0,6.0,1933.0,,,
287,14.0,14,"Livro de Emplacamento. n,19. p,70",Cintia,8/10/2018,POINT(-46.615327942942855 -23.532713149500143),16.0,8.0,1929.0,29.0,6.0,1933.0
287,20.0,20,"Livro de Emplacamento. n,19. p,70",Cintia,8/10/2018,POINT(-46.615327942942855 -23.532713149500143),5.0,4.0,1917.0,15.0,8.0,1929.0
288,21.0,21,"Livro de Emplacamento. n,25. p,95. n,12. p,6",Cintia,8/10/2018,POINT(-46.616509378574904 -23.533093760959204),9.0,8.0,1938.0,,,
288,3.0,3,"Livro de Emplacamento. n,25. p,95. n,12. p,6",Cintia,8/10/2018,POINT(-46.616509378574904 -23.533093760959204),10.0,10.0,1908.0,8.0,8.0,1938.0
288,24.0,24,"Livro de Emplacamento. n,25. p,95. n,12. p,6",Cintia,8/10/2018,POINT(-46.61649180501746 -23.53312550125693),9.0,8.0,1938.0,,,
288,4.0,4,"Livro de Emplacamento. n,25. p,95. n,12. p,6",Cintia,8/10/2018,POINT(-46.61649180501746 -23.53312550125693),10.0,10.0,1908.0,8.0,8.0,1938.0
288,96.0,96,"Livro de Emplacamento. n,25. p,95. n,12. p,6",Cintia,8/10/2018,POINT(-46.615351104955266 -23.53669239388487),27.0,3.0,1911.0,30.0,8.0,1927.0
288,68.0,68,"Livro de Emplacamento. n,25. p,95. n,12. p,6",Cintia,8/10/2018,POINT(-46.615351104955266 -23.53669239388487),10.0,10.0,1908.0,26.0,3.0,1911.0
288,58.0,58,"Livro de Emplacamento. n,25. p,95. n,12. p,6",Cintia,8/10/2018,POINT(-46.615351104955266 -23.53669239388487),9.0,10.0,1908.0,9.0,10.0,1908.0
288,626.0,626,"Livro de Emplacamento. n,25. p,95. n,12. p,6",Cintia,8/10/2018,POINT(-46.61532628022096 -23.53827312089682),9.0,8.0,1938.0,,,
288,146.0,146,"Livro de Emplacamento. n,25. p,95. n,12. p,6",Cintia,8/10/2018,POINT(-46.61532628022096 -23.53827312089682),31.0,8.0,1927.0,8.0,8.0,1938.0
288,140.0,140,"Livro de Emplacamento. n,25. p,95. n,12. p,6",Cintia,8/10/2018,POINT(-46.61532628022096 -23.53827312089682),10.0,10.0,1908.0,30.0,8.0,1927.0
218,26.0,26,"Livro de Emplacamento. n,22. p,165",Cintia,8/10/2018,POINT(-46.63232826682705 -23.532485686936),20.0,3.0,1937.0,,,
218,2.0,2,"Livro de Emplacamento. n,22. p,165",Cintia,8/10/2018,POINT(-46.63232826682705 -23.532485686936),18.0,2.0,1907.0,19.0,3.0,1937.0
218,501.0,501,"Livro de Emplacamento. n,22. p,165",Cintia,8/10/2018,POINT(-46.627833264372995 -23.533606823002504),20.0,3.0,1937.0,,,
218,7.0,7,"Livro de Emplacamento. n,22. p,165",Cintia,8/10/2018,POINT(-46.627833264372995 -23.533606823002504),18.0,2.0,1907.0,19.0,3.0,1937.0
218,1205.0,1205,"Livro de Emplacamento. n,22. p,165",Cintia,8/10/2018,POINT(-46.62116295693785 -23.535149219107716),20.0,3.0,1937.0,,,
218,135.0,135,"Livro de Emplacamento. n,22. p,165",Cintia,8/10/2018,POINT(-46.62116295693785 -23.535149219107716),18.0,9.0,1925.0,19.0,3.0,1937.0
218,69.0,69,"Livro de Emplacamento. n,22. p,165",Cintia,8/10/2018,POINT(-46.62116295693785 -23.535149219107716),18.0,2.0,1907.0,17.0,9.0,1925.0
218,1611.0,1611,"Livro de Emplacamento. n,22. p,165",Cintia,8/10/2018,POINT(-46.61720535744083 -23.535490015915272),20.0,3.0,1937.0,,,
218,259.0,259,"Livro de Emplacamento. n,22. p,165",Cintia,8/10/2018,POINT(-46.61720535744083 -23.535490015915272),18.0,9.0,1925.0,19.0,3.0,1937.0
218,191.0,191,"Livro de Emplacamento. n,22. p,165",Cintia,8/10/2018,POINT(-46.61720535744083 -23.535490015915272),5.0,3.0,1911.0,17.0,9.0,1925.0
218,171.0,171,"Livro de Emplacamento. n,22. p,165",Cintia,8/10/2018,POINT(-46.61720535744083 -23.535490015915272),30.0,6.0,1909.0,4.0,3.0,1911.0
218,133.0,133,"Livro de Emplacamento. n,22. p,165",Cintia,8/10/2018,POINT(-46.61720535744083 -23.535490015915272),18.0,2.0,1907.0,29.0,6.0,1909.0
218,35.0,35,"Livro de Emplacamento. n,22. p,165",Cintia,8/10/2018,POINT(-46.61720535744083 -23.535490015915272),17.0,2.0,1907.0,17.0,2.0,1907.0
32,112.0,112,"livros de emplacamento 2-12-1911 - L2. -p,17",Cintia,8/10/2018,POINT(-46.63091368729426 -23.543166211054398),10.0,7.0,1936.0,,,
32,2.0,2,"livros de emplacamento 2-12-1911 - L2. -p,17",Cintia,8/10/2018,POINT(-46.63091368729426 -23.543166211054398),10.0,9.0,1927.0,10.0,6.0,1936.0
32,338.0,338,"livros de emplacamento 2-12-1911 - L2. -p,17",Cintia,8/10/2018,POINT(-46.630719671712896 -23.541136598667183),10.0,7.0,1936.0,,,
32,34.0,34,"livros de emplacamento 2-12-1911 - L2. -p,17",Cintia,8/10/2018,POINT(-46.630719671712896 -23.541136598667183),10.0,10.0,1927.0,10.0,6.0,1936.0
32,46.0,46,"livros de emplacamento 2-12-1911 - L2. -p,17",Cintia,8/10/2018,POINT(-46.630719671712896 -23.541136598667183),10.0,9.0,1927.0,10.0,9.0,1927.0
32,594.0,594,"livros de emplacamento 2-12-1911 - L2. -p,17",Cintia,8/10/2018,POINT(-46.63061862775897 -23.538855870513142),10.0,7.0,1936.0,,,
32,70.0,70,"livros de emplacamento 2-12-1911 - L2. -p,17",Cintia,8/10/2018,POINT(-46.63061862775897 -23.538855870513142),10.0,10.0,1927.0,10.0,6.0,1936.0
32,22.0,22,"livros de emplacamento 2-12-1911 - L2. -p,17",Cintia,8/10/2018,POINT(-46.63061862775897 -23.538855870513142),10.0,9.0,1927.0,10.0,9.0,1927.0
32,15.0,15,"livros de emplacamento 2-12-1911 - L2. -p,17",Cintia,8/10/2018,POINT(-46.63097228639107 -23.544024413489893),10.0,7.0,1936.0,,,
32,1.0,1,"livros de emplacamento 2-12-1911 - L2. -p,17",Cintia,8/10/2018,POINT(-46.63097228639107 -23.544024413489893),3.0,8.0,1916.0,10.0,6.0,1936.0
32,79.0,79,"livros de emplacamento 2-12-1911 - L2. -p,17",Cintia,8/10/2018,POINT(-46.63093497841342 -23.543448832597946),10.0,7.0,1936.0,,,
32,9.0,9,"livros de emplacamento 2-12-1911 - L2. -p,17",Cintia,8/10/2018,POINT(-46.63093497841342 -23.543448832597946),10.0,10.0,1927.0,10.0,6.0,1936.0
32,5.0,5,"livros de emplacamento 2-12-1911 - L2. -p,17",Cintia,8/10/2018,POINT(-46.63093497841342 -23.543448832597946),12.0,8.0,1911.0,10.0,9.0,1927.0
32,305.0,305,"livros de emplacamento 2-12-1911 - L2. -p,17",Cintia,8/10/2018,POINT(-46.630744871114956 -23.54144414550476),10.0,7.0,1936.0,,,
32,49.0,49,"livros de emplacamento 2-12-1911 - L2. -p,17",Cintia,8/10/2018,POINT(-46.630744871114956 -23.54144414550476),10.0,10.0,1927.0,10.0,6.0,1936.0
32,45.0,45,"livros de emplacamento 2-12-1911 - L2. -p,17",Cintia,8/10/2018,POINT(-46.630744871114956 -23.54144414550476),3.0,8.0,1916.0,10.0,9.0,1927.0
32,39.0,39,"livros de emplacamento 2-12-1911 - L2. -p,17",Cintia,8/10/2018,POINT(-46.630744871114956 -23.54144414550476),12.0,8.0,1911.0,3.0,7.0,1916.0
32,27.0,27,"livros de emplacamento 2-12-1911 - L2. -p,17",Cintia,8/10/2018,POINT(-46.630744871114956 -23.54144414550476),12.0,7.0,1911.0,12.0,7.0,1911.0
32,515.0,515,"livros de emplacamento 2-12-1911 - L2. -p,17",Cintia,8/10/2018,POINT(-46.6306355177809 -23.53955893729268),10.0,7.0,1936.0,,,
32,81.0,81,"livros de emplacamento 2-12-1911 - L2. -p,17",Cintia,8/10/2018,POINT(-46.6306355177809 -23.53955893729268),10.0,10.0,1927.0,10.0,6.0,1936.0
32,67.0,67,"livros de emplacamento 2-12-1911 - L2. -p,17",Cintia,8/10/2018,POINT(-46.6306355177809 -23.53955893729268),3.0,8.0,1916.0,10.0,9.0,1927.0
32,609.0,609,"livros de emplacamento 2-12-1911 - L2. -p,17",Cintia,8/10/2018,POINT(-46.630615137728924 -23.53871059395921),10.0,7.0,1936.0,,,
32,111.0,111,"livros de emplacamento 2-12-1911 - L2. -p,17",Cintia,8/10/2018,POINT(-46.630615137728924 -23.53871059395921),10.0,6.0,1936.0,10.0,6.0,1936.0
155,33.0,33,"livros de emplacamento 1-8-1908  - L2. p,74; 25-1-1912 - L3. p,34; 9-10-1930 - L17. p,107; 31-8-1936 - L21. p,267/268""",Cintia,8/10/2018,POINT(-46.61761735867206 -23.549393363909967),31.0,8.0,1936.0,,,
155,1.0,1,"livros de emplacamento 1-8-1908  - L2. p,74; 25-1-1912 - L3. p,34; 9-10-1930 - L17. p,107; 31-8-1936 - L21. p,267/268""",Cintia,8/10/2018,POINT(-46.61761735867206 -23.549393363909967),8.0,1.0,1908.0,30.0,8.0,1936.0
155,93.0,93,"livros de emplacamento 1-8-1908  - L2. p,74; 25-1-1912 - L3. p,34; 9-10-1930 - L17. p,107; 31-8-1936 - L21. p,267/268""",Cintia,8/10/2018,POINT(-46.61712408907752 -23.54910246914181),31.0,8.0,1936.0,,,
155,19.0,19,"livros de emplacamento 1-8-1908  - L2. p,74; 25-1-1912 - L3. p,34; 9-10-1930 - L17. p,107; 31-8-1936 - L21. p,267/268""",Cintia,8/10/2018,POINT(-46.61712408907752 -23.54910246914181),8.0,1.0,1908.0,30.0,8.0,1936.0
155,171.0,171,"livros de emplacamento 1-8-1908  - L2. p,74; 25-1-1912 - L3. p,34; 9-10-1930 - L17. p,107; 31-8-1936 - L21. p,267/268""",Cintia,8/10/2018,POINT(-46.616475547134876 -23.548732521483),31.0,8.0,1936.0,,,
155,37.0,37,"livros de emplacamento 1-8-1908  - L2. p,74; 25-1-1912 - L3. p,34; 9-10-1930 - L17. p,107; 31-8-1936 - L21. p,267/268""",Cintia,8/10/2018,POINT(-46.616475547134876 -23.548732521483),10.0,9.0,1930.0,30.0,8.0,1936.0
155,35.0,35,"livros de emplacamento 1-8-1908  - L2. p,74; 25-1-1912 - L3. p,34; 9-10-1930 - L17. p,107; 31-8-1936 - L21. p,267/268""",Cintia,8/10/2018,POINT(-46.616475547134876 -23.548732521483),8.0,1.0,1908.0,10.0,8.0,1930.0
155,66.0,66,"livros de emplacamento 1-8-1908  - L2. p,74; 25-1-1912 - L3. p,34; 9-10-1930 - L17. p,107; 31-8-1936 - L21. p,267/268""",Cintia,8/10/2018,POINT(-46.617343137010984 -23.54923164778677),31.0,8.0,1936.0,,,
155,4.0,4,"livros de emplacamento 1-8-1908  - L2. p,74; 25-1-1912 - L3. p,34; 9-10-1930 - L17. p,107; 31-8-1936 - L21. p,267/268""",Cintia,8/10/2018,POINT(-46.617343137010984 -23.54923164778677),10.0,9.0,1930.0,30.0,8.0,1936.0
155,12.0,12,"livros de emplacamento 1-8-1908  - L2. p,74; 25-1-1912 - L3. p,34; 9-10-1930 - L17. p,107; 31-8-1936 - L21. p,267/268""",Cintia,8/10/2018,POINT(-46.617343137010984 -23.54923164778677),8.0,1.0,1908.0,10.0,8.0,1930.0
155,174.0,174,"livros de emplacamento 1-8-1908  - L2. p,74; 25-1-1912 - L3. p,34; 9-10-1930 - L17. p,107; 31-8-1936 - L21. p,267/268""",Cintia,8/10/2018,POINT(-46.616451430445956 -23.548718845330256),31.0,8.0,1936.0,,,
155,42.0,42,"livros de emplacamento 1-8-1908  - L2. p,74; 25-1-1912 - L3. p,34; 9-10-1930 - L17. p,107; 31-8-1936 - L21. p,267/268""",Cintia,8/10/2018,POINT(-46.616451430445956 -23.548718845330256),10.0,9.0,1930.0,30.0,8.0,1936.0
155,54.0,54,"livros de emplacamento 1-8-1908  - L2. p,74; 25-1-1912 - L3. p,34; 9-10-1930 - L17. p,107; 31-8-1936 - L21. p,267/268""",Cintia,8/10/2018,POINT(-46.616451430445956 -23.548718845330256),8.0,1.0,1908.0,10.0,8.0,1930.0
155,50.0,50,"livros de emplacamento 1-8-1908  - L2. p,74; 25-1-1912 - L3. p,34; 9-10-1930 - L17. p,107; 31-8-1936 - L21. p,267/268""",Cintia,8/10/2018,POINT(-46.616451430445956 -23.548718845330256),31.0,7.0,1908.0,31.0,7.0,1908.0
155,290.0,290,"livros de emplacamento 1-8-1908  - L2. p,74; 25-1-1912 - L3. p,34; 9-10-1930 - L17. p,107; 31-8-1936 - L21. p,267/268""",Cintia,8/10/2018,POINT(-46.61550015811245 -23.54816203880314),31.0,8.0,1936.0,,,
155,54.0,54,"livros de emplacamento 1-8-1908  - L2. p,74; 25-1-1912 - L3. p,34; 9-10-1930 - L17. p,107; 31-8-1936 - L21. p,267/268""",Cintia,8/10/2018,POINT(-46.61550015811245 -23.54816203880314),10.0,9.0,1930.0,30.0,8.0,1936.0
155,64.0,64,"livros de emplacamento 1-8-1908  - L2. p,74; 25-1-1912 - L3. p,34; 9-10-1930 - L17. p,107; 31-8-1936 - L21. p,267/268""",Cintia,8/10/2018,POINT(-46.61550015811245 -23.54816203880314),10.0,8.0,1930.0,10.0,8.0,1930.0
202,50.0,50,"livros de emplacamento 17-11-1908 - L4. p,73. 26-2-1911 - L4. p,82; 24-3-1937 - L22. p. 84 a 86""",Cintia,8/10/2018,POINT(-46.637958131580554 -23.527552954426636),24.0,3.0,1937.0,,,
202,4.0,4,"livros de emplacamento 17-11-1908 - L4. p,73. 26-2-1911 - L4. p,82; 24-3-1937 - L22. p. 84 a 86""",Cintia,8/10/2018,POINT(-46.637958131580554 -23.527552954426636),17.0,11.0,1908.0,23.0,3.0,1937.0
202,170.0,170,"livros de emplacamento 17-11-1908 - L4. p,73. 26-2-1911 - L4. p,82; 24-3-1937 - L22. p. 84 a 86""",Cintia,8/10/2018,POINT(-46.63686062161464 -23.527923502033996),24.0,3.0,1937.0,,,
202,32.0,32,"livros de emplacamento 17-11-1908 - L4. p,73. 26-2-1911 - L4. p,82; 24-3-1937 - L22. p. 84 a 86""",Cintia,8/10/2018,POINT(-46.63686062161464 -23.527923502033996),17.0,11.0,1908.0,23.0,3.0,1937.0
202,326.0,326,"livros de emplacamento 17-11-1908 - L4. p,73. 26-2-1911 - L4. p,82; 24-3-1937 - L22. p. 84 a 86""",Cintia,8/10/2018,POINT(-46.63541619460836 -23.528403660865937),24.0,3.0,1937.0,,,
202,70.0,70,"livros de emplacamento 17-11-1908 - L4. p,73. 26-2-1911 - L4. p,82; 24-3-1937 - L22. p. 84 a 86""",Cintia,8/10/2018,POINT(-46.63541619460836 -23.528403660865937),17.0,11.0,1908.0,23.0,3.0,1937.0
202,37.0,37,"livros de emplacamento 17-11-1908 - L4. p,73. 26-2-1911 - L4. p,82; 24-3-1937 - L22. p. 84 a 86""",Cintia,8/10/2018,POINT(-46.63808314109091 -23.527510747998996),24.0,3.0,1937.0,,,
202,3.0,3,"livros de emplacamento 17-11-1908 - L4. p,73. 26-2-1911 - L4. p,82; 24-3-1937 - L22. p. 84 a 86""",Cintia,8/10/2018,POINT(-46.63808314109091 -23.527510747998996),17.0,11.0,1908.0,23.0,3.0,1937.0
202,169.0,169,"livros de emplacamento 17-11-1908 - L4. p,73. 26-2-1911 - L4. p,82; 24-3-1937 - L22. p. 84 a 86""",Cintia,8/10/2018,POINT(-46.63686429836494 -23.52792226066848),24.0,3.0,1937.0,,,
202,27.0,27,"livros de emplacamento 17-11-1908 - L4. p,73. 26-2-1911 - L4. p,82; 24-3-1937 - L22. p. 84 a 86""",Cintia,8/10/2018,POINT(-46.63686429836494 -23.52792226066848),17.0,11.0,1908.0,23.0,3.0,1937.0
202,283.0,283,"livros de emplacamento 17-11-1908 - L4. p,73. 26-2-1911 - L4. p,82; 24-3-1937 - L22. p. 84 a 86""",Cintia,8/10/2018,POINT(-46.63581547307755 -23.528276261916897),24.0,3.0,1937.0,,,
202,51.0,51,"livros de emplacamento 17-11-1908 - L4. p,73. 26-2-1911 - L4. p,82; 24-3-1937 - L22. p. 84 a 86""",Cintia,8/10/2018,POINT(-46.63581547307755 -23.528276261916897),17.0,11.0,1908.0,23.0,3.0,1937.0
403,59.0,59,"4-6-1908 - L8. p,113 a 114",Cintia,8/10/2018,,30.0,11.0,1940.0,,,
403,1.0,1,"4-6-1908 - L8. p,113 a 114",Cintia,8/10/2018,,7.0,4.0,1908.0,29.0,11.0,1940.0
403,261.0,261,"4-6-1908 - L8. p,113 a 114",Cintia,8/10/2018,,30.0,11.0,1940.0,,,
403,55.0,55,"4-6-1908 - L8. p,113 a 114",Cintia,8/10/2018,,8.0,2.0,1928.0,29.0,11.0,1940.0
403,57.0,57,"4-6-1908 - L8. p,113 a 114",Cintia,8/10/2018,,7.0,4.0,1908.0,8.0,1.0,1928.0
403,33.0,33,"4-6-1908 - L8. p,113 a 114",Cintia,8/10/2018,,7.0,3.0,1908.0,7.0,3.0,1908.0
403,30.0,30,"4-6-1908 - L8. p,113 a 114",Cintia,8/10/2018,,30.0,11.0,1940.0,,,
403,2.0,2,"4-6-1908 - L8. p,113 a 114",Cintia,8/10/2018,,3.0,8.0,1909.0,29.0,11.0,1940.0
403,4.0,4,"4-6-1908 - L8. p,113 a 114",Cintia,8/10/2018,,7.0,4.0,1908.0,3.0,7.0,1909.0
403,170.0,170,"4-6-1908 - L8. p,113 a 114",Cintia,8/10/2018,,30.0,11.0,1940.0,,,
403,46.0,46,"4-6-1908 - L8. p,113 a 114",Cintia,8/10/2018,,8.0,2.0,1928.0,29.0,11.0,1940.0
403,40.0,40,"4-6-1908 - L8. p,113 a 114",Cintia,8/10/2018,,7.0,4.0,1908.0,8.0,1.0,1928.0
403,30.0,30 tinta,"4-6-1908 - L8. p,113 a 114",Cintia,8/10/2018,,7.0,3.0,1908.0,7.0,3.0,1908.0
403,840.0,840,"4-6-1908 - L8. p,113 a 114",Cintia,8/10/2018,,30.0,11.0,1940.0,,,
403,188.0,188,"4-6-1908 - L8. p,113 a 114",Cintia,8/10/2018,,8.0,2.0,1928.0,29.0,11.0,1940.0
403,184.0,184,"4-6-1908 - L8. p,113 a 114",Cintia,8/10/2018,,3.0,1.0,1912.0,8.0,1.0,1928.0
403,170.0,170,"4-6-1908 - L8. p,113 a 114",Cintia,8/10/2018,,7.0,4.0,1908.0,28.0,2.0,1912.0
403,134.0,134,"4-6-1908 - L8. p,113 a 114",Cintia,8/10/2018,,7.0,3.0,1908.0,7.0,3.0,1908.0
403,1120.0,1120,"4-6-1908 - L8. p,113 a 114",Cintia,8/10/2018,,30.0,11.0,1940.0,,,
403,278.0,278,"4-6-1908 - L8. p,113 a 114",Cintia,8/10/2018,,3.0,1.0,1912.0,29.0,11.0,1940.0
403,260.0,260,"4-6-1908 - L8. p,113 a 114",Cintia,8/10/2018,,7.0,4.0,1908.0,28.0,2.0,1912.0
403,224.0,224,"4-6-1908 - L8. p,113 a 114",Cintia,8/10/2018,,7.0,3.0,1908.0,7.0,3.0,1908.0
403,1322.0,1322,"4-6-1908 - L8. p,113 a 114",Cintia,8/10/2018,,30.0,11.0,1940.0,,,
403,328.0,328,"4-6-1908 - L8. p,113 a 114",Cintia,8/10/2018,,8.0,2.0,1928.0,29.0,11.0,1940.0
403,330.0,330,"4-6-1908 - L8. p,113 a 114",Cintia,8/10/2018,,3.0,1.0,1912.0,8.0,1.0,1928.0
403,312.0,312,"4-6-1908 - L8. p,113 a 114",Cintia,8/10/2018,,7.0,4.0,1908.0,28.0,2.0,1912.0
403,268.0,268,"4-6-1908 - L8. p,113 a 114",Cintia,8/10/2018,,7.0,3.0,1908.0,7.0,3.0,1908.0
21,9.0,9,"Livros de emplacamento 12-1-1910 - L8. p,151",Cintia,8/10/2018,POINT(-46.636650849407665 -23.548857519278492),10.0,2.0,1936.0,,,
21,1.0,1,"Livros de emplacamento 12-1-1910 - L8. p,151",Cintia,8/10/2018,POINT(-46.636650849407665 -23.548857519278492),1.0,12.0,1910.0,10.0,1.0,1936.0
21,87.0,87,"Livros de emplacamento 12-1-1910 - L8. p,151",Cintia,8/10/2018,POINT(-46.63629914680336 -23.54823814500977),10.0,2.0,1936.0,,,
21,15.0,15,"Livros de emplacamento 12-1-1910 - L8. p,151",Cintia,8/10/2018,POINT(-46.63629914680336 -23.54823814500977),13.0,3.0,1928.0,10.0,1.0,1936.0
21,21.0,21 e/t,"Livros de emplacamento 12-1-1910 - L8. p,151",Cintia,8/10/2018,POINT(-46.63629914680336 -23.54823814500977),1.0,12.0,1910.0,3.0,12.0,1928.0
21,293.0,293,"Livros de emplacamento 12-1-1910 - L8. p,151",Cintia,8/10/2018,POINT(-46.63536350737643 -23.546601797223605),10.0,2.0,1936.0,,,
21,35.0,35,"Livros de emplacamento 12-1-1910 - L8. p,151",Cintia,8/10/2018,POINT(-46.63536350737643 -23.546601797223605),13.0,3.0,1928.0,10.0,1.0,1936.0
21,47.0,47,"Livros de emplacamento 12-1-1910 - L8. p,151",Cintia,8/10/2018,POINT(-46.63536350737643 -23.546601797223605),1.0,12.0,1910.0,3.0,12.0,1928.0
21,481.0,481,"Livros de emplacamento 12-1-1910 - L8. p,151",Cintia,8/10/2018,POINT(-46.63452319979449 -23.545096218123643),10.0,2.0,1936.0,,,
21,59.0,59,"Livros de emplacamento 12-1-1910 - L8. p,151",Cintia,8/10/2018,POINT(-46.63452319979449 -23.545096218123643),13.0,3.0,1928.0,10.0,1.0,1936.0
21,79.0,79,"Livros de emplacamento 12-1-1910 - L8. p,151",Cintia,8/10/2018,POINT(-46.63452319979449 -23.545096218123643),1.0,12.0,1910.0,3.0,12.0,1928.0
21,561.0,561,"Livros de emplacamento 12-1-1910 - L8. p,151",Cintia,8/10/2018,POINT(-46.634172120105 -23.544460543086036),10.0,2.0,1936.0,,,
21,73.2,73 b,"Livros de emplacamento 12-1-1910 - L8. p,151",Cintia,8/10/2018,POINT(-46.634172120105 -23.544460543086036),13.0,3.0,1928.0,10.0,1.0,1936.0
21,97.1,97 a,"Livros de emplacamento 12-1-1910 - L8. p,151",Cintia,8/10/2018,POINT(-46.634172120105 -23.544460543086036),1.0,12.0,1910.0,3.0,12.0,1928.0
21,16.0,16,"Livros de emplacamento 12-1-1910 - L8. p,151",Cintia,8/10/2018,POINT(-46.636623551752685 -23.548805934841017),10.0,2.0,1936.0,,,
21,2.0,2,"Livros de emplacamento 12-1-1910 - L8. p,151",Cintia,8/10/2018,POINT(-46.636623551752685 -23.548805934841017),1.0,12.0,1910.0,10.0,1.0,1936.0
21,176.0,176,"Livros de emplacamento 12-1-1910 - L8. p,151",Cintia,8/10/2018,POINT(-46.635892469232026 -23.54753092868148),10.0,2.0,1936.0,,,
21,16.0,16,"Livros de emplacamento 12-1-1910 - L8. p,151",Cintia,8/10/2018,POINT(-46.635892469232026 -23.54753092868148),13.0,3.0,1928.0,10.0,1.0,1936.0
21,18.0,18,"Livros de emplacamento 12-1-1910 - L8. p,151",Cintia,8/10/2018,POINT(-46.635892469232026 -23.54753092868148),1.0,12.0,1910.0,3.0,12.0,1928.0
21,8.0,8,"Livros de emplacamento 12-1-1910 - L8. p,151",Cintia,8/10/2018,POINT(-46.635892469232026 -23.54753092868148),1.0,11.0,1910.0,1.0,11.0,1910.0
21,406.0,406,"Livros de emplacamento 12-1-1910 - L8. p,151",Cintia,8/10/2018,POINT(-46.63484915107559 -23.545702829031384),10.0,2.0,1936.0,,,
21,54.0,54,"Livros de emplacamento 12-1-1910 - L8. p,151",Cintia,8/10/2018,POINT(-46.63484915107559 -23.545702829031384),13.0,3.0,1928.0,10.0,1.0,1936.0
21,62.0,62,"Livros de emplacamento 12-1-1910 - L8. p,151",Cintia,8/10/2018,POINT(-46.63484915107559 -23.545702829031384),1.0,12.0,1910.0,3.0,12.0,1928.0
21,50.0,50,"Livros de emplacamento 12-1-1910 - L8. p,151",Cintia,8/10/2018,POINT(-46.63484915107559 -23.545702829031384),1.0,11.0,1910.0,1.0,11.0,1910.0
21,556.0,556,"Livros de emplacamento 12-1-1910 - L8. p,151",Cintia,8/10/2018,POINT(-46.63419198900535 -23.544496585790153),10.0,2.0,1936.0,,,
21,76.3,76c,"Livros de emplacamento 12-1-1910 - L8. p,151",Cintia,8/10/2018,POINT(-46.63419198900535 -23.544496585790153),13.0,3.0,1928.0,10.0,1.0,1936.0
21,88.0,88 e/t,"Livros de emplacamento 12-1-1910 - L8. p,151",Cintia,8/10/2018,POINT(-46.63419198900535 -23.544496585790153),1.0,12.0,1910.0,3.0,12.0,1928.0
194,10.0,10,"Livros de emplacamento 24-5-1908 - L5. p,19",Cintia,8/10/2018,POINT(-46.64812394823035 -23.516537541990783),20.0,5.0,1937.0,,,
194,2.0,2,"Livros de emplacamento 24-5-1908 - L5. p,19",Cintia,8/10/2018,POINT(-46.64812394823035 -23.516537541990783),24.0,5.0,1908.0,19.0,5.0,1937.0
194,234.0,234,"Livros de emplacamento 24-5-1908 - L5. p,19",Cintia,8/10/2018,POINT(-46.647210248291785 -23.518214348487447),24.0,5.0,1908.0,19.0,5.0,1937.0
194,1304.0,1304,"Livros de emplacamento 24-5-1908 - L5. p,19",Cintia,8/10/2018,POINT(-46.647210248291785 -23.518214348487447),20.0,5.0,1937.0,,,
194,25.0,25,"Livros de emplacamento 24-5-1908 - L5. p,19",Cintia,8/10/2018,POINT(-46.64805837167974 -23.516657886954658),20.0,5.0,1937.0,,,
194,1.0,1,"Livros de emplacamento 24-5-1908 - L5. p,19",Cintia,8/10/2018,POINT(-46.64805837167974 -23.516657886954658),24.0,5.0,1908.0,19.0,5.0,1937.0
194,801.0,801,"Livros de emplacamento 24-5-1908 - L5. p,19",Cintia,8/10/2018,POINT(-46.647629938215715 -23.517444140718645),20.0,5.0,1937.0,,,
194,167.0,167,"Livros de emplacamento 24-5-1908 - L5. p,19",Cintia,8/10/2018,POINT(-46.647629938215715 -23.517444140718645),24.0,5.0,1908.0,19.0,5.0,1937.0
22,39.0,39,"livro de emplacamento ""3-2-1909 - L6. p,15;  15-5-1915 - L6. p,35/36; 9-6-1922 - L6. p,48; 28-4-1928 - L13. p,194; 25-9-1936 - L21. p. 296 a 298""",Cintia,8/10/2018,POINT(-46.63749355042966 -23.549006010984243),25.0,9.0,1936.0,,,
22,73.0,73,"livro de emplacamento ""3-2-1909 - L6. p,15;  15-5-1915 - L6. p,35/36; 9-6-1922 - L6. p,48; 28-4-1928 - L13. p,194; 25-9-1936 - L21. p. 296 a 298""",Cintia,8/10/2018,POINT(-46.63745978961849 -23.54871132092919),25.0,9.0,1936.0,,,
22,52.0,52 s,"livro de emplacamento ""3-2-1909 - L6. p,15;  15-5-1915 - L6. p,35/36; 9-6-1922 - L6. p,48; 28-4-1928 - L13. p,194; 25-9-1936 - L21. p. 296 a 298""",Cintia,8/10/2018,POINT(-46.63745978961849 -23.54871132092919),28.0,4.0,1928.0,24.0,9.0,1936.0
22,89.0,89,"livro de emplacamento ""3-2-1909 - L6. p,15;  15-5-1915 - L6. p,35/36; 9-6-1922 - L6. p,48; 28-4-1928 - L13. p,194; 25-9-1936 - L21. p. 296 a 298""",Cintia,8/10/2018,POINT(-46.63738126374866 -23.548572168974673),25.0,9.0,1936.0,,,
22,50.0,50,"livro de emplacamento ""3-2-1909 - L6. p,15;  15-5-1915 - L6. p,35/36; 9-6-1922 - L6. p,48; 28-4-1928 - L13. p,194; 25-9-1936 - L21. p. 296 a 298""",Cintia,8/10/2018,POINT(-46.63738126374866 -23.548572168974673),28.0,4.0,1928.0,24.0,9.0,1936.0
22,144.0,144,"livro de emplacamento ""3-2-1909 - L6. p,15;  15-5-1915 - L6. p,35/36; 9-6-1922 - L6. p,48; 28-4-1928 - L13. p,194; 25-9-1936 - L21. p. 296 a 298""",Cintia,8/10/2018,POINT(-46.63738126374866 -23.548572168974673),14.0,5.0,1915.0,27.0,4.0,1928.0
22,7.0,7,"livro de emplacamento ""3-2-1909 - L6. p,15;  15-5-1915 - L6. p,35/36; 9-6-1922 - L6. p,48; 28-4-1928 - L13. p,194; 25-9-1936 - L21. p. 296 a 298""",Cintia,8/10/2018,POINT(-46.63738126374866 -23.548572168974673),2.0,3.0,1909.0,13.0,5.0,1915.0
22,3.0,3,"livro de emplacamento ""3-2-1909 - L6. p,15;  15-5-1915 - L6. p,35/36; 9-6-1922 - L6. p,48; 28-4-1928 - L13. p,194; 25-9-1936 - L21. p. 296 a 298""",Cintia,8/10/2018,POINT(-46.63738126374866 -23.548572168974673),2.0,2.0,1909.0,2.0,2.0,1909.0
22,499.0,499,"livro de emplacamento ""3-2-1909 - L6. p,15;  15-5-1915 - L6. p,35/36; 9-6-1922 - L6. p,48; 28-4-1928 - L13. p,194; 25-9-1936 - L21. p. 296 a 298""",Cintia,8/10/2018,POINT(-46.63555181264301 -23.54528799034268),25.0,9.0,1936.0,,,
22,20.0,20,"livro de emplacamento ""3-2-1909 - L6. p,15;  15-5-1915 - L6. p,35/36; 9-6-1922 - L6. p,48; 28-4-1928 - L13. p,194; 25-9-1936 - L21. p. 296 a 298""",Cintia,8/10/2018,POINT(-46.63555181264301 -23.54528799034268),28.0,4.0,1928.0,24.0,9.0,1936.0
22,60.0,60,"livro de emplacamento ""3-2-1909 - L6. p,15;  15-5-1915 - L6. p,35/36; 9-6-1922 - L6. p,48; 28-4-1928 - L13. p,194; 25-9-1936 - L21. p. 296 a 298""",Cintia,8/10/2018,POINT(-46.63555181264301 -23.54528799034268),14.0,5.0,1915.0,27.0,4.0,1928.0
22,101.0,101,"livro de emplacamento ""3-2-1909 - L6. p,15;  15-5-1915 - L6. p,35/36; 9-6-1922 - L6. p,48; 28-4-1928 - L13. p,194; 25-9-1936 - L21. p. 296 a 298""",Cintia,8/10/2018,POINT(-46.63555181264301 -23.54528799034268),2.0,3.0,1909.0,13.0,5.0,1915.0
22,91.1,91B,"livro de emplacamento ""3-2-1909 - L6. p,15;  15-5-1915 - L6. p,35/36; 9-6-1922 - L6. p,48; 28-4-1928 - L13. p,194; 25-9-1936 - L21. p. 296 a 298""",Cintia,8/10/2018,POINT(-46.63555181264301 -23.54528799034268),2.0,2.0,1909.0,2.0,2.0,1909.0
22,377.0,377,"livro de emplacamento ""3-2-1909 - L6. p,15;  15-5-1915 - L6. p,35/36; 9-6-1922 - L6. p,48; 28-4-1928 - L13. p,194; 25-9-1936 - L21. p. 296 a 298""",Cintia,8/10/2018,POINT(-46.63609747589719 -23.54626956691593),25.0,9.0,1936.0,,,
22,34.0,34,"livro de emplacamento ""3-2-1909 - L6. p,15;  15-5-1915 - L6. p,35/36; 9-6-1922 - L6. p,48; 28-4-1928 - L13. p,194; 25-9-1936 - L21. p. 296 a 298""",Cintia,8/10/2018,POINT(-46.63609747589719 -23.54626956691593),28.0,4.0,1928.0,24.0,9.0,1936.0
22,98.0,98,"livro de emplacamento ""3-2-1909 - L6. p,15;  15-5-1915 - L6. p,35/36; 9-6-1922 - L6. p,48; 28-4-1928 - L13. p,194; 25-9-1936 - L21. p. 296 a 298""",Cintia,8/10/2018,POINT(-46.63609747589719 -23.54626956691593),14.0,5.0,1915.0,27.0,4.0,1928.0
22,665.0,665,"livro de emplacamento ""3-2-1909 - L6. p,15;  15-5-1915 - L6. p,35/36; 9-6-1922 - L6. p,48; 28-4-1928 - L13. p,194; 25-9-1936 - L21. p. 296 a 298""",Cintia,8/10/2018,POINT(-46.63452857582883 -23.54417507094141),25.0,9.0,1936.0,,,
22,2.0,2,"livro de emplacamento ""3-2-1909 - L6. p,15;  15-5-1915 - L6. p,35/36; 9-6-1922 - L6. p,48; 28-4-1928 - L13. p,194; 25-9-1936 - L21. p. 296 a 298""",Cintia,8/10/2018,POINT(-46.63452857582883 -23.54417507094141),14.0,5.0,1915.0,24.0,9.0,1936.0
22,145.0,145,,Cintia,8/10/2018,POINT(-46.63452857582883 -23.54417507094141),13.0,5.0,1915.0,13.0,5.0,1915.0
22,82.0,82,"livro de emplacamento ""3-2-1909 - L6. p,15;  15-5-1915 - L6. p,35/36; 9-6-1922 - L6. p,48; 28-4-1928 - L13. p,194; 25-9-1936 - L21. p. 296 a 298""",Cintia,8/10/2018,POINT(-46.637416916298754 -23.548635347160918),25.0,9.0,1936.0,,,
22,118.0,118,"livro de emplacamento ""3-2-1909 - L6. p,15;  15-5-1915 - L6. p,35/36; 9-6-1922 - L6. p,48; 28-4-1928 - L13. p,194; 25-9-1936 - L21. p. 296 a 298""",Cintia,8/10/2018,POINT(-46.63725535157806 -23.548349046013122),25.0,9.0,1936.0,,,
22,75.0,75,"livro de emplacamento ""3-2-1909 - L6. p,15;  15-5-1915 - L6. p,35/36; 9-6-1922 - L6. p,48; 28-4-1928 - L13. p,194; 25-9-1936 - L21. p. 296 a 298""",Cintia,8/10/2018,POINT(-46.63725535157806 -23.548349046013122),28.0,4.0,1928.0,24.0,9.0,1936.0
22,195.0,195,"livro de emplacamento ""3-2-1909 - L6. p,15;  15-5-1915 - L6. p,35/36; 9-6-1922 - L6. p,48; 28-4-1928 - L13. p,194; 25-9-1936 - L21. p. 296 a 298""",Cintia,8/10/2018,POINT(-46.63725535157806 -23.548349046013122),14.0,5.0,1915.0,27.0,4.0,1928.0
22,10.0,10 tinta,"livro de emplacamento ""3-2-1909 - L6. p,15;  15-5-1915 - L6. p,35/36; 9-6-1922 - L6. p,48; 28-4-1928 - L13. p,194; 25-9-1936 - L21. p. 296 a 298""",Cintia,8/10/2018,POINT(-46.63725535157806 -23.548349046013122),2.0,3.0,1909.0,13.0,5.0,1915.0
22,332.0,332,"livro de emplacamento ""3-2-1909 - L6. p,15;  15-5-1915 - L6. p,35/36; 9-6-1922 - L6. p,48; 28-4-1928 - L13. p,194; 25-9-1936 - L21. p. 296 a 298""",Cintia,8/10/2018,POINT(-46.63630035246997 -23.5466337693418),25.0,9.0,1936.0,,,
22,43.0,43sob,"livro de emplacamento ""3-2-1909 - L6. p,15;  15-5-1915 - L6. p,35/36; 9-6-1922 - L6. p,48; 28-4-1928 - L13. p,194; 25-9-1936 - L21. p. 296 a 298""",Cintia,8/10/2018,POINT(-46.63630035246997 -23.5466337693418),28.0,4.0,1928.0,24.0,9.0,1936.0
22,109.0,109,,Cintia,8/10/2018,POINT(-46.63630035246997 -23.5466337693418),15.0,5.0,1915.0,27.0,9.0,1928.0
22,58.0,58,,Cintia,8/10/2018,POINT(-46.63630035246997 -23.5466337693418),2.0,3.0,1909.0,14.0,5.0,1915.0
22,324.0,324,,Cintia,8/10/2018,POINT(-46.63633407600135 -23.546693818341556),25.0,9.0,1936.0,,,
22,45.0,45,"livro de emplacamento ""3-2-1909 - L6. p,15;  15-5-1915 - L6. p,35/36; 9-6-1922 - L6. p,48; 28-4-1928 - L13. p,194; 25-9-1936 - L21. p. 296 a 298""",Cintia,8/10/2018,POINT(-46.63633407600135 -23.546693818341556),28.0,4.0,1928.0,24.0,9.0,1936.0
22,115.0,115,,Cintia,8/10/2018,POINT(-46.63633407600135 -23.546693818341556),15.0,5.0,1915.0,27.0,9.0,1928.0
22,438.0,438,"livro de emplacamento ""3-2-1909 - L6. p,15;  15-5-1915 - L6. p,35/36; 9-6-1922 - L6. p,48; 28-4-1928 - L13. p,194; 25-9-1936 - L21. p. 296 a 298""",Cintia,8/10/2018,POINT(-46.635823975018354 -23.545777574733265),25.0,9.0,1936.0,,,
22,29.0,29,"livro de emplacamento ""3-2-1909 - L6. p,15;  15-5-1915 - L6. p,35/36; 9-6-1922 - L6. p,48; 28-4-1928 - L13. p,194; 25-9-1936 - L21. p. 296 a 298""",Cintia,8/10/2018,POINT(-46.635823975018354 -23.545777574733265),28.0,4.0,1928.0,24.0,9.0,1936.0
22,71.0,71,"livro de emplacamento ""3-2-1909 - L6. p,15;  15-5-1915 - L6. p,35/36; 9-6-1922 - L6. p,48; 28-4-1928 - L13. p,194; 25-9-1936 - L21. p. 296 a 298""",Cintia,8/10/2018,POINT(-46.635823975018354 -23.545777574733265),15.0,5.0,1915.0,27.0,4.0,1928.0
22,82.0,82,"livro de emplacamento ""3-2-1909 - L6. p,15;  15-5-1915 - L6. p,35/36; 9-6-1922 - L6. p,48; 28-4-1928 - L13. p,194; 25-9-1936 - L21. p. 296 a 298""",Cintia,8/10/2018,POINT(-46.635823975018354 -23.545777574733265),2.0,3.0,1909.0,14.0,5.0,1915.0
22,666.0,666,"livro de emplacamento ""3-2-1909 - L6. p,15;  15-5-1915 - L6. p,35/36; 9-6-1922 - L6. p,48; 28-4-1928 - L13. p,194; 25-9-1936 - L21. p. 296 a 298""",Cintia,8/10/2018,POINT(-46.63452240225141 -23.54417108928971),25.0,9.0,1936.0,,,
22,1.0,1,"livro de emplacamento ""3-2-1909 - L6. p,15;  15-5-1915 - L6. p,35/36; 9-6-1922 - L6. p,48; 28-4-1928 - L13. p,194; 25-9-1936 - L21. p. 296 a 298""",Cintia,8/10/2018,POINT(-46.63452240225141 -23.54417108928971),14.0,5.0,1915.0,24.0,9.0,1936.0
22,134.0,134,"livro de emplacamento ""3-2-1909 - L6. p,15;  15-5-1915 - L6. p,35/36; 9-6-1922 - L6. p,48; 28-4-1928 - L13. p,194; 25-9-1936 - L21. p. 296 a 298""",Cintia,8/10/2018,POINT(-46.63452240225141 -23.54417108928971),2.0,3.0,1909.0,13.0,5.0,1915.0
22,118.0,118 tinta,"livro de emplacamento ""3-2-1909 - L6. p,15;  15-5-1915 - L6. p,35/36; 9-6-1922 - L6. p,48; 28-4-1928 - L13. p,194; 25-9-1936 - L21. p. 296 a 298""",Cintia,8/10/2018,POINT(-46.63452240225141 -23.54417108928971),2.0,2.0,1909.0,2.0,2.0,1909.0
163,5.0,5,"livro de emplacamento ""21-4-1908 - L8. p,92; 18-5-1909 - L8. p,144; 24-7-1911 - L8. p,181; 24-1-1936 - L20. p,330-331""",Cintia,8/10/2018,POINT(-46.65556634636046 -23.5301219342852),24.0,1.0,1936.0,,,
163,66.0,66,"livro de emplacamento ""21-4-1908 - L8. p,92; 18-5-1909 - L8. p,144; 24-7-1911 - L8. p,181; 24-1-1936 - L20. p,330-331""",Cintia,8/10/2018,POINT(-46.65556634636046 -23.5301219342852),24.0,6.0,1911.0,23.0,1.0,1936.0
163,15.0,15,"livro de emplacamento ""21-4-1908 - L8. p,92; 18-5-1909 - L8. p,144; 24-7-1911 - L8. p,181; 24-1-1936 - L20. p,330-331""",Cintia,8/10/2018,POINT(-46.655495325956586 -23.530075548283886),24.0,1.0,1936.0,,,
163,64.0,64,"livro de emplacamento ""21-4-1908 - L8. p,92; 18-5-1909 - L8. p,144; 24-7-1911 - L8. p,181; 24-1-1936 - L20. p,330-331""",Cintia,8/10/2018,POINT(-46.655495325956586 -23.530075548283886),18.0,5.0,1909.0,23.0,1.0,1936.0
163,67.0,67,"livro de emplacamento ""21-4-1908 - L8. p,92; 18-5-1909 - L8. p,144; 24-7-1911 - L8. p,181; 24-1-1936 - L20. p,330-331""",Cintia,8/10/2018,POINT(-46.655071597479555 -23.52979879584906),24.0,1.0,1936.0,,,
163,52.0,52,"livro de emplacamento ""21-4-1908 - L8. p,92; 18-5-1909 - L8. p,144; 24-7-1911 - L8. p,181; 24-1-1936 - L20. p,330-331""",Cintia,8/10/2018,POINT(-46.655071597479555 -23.52979879584906),18.0,5.0,1909.0,23.0,1.0,1936.0
163,46.0,46,"livro de emplacamento ""21-4-1908 - L8. p,92; 18-5-1909 - L8. p,144; 24-7-1911 - L8. p,181; 24-1-1936 - L20. p,330-331""",Cintia,8/10/2018,POINT(-46.655071597479555 -23.52979879584906),21.0,4.0,1908.0,17.0,5.0,1909.0
163,44.0,44,"livro de emplacamento ""21-4-1908 - L8. p,92; 18-5-1909 - L8. p,144; 24-7-1911 - L8. p,181; 24-1-1936 - L20. p,330-331""",Cintia,8/10/2018,POINT(-46.655071597479555 -23.52979879584906),20.0,4.0,1908.0,20.0,4.0,1908.0
163,191.0,191,"livro de emplacamento ""21-4-1908 - L8. p,92; 18-5-1909 - L8. p,144; 24-7-1911 - L8. p,181; 24-1-1936 - L20. p,330-331""",Cintia,8/10/2018,POINT(-46.65407817683293 -23.529167486235114),24.0,1.0,1936.0,,,
163,26.0,26,"livro de emplacamento ""21-4-1908 - L8. p,92; 18-5-1909 - L8. p,144; 24-7-1911 - L8. p,181; 24-1-1936 - L20. p,330-331""",Cintia,8/10/2018,POINT(-46.65407817683293 -23.529167486235114),18.0,5.0,1909.0,23.0,1.0,1936.0
163,307.0,307,"livro de emplacamento ""21-4-1908 - L8. p,92; 18-5-1909 - L8. p,144; 24-7-1911 - L8. p,181; 24-1-1936 - L20. p,330-331""",Cintia,8/10/2018,POINT(-46.6531522925996 -23.528580870656914),24.0,1.0,1936.0,,,
163,2.0,2,"livro de emplacamento ""21-4-1908 - L8. p,92; 18-5-1909 - L8. p,144; 24-7-1911 - L8. p,181; 24-1-1936 - L20. p,330-331""",Cintia,8/10/2018,POINT(-46.6531522925996 -23.528580870656914),21.0,4.0,1908.0,23.0,1.0,1936.0
163,46.0,46,"livro de emplacamento ""21-4-1908 - L8. p,92; 18-5-1909 - L8. p,144; 24-7-1911 - L8. p,181; 24-1-1936 - L20. p,330-331""",Cintia,8/10/2018,POINT(-46.655251143444396 -23.52991606382992),24.0,1.0,1936.0,,,
163,73.0,73,"livro de emplacamento ""21-4-1908 - L8. p,92; 18-5-1909 - L8. p,144; 24-7-1911 - L8. p,181; 24-1-1936 - L20. p,330-331""",Cintia,8/10/2018,POINT(-46.655251143444396 -23.52991606382992),24.0,6.0,1911.0,23.0,1.0,1936.0
163,212.0,212,"livro de emplacamento ""21-4-1908 - L8. p,92; 18-5-1909 - L8. p,144; 24-7-1911 - L8. p,181; 24-1-1936 - L20. p,330-331""",Cintia,8/10/2018,POINT(-46.653912322787654 -23.52906240553154),24.0,1.0,1936.0,,,
163,29.0,29,"livro de emplacamento ""21-4-1908 - L8. p,92; 18-5-1909 - L8. p,144; 24-7-1911 - L8. p,181; 24-1-1936 - L20. p,330-331""",Cintia,8/10/2018,POINT(-46.653912322787654 -23.52906240553154),21.0,4.0,1908.0,23.0,1.0,1936.0
163,25.0,25 tinta,"livro de emplacamento ""21-4-1908 - L8. p,92; 18-5-1909 - L8. p,144; 24-7-1911 - L8. p,181; 24-1-1936 - L20. p,330-331""",Cintia,8/10/2018,POINT(-46.653912322787654 -23.52906240553154),20.0,4.0,1908.0,20.0,4.0,1908.0
163,330.0,330,"livro de emplacamento ""21-4-1908 - L8. p,92; 18-5-1909 - L8. p,144; 24-7-1911 - L8. p,181; 24-1-1936 - L20. p,330-331""",Cintia,8/10/2018,POINT(-46.65296389528603 -23.528461507139262),24.0,1.0,1936.0,,,
163,1.0,1,"livro de emplacamento ""21-4-1908 - L8. p,92; 18-5-1909 - L8. p,144; 24-7-1911 - L8. p,181; 24-1-1936 - L20. p,330-331""",Cintia,8/10/2018,POINT(-46.65296389528603 -23.528461507139262),20.0,4.0,1908.0,23.0,1.0,1936.0
163,52.0,52,"livro de emplacamento ""16-10-1908 - L1. p,98; 25-11-1911 - L2. p,13; 8-3-1920 - L2. p,55; 2-6-1928 - L13. p,57; xx-3-1937 - L22. p,57/58/173""",Cintia,8/10/2018,POINT(-46.65519368873565 -23.529878538076044),18.0,3.0,1937.0,,,
163,2.0,2,"livro de emplacamento ""16-10-1908 - L1. p,98; 25-11-1911 - L2. p,13; 8-3-1920 - L2. p,55; 2-6-1928 - L13. p,57; xx-3-1937 - L22. p,57/58/173""",Cintia,8/10/2018,POINT(-46.65519368873565 -23.529878538076044),6.0,2.0,1928.0,17.0,3.0,1937.0
211,60.0,60,"livro de emplacamento ""16-10-1908 - L1. p,98; 25-11-1911 - L2. p,13; 8-3-1920 - L2. p,55; 2-6-1928 - L13. p,57; xx-3-1937 - L22. p,57/58/173""",Cintia,8/10/2018,POINT(-46.63582899555445 -23.527466288895916),18.0,3.0,1937.0,,,
211,4.0,4,"livro de emplacamento ""16-10-1908 - L1. p,98; 25-11-1911 - L2. p,13; 8-3-1920 - L2. p,55; 2-6-1928 - L13. p,57; xx-3-1937 - L22. p,57/58/173""",Cintia,8/10/2018,POINT(-46.63582899555445 -23.527466288895916),6.0,2.0,1928.0,17.0,3.0,1937.0
211,2.0,2,"livro de emplacamento ""16-10-1908 - L1. p,98; 25-11-1911 - L2. p,13; 8-3-1920 - L2. p,55; 2-6-1928 - L13. p,57; xx-3-1937 - L22. p,57/58/173""",Cintia,8/10/2018,POINT(-46.63582899555445 -23.527466288895916),3.0,8.0,1920.0,6.0,1.0,1928.0
211,81.0,81,"livro de emplacamento ""16-10-1908 - L1. p,98; 25-11-1911 - L2. p,13; 8-3-1920 - L2. p,55; 2-6-1928 - L13. p,57; xx-3-1937 - L22. p,57/58/173""",Cintia,8/10/2018,POINT(-46.63582899555445 -23.527466288895916),3.0,7.0,1920.0,3.0,7.0,1920.0
211,134.0,134,"livro de emplacamento ""16-10-1908 - L1. p,98; 25-11-1911 - L2. p,13; 8-3-1920 - L2. p,55; 2-6-1928 - L13. p,57; xx-3-1937 - L22. p,57/58/173""",Cintia,8/10/2018,POINT(-46.63514260599143 -23.527679437263195),18.0,3.0,1937.0,,,
211,22.0,22,"livro de emplacamento ""16-10-1908 - L1. p,98; 25-11-1911 - L2. p,13; 8-3-1920 - L2. p,55; 2-6-1928 - L13. p,57; xx-3-1937 - L22. p,57/58/173""",Cintia,8/10/2018,POINT(-46.63514260599143 -23.527679437263195),6.0,2.0,1928.0,17.0,3.0,1937.0
211,16.0,16,"livro de emplacamento ""16-10-1908 - L1. p,98; 25-11-1911 - L2. p,13; 8-3-1920 - L2. p,55; 2-6-1928 - L13. p,57; xx-3-1937 - L22. p,57/58/173""",Cintia,8/10/2018,POINT(-46.63514260599143 -23.527679437263195),3.0,8.0,1920.0,6.0,1.0,1928.0
211,55.0,55,"livro de emplacamento ""16-10-1908 - L1. p,98; 25-11-1911 - L2. p,13; 8-3-1920 - L2. p,55; 2-6-1928 - L13. p,57; xx-3-1937 - L22. p,57/58/173""",Cintia,8/10/2018,POINT(-46.63514260599143 -23.527679437263195),25.0,11.0,1911.0,3.0,7.0,1920.0
211,188.0,188,"livro de emplacamento ""16-10-1908 - L1. p,98; 25-11-1911 - L2. p,13; 8-3-1920 - L2. p,55; 2-6-1928 - L13. p,57; xx-3-1937 - L22. p,57/58/173""",Cintia,8/10/2018,POINT(-46.63464636488845 -23.527833537771972),18.0,3.0,1937.0,,,
211,36.0,36,"livro de emplacamento ""16-10-1908 - L1. p,98; 25-11-1911 - L2. p,13; 8-3-1920 - L2. p,55; 2-6-1928 - L13. p,57; xx-3-1937 - L22. p,57/58/173""",Cintia,8/10/2018,POINT(-46.63464636488845 -23.527833537771972),6.0,2.0,1928.0,17.0,3.0,1937.0
211,32.0,32,"livro de emplacamento ""16-10-1908 - L1. p,98; 25-11-1911 - L2. p,13; 8-3-1920 - L2. p,55; 2-6-1928 - L13. p,57; xx-3-1937 - L22. p,57/58/173""",Cintia,8/10/2018,POINT(-46.63464636488845 -23.527833537771972),3.0,8.0,1920.0,6.0,1.0,1928.0
211,41.0,41,"livro de emplacamento ""16-10-1908 - L1. p,98; 25-11-1911 - L2. p,13; 8-3-1920 - L2. p,55; 2-6-1928 - L13. p,57; xx-3-1937 - L22. p,57/58/173""",Cintia,8/10/2018,POINT(-46.63464636488845 -23.527833537771972),16.0,10.0,1908.0,3.0,7.0,1920.0
211,332.0,332,"livro de emplacamento ""16-10-1908 - L1. p,98; 25-11-1911 - L2. p,13; 8-3-1920 - L2. p,55; 2-6-1928 - L13. p,57; xx-3-1937 - L22. p,57/58/173""",Cintia,8/10/2018,POINT(-46.63329727208838 -23.52824430730048),18.0,3.0,1937.0,,,
211,66.0,66,"livro de emplacamento ""16-10-1908 - L1. p,98; 25-11-1911 - L2. p,13; 8-3-1920 - L2. p,55; 2-6-1928 - L13. p,57; xx-3-1937 - L22. p,57/58/173""",Cintia,8/10/2018,POINT(-46.63329727208838 -23.52824430730048),6.0,2.0,1928.0,17.0,3.0,1937.0
211,60.0,60,"livro de emplacamento ""16-10-1908 - L1. p,98; 25-11-1911 - L2. p,13; 8-3-1920 - L2. p,55; 2-6-1928 - L13. p,57; xx-3-1937 - L22. p,57/58/173""",Cintia,8/10/2018,POINT(-46.63329727208838 -23.52824430730048),3.0,8.0,1920.0,6.0,1.0,1928.0
211,5.0,5,"livro de emplacamento ""16-10-1908 - L1. p,98; 25-11-1911 - L2. p,13; 8-3-1920 - L2. p,55; 2-6-1928 - L13. p,57; xx-3-1937 - L22. p,57/58/173""",Cintia,8/10/2018,POINT(-46.63329727208838 -23.52824430730048),16.0,10.0,1908.0,3.0,7.0,1920.0
211,25.0,25,"livro de emplacamento ""16-10-1908 - L1. p,98; 25-11-1911 - L2. p,13; 8-3-1920 - L2. p,55; 2-6-1928 - L13. p,57; xx-3-1937 - L22. p,57/58/173""",Cintia,8/10/2018,POINT(-46.63616198724785 -23.52736288313395),18.0,3.0,1937.0,,,
211,1.0,1,"livro de emplacamento ""16-10-1908 - L1. p,98; 25-11-1911 - L2. p,13; 8-3-1920 - L2. p,55; 2-6-1928 - L13. p,57; xx-3-1937 - L22. p,57/58/173""",Cintia,8/10/2018,POINT(-46.63616198724785 -23.52736288313395),3.0,8.0,1920.0,17.0,3.0,1937.0
211,82.0,82,"livro de emplacamento ""16-10-1908 - L1. p,98; 25-11-1911 - L2. p,13; 8-3-1920 - L2. p,55; 2-6-1928 - L13. p,57; xx-3-1937 - L22. p,57/58/173""",Cintia,8/10/2018,POINT(-46.63616198724785 -23.52736288313395),25.0,11.0,1911.0,3.0,7.0,1920.0
211,70.0,70,"livro de emplacamento ""16-10-1908 - L1. p,98; 25-11-1911 - L2. p,13; 8-3-1920 - L2. p,55; 2-6-1928 - L13. p,57; xx-3-1937 - L22. p,57/58/173""",Cintia,8/10/2018,POINT(-46.63616198724785 -23.52736288313395),16.0,10.0,1908.0,24.0,11.0,1911.0
211,199.0,199,"livro de emplacamento ""16-10-1908 - L1. p,98; 25-11-1911 - L2. p,13; 8-3-1920 - L2. p,55; 2-6-1928 - L13. p,57; xx-3-1937 - L22. p,57/58/173""",Cintia,8/10/2018,POINT(-46.63453969624015 -23.5278666621804),18.0,3.0,1937.0,,,
211,27.0,27,"livro de emplacamento ""16-10-1908 - L1. p,98; 25-11-1911 - L2. p,13; 8-3-1920 - L2. p,55; 2-6-1928 - L13. p,57; xx-3-1937 - L22. p,57/58/173""",Cintia,8/10/2018,POINT(-46.63453969624015 -23.5278666621804),3.0,8.0,1920.0,17.0,3.0,1937.0
211,58.0,58,"livro de emplacamento ""16-10-1908 - L1. p,98; 25-11-1911 - L2. p,13; 8-3-1920 - L2. p,55; 2-6-1928 - L13. p,57; xx-3-1937 - L22. p,57/58/173""",Cintia,8/10/2018,POINT(-46.63453969624015 -23.5278666621804),25.0,11.0,1911.0,3.0,7.0,1920.0
211,50.0,50,"livro de emplacamento ""16-10-1908 - L1. p,98; 25-11-1911 - L2. p,13; 8-3-1920 - L2. p,55; 2-6-1928 - L13. p,57; xx-3-1937 - L22. p,57/58/173""",Cintia,8/10/2018,POINT(-46.63453969624015 -23.5278666621804),16.0,10.0,1908.0,24.0,11.0,1911.0
211,319.0,319,"livro de emplacamento ""16-10-1908 - L1. p,98; 25-11-1911 - L2. p,13; 8-3-1920 - L2. p,55; 2-6-1928 - L13. p,57; xx-3-1937 - L22. p,57/58/173""",Cintia,8/10/2018,POINT(-46.63342186351969 -23.528206687408527),18.0,3.0,1937.0,,,
211,47.0,47,"livro de emplacamento ""16-10-1908 - L1. p,98; 25-11-1911 - L2. p,13; 8-3-1920 - L2. p,55; 2-6-1928 - L13. p,57; xx-3-1937 - L22. p,57/58/173""",Cintia,8/10/2018,POINT(-46.63342186351969 -23.528206687408527),3.0,8.0,1920.0,17.0,3.0,1937.0
211,34.0,34,"livro de emplacamento ""16-10-1908 - L1. p,98; 25-11-1911 - L2. p,13; 8-3-1920 - L2. p,55; 2-6-1928 - L13. p,57; xx-3-1937 - L22. p,57/58/173""",Cintia,8/10/2018,POINT(-46.63342186351969 -23.528206687408527),16.0,10.0,1908.0,3.0,7.0,1920.0
10,23.0,23,"Livro de Emplacamento L21. P,338 e L2. P10",Cintia,8/10/2018,POINT(-46.6360659885384 -23.54967467686556),11.0,2.0,1909.0,,,
10,81.0,81,"Livro de Emplacamento L21. P,338 e L2. P10",Cintia,8/10/2018,POINT(-46.6360659885384 -23.54967467686556),9.0,2.0,1909.0,10.0,2.0,1909.0
10,29.0,29,"Livro de Emplacamento L21. P,338 e L2. P10",Cintia,8/10/2018,POINT(-46.636003413811444 -23.549693425277617),11.0,2.0,1909.0,,,
10,77.0,77,"Livro de Emplacamento L21. P,338",Cintia,8/10/2018,POINT(-46.63554794607199 -23.54980782862689),16.0,10.0,1936.0,,,
10,13.0,13,"Livro de Emplacamento L21. P,338 e L2. P10",Cintia,8/10/2018,POINT(-46.63554794607199 -23.54980782862689),11.0,2.0,1909.0,15.0,10.0,1936.0
10,13.0,13 Tinta,"Livro de Emplacamento L21. P,338 e L2. P10",Cintia,8/10/2018,POINT(-46.63554794607199 -23.54980782862689),10.0,2.0,1909.0,10.0,2.0,1909.0
10,181.0,181,"Livro de Emplacamento L21. P,338",Cintia,8/10/2018,POINT(-46.63454377006182 -23.550011206476267),16.0,10.0,1936.0,,,
10,33.0,33,"Livro de Emplacamento L21. P,338",Cintia,8/10/2018,POINT(-46.63454377006182 -23.550011206476267),11.0,2.0,1909.0,15.0,10.0,1936.0
10,27.0,27,Livro de Emplacamento L2. P10,Cintia,8/10/2018,POINT(-46.63454377006182 -23.550011206476267),10.0,2.0,1909.0,10.0,2.0,1909.0
10,18.0,18,"Livro de Emplacamento L21. P,338",Cintia,8/10/2018,POINT(-46.63610334658435 -23.549663483783736),16.0,10.0,1936.0,,,
10,2.0,2,"Livro de Emplacamento L21. P,338 e L2. P10",Cintia,8/10/2018,POINT(-46.63610334658435 -23.549663483783736),11.0,2.0,1909.0,15.0,10.0,1936.0
10,2.0,2,"Livro de Emplacamento L21. P,338 e L2. P10",Cintia,8/10/2018,POINT(-46.63610334658435 -23.549663483783736),10.0,2.0,1909.0,10.0,2.0,1909.0
10,66.0,66,"Livro de Emplacamento L21. P,338",Cintia,8/10/2018,POINT(-46.635651752449036 -23.549785070472673),16.0,10.0,1936.0,16.0,10.0,1936.0
10,22.0,22,"Livro de Emplacamento L21. P,338 e L2. P10",Cintia,8/10/2018,POINT(-46.635651752449036 -23.549785070472673),11.0,2.0,1909.0,15.0,10.0,1936.0
10,8.0,8,"Livro de Emplacamento L21. P,338 e L2. P10",Cintia,8/10/2018,POINT(-46.635651752449036 -23.549785070472673),10.0,2.0,1909.0,10.0,2.0,1909.0
10,210.0,210,"Livro de Emplacamento L21. P,338",Cintia,8/10/2018,POINT(-46.63426978960498 -23.55005751618212),16.0,10.0,1936.0,,,
10,52.0,52,"Livro de Emplacamento L21. P,338 e L2. P10",Cintia,8/10/2018,POINT(-46.63426978960498 -23.55005751618212),11.0,2.0,1909.0,15.0,10.0,1936.0
10,28.0,289,"Livro de Emplacamento L21. P,338 e L2. P10",Cintia,8/10/2018,POINT(-46.63426978960498 -23.55005751618212),10.0,2.0,1909.0,10.0,2.0,1909.0
132,65.0,65,"Livro de Emplacamento L3. P,68. L15 P,11 e L21 P,119",Cintia,8/10/2018,POINT(-46.62394541768671 -23.548553887132975),14.0,5.0,1936.0,,,
132,79.0,79,"Livro de Emplacamento L3. P,68. L15 P,11 e L21 P,119",Cintia,8/10/2018,POINT(-46.623831730007 -23.548508719532812),14.0,5.0,1936.0,,,
132,9.0,9,"Livro de Emplacamento L3. P,68. L15 P,11 e L21 P,119",Cintia,8/10/2018,POINT(-46.623831730007 -23.548508719532812),22.0,1.0,1929.0,13.0,5.0,1936.0
132,3.0,3,"Livro de Emplacamento L3. P,68. L15 P,11 e L21 P,119",Cintia,8/10/2018,POINT(-46.623831730007 -23.548508719532812),26.0,8.0,1920.0,21.0,1.0,1929.0
132,3.0,3 Tinta,"Livro de Emplacamento L3. P,68. L15 P,11 e L21 P,119",Cintia,8/10/2018,POINT(-46.623831730007 -23.548508719532812),25.0,8.0,1920.0,25.0,8.0,1920.0
132,85.0,85,"Livro de Emplacamento L3. P,68. L15 P,11 e L21 P,119",Cintia,8/10/2018,POINT(-46.623768400500644 -23.54848296021942),14.0,5.0,1936.0,,,
132,11.0,11,"Livro de Emplacamento L3. P,68. L15 P,11 e L21 P,119",Cintia,8/10/2018,POINT(-46.623768400500644 -23.54848296021942),22.0,1.0,1929.0,13.0,5.0,1936.0
132,5.0,5,"Livro de Emplacamento L3. P,68. L15 P,11 e L21 P,119",Cintia,8/10/2018,POINT(-46.623768400500644 -23.54848296021942),26.0,8.0,1920.0,21.0,1.0,1929.0
132,193.0,193,"Livro de Emplacamento L3. P,68. L15 P,11 e L21 P,119",Cintia,8/10/2018,POINT(-46.62284483665138 -23.5480147310035),14.0,5.0,1936.0,,,
132,39.0,39,"Livro de Emplacamento L3. P,68. L15 P,11 e L21 P,119",Cintia,8/10/2018,POINT(-46.62284483665138 -23.5480147310035),22.0,1.0,1929.0,13.0,5.0,1936.0
132,33.0,33,"Livro de Emplacamento L3. P,68. L15 P,11 e L21 P,119",Cintia,8/10/2018,POINT(-46.62284483665138 -23.5480147310035),26.0,8.0,1920.0,21.0,1.0,1929.0
132,27.0,27,"Livro de Emplacamento L3. P,68. L15 P,11 e L21 P,119",Cintia,8/10/2018,POINT(-46.62284483665138 -23.5480147310035),25.0,8.0,1920.0,25.0,8.0,1920.0
132,34.0,34,"Livro de Emplacamento L3. P,68. L15 P,11 e L21 P,119",Cintia,8/10/2018,POINT(-46.62422650376098 -23.548665561357),14.0,5.0,1936.0,,,
132,2.0,2,"Livro de Emplacamento L3. P,68. L15 P,11 e L21 P,119",Cintia,8/10/2018,POINT(-46.62422650376098 -23.548665561357),26.0,1.0,1929.0,13.0,5.0,1936.0
132,118.0,118,"Livro de Emplacamento L3. P,68. L15 P,11 e L21 P,119",Cintia,8/10/2018,POINT(-46.62350162696054 -23.548348809098115),14.0,5.0,1936.0,,,
132,14.0,14,"Livro de Emplacamento L3. P,68. L15 P,11 e L21 P,119",Cintia,8/10/2018,POINT(-46.62350162696054 -23.548348809098115),26.0,8.0,1920.0,13.0,5.0,1936.0
132,156.0,156,"Livro de Emplacamento L3. P,68. L15 P,11 e L21 P,119",Cintia,8/10/2018,POINT(-46.62317307775704 -23.54818313679115),14.0,5.0,1936.0,,,
132,30.0,30,"Livro de Emplacamento L3. P,68. L15 P,11 e L21 P,119",Cintia,8/10/2018,POINT(-46.62317307775704 -23.54818313679115),22.0,1.0,1929.0,13.0,5.0,1936.0
132,24.0,24,"Livro de Emplacamento L3. P,68. L15 P,11 e L21 P,119",Cintia,8/10/2018,POINT(-46.62317307775704 -23.54818313679115),26.0,8.0,1920.0,21.0,1.0,1929.0
8,24.0,24,"Livro de Emplacamento L3. P,68. L15 P,11 e L21 P,119",Cintia,8/10/2018,POINT(-46.63504043655366 -23.54980335354696),25.0,8.0,1920.0,25.0,8.0,1920.0
8,49.0,49,"Livro de Emplacamento L8 P,23 e L27 P,125-126",Cintia,8/10/2018,POINT(-46.63532550073274 -23.55072192292963),5.0,6.0,1940.0,,,
8,101.0,101,"Livro de Emplacamento L8 P,23 e L27 P,125-126",Cintia,8/10/2018,POINT(-46.63518126750282 -23.55025702488291),5.0,6.0,1940.0,,,
8,15.0,15,"Livro de Emplacamento L8 P,23 e L27 P,125-126",Cintia,8/10/2018,POINT(-46.63518126750282 -23.55025702488291),24.0,3.0,1909.0,4.0,6.0,1940.0
8,15.0,15,"Livro de Emplacamento L8 P,23 e L27 P,125-126",Cintia,8/10/2018,POINT(-46.63518126750282 -23.55025702488291),23.0,3.0,1909.0,23.0,3.0,1909.0
8,205.0,205,"Livro de Emplacamento L8 P,23 e L27 P,125-126",Cintia,8/10/2018,POINT(-46.63491014667642 -23.549371992468235),5.0,6.0,1940.0,,,
8,29.0,29,"Livro de Emplacamento L8 P,23 e L27 P,125-126",Cintia,8/10/2018,POINT(-46.63491014667642 -23.549371992468235),23.0,3.0,1909.0,23.0,3.0,1909.0
8,209.0,209,"Livro de Emplacamento L8 P,23 e L27 P,125-126",Cintia,8/10/2018,POINT(-46.63491014667642 -23.549371992468235),5.0,6.0,1940.0,,,
8,16.0,16,"Livro de Emplacamento L8 P,23 e L27 P,125-126",Cintia,8/10/2018,POINT(-46.635408730067105 -23.55100680022164),5.0,6.0,1940.0,,,
8,58.0,58,"Livro de Emplacamento L8 P,23 e L27 P,125-126",Cintia,8/10/2018,POINT(-46.63530240966741 -23.550642886851662),5.0,6.0,1940.0,,,
8,12.0,12,"Livro de Emplacamento L8 P,23 e L27 P,125-126",Cintia,8/10/2018,POINT(-46.63530240966741 -23.550642886851662),24.0,3.0,1909.0,4.0,6.0,1940.0
8,0.0,0,"Livro de Emplacamento L8 P,23 e L27 P,125-126",Cintia,8/10/2018,POINT(-46.63530240966741 -23.550642886851662),23.0,3.0,1909.0,23.0,3.0,1909.0
8,88.0,88,"Livro de Emplacamento L8 P,23 e L27 P,125-126",Cintia,8/10/2018,POINT(-46.63522234319453 -23.550384485615414),5.0,1.0,1940.0,,,
8,24.0,24,"Livro de Emplacamento L8 P,23 e L27 P,125-126",Cintia,8/10/2018,POINT(-46.63522234319453 -23.550384485615414),24.0,3.0,1909.0,4.0,6.0,1940.0
8,0.0,0,"Livro de Emplacamento L8 P,23 e L27 P,125-126",Cintia,8/10/2018,POINT(-46.63522234319453 -23.550384485615414),23.0,3.0,1909.0,23.0,3.0,1909.0
8,114.0,114,"Livro de Emplacamento L8 P,23 e L27 P,125-126",Cintia,8/10/2018,POINT(-46.63514740781102 -23.550151955900713),5.0,1.0,1940.0,,,
8,34.0,34,"Livro de Emplacamento L8 P,23 e L27 P,125-126",Cintia,8/10/2018,POINT(-46.63514740781102 -23.550151955900713),24.0,3.0,1909.0,4.0,6.0,1940.0
8,12.0,12,"Livro de Emplacamento L8 P,23 e L27 P,125-126",Cintia,8/10/2018,POINT(-46.63514740781102 -23.550151955900713),23.0,3.0,1909.0,23.0,3.0,1909.0
8,208.0,208,"Livro de Emplacamento L8 P,23 e L27 P,125-126",Cintia,8/10/2018,POINT(-46.634901569481144 -23.549348171070818),5.0,1.0,1940.0,,,
8,192.0,192,"Livro de Emplacamento L8 P,23 e L27 P,125-126",Cintia,8/10/2018,POINT(-46.63494357036213 -23.54948288395222),5.0,1.0,1940.0,,,
8,60.0,60,"Livro de Emplacamento L8 P,23 e L27 P,125-126",Cintia,8/10/2018,POINT(-46.63494357036213 -23.54948288395222),24.0,3.0,1909.0,4.0,6.0,1940.0
8,30.0,30,"Livro de Emplacamento L8 P,23 e L27 P,125-126",Cintia,8/10/2018,POINT(-46.63494357036213 -23.54948288395222),23.0,3.0,1909.0,23.0,3.0,1909.0
424,45.0,45,"Livro de Emplacamento L5 P,46. L5 P,59. L19 P,327-329",Cintia,8/10/2018,POINT(-46.6367930277883 -23.556583867471037),18.0,7.0,1935.0,,,
424,1.0,1,"Livro de Emplacamento L5 P,46. L5 P,59. L19 P,327-329",Cintia,8/10/2018,POINT(-46.6367930277883 -23.556583867471037),20.0,11.0,1908.0,17.0,7.0,1935.0
424,1.0,1,"Livro de Emplacamento L5 P,46. L5 P,59. L19 P,327-329",Cintia,8/10/2018,POINT(-46.6367930277883 -23.556583867471037),19.0,11.0,1908.0,19.0,11.0,1908.0
424,75.0,75,"Livro de Emplacamento L5 P,46. L5 P,59. L19 P,327-329",Cintia,8/10/2018,POINT(-46.63706741404553 -23.556489549685338),18.0,7.0,1935.0,,,
424,9.0,9,"Livro de Emplacamento L5 P,46. L5 P,59. L19 P,327-329",Cintia,8/10/2018,POINT(-46.63706741404553 -23.556489549685338),2.0,6.0,1921.0,17.0,7.0,1935.0
424,3.0,3,"Livro de Emplacamento L5 P,46. L5 P,59. L19 P,327-329",Cintia,8/10/2018,POINT(-46.63706741404553 -23.556489549685338),20.0,11.0,1908.0,1.0,6.0,1921.0
424,3.0,3,"Livro de Emplacamento L5 P,46. L5 P,59. L19 P,327-329",Cintia,8/10/2018,POINT(-46.63706741404553 -23.556489549685338),19.0,11.0,1908.0,19.0,11.0,1908.0
424,243.0,243,"Livro de Emplacamento L5 P,46. L5 P,59. L19 P,327-329",Cintia,8/10/2018,POINT(-46.63861263482593 -23.55596825828416),18.0,7.0,1935.0,,,
424,66.0,66,"Livro de Emplacamento L5 P,46. L5 P,59. L19 P,327-329",Cintia,8/10/2018,POINT(-46.63861263482593 -23.55596825828416),28.0,3.0,1911.0,17.0,7.0,1935.0
424,60.0,60,"Livro de Emplacamento L5 P,46. L5 P,59. L19 P,327-329",Cintia,8/10/2018,POINT(-46.63861263482593 -23.55596825828416),20.0,11.0,1908.0,27.0,3.0,1911.0
107,45.0,45,Livro de emplacamento 20. p. 186,Cintia,8/10/2018,POINT(-46.65510746729953 -23.548607938814932),14.0,11.0,1935.0,,,
107,1.0,1,Livro de emplacamento 20. p. 186,Cintia,8/10/2018,POINT(-46.65510746729953 -23.548607938814932),13.0,11.0,1935.0,13.0,11.0,1935.0
107,185.0,185,Livro de emplacamento 20. p. 186,Cintia,8/10/2018,POINT(-46.654181755923304 -23.547676063791684),14.0,11.0,1935.0,,,
107,17.0,17,Livro de emplacamento 20. p. 186,Cintia,8/10/2018,POINT(-46.654181755923304 -23.547676063791684),4.0,11.0,1929.0,13.0,11.0,1935.0
107,7.0,7,Livro de emplacamento 20. p. 186,Cintia,8/10/2018,POINT(-46.654181755923304 -23.547676063791684),4.0,10.0,1929.0,4.0,10.0,1929.0
107,321.0,321,Livro de emplacamento 20. p. 186,Cintia,8/10/2018,POINT(-46.65331541059768 -23.546762518229812),14.0,11.0,1935.0,,,
107,31.0,31,Livro de emplacamento 20. p. 186,Cintia,8/10/2018,POINT(-46.65331541059768 -23.546762518229812),27.0,10.0,1929.0,13.0,11.0,1935.0
107,21.0,21,Livro de emplacamento 15. p. 91,Cintia,8/10/2018,POINT(-46.65331541059768 -23.546762518229812),12.0,12.0,1908.0,26.0,10.0,1929.0
107,13.0,13,Livro de emplacamento 5. p. 17,Cintia,8/10/2018,POINT(-46.65331541059768 -23.546762518229812),11.0,12.0,1908.0,11.0,12.0,1908.0
107,505.0,505,Livro de emplacamento 20. p. 186,Cintia,8/10/2018,POINT(-46.652188625047785 -23.545467609744108),14.0,11.0,1935.0,,,
107,67.0,67,Livro de emplacamento 20. p. 186,Cintia,8/10/2018,POINT(-46.652188625047785 -23.545467609744108),27.0,10.0,1929.0,13.0,11.0,1935.0
107,53.0,53,Livro de emplacamento 15. p. 91,Cintia,8/10/2018,POINT(-46.652188625047785 -23.545467609744108),17.0,5.0,1919.0,26.0,10.0,1929.0
107,47.0,47,Livro de emplacamento 5. p. 32,Cintia,8/10/2018,POINT(-46.652188625047785 -23.545467609744108),16.0,5.0,1919.0,16.0,5.0,1919.0
107,154.0,154,Livro de emplacamento 20. p. 187,Cintia,8/10/2018,POINT(-46.65438308099193 -23.54788107519101),14.0,11.0,1935.0,,,
107,2.0,2,Livro de emplacamento 20. p. 187,Cintia,8/10/2018,POINT(-46.65438308099193 -23.54788107519101),13.0,11.0,1935.0,13.0,11.0,1935.0
107,322.0,322,Livro de emplacamento 20. p. 187,Cintia,8/10/2018,POINT(-46.653308014226575 -23.546754114724884),14.0,11.0,1935.0,,,
107,22.0,22,Livro de emplacamento 20. p. 187,Cintia,8/10/2018,POINT(-46.653308014226575 -23.546754114724884),27.0,10.0,1929.0,13.0,11.0,1935.0
107,18.0,18,Livro de emplacamento 20. p. 91,Cintia,8/10/2018,POINT(-46.653308014226575 -23.546754114724884),26.0,10.0,1929.0,26.0,10.0,1929.0
107,506.0,506,Livro de emplacamento 20. p. 187,Cintia,8/10/2018,POINT(-46.652180719553876 -23.54545841266773),14.0,11.0,1935.0,,,
107,50.0,50,Livro de emplacamento 20. p. 187,Cintia,8/10/2018,POINT(-46.652180719553876 -23.54545841266773),27.0,10.0,1929.0,13.0,11.0,1935.0
107,46.0,46,Livro de emplacamento 15. p. 91,Cintia,8/10/2018,POINT(-46.652180719553876 -23.54545841266773),26.0,10.0,1929.0,26.0,10.0,1929.0
48,21.0,21,Livro de emplacamento 19. p. 307,Cintia,8/10/2018,POINT(-46.64153577164577 -23.545120862089856),27.0,6.0,1935.0,,,
48,62.0,62,Livro de emplacamento 19. p. 307,Cintia,8/10/2018,POINT(-46.64153577164577 -23.545120862089856),24.0,2.0,1909.0,26.0,6.0,1935.0
48,155.0,155,Livro de emplacamento 19. p. 307,Cintia,8/10/2018,POINT(-46.640553171207614 -23.54432560897212),27.0,6.0,1935.0,,,
48,35.0,35,Livro de emplacamento 19. p. 307,Cintia,8/10/2018,POINT(-46.640553171207614 -23.54432560897212),24.0,2.0,1909.0,26.0,6.0,1935.0
48,39.0,39,Livro de emplacamento 4. p. 1,Cintia,8/10/2018,POINT(-46.640553171207614 -23.54432560897212),23.0,2.0,1909.0,23.0,2.0,1909.0
48,323.0,323,Livro de emplacamento 19. p. 307,Cintia,8/10/2018,POINT(-46.63931892363733 -23.543334191749693),27.0,6.0,1935.0,,,
48,4.0,4,Livro de emplacamento 19. p. 307,Cintia,8/10/2018,POINT(-46.63931892363733 -23.543334191749693),24.0,2.0,1909.0,26.0,6.0,1935.0
48,10.0,10,Livro de emplacamento 19. p. 308,Cintia,8/10/2018,POINT(-46.64161466085885 -23.545184074642787),27.0,6.0,1935.0,,,
48,53.0,53,Livro de emplacamento 19. p. 308,Cintia,8/10/2018,POINT(-46.64161466085885 -23.545184074642787),24.0,2.0,1909.0,26.0,6.0,1935.0
48,156.0,156,Livro de emplacamento 19. p. 308,Cintia,8/10/2018,POINT(-46.64055170762215 -23.544324413855936),27.0,6.0,1935.0,,,
48,25.0,"25,2",Livro de emplacamento 19. p. 308,Cintia,8/10/2018,POINT(-46.64055170762215 -23.544324413855936),24.0,2.0,1909.0,26.0,6.0,1935.0
48,342.0,342,Livro de emplacamento 19. p. 308,Cintia,8/10/2018,POINT(-46.639165886745516 -23.54322336052275),27.0,6.0,1935.0,,,
48,1.0,1,Livro de emplacamento 19. p. 308,Cintia,8/10/2018,POINT(-46.639165886745516 -23.54322336052275),24.0,2.0,1909.0,26.0,6.0,1935.0
109,15.0,15,Livro de emplacamento 20. p. 176,Cintia,8/10/2018,POINT(-46.65592011408929 -23.543930261844967),12.0,11.0,1935.0,,,
109,1.0,1,Livro de emplacamento 20. p. 176,Cintia,8/10/2018,POINT(-46.65592011408929 -23.543930261844967),14.0,12.0,1905.0,11.0,11.0,1935.0
109,293.0,293,Livro de emplacamento 20. p. 176,Cintia,8/10/2018,POINT(-46.65338467414499 -23.544858544517755),12.0,11.0,1935.0,,,
109,7.0,7,Livro de emplacamento 20. p. 176,Cintia,8/10/2018,POINT(-46.65338467414499 -23.544858544517755),14.0,12.0,1905.0,11.0,11.0,1935.0
109,431.0,431,Livro de emplacamento 20. p. 176,Cintia,8/10/2018,POINT(-46.652124540971805 -23.545285184298123),12.0,11.0,1935.0,,,
109,15.0,15,Livro de emplacamento 20. p. 176,Cintia,8/10/2018,POINT(-46.652124540971805 -23.545285184298123),14.0,12.0,1905.0,11.0,11.0,1935.0
109,17.0,17,Livro de emplamcento 4. p. 98,Cintia,8/10/2018,POINT(-46.652124540971805 -23.545285184298123),13.0,12.0,1905.0,13.0,12.0,1905.0
109,18.0,18,Livro de emplacamento 20. p. 177,Cintia,8/10/2018,POINT(-46.65589368875715 -23.543939804376304),12.0,11.0,1935.0,,,
109,2.0,2,Livro de emplacamento 20. p. 177,Cintia,8/10/2018,POINT(-46.65589368875715 -23.543939804376304),11.0,11.0,1935.0,11.0,11.0,1935.0
109,436.0,436,Livro de emplacamento 20. p. 177,Cintia,8/10/2018,POINT(-46.65373394484308 -23.544730454587523),12.0,11.0,1935.0,,,
109,20.0,20,Livro de emplacamento 20. p. 177,Cintia,8/10/2018,POINT(-46.65373394484308 -23.544730454587523),11.0,11.0,1935.0,11.0,11.0,1935.0
255,30.0,30,Livro de emplacamento 22. p. 145,Cintia,8/10/2018,POINT(-46.62267225711079 -23.530166141120453),19.0,5.0,1937.0,,,
255,2.0,2,Livro de emplacamento 22. p. 145,Cintia,8/10/2018,POINT(-46.62267225711079 -23.530166141120453),20.0,1.0,1928.0,18.0,5.0,1937.0
255,170.0,170,Livro de emplacamento 22. p. 145,Cintia,8/10/2018,POINT(-46.62136475343503 -23.530491370087258),19.0,5.0,1937.0,,,
255,30.0,30,Livro de emplacamento 22. p. 145,Cintia,8/10/2018,POINT(-46.62136475343503 -23.530491370087258),20.0,1.0,1928.0,18.0,5.0,1937.0
255,16.0,16,Livro de emplacamento 13. p. 73,Cintia,8/10/2018,POINT(-46.62136475343503 -23.530491370087258),19.0,1.0,1928.0,19.0,1.0,1928.0
255,266.0,266,Livro de emplacamento 22. p. 145,Cintia,8/10/2018,POINT(-46.62045556655423 -23.530727698833637),19.0,5.0,1937.0,,,
255,42.0,42,Livro de emplacamento 22. p. 145,Cintia,8/10/2018,POINT(-46.62045556655423 -23.530727698833637),20.0,1.0,1928.0,18.0,5.0,1937.0
255,26.0,26,Livro de emplacamento 13. p. 73,Cintia,8/10/2018,POINT(-46.62045556655423 -23.530727698833637),19.0,1.0,1928.0,19.0,1.0,1928.0
255,29.0,29,Livro de emplacamento 22. p. 146,Cintia,8/10/2018,POINT(-46.62267887020742 -23.53016449617626),19.0,5.0,1937.0,,,
255,1.0,1,Livro de emplacamento 22. p. 146,Cintia,8/10/2018,POINT(-46.62267887020742 -23.53016449617626),20.0,1.0,1928.0,18.0,5.0,1937.0
255,183.0,183,Livro de emplacamento 22. p. 146,Cintia,8/10/2018,POINT(-46.621229657318246 -23.530524973947266),19.0,5.0,1937.0,,,
255,39.0,39,Livro de emplacamento 22. p. 146,Cintia,8/10/2018,POINT(-46.621229657318246 -23.530524973947266),18.0,5.0,1937.0,18.0,5.0,1937.0
255,287.0,287,Livro de emplacamento 22. p. 146,Cintia,8/10/2018,POINT(-46.62025627445474 -23.5307813415852),19.0,5.0,1937.0,,,
255,53.1,53A,Livro de emplacamento 22. p. 146,Cintia,8/10/2018,POINT(-46.62025627445474 -23.5307813415852),20.0,1.0,1928.0,18.0,5.0,1937.0
170,20.0,20,Livro de emplacamento 20. p. 104,Cintia,8/10/2018,POINT(-46.65591415243859 -23.534828605941332),16.0,10.0,1935.0,,,
170,2.0,2,Livro de emplacamento 20. p. 104,Cintia,8/10/2018,POINT(-46.65591415243859 -23.534828605941332),1.0,3.0,1929.0,15.0,10.0,1935.0
170,242.0,242,Livro de emplacamento 20. p. 104,Cintia,8/10/2018,POINT(-46.65591415243859 -23.534828605941332),16.0,10.0,1935.0,,,
170,48.0,48,Livro de emplacamento 20. p. 104,Cintia,8/10/2018,POINT(-46.65461312755133 -23.533214800082376),1.0,3.0,1929.0,15.0,10.0,1935.0
170,44.0,44,Livro de emplacamento 15. p. 4,Cintia,8/10/2018,POINT(-46.65461312755133 -23.533214800082376),1.0,2.0,1929.0,1.0,2.0,1929.0
170,544.0,544,Livro de emplacamento 20. p. 104,Cintia,8/10/2018,POINT(-46.65256303131179 -23.531317670987416),16.0,10.0,1935.0,,,
170,88.0,88,Livro de emplacamento 20. p. 104,Cintia,8/10/2018,POINT(-46.65256303131179 -23.531317670987416),1.0,3.0,1929.0,15.0,10.0,1935.0
170,78.0,78,Livro de emplacamento 15. p. 4,Cintia,8/10/2018,POINT(-46.65256303131179 -23.531317670987416),28.0,8.0,1925.0,1.0,2.0,1929.0
170,88.0,88,Livro de emplacamento 1. p. 81,Cintia,8/10/2018,POINT(-46.65256303131179 -23.531317670987416),27.0,8.0,1925.0,27.0,8.0,1925.0
170,9.0,9,Livro de emplacamento 20. p. 102,Cintia,8/10/2018,POINT(-46.655971468625424 -23.534899887021147),16.0,10.0,1935.0,,,
170,1.0,1,Livro de emplacamento 20. p. 102,Cintia,8/10/2018,POINT(-46.655971468625424 -23.534899887021147),15.0,10.0,1935.0,15.0,10.0,1935.0
170,263.0,263,Livro de emplacamento 20. p. 102,Cintia,8/10/2018,POINT(-46.65448394645127 -23.533055194464872),16.0,10.0,1935.0,,,
170,27.1,27A,Livro de emplacamento 20. p. 102,Cintia,8/10/2018,POINT(-46.65448394645127 -23.533055194464872),1.0,3.0,1929.0,15.0,10.0,1935.0
170,51.0,51,Livro de emplacamento 15. p. 4,Cintia,8/10/2018,POINT(-46.65448394645127 -23.533055194464872),1.0,2.0,1929.0,1.0,2.0,1929.0
170,545.0,545,Livro de emplacamento 20. p. 102,Cintia,8/10/2018,POINT(-46.652561470474915 -23.53131664715781),16.0,10.0,1935.0,,,
170,61.0,61,Livro de emplacamento 20. p. 102,Cintia,8/10/2018,POINT(-46.652561470474915 -23.53131664715781),1.0,3.0,1929.0,15.0,10.0,1935.0
170,87.0,87,Livro de emplacamento 15. p. 4,Cintia,8/10/2018,POINT(-46.652561470474915 -23.53131664715781),1.0,2.0,1929.0,1.0,2.0,1929.0
309,49.0,49,Livro de emplacamento 20. p. 122,Cintia,8/10/2018,POINT(-46.6450272566144 -23.54213989159221),25.0,10.0,1935.0,,,
309,1.0,1,Livro de emplacamento 20. p. 122,Cintia,8/10/2018,POINT(-46.6450272566144 -23.54213989159221),15.0,2.0,1929.0,24.0,10.0,1935.0
309,133.0,133,Livro de emplacamento 20. p. 122,Cintia,8/10/2018,POINT(-46.644430495045995 -23.542673593791047),25.0,10.0,1935.0,,,
309,11.0,11,Livro de emplacamento 20. p. 122,Cintia,8/10/2018,POINT(-46.644430495045995 -23.542673593791047),15.0,2.0,1929.0,24.0,10.0,1935.0
309,7.0,7,Livro de emplacamento 15. p. 29,Cintia,8/10/2018,POINT(-46.644430495045995 -23.542673593791047),26.0,2.0,1924.0,14.0,2.0,1929.0
309,183.0,183,Livro de emplacamento 20. p. 122,Cintia,8/10/2018,POINT(-46.6440813981433 -23.542985226887364),25.0,10.0,1935.0,,,
309,21.0,21,Livro de emplacamento 20. p. 122,Cintia,8/10/2018,POINT(-46.6440813981433 -23.542985226887364),15.0,2.0,1929.0,24.0,10.0,1935.0
309,35.0,35,Livro de emplacamento 15. p. 29,Cintia,8/10/2018,POINT(-46.6440813981433 -23.542985226887364),26.0,2.0,1924.0,14.0,2.0,1929.0
309,24.0,24,Livro de emplacamento 20. p. 123,Cintia,8/10/2018,POINT(-46.645201661750285 -23.541983914648004),25.0,10.0,1935.0,,,
309,2.1,2S,Livro de emplacamento 20. p. 123,Cintia,8/10/2018,POINT(-46.645201661750285 -23.541983914648004),15.0,2.0,1929.0,24.0,10.0,1935.0
309,132.0,132,Livro de emplacamento 20. p. 123,Cintia,8/10/2018,POINT(-46.64444590616144 -23.54265981473957),25.0,10.0,1935.0,,,
309,18.0,18,Livro de emplacamento 20. p. 123,Cintia,8/10/2018,POINT(-46.64444590616144 -23.54265981473957),15.0,2.0,1929.0,24.0,10.0,1935.0
309,28.0,28,Livro de emplacamento 15. p. 29,Cintia,8/10/2018,POINT(-46.64444590616144 -23.54265981473957),11.0,6.0,1915.0,14.0,2.0,1929.0
309,16.0,16,Livro de emplacamento 1. p. 56,Cintia,8/10/2018,POINT(-46.64444590616144 -23.54265981473957),11.0,5.0,1915.0,11.0,5.0,1915.0
309,188.0,188,"Livro de emplacamento 20. p,123 ",Cintia,8/10/2018,POINT(-46.64404634825347 -23.54301651535085),25.0,10.0,1935.0,,,
309,32.1,32E,Livro de emplacamento 20. p. 123. 15. p. 29,Cintia,8/10/2018,POINT(-46.64404634825347 -23.54301651535085),15.0,2.0,1929.0,24.0,10.0,1935.0
309,63.0,63,Livro de emplacamento 19. p. 99,Cintia,8/10/2018,POINT(-46.64404634825347 -23.54301651535085),19.0,3.0,1925.0,18.0,10.0,1929.0
309,71.0,71,Livro de emplacamento 10. p. 52,Cintia,8/10/2018,POINT(-46.64404634825347 -23.54301651535085),18.0,3.0,1925.0,18.0,3.0,1925.0
297,9.0,9,Livro de emplacamento 20. p. 252,Cintia,8/10/2018,POINT(-46.650620848725076 -23.540619214364277),24.0,12.0,1935.0,,,
297,1.0,1,Livro de emplacamento 20. p. 252,Cintia,8/10/2018,POINT(-46.650620848725076 -23.540619214364277),23.0,12.0,1935.0,23.0,12.0,1935.0
297,165.0,165,Livro de emplacamento 20. p. 252,Cintia,8/10/2018,POINT(-46.652083521707254 -23.540202940293756),24.0,12.0,1935.0,,,
297,25.0,25,Livro de emplacamento 20. p. 252,Cintia,8/10/2018,POINT(-46.652083521707254 -23.540202940293756),19.0,12.0,1929.0,23.0,12.0,1935.0
297,15.0,15,"Livro de emplacamento 16. p,57",Cintia,8/10/2018,POINT(-46.652083521707254 -23.540202940293756),1.0,3.0,1928.0,18.0,12.0,1929.0
297,39.0,39,Livro de emplacamento 13. p. 72,Cintia,8/10/2018,POINT(-46.652083521707254 -23.540202940293756),1.0,2.0,1928.0,1.0,2.0,1928.0
297,245.0,245,Livro de emplacamento 20. p. 252,Cintia,8/10/2018,POINT(-46.65282537718658 -23.5399979222531),24.0,12.0,1935.0,,,
297,35.0,35,Livro de emplacamento 20. p. 252,Cintia,8/10/2018,POINT(-46.65282537718658 -23.5399979222531),19.0,12.0,1929.0,23.0,12.0,1935.0
297,25.0,25,"Livro de emplacamento 16. p,57",Cintia,8/10/2018,POINT(-46.65282537718658 -23.5399979222531),1.0,3.0,1928.0,18.0,12.0,1929.0
297,49.0,49,Livro de emplacamento 13. p. 72,Cintia,8/10/2018,POINT(-46.65282537718658 -23.5399979222531),8.0,11.0,1911.0,1.0,2.0,1928.0
297,54.0,54,Livro de emplacamento 20. p. 252,Cintia,8/10/2018,POINT(-46.651045160189334 -23.54049933426702),24.0,12.0,1935.0,,,
297,4.0,4,Livro de emplacamento 20. p. 252,Cintia,8/10/2018,POINT(-46.651045160189334 -23.54049933426702),1.0,3.0,1928.0,23.0,12.0,1935.0
297,186.0,186,Livro de emplacamento 20. p. 252,Cintia,8/10/2018,POINT(-46.652288553976526 -23.54014650286018),24.0,12.0,1935.0,,,
297,14.0,14,Livro de emplacamento 20. p. 252,Cintia,8/10/2018,POINT(-46.652288553976526 -23.54014650286018),1.0,3.0,1928.0,23.0,12.0,1935.0
297,36.0,36,Livro de emplacamento 13. p. 72,Cintia,8/10/2018,POINT(-46.652288553976526 -23.54014650286018),8.0,11.0,1911.0,1.0,2.0,1928.0
297,242.0,242,Livro de emplacamento 20. p. 252,Cintia,8/10/2018,POINT(-46.65280939501393 -23.54000234718076),24.0,12.0,1935.0,,,
297,26.0,26A,Livro de emplacamento 20. p. 252,Cintia,8/10/2018,POINT(-46.65280939501393 -23.54000234718076),1.0,3.0,1928.0,23.0,12.0,1935.0
297,48.0,48,Livro de emplacamento 13. p. 72,Cintia,8/10/2018,POINT(-46.65280939501393 -23.54000234718076),8.0,11.0,1911.0,1.0,2.0,1928.0
297,44.0,44,Livro de emplacamento 3. p. 3,Cintia,8/10/2018,POINT(-46.65280939501393 -23.54000234718076),8.0,10.0,1911.0,8.0,10.0,1911.0
49,23.0,23,Livro de emplacamento 24. p. 144,Cintia,8/10/2018,POINT(-46.63875631084694 -23.542948271708045),30.0,12.0,1937.0,,,
297,24.0,24,Livro de emplacamento 24. p. 144,Cintia,8/10/2018,POINT(-46.65075135823079 -23.54058244165213),29.0,12.0,1937.0,29.0,12.0,1937.0
297,91.0,91,Livro de emplacamento 24. p. 145,Cintia,8/10/2018,POINT(-46.65138532152122 -23.540400951350502),30.0,12.0,1937.0,,,
297,12.0,12,Livro de emplacamento 24. p. 146,Cintia,8/10/2018,POINT(-46.65138532152122 -23.540400951350502),29.0,12.0,1937.0,29.0,12.0,1937.0
297,121.0,121,Livro de emplacamento 24. p. 147,Cintia,8/10/2018,POINT(-46.65167847202815 -23.540319180998765),30.0,12.0,1937.0,,,
297,2.0,2,Livro de emplacamento 24. p. 148,Cintia,8/10/2018,POINT(-46.65167847202815 -23.540319180998765),29.0,12.0,1937.0,29.0,12.0,1937.0
297,38.0,38,Livro de emplacamento 24. p. 149,Cintia,8/10/2018,POINT(-46.6508846485762 -23.54054473798221),30.0,12.0,1937.0,,,
297,52.0,52,Livro de emplacamento 24. p. 150,Cintia,8/10/2018,POINT(-46.65102826423006 -23.54050411360546),30.0,12.0,1937.0,,,
297,3.0,3,Livro de emplacamento 24. p. 151,Cintia,8/10/2018,POINT(-46.65102826423006 -23.54050411360546),29.0,12.0,1937.0,29.0,12.0,1937.0
297,90.0,90,Livro de emplacamento 24. p. 152,Cintia,8/10/2018,POINT(-46.65137033565047 -23.540405313803824),30.0,12.0,1937.0,,,
297,1.0,1,Livro de emplacamento 24. p. 153,Cintia,8/10/2018,POINT(-46.65137033565047 -23.540405313803824),29.0,12.0,1937.0,29.0,12.0,1937.0
294,1.0,1,Livro de emplacamento 20. p. 133,Cintia,8/10/2018,POINT(-46.65135888495299 -23.539176793812548),15.0,8.0,1918.0,25.0,10.0,1935.0
294,145.0,145,Livro de emplacamento 20. p. 133,Cintia,8/10/2018,POINT(-46.65167374560805 -23.540146613716264),26.0,10.0,1935.0,,,
294,25.0,25,Livro de emplacamento 20. p. 133,Cintia,8/10/2018,POINT(-46.65167374560805 -23.540146613716264),22.0,9.0,1928.0,25.0,10.0,1935.0
294,17.0,17,LIvro de emplacamento 13. p. 125,Cintia,8/10/2018,POINT(-46.65167374560805 -23.540146613716264),15.0,8.0,1918.0,21.0,9.0,1928.0
294,11.0,11,Livro de emplacamento 4. p. 59,Cintia,8/10/2018,POINT(-46.65167374560805 -23.540146613716264),14.0,8.0,1918.0,14.0,8.0,1918.0
294,259.0,259,Livro de emplacamento 20. p. 133,Cintia,8/10/2018,POINT(-46.651987857525164 -23.541115726309993),26.0,10.0,1935.0,,,
294,53.0,53,Livro de emplacamento 20. p. 133,Cintia,8/10/2018,POINT(-46.651987857525164 -23.541115726309993),22.0,9.0,1928.0,25.0,10.0,1935.0
294,75.0,75,Livro de emplamcamento 20. p. 133,Cintia,8/10/2018,POINT(-46.651987857525164 -23.541115726309993),15.0,8.0,1918.0,21.0,9.0,1928.0
294,47.0,47,Livro de emplacamento 4. p. 59,Cintia,8/10/2018,POINT(-46.651987857525164 -23.541115726309993),14.0,8.0,1918.0,14.0,8.0,1918.0
294,14.0,14,Livro de emplacamento 20. p. 134,Cintia,8/10/2018,POINT(-46.65130853322515 -23.539021120074597),26.0,10.0,1935.0,,,
294,2.0,2,Livro de emplacamento 20. p. 134,Cintia,8/10/2018,POINT(-46.65130853322515 -23.539021120074597),28.0,12.0,1908.0,25.0,10.0,1935.0
294,174.0,174,Livro de emplacamento 20. p. 134,Cintia,8/10/2018,POINT(-46.6517556878473 -23.540399425697235),26.0,10.0,1935.0,,,
294,46.0,46,Livro de emplacamento 20. p. 134,Cintia,8/10/2018,POINT(-46.6517556878473 -23.540399425697235),15.0,8.0,1918.0,25.0,10.0,1935.0
294,36.0,36a,Livro de emplacamento 4. p. 59. 36,Cintia,8/10/2018,POINT(-46.6517556878473 -23.540399425697235),28.0,12.0,1908.0,14.0,8.0,1918.0
294,32.0,32,Livro de emplacamento 4. p. 36,Cintia,8/10/2018,POINT(-46.6517556878473 -23.540399425697235),27.0,12.0,1908.0,27.0,12.0,1908.0
294,286.0,286,Livro de emplacamento 20. p. 134,Cintia,8/10/2018,POINT(-46.65206311060202 -23.54134790057823),26.0,10.0,1935.0,,,
294,84.0,84,Livro de emplacamento 20. p. 134,Cintia,8/10/2018,POINT(-46.65206311060202 -23.54134790057823),22.0,9.0,1928.0,25.0,10.0,1935.0
294,86.0,86,Livro de emplacamento 13. p. 125,Cintia,8/10/2018,POINT(-46.65206311060202 -23.54134790057823),28.0,12.0,1908.0,21.0,9.0,1928.0
294,76.0,76,Livro de emplacamento 4. p. 36,Cintia,8/10/2018,POINT(-46.65206311060202 -23.54134790057823),27.0,12.0,1908.0,27.0,12.0,1908.0
189,99.0,99,Livro de emplacamento 20. p. 25,Cintia,8/10/2018,POINT(-46.64835700656612 -23.53508413830923),25.0,9.0,1935.0,,,
189,1.0,1,Livro de emplacamento 20. p. 25,Cintia,8/10/2018,POINT(-46.64835700656612 -23.53508413830923),6.0,4.0,1928.0,24.0,9.0,1935.0
189,374.0,374,Livro de emplacamento 20. p. 25,Cintia,8/10/2018,POINT(-46.64671370891176 -23.537040407788425),25.0,9.0,1935.0,,,
189,787.0,787,Livro de emplacamento 20. p. 25,Cintia,8/10/2018,POINT(-46.64671370891176 -23.537040407788425),25.0,9.0,1935.0,,,
189,125.0,125,Livro de emplacamento 20. p. 25,Cintia,8/10/2018,POINT(-46.64671370891176 -23.537040407788425),24.0,9.0,1935.0,24.0,9.0,1935.0
403,39.0,39,Livro de emplacamento 27. p. 347,Cintia,8/10/2018,,30.0,11.0,1940.0,,,
403,1.1,1,Livro de emplacamento 27. p. 347,Cintia,8/10/2018,,29.0,11.0,1940.0,29.0,11.0,1940.0
403,241.0,241,Livro de emplacamento 27. p. 347,Cintia,8/10/2018,,30.0,11.0,1940.0,,,
403,51.0,51,Livro de emplacamento 27. p. 347,Cintia,8/10/2018,,8.0,2.0,1928.0,29.0,11.0,1940.0
403,53.0,53,Livro de emplacamento 14. p. 91,Cintia,8/10/2018,,8.0,1.0,1928.0,8.0,1.0,1928.0
403,639.0,639,Livro de emplacamento 27. p. 347,Cintia,8/10/2018,,30.0,11.0,1940.0,,,
403,103.0,103,Livro de emplacamento 27. p. 347,Cintia,8/10/2018,,6.0,4.0,1908.0,29.0,11.0,1940.0
403,73.0,73,Livro de emplacamento 8. p. 114,Cintia,8/10/2018,,6.0,3.0,1908.0,6.0,3.0,1908.0
403,863.0,863,Livro de emplacamento 27. p. 348,Cintia,8/10/2018,,30.0,11.0,1940.0,,,
403,151.0,151,Livro de emplacamento 27. p. 348,Cintia,8/10/2018,,8.0,2.0,1928.0,29.0,11.0,1940.0
403,153.0,153,Livro de emplacamento 14. p. 91,Cintia,8/10/2018,,3.0,1.0,1912.0,8.0,1.0,1928.0
403,145.0,145,Livro de emplacamento 8. p. 186,Cintia,8/10/2018,,6.0,4.0,1908.0,30.0,3.0,1912.0
403,105.0,105,Livro de emplacamento 8. p. 114,Cintia,8/10/2018,,6.0,3.0,1908.0,6.0,3.0,1908.0
403,1105.0,1105,Livro de emplacamento 27. p. 348,Cintia,8/10/2018,,30.0,11.0,1940.0,,,
403,201.0,201,Livro de emplacamento 27. p. 348,Cintia,8/10/2018,,8.0,2.0,1928.0,29.0,11.0,1940.0
403,205.0,205,Livro de emplacamento 14. p. 91,Cintia,8/10/2018,,3.0,1.0,1912.0,8.0,1.0,1928.0
403,1325.0,1325,Livro de emplacamento 27. p. 347,Cintia,8/10/2018,,30.0,11.0,1940.0,,,
403,237.0,237,Livro de emplacamento 27. p. 347,Cintia,8/10/2018,,8.0,2.0,1928.0,29.0,11.0,1940.0
403,245.0,245,Livro de emplacamento 14. p. 92,Cintia,8/10/2018,,3.0,1.0,1912.0,8.0,1.0,1928.0
403,30.0,30,Livro de emplacamento 27. p. 350,Cintia,8/10/2018,,30.0,11.0,1940.0,,,
403,2.0,2,Livro de emplacamento 27. p. 350,Cintia,8/10/2018,,29.0,11.0,1940.0,29.0,11.0,1940.0
403,244.0,244,Livro de emplacamento 27. p. 350,Cintia,8/10/2018,,30.0,11.0,1940.0,,,
403,58.0,58,Livro de emplacamento 27. p. 350,Cintia,8/10/2018,,8.0,2.0,1928.0,29.0,11.0,1940.0
403,52.0,52,Livro de emplacamento 14. p. 90,Cintia,8/10/2018,,6.0,4.0,1908.0,8.0,1.0,1928.0
403,40.0,40,Livro de emplacamento 8. p. 113,Cintia,8/10/2018,,6.0,3.0,1908.0,6.0,3.0,1908.0
403,676.0,676,Livro de emplacamento 27. p. 351,Cintia,8/10/2018,,30.0,11.0,1940.0,,,
403,146.0,146,Livro de emplacamento 27. p. 351,Cintia,8/10/2018,,8.0,2.0,1928.0,29.0,11.0,1940.0
403,142.0,142,Livro de emplacamento 14. p. 90,Cintia,8/10/2018,,6.0,4.0,1908.0,8.0,1.0,1928.0
403,900.0,900,Livro de emplacamento 27. p. 351,Cintia,8/10/2018,,30.0,11.0,1940.0,,,
403,210.0,210,Livro de emplacamento 27. p. 351,Cintia,8/10/2018,,8.0,2.0,1928.0,29.0,11.0,1940.0
403,202.1,202,Livro de emplacamento 14. p. 90,Cintia,8/10/2018,,8.0,1.0,1928.0,8.0,1.0,1928.0
403,1326.0,1326,Livro de emplacamento 27. p. 352,Cintia,8/10/2018,,30.0,11.0,1940.0,,,
403,330.0,330,Livro de emplacamento 27. p. 352,Cintia,8/10/2018,,8.0,2.0,1928.0,29.0,11.0,1940.0
403,332.0,332,Livro de emplacamento 14. p. 91,Cintia,8/10/2018,,8.0,1.0,1928.0,8.0,1.0,1928.0
45,15.0,15,Livro de emplacamento 19. p. 40,Cintia,8/10/2018,POINT(-46.635509064250485 -23.54500806574864),5.0,5.0,1933.0,,,
45,3.0,3,Livro de emplacamento 19. p. 40,Cintia,8/10/2018,POINT(-46.635509064250485 -23.54500806574864),14.0,5.0,1908.0,5.0,4.0,1933.0
45,1.0,1,Livro de emplacamento 8. p. 105,Cintia,8/10/2018,POINT(-46.635509064250485 -23.54500806574864),13.0,5.0,1908.0,13.0,5.0,1908.0
45,209.0,209,Livro de emplacamento 19. p. 40,Cintia,8/10/2018,POINT(-46.63713245247981 -23.54408261216286),5.0,5.0,1933.0,,,
45,77.0,77,Livro de emplacamento 19. p. 40,Cintia,8/10/2018,POINT(-46.63713245247981 -23.54408261216286),14.0,5.0,1908.0,5.0,4.0,1933.0
45,49.0,49,Livro de emplacamento 8. p. 105,Cintia,8/10/2018,POINT(-46.63713245247981 -23.54408261216286),13.0,5.0,1908.0,13.0,5.0,1908.0
45,399.0,399,Livro de emplacamento 19. p. 40,Cintia,8/10/2018,POINT(-46.63871841507719 -23.54318789422955),5.0,5.0,1933.0,,,
45,131.0,131,Livro de emplacamento 19. p. 40,Cintia,8/10/2018,POINT(-46.63871841507719 -23.54318789422955),14.0,5.0,1908.0,5.0,4.0,1933.0
45,101.0,101,Livro de emplacamento 8. p. 105,Cintia,8/10/2018,POINT(-46.63871841507719 -23.54318789422955),13.0,5.0,1908.0,13.0,5.0,1908.0
45,519.0,519,Livro de emplacamento 19. p. 41,Cintia,8/10/2018,POINT(-46.63971727525252 -23.542626151313822),5.0,5.0,1933.0,,,
45,167.0,167,Livro de emplacamento 19. p. 41,Cintia,8/10/2018,POINT(-46.63971727525252 -23.542626151313822),14.0,5.0,1908.0,5.0,4.0,1933.0
45,125.0,125,Livro de emplacamento 8. p. 105,Cintia,8/10/2018,POINT(-46.63971727525252 -23.542626151313822),13.0,5.0,1908.0,13.0,5.0,1908.0
45,881.0,881,Livro de emplacamento 19. p. 42,Cintia,8/10/2018,POINT(-46.64272525054383 -23.540926050016616),5.0,5.0,1933.0,,,
45,249.1,249,Livro de emplacamento 19. p. 42,Cintia,8/10/2018,POINT(-46.64272525054383 -23.540926050016616),10.0,1.0,1911.0,5.0,4.0,1933.0
45,233.0,233,Livro de emplacamento 8. p 164,Cintia,8/10/2018,POINT(-46.64272525054383 -23.540926050016616),14.0,5.0,1908.0,30.0,10.0,1911.0
45,187.0,187,Livro de emplacamento 8. p. 105,Cintia,8/10/2018,POINT(-46.64272525054383 -23.540926050016616),13.0,5.0,1908.0,13.0,5.0,1908.0
45,1183.0,1183,Livro de emplacamento 19. p. 42,Cintia,8/10/2018,POINT(-46.64528694633732 -23.539603934779674),5.0,5.0,1933.0,,,
45,315.0,315,Livro de emplacamento 19. p. 42,Cintia,8/10/2018,POINT(-46.64528694633732 -23.539603934779674),10.0,1.0,1911.0,5.0,4.0,1933.0
45,297.0,297,Livro de emplacamento 8. p 164,Cintia,8/10/2018,POINT(-46.64528694633732 -23.539603934779674),14.0,5.0,1908.0,30.0,10.0,1911.0
45,251.0,251,Livro de emplacamento 8. p. 105,Cintia,8/10/2018,POINT(-46.64528694633732 -23.539603934779674),13.0,5.0,1908.0,13.0,5.0,1908.0
45,1327.0,1327,Livro de emplacamento 19. p. 43,Cintia,8/10/2018,POINT(-46.64648016638226 -23.53893272058194),5.0,5.0,1933.0,,,
45,357.0,357,Livro de emplacamento 8. p 164,Cintia,8/10/2018,POINT(-46.64648016638226 -23.53893272058194),10.0,1.0,1933.0,5.0,4.0,1933.0
45,427.0,427,Livro de emplacamento 8. p. 164,Cintia,8/10/2018,POINT(-46.64648016638226 -23.53893272058194),30.0,10.0,1933.0,30.0,10.0,1933.0
45,16.0,16,Livro de emplacamento 19. p. 44,Cintia,8/10/2018,POINT(-46.63552554161107 -23.54500035989865),5.0,5.0,1933.0,,,
45,2.0,2,Livro de emplacamento 19. p. 44,Cintia,8/10/2018,POINT(-46.63552554161107 -23.54500035989865),14.0,5.0,1908.0,5.0,4.0,1933.0
45,248.0,248,Livro de emplacamento 19. p. 44,Cintia,8/10/2018,POINT(-46.637746410206155 -23.543734889604902),5.0,5.0,1933.0,,,
45,24.0,24,Livro de emplacamento 19. p. 44,Cintia,8/10/2018,POINT(-46.637746410206155 -23.543734889604902),14.0,5.0,1908.0,5.0,4.0,1933.0
45,16.1,16,Livro de emplacamento 8. p. 99,Cintia,8/10/2018,POINT(-46.637746410206155 -23.543734889604902),13.0,5.0,1908.0,13.0,5.0,1908.0
45,508.0,508,Livro de emplacamento 19. p. 44,Cintia,8/10/2018,POINT(-46.63962131124236 -23.542680119931457),5.0,5.0,1933.0,,,
45,50.0,50,Livro de emplacamento 19. p. 44,Cintia,8/10/2018,POINT(-46.63962131124236 -23.542680119931457),14.0,5.0,1908.0,5.0,4.0,1933.0
45,28.0,28,Livro de emplacamento 8. p. 99,Cintia,8/10/2018,POINT(-46.63962131124236 -23.542680119931457),13.0,5.0,1908.0,13.0,5.0,1908.0
45,864.0,864,Livro de emplacamento 19. p. 44,Cintia,8/10/2018,POINT(-46.642585287678386 -23.541005295243743),5.0,5.0,1933.0,,,
45,134.0,134,Livro de emplacamento 19. p. 44,Cintia,8/10/2018,POINT(-46.642585287678386 -23.541005295243743),10.0,1.0,1911.0,5.0,4.0,1933.0
45,132.0,132,Livro de emplacamento 8. p. 166,Cintia,8/10/2018,POINT(-46.642585287678386 -23.541005295243743),14.0,5.0,1908.0,30.0,9.0,1911.0
45,84.0,84,Livro de emplacamento 8. p. 99,Cintia,8/10/2018,POINT(-46.642585287678386 -23.541005295243743),13.0,5.0,1908.0,13.0,5.0,1908.0
45,1236.0,1236,Livro de emplacamento 19. p. 45,Cintia,8/10/2018,POINT(-46.64572727251429 -23.53935566244712),14.0,5.0,1908.0,,,
45,252.0,252,Livro de emplacamento 19. p. 45,Cintia,8/10/2018,POINT(-46.64572727251429 -23.53935566244712),10.0,1.0,1911.0,5.0,4.0,1933.0
45,240.0,240,Livro de emplacamento 8. p. 166,Cintia,8/10/2018,POINT(-46.64572727251429 -23.53935566244712),14.0,5.0,1908.0,30.0,9.0,1911.0
45,172.0,172,Livro de emplacamento 8. p. 99,Cintia,8/10/2018,POINT(-46.64572727251429 -23.53935566244712),13.0,5.0,1908.0,13.0,5.0,1908.0
45,1476.0,1476,Livro de emplacamento 19. p. 45,Cintia,8/10/2018,POINT(-46.647730537794914 -23.53823031823821),5.0,5.0,1933.0,,,
45,300.0,300,Livro de emplacamento 19. p. 45,Cintia,8/10/2018,POINT(-46.647730537794914 -23.53823031823821),10.0,1.0,1911.0,5.0,4.0,1933.0
45,288.0,288,Livro de emplacamento 19. p. 45,Cintia,8/10/2018,POINT(-46.647730537794914 -23.53823031823821),14.0,5.0,1908.0,30.0,9.0,1911.0
45,222.0,222,Livro de emplacamento 8. p. 99,Cintia,8/10/2018,POINT(-46.647730537794914 -23.53823031823821),13.0,5.0,1908.0,13.0,5.0,1908.0
395,21.0,21,Livro de emplacamento 30. p. 329,Cintia,8/10/2018,,21.0,4.0,1944.0,,,
395,1.0,1,Livro de emplacamento 30. p. 329,Cintia,8/10/2018,,20.0,4.0,1944.0,20.0,4.0,1944.0
395,107.0,107,Livro de emplacamento 30. p. 329,Cintia,8/10/2018,,21.0,4.0,1944.0,,,
395,27.0,27,Livro de emplacamento 30. p. 329,Cintia,8/10/2018,,20.0,4.0,1944.0,20.0,4.0,1944.0
395,179.0,179,Livro de emplacamento 30. p. 329,Cintia,8/10/2018,,21.0,4.0,1944.0,,,
395,55.0,55,Livro de emplacamento 30. p. 329,Cintia,8/10/2018,,20.0,4.0,1944.0,20.0,4.0,1944.0
169,29.0,29,Livro de emplacamento 20. p. 50,Cintia,8/10/2018,POINT(-46.650793707698014 -23.531923039053034),26.0,10.0,1935.0,,,
169,1.0,1,Livro de emplacamento 29. p. 50,Cintia,8/10/2018,POINT(-46.650793707698014 -23.531923039053034),19.0,1.0,1909.0,25.0,10.0,1935.0
169,139.0,139,Livro de emplacamento 20. p. 50,Cintia,8/10/2018,POINT(-46.65018342997936 -23.53274657281567),26.0,10.0,1935.0,,,
169,21.0,21,Livro de emplacamento 20. p. 50,Cintia,8/10/2018,POINT(-46.65018342997936 -23.53274657281567),19.0,1.0,1909.0,25.0,10.0,1935.0
169,41.0,41,Livro de emplacamento 1. p. 20,Cintia,8/10/2018,POINT(-46.65018342997936 -23.53274657281567),18.0,1.0,1909.0,18.0,1.0,1909.0
169,293.0,293,Livro de emplacamento 20. p. 50,Cintia,8/10/2018,POINT(-46.64934748178627 -23.53387640565018),26.0,10.0,1935.0,,,
169,49.0,49,Livro de emplacamento 20. p. 50,Cintia,8/10/2018,POINT(-46.64934748178627 -23.53387640565018),14.0,8.0,1930.0,25.0,10.0,1935.0
169,53.0,53,Livro de emplacamento 17. p. 71,Cintia,8/10/2018,POINT(-46.64934748178627 -23.53387640565018),13.0,8.0,1930.0,13.0,8.0,1930.0
257,47.0,47,Livro de emplacamento 22. p. 175,Cintia,8/10/2018,POINT(-46.62318486611049 -23.53434539691736),17.0,5.0,1937.0,,,
257,1.0,1,Livro de emplacamento 22. p. 175,Cintia,8/10/2018,POINT(-46.62318486611049 -23.53434539691736),25.0,6.0,1920.0,16.0,5.0,1937.0
257,479.0,479,Livro de emplacamento 22. p. 176,Cintia,8/10/2018,POINT(-46.622066813711854 -23.530600332728945),17.0,5.0,1937.0,,,
257,63.0,63,Livro de emplacamento 22. p. 176,Cintia,8/10/2018,POINT(-46.622066813711854 -23.530600332728945),23.0,4.0,1929.0,16.0,5.0,1937.0
257,59.0,59,Livro de emplacamento 22. p. 176,Cintia,8/10/2018,POINT(-46.622066813711854 -23.530600332728945),23.0,2.0,1923.0,23.0,4.0,1929.0
257,829.0,829,Livro de emplacamento 22. p. 176,Cintia,8/10/2018,POINT(-46.622066813711854 -23.530600332728945),17.0,5.0,1937.0,,,
257,139.0,139,Livro de emplacamento 22. p. 176,Cintia,8/10/2018,POINT(-46.622066813711854 -23.530600332728945),16.0,5.0,1937.0,16.0,5.0,1937.0
257,50.0,50,Livro de emplacamento 22. p. 176,Cintia,8/10/2018,POINT(-46.623180048236065 -23.534329880030512),17.0,5.0,1937.0,,,
257,2.0,2,Livro de emplacamento 22. p. 176,Cintia,8/10/2018,POINT(-46.623180048236065 -23.534329880030512),23.0,4.0,1929.0,16.0,5.0,1937.0
257,428.0,428,Livro de emplacamento 22. p. 176,Cintia,8/10/2018,POINT(-46.6221981009834 -23.531053793922656),17.0,5.0,1937.0,,,
257,58.0,58,Livro de emplacamento 22. p. 176,Cintia,8/10/2018,POINT(-46.6221981009834 -23.531053793922656),23.0,4.0,1929.0,16.0,5.0,1937.0
257,116.0,116,Livro de emplacamento 22. p. 176,Cintia,8/10/2018,POINT(-46.6221981009834 -23.531053793922656),23.0,4.0,1929.0,16.0,5.0,1937.0
257,108.0,108,Livro de emplacamento 22. p. 176,Cintia,8/10/2018,POINT(-46.6221981009834 -23.531053793922656),22.0,4.0,1929.0,22.0,4.0,1929.0
305,16.0,16,Livro de emplacamento 20. p. 207,Cintia,8/10/2018,POINT(-46.636764812126934 -23.537888321822958),2.0,3.0,1938.0,,,
305,,2,Livro de emplacamento 20. p. 207,Cintia,8/10/2018,POINT(-46.636764812126934 -23.537888321822958),13.0,8.0,1927.0,2.0,2.0,1938.0
305,242.0,242,Livro de emplacamento 24. p. 207,Cintia,8/10/2018,POINT(-46.634565656436436 -23.53785613940924),2.0,3.0,1938.0,,,
305,24.0,24,Livro de emplacamento 20. p. 207,Cintia,8/10/2018,POINT(-46.634565656436436 -23.53785613940924),13.0,8.0,1927.0,2.0,2.0,1938.0
305,32.0,32,Livro de emplacamento 11. p. 193,Cintia,8/10/2018,POINT(-46.634565656436436 -23.53785613940924),23.0,10.0,1922.0,8.0,12.0,1927.0
305,16.0,16,Livro de emplacamento 10. p. 64,Cintia,8/10/2018,POINT(-46.634565656436436 -23.53785613940924),22.0,3.0,1922.0,22.0,10.0,1922.0
305,6.0,6,Livro de emplacamento 10. p. 62,Cintia,8/10/2018,POINT(-46.634565656436436 -23.53785613940924),21.0,3.0,1922.0,21.0,3.0,1922.0
305,388.0,388,"Livro de emplacamento 24. p,207",Cintia,8/10/2018,POINT(-46.63313242205787 -23.537850447361755),2.0,3.0,1928.0,,,
305,52.0,52,Livro de emplacamento 24. p. 207,Cintia,8/10/2018,POINT(-46.63313242205787 -23.537850447361755),13.0,8.0,1927.0,2.0,2.0,1938.0
305,66.0,66,Livro de emplacamento 24. p. 207,Cintia,8/10/2018,POINT(-46.63313242205787 -23.537850447361755),8.0,12.0,1927.0,8.0,12.0,1927.0
305,37.0,37,Livro de emplacamento 20. p. 207,Cintia,8/10/2018,POINT(-46.636565065541824 -23.537886037921464),2.0,3.0,1938.0,,,
305,1.0,1,Livro de emplacamento 20. P. 207,Cintia,8/10/2018,POINT(-46.636565065541824 -23.537886037921464),3.0,1.0,1924.0,2.0,2.0,1938.0
305,273.0,273,Livro de emplacamento 20. p. 207,Cintia,8/10/2018,POINT(-46.634260390052034 -23.53786651791178),2.0,3.0,1938.0,,,
305,37.0,37,Livro de emplacamento 20. p. 207,Cintia,8/10/2018,POINT(-46.634260390052034 -23.53786651791178),13.0,8.0,1927.0,2.0,2.0,1938.0
305,29.0,29,Livro de emplacamento 11. p. 192,Cintia,8/10/2018,POINT(-46.634260390052034 -23.53786651791178),3.0,1.0,1924.0,8.0,12.0,1927.0
305,387.0,387,Livro de emplacamento 20. p. 207,Cintia,8/10/2018,POINT(-46.63313046368261 -23.537850426898935),2.0,3.0,1938.0,,,
305,57.0,57,Livro de emplacamento 20. p. 207,Cintia,8/10/2018,POINT(-46.63313046368261 -23.537850426898935),13.0,8.0,1927.0,2.0,2.0,1938.0
305,49.0,49,Livro de emplacamento 11. p. 192,Cintia,8/10/2018,POINT(-46.63313046368261 -23.537850426898935),3.0,1.0,1924.0,8.0,12.0,1927.0
308,97.0,97,Livro de emplacamento 20. p. 45,Cintia,8/10/2018,POINT(-46.64460598556338 -23.54076135776435),20.0,9.0,1935.0,,,
308,5.0,5,Livro de emplacamento 20. p. 45,Cintia,8/10/2018,POINT(-46.64460598556338 -23.54076135776435),19.0,9.0,1935.0,19.0,9.0,1935.0
308,185.0,185,Livro de emplacamento 20. p. 45,Cintia,8/10/2018,POINT(-46.644042785987736 -23.541358439823526),20.0,9.0,1935.0,,,
308,33.0,33,Livro de emplacamento 20. p. 45,Cintia,8/10/2018,POINT(-46.644042785987736 -23.541358439823526),19.0,9.0,1935.0,19.0,9.0,1935.0
308,2.0,2,Livro de emplacamento 20. p. 45,Cintia,8/10/2018,POINT(-46.64493232610692 -23.540417088706455),20.0,9.0,1935.0,,,
308,46.0,46,Livro de emplacamento 20.p. 45,Cintia,8/10/2018,POINT(-46.64493232610692 -23.540417088706455),19.0,9.0,1935.0,19.0,9.0,1935.0
308,192.0,192,Livro de emplacamento 20. p. 45,Cintia,8/10/2018,POINT(-46.64400254537727 -23.541401352169405),20.0,9.0,1935.0,,,
308,20.0,20,Livro de emplacamento 20. p. 45,Cintia,8/10/2018,POINT(-46.64400254537727 -23.541401352169405),19.0,9.0,1935.0,19.0,9.0,1935.0
465,35.0,35,Livro de emplacamento 39. p. 18. 19,Cintia,8/10/2018,POINT(-46.61454536668237 -23.55493447360449),8.0,11.0,1959.0,,,
465,1.0,1,Livro de emplacamento 39. p. 18. 19,Cintia,8/10/2018,POINT(-46.61454536668237 -23.55493447360449),28.0,4.0,1911.0,8.0,10.0,1959.0
465,97.0,97,Livro de emplacamento 39. p. 18. 19,Cintia,8/10/2018,POINT(-46.615155994022004 -23.554874758203894),8.0,11.0,1959.0,,,
465,21.0,21,Livro de emplacamento 39. p. 18. 19,Cintia,8/10/2018,POINT(-46.615155994022004 -23.554874758203894),8.0,10.0,1959.0,8.0,10.0,1959.0
465,139.0,139,Livro de emplacamento 39. p. 18. 19,Cintia,8/10/2018,POINT(-46.6155650266897 -23.554834757457083),8.0,11.0,1959.0,,,
465,31.0,31,Livro de emplacamento 39. p. 18. 19,Cintia,8/10/2018,POINT(-46.6155650266897 -23.554834757457083),8.0,10.0,1959.0,8.0,10.0,1959.0
465,14.0,14,Livro de emplacamento 39. p. 18. 19,Cintia,8/10/2018,POINT(-46.61435448477078 -23.55495314061967),8.0,11.0,1959.0,,,
465,2.0,2,Livro de emplacamento 39. p. 18. 19,Cintia,8/10/2018,POINT(-46.61435448477078 -23.55495314061967),20.0,4.0,1911.0,8.0,10.0,1959.0
465,90.0,90,Livro de emplacamento 39. p. 18. 19,Cintia,8/10/2018,POINT(-46.61508782191072 -23.55488142499503),8.0,11.0,1959.0,,,
465,36.0,36,Livro de emplacamento 39. p. 18. 19,Cintia,8/10/2018,POINT(-46.61508782191072 -23.55488142499503),8.0,10.0,1959.0,8.0,10.0,1959.0
465,721.0,721,"Livro de Emplacamento. n,19. p,269. n,4. p,87",Cintia,8/10/2018,POINT(-46.61560787773108 -23.554830566902655),16.0,5.0,1935.0,,,
465,135.0,135,"Livro de Emplacamento. n,19. p,269. n,4. p,87",Cintia,8/10/2018,POINT(-46.615606903843776 -23.55483066214253),24.0,8.0,1908.0,15.0,5.0,1935.0
417,39.0,39,"Livro de Emplacamento. n,21. p,37",Cintia,8/10/2018,POINT(-46.640080010763256 -23.554750147974026),15.0,4.0,1936.0,,,
417,9.0,9,"Livro de Emplacamento. n,21. p,37",Cintia,8/10/2018,POINT(-46.640080010763256 -23.554750147974026),6.0,3.0,1908.0,14.0,4.0,1936.0
417,7.0,7 tinta,"Livro de Emplacamento. n,21. p,37",Cintia,8/10/2018,POINT(-46.640080010763256 -23.554750147974026),6.0,2.0,1908.0,6.0,2.0,1908.0
417,135.0,135,"Livro de Emplacamento. n,21. p,37",Cintia,8/10/2018,POINT(-46.63963982987927 -23.553983797904046),15.0,4.0,1936.0,,,
417,35.0,35,"Livro de Emplacamento. n,21. p,37",Cintia,8/10/2018,POINT(-46.63963982987927 -23.553983797904046),6.0,3.0,1908.0,14.0,4.0,1936.0
417,183.0,183,"Livro de Emplacamento. n,21. p,37",Cintia,8/10/2018,POINT(-46.639431206976454 -23.553598995328493),15.0,4.0,1936.0,,,
417,47.0,47,"Livro de Emplacamento. n,21. p,37",Cintia,8/10/2018,POINT(-46.639431206976454 -23.553598995328493),6.0,3.0,1908.0,14.0,4.0,1936.0
417,18.0,18,"Livro de Emplacamento. n,21. p,37",Cintia,8/10/2018,POINT(-46.640169685669306 -23.55490627099759),15.0,4.0,1936.0,,,
417,2.0,2,"Livro de Emplacamento. n,21. p,37",Cintia,8/10/2018,POINT(-46.640169685669306 -23.55490627099759),6.0,3.0,1908.0,14.0,4.0,1936.0
417,104.0,104,"Livro de Emplacamento. n,21. p,37",Cintia,8/10/2018,POINT(-46.639777301055034 -23.554223133706667),15.0,4.0,1936.0,,,
417,30.0,30,"Livro de Emplacamento. n,21. p,37",Cintia,8/10/2018,POINT(-46.639777301055034 -23.554223133706667),6.0,3.0,1908.0,14.0,4.0,1936.0
417,316.0,316,"Livro de Emplacamento. n,21. p,37",Cintia,8/10/2018,POINT(-46.6388599390376 -23.55251883079634),15.0,4.0,1936.0,,,
417,86.0,86,"Livro de Emplacamento. n,21. p,37",Cintia,8/10/2018,POINT(-46.6388599390376 -23.55251883079634),6.0,3.0,1908.0,14.0,4.0,1936.0
282,14.0,14,"Livro de Emplacamento. n,23a. p,1",Cintia,8/10/2018,POINT(-46.615146394271456 -23.531699795497698),22.0,7.0,1937.0,,,
282,2.0,2,"Livro de Emplacamento. n,23a. p,1",Cintia,8/10/2018,POINT(-46.615146394271456 -23.531699795497698),5.0,9.0,1929.0,21.0,7.0,1937.0
282,4.0,4,"Livro de Emplacamento. n,23a. p,1",Cintia,8/10/2018,POINT(-46.615146394271456 -23.531699795497698),3.0,3.0,1913.0,5.0,8.0,1929.0
282,46.0,46,"Livro de Emplacamento. n,23a. p,1",Cintia,8/10/2018,POINT(-46.614937824933726 -23.53147729971919),22.0,7.0,1937.0,,,
282,14.0,14,"Livro de Emplacamento. n,23a. p,1",Cintia,8/10/2018,POINT(-46.614937824933726 -23.53147729971919),5.0,9.0,1929.0,21.0,7.0,1937.0
282,16.0,16,"Livro de Emplacamento. n,23a. p,1",Cintia,8/10/2018,POINT(-46.614937824933726 -23.53147729971919),3.0,3.0,1913.0,5.0,8.0,1929.0
282,8.0,8 tinta,"Livro de Emplacamento. n,23a. p,1",Cintia,8/10/2018,POINT(-46.614937824933726 -23.53147729971919),3.0,2.0,1913.0,3.0,2.0,1913.0
282,17.0,17,"Livro de Emplacamento. n,23a. p,1",Cintia,8/10/2018,POINT(-46.61513236208359 -23.531684826362753),22.0,7.0,1937.0,,,
282,1.0,1,"Livro de Emplacamento. n,23a. p,1",Cintia,8/10/2018,POINT(-46.61513236208359 -23.531684826362753),12.0,4.0,1923.0,21.0,7.0,1937.0
282,41.0,41,"Livro de Emplacamento. n,23a. p,1",Cintia,8/10/2018,POINT(-46.614972267576654 -23.53151404214133),22.0,7.0,1937.0,,,
282,13.0,13,"Livro de Emplacamento. n,23a. p,1",Cintia,8/10/2018,POINT(-46.614972267576654 -23.53151404214133),5.0,9.0,1929.0,21.0,7.0,1937.0
282,15.0,15,"Livro de Emplacamento. n,23a. p,1",Cintia,8/10/2018,POINT(-46.614972267576654 -23.53151404214133),12.0,4.0,1923.0,5.0,8.0,1929.0
215,16.0,16,"Livro de Emplacamento. n,27. p,305. 306. 307,308,309,310",Cintia,8/10/2018,POINT(-46.63338308292413 -23.534962396033123),10.0,11.0,1940.0,,,
215,2.0,2,"Livro de Emplacamento. n,27. p,305. 306. 307,308,309,310",Cintia,8/10/2018,POINT(-46.63338308292413 -23.534962396033123),2.0,5.0,1908.0,10.0,10.0,1940.0
215,214.0,214,"Livro de Emplacamento. n,27. p,305. 306. 307,308,309,310",Cintia,8/10/2018,POINT(-46.632847106843215 -23.53326971631641),11.0,10.0,1940.0,,,
215,20.0,20,"Livro de Emplacamento. n,27. p,305. 306. 307,308,309,310",Cintia,8/10/2018,POINT(-46.632847106843215 -23.53326971631641),2.0,5.0,1908.0,10.0,10.0,1940.0
215,440.0,440,"Livro de Emplacamento. n,27. p,305. 306. 307,308,309,310",Cintia,8/10/2018,POINT(-46.63223602883909 -23.53131759459898),11.0,10.0,1940.0,,,
215,60.0,60,"Livro de Emplacamento. n,27. p,305. 306. 307,308,309,310",Cintia,8/10/2018,POINT(-46.63223602883909 -23.53131759459898),2.0,5.0,1908.0,10.0,10.0,1940.0
215,890.0,890,"Livro de Emplacamento. n,27. p,305. 306. 307,308,309,310",Cintia,8/10/2018,POINT(-46.63082805734056 -23.527496925419918),11.0,10.0,1940.0,,,
215,98.0,98,"Livro de Emplacamento. n,27. p,305. 306. 307,308,309,310",Cintia,8/10/2018,POINT(-46.63082805734056 -23.527496925419918),5.0,6.0,1917.0,10.0,10.0,1940.0
215,100.0,100,"Livro de Emplacamento. n,27. p,305. 306. 307,308,309,310",Cintia,8/10/2018,POINT(-46.63082805734056 -23.527496925419918),2.0,5.0,1908.0,5.0,5.0,1917.0
215,94.0,94,"Livro de Emplacamento. n,27. p,305. 306. 307,308,309,310",Cintia,8/10/2018,POINT(-46.63082805734056 -23.527496925419918),2.0,4.0,1908.0,2.0,4.0,1908.0
215,1338.0,1338,"Livro de Emplacamento. n,27. p,305. 306. 307,308,309,310",Cintia,8/10/2018,POINT(-46.629562066675916 -23.52369318568992),11.0,10.0,1940.0,,,
215,182.0,182,"Livro de Emplacamento. n,27. p,305. 306. 307,308,309,310",Cintia,8/10/2018,POINT(-46.629562066675916 -23.52369318568992),5.0,6.0,1917.0,10.0,10.0,1940.0
215,190.0,190,"Livro de Emplacamento. n,27. p,305. 306. 307,308,309,310",Cintia,8/10/2018,POINT(-46.629562066675916 -23.52369318568992),2.0,5.0,1908.0,5.0,5.0,1917.0
215,182.0,182,"Livro de Emplacamento. n,27. p,305. 306. 307,308,309,310",Cintia,8/10/2018,POINT(-46.629562066675916 -23.52369318568992),2.0,5.0,1908.0,5.0,4.0,1908.0
215,1566.0,1566,"Livro de Emplacamento. n,27. p,305. 306. 307,308,309,310",Cintia,8/10/2018,POINT(-46.62927458232405 -23.521634492767255),11.0,10.0,1940.0,,,
215,256.0,256,"Livro de Emplacamento. n,27. p,305. 306. 307,308,309,310",Cintia,8/10/2018,POINT(-46.62927458232405 -23.521634492767255),5.0,6.0,1917.0,10.0,10.0,1940.0
215,264.0,264,"Livro de Emplacamento. n,27. p,305. 306. 307,308,309,310",Cintia,8/10/2018,POINT(-46.62927458232405 -23.521634492767255),2.0,5.0,1908.0,5.0,5.0,1917.0
215,250.0,250,"Livro de Emplacamento. n,27. p,305. 306. 307,308,309,310",Cintia,8/10/2018,POINT(-46.62927458232405 -23.521634492767255),5.0,4.0,1908.0,5.0,4.0,1908.0
215,141.0,141,"Livro de Emplacamento. n,27. p,305. 306. 307,308,309,310",Cintia,8/10/2018,POINT(-46.63304339513327 -23.533889619366278),10.0,11.0,1940.0,,,
215,1.0,1,"Livro de Emplacamento. n,27. p,305. 306. 307,308,309,310",Cintia,8/10/2018,POINT(-46.63304339513327 -23.533889619366278),10.0,10.0,1940.0,10.0,10.0,1940.0
215,273.0,273,"Livro de Emplacamento. n,27. p,305. 306. 307,308,309,310",Cintia,8/10/2018,POINT(-46.632683533268164 -23.532753130441527),11.0,10.0,1940.0,,,
215,3.0,3,"Livro de Emplacamento. n,27. p,305. 306. 307,308,309,310",Cintia,8/10/2018,POINT(-46.632683533268164 -23.532753130441527),2.0,5.0,1908.0,10.0,10.0,1940.0
215,679.0,679,"Livro de Emplacamento. n,27. p,305. 306. 307,308,309,310",Cintia,8/10/2018,POINT(-46.63153341010398 -23.52926879017129),11.0,10.0,1940.0,,,
215,9.0,9,"Livro de Emplacamento. n,27. p,305. 306. 307,308,309,310",Cintia,8/10/2018,POINT(-46.63153341010398 -23.52926879017129),2.0,5.0,1908.0,10.0,10.0,1940.0
215,3.0,3,"Livro de Emplacamento. n,27. p,305. 306. 307,308,309,310",Cintia,8/10/2018,POINT(-46.63153341010398 -23.52926879017129),5.0,4.0,1908.0,5.0,4.0,1908.0
215,939.0,939,"Livro de Emplacamento. n,27. p,305. 306. 307,308,309,310",Cintia,8/10/2018,POINT(-46.63066115596676 -23.52708903447255),11.0,10.0,1940.0,,,
215,33.0,33,"Livro de Emplacamento. n,27. p,305. 306. 307,308,309,310",Cintia,8/10/2018,POINT(-46.63066115596676 -23.52708903447255),,,,10.0,10.0,1940.0
215,1375.0,1375,"Livro de Emplacamento. n,27. p,305. 306. 307,308,309,310",Cintia,8/10/2018,POINT(-46.62950807541611 -23.52335519300594),11.0,10.0,1940.0,,,
215,91.0,91,"Livro de Emplacamento. n,27. p,305. 306. 307,308,309,310",Cintia,8/10/2018,POINT(-46.62950807541611 -23.52335519300594),2.0,5.0,1908.0,10.0,10.0,1940.0
215,75.0,75,"Livro de Emplacamento. n,27. p,305. 306. 307,308,309,310",Cintia,8/10/2018,POINT(-46.62950807541611 -23.52335519300594),,,,5.0,4.0,1908.0
215,1555.0,1555,"Livro de Emplacamento. n,27. p,305. 306. 307,308,309,310",Cintia,8/10/2018,POINT(-46.62928579637407 -23.521744099739784),11.0,10.0,1940.0,,,
215,157.1,157D,"Livro de Emplacamento. n,27. p,305. 306. 307,308,309,310",Cintia,8/10/2018,POINT(-46.62928579637407 -23.521744099739784),2.0,5.0,1908.0,10.0,10.0,1940.0
215,137.0,137,"Livro de Emplacamento. n,27. p,305. 306. 307,308,309,310",Cintia,8/10/2018,POINT(-46.62928579637407 -23.521744099739784),,,,5.0,4.0,1908.0
190,256.0,256,"Livros de Emplacamento L1. p,37",Cintia,8/10/2018,POINT(-46.64625616720299 -23.52195582957811),24.0,5.0,1937.0,,,
190,74.0,74,"Livros de Emplacamento L1. p,37",Cintia,8/10/2018,POINT(-46.64625616720299 -23.52195582957811),25.0,4.0,1909.0,23.0,5.0,1937.0
190,542.0,542,"Livros de Emplacamento L1. p,37",Cintia,8/10/2018,POINT(-46.64501673238558 -23.524257189554298),24.0,5.0,1937.0,,,
190,136.0,136,"Livros de Emplacamento L1. p,37",Cintia,8/10/2018,POINT(-46.64501673238558 -23.524257189554298),22.0,9.0,1930.0,23.0,5.0,1937.0
190,128.0,128,"Livros de Emplacamento L1. p,37",Cintia,8/10/2018,POINT(-46.64501673238558 -23.524257189554298),25.0,4.0,1909.0,21.0,9.0,1930.0
190,108.0,108,"Livros de Emplacamento L1. p,37",Cintia,8/10/2018,POINT(-46.64501673238558 -23.524257189554298),24.0,4.0,1909.0,24.0,4.0,1909.0
190,826.0,826,"Livros de Emplacamento L1. p,37",Cintia,8/10/2018,POINT(-46.64378596191502 -23.526542461729182),24.0,5.0,1937.0,,,
190,196.0,196,"Livros de Emplacamento L1. p,37",Cintia,8/10/2018,POINT(-46.64378596191502 -23.526542461729182),22.0,9.0,1930.0,23.0,5.0,1937.0
190,174.0,174,"Livros de Emplacamento L1. p,37",Cintia,8/10/2018,POINT(-46.64378596191502 -23.526542461729182),25.0,4.0,1909.0,21.0,9.0,1930.0
190,144.0,144,"Livros de Emplacamento L1. p,37",Cintia,8/10/2018,POINT(-46.64378596191502 -23.526542461729182),24.0,4.0,1909.0,24.0,4.0,1909.0
190,1014.0,1014,"Livros de Emplacamento L1. p,37",Cintia,8/10/2018,POINT(-46.642975412266864 -23.52804747554094),24.0,5.0,1937.0,,,
190,242.0,242,"Livros de Emplacamento L1. p,37",Cintia,8/10/2018,POINT(-46.642975412266864 -23.52804747554094),22.0,9.0,1930.0,23.0,5.0,1937.0
190,218.0,218,"Livros de Emplacamento L1. p,37",Cintia,8/10/2018,POINT(-46.642975412266864 -23.52804747554094),24.0,4.0,1909.0,21.0,9.0,1930.0
190,176.0,176,"Livros de Emplacamento L1. p,37",Cintia,8/10/2018,POINT(-46.642975412266864 -23.52804747554094),24.0,4.0,1909.0,24.0,4.0,1909.0
190,1246.0,1246,"Livros de Emplacamento L1. p,37",Cintia,8/10/2018,POINT(-46.641933085347716 -23.529886478976294),24.0,5.0,1937.0,,,
190,300.0,300,"Livros de Emplacamento L1. p,37",Cintia,8/10/2018,POINT(-46.641933085347716 -23.529886478976294),23.0,5.0,1937.0,23.0,5.0,1937.0
190,273.0,273,"Livros de Emplacamento L1. p,37",Cintia,8/10/2018,POINT(-46.646185119558794 -23.522087749548785),24.0,5.0,1937.0,,,
190,57.0,57,"Livros de Emplacamento L1. p,37",Cintia,8/10/2018,POINT(-46.646185119558794 -23.522087749548785),22.0,9.0,1930.0,23.0,5.0,1937.0
190,61.0,61,"Livros de Emplacamento L1. p,37",Cintia,8/10/2018,POINT(-46.646185119558794 -23.522087749548785),24.0,4.0,1909.0,21.0,9.0,1930.0
190,53.0,53,"Livros de Emplacamento L1. p,37",Cintia,8/10/2018,POINT(-46.646185119558794 -23.522087749548785),24.0,4.0,1909.0,24.0,4.0,1909.0
190,501.0,501,"Livros de Emplacamento L1. p,37",Cintia,8/10/2018,POINT(-46.645193051844046 -23.52392980279781),24.0,5.0,1937.0,,,
190,113.0,113,"Livros de Emplacamento L1. p,37",Cintia,8/10/2018,POINT(-46.645193051844046 -23.52392980279781),22.0,9.0,1930.0,23.0,5.0,1937.0
190,121.0,121,"Livros de Emplacamento L1. p,37",Cintia,8/10/2018,POINT(-46.645193051844046 -23.52392980279781),17.0,11.0,1911.0,21.0,9.0,1930.0
190,897.0,897,"Livros de Emplacamento L1. p,37",Cintia,8/10/2018,POINT(-46.64348270977514 -23.527105534774737),24.0,5.0,1937.0,,,
190,209.0,209,"Livros de Emplacamento L1. p,37",Cintia,8/10/2018,POINT(-46.64348270977514 -23.527105534774737),22.0,9.0,1930.0,23.0,5.0,1937.0
190,215.0,215,"Livros de Emplacamento L1. p,37",Cintia,8/10/2018,POINT(-46.64348270977514 -23.527105534774737),17.0,11.0,1911.0,21.0,9.0,1930.0
190,1117.0,1117,"Livros de Emplacamento L1. p,37",Cintia,8/10/2018,POINT(-46.642525227703125 -23.528880051279934),24.0,5.0,1937.0,,,
190,263.0,263,"Livros de Emplacamento L1. p,37",Cintia,8/10/2018,POINT(-46.642525227703125 -23.528880051279934),22.0,9.0,1930.0,23.0,5.0,1937.0
190,267.0,267,"Livros de Emplacamento L1. p,37",Cintia,8/10/2018,POINT(-46.642525227703125 -23.528880051279934),24.0,4.0,1909.0,21.0,9.0,1930.0
190,207.0,207,"Livros de Emplacamento L1. p,37",Cintia,8/10/2018,POINT(-46.642525227703125 -23.528880051279934),24.0,4.0,1909.0,24.0,4.0,1909.0
190,1219.0,1219,"Livros de Emplacamento L1. p,37",Cintia,8/10/2018,POINT(-46.64205034283041 -23.529687183693483),24.0,5.0,1937.0,,,
190,289.0,289,"Livros de Emplacamento L1. p,37",Cintia,8/10/2018,POINT(-46.64205034283041 -23.529687183693483),23.0,5.0,1937.0,23.0,5.0,1937.0
177,622.0,622,"Livros de Emplacamento L2. p,1",Cintia,8/10/2018,POINT(-46.65561771482938 -23.530146556239306),21.0,1.0,1936.0,,,
177,124.0,124,"Livros de Emplacamento L2. p,1",Cintia,8/10/2018,POINT(-46.65561771482938 -23.530146556239306),8.0,6.0,1929.0,20.0,1.0,1936.0
177,128.0,128,"Livros de Emplacamento L2. p,1",Cintia,8/10/2018,POINT(-46.65561771482938 -23.530146556239306),26.0,7.0,1911.0,8.0,5.0,1929.0
177,1082.0,1082,"Livros de Emplacamento L2. p,1",Cintia,8/10/2018,POINT(-46.65267432517287 -23.533280295643525),21.0,1.0,1936.0,,,
177,220.0,220,"Livros de Emplacamento L2. p,1",Cintia,8/10/2018,POINT(-46.65267432517287 -23.533280295643525),8.0,6.0,1929.0,20.0,1.0,1936.0
177,208.0,208,"Livros de Emplacamento L2. p,1",Cintia,8/10/2018,POINT(-46.65267432517287 -23.533280295643525),26.0,7.0,1911.0,8.0,5.0,1929.0
193,49.0,49,Livros de Emplacamento L8,Cintia,8/10/2018,POINT(-46.65410160504555 -23.516713703849206),23.0,5.0,1938.0,,,
193,3.0,3,Livros de Emplacamento L8,Cintia,8/10/2018,POINT(-46.65410160504555 -23.516713703849206),16.0,12.0,1922.0,22.0,5.0,1938.0
193,325.0,325,Livros de Emplacamento L8,Cintia,8/10/2018,POINT(-46.6528179850211 -23.51888393049682),23.0,5.0,1938.0,,,
193,55.0,55,Livros de Emplacamento L8,Cintia,8/10/2018,POINT(-46.6528179850211 -23.51888393049682),27.0,5.0,1915.0,22.0,5.0,1938.0
193,85.0,85 tinta,Livros de Emplacamento L8,Cintia,8/10/2018,POINT(-46.6528179850211 -23.51888393049682),26.0,5.0,1915.0,26.0,5.0,1915.0
193,607.0,607,Livros de Emplacamento L8,Cintia,8/10/2018,POINT(-46.651526731687184 -23.521109014694844),23.0,5.0,1938.0,,,
193,109.0,109,Livros de Emplacamento L8,Cintia,8/10/2018,POINT(-46.651526731687184 -23.521109014694844),27.0,5.0,1915.0,22.0,5.0,1938.0
193,931.0,931,Livros de Emplacamento L8,Cintia,8/10/2018,POINT(-46.65004800138714 -23.523657158685907),23.0,5.0,1938.0,,,
193,180.0,180 T,Livros de Emplacamento L8,Cintia,8/10/2018,POINT(-46.65004800138714 -23.523657158685907),22.0,5.0,1938.0,22.0,5.0,1938.0
193,110.0,110,Livros de Emplacamento L8,Cintia,8/10/2018,POINT(-46.65382135499465 -23.517182433857084),23.0,5.0,1938.0,,,
193,10.0,10,Livros de Emplacamento L8,Cintia,8/10/2018,POINT(-46.65382135499465 -23.517182433857084),27.0,5.0,1915.0,22.0,5.0,1938.0
193,346.0,346,Livros de Emplacamento L8,Cintia,8/10/2018,POINT(-46.65272768437971 -23.519039536314004),23.0,5.0,1938.0,,,
193,66.0,66,Livros de Emplacamento L8,Cintia,8/10/2018,POINT(-46.65272768437971 -23.519039536314004),27.0,5.0,1915.0,22.0,5.0,1938.0
193,752.0,752,Livros de Emplacamento L8,Cintia,8/10/2018,POINT(-46.65087170825297 -23.52223774927737),23.0,5.0,1938.0,,,
193,136.0,136,Livros de Emplacamento L8,Cintia,8/10/2018,POINT(-46.65087170825297 -23.52223774927737),27.0,5.0,1915.0,22.0,5.0,1938.0
193,164.0,164 tinta,Livros de Emplacamento L8,Cintia,8/10/2018,POINT(-46.65087170825297 -23.52223774927737),26.0,5.0,1915.0,26.0,5.0,1915.0
710,44.0,44,"Livros de Emplacamento L1. p,75",Cintia,8/10/2018,POINT(-46.65552882494127 -23.519581033463112),21.0,5.0,1947.0,,,
710,2.0,2A,"Livros de Emplacamento L1. p,75",Cintia,8/10/2018,POINT(-46.65552882494127 -23.519581033463112),20.0,5.0,1947.0,20.0,5.0,1947.0
710,242.0,242,"Livros de Emplacamento L1. p,75",Cintia,8/10/2018,POINT(-46.65546442662988 -23.52136716190374),21.0,5.0,1947.0,,,
710,16.0,16,"Livros de Emplacamento L1. p,75",Cintia,8/10/2018,POINT(-46.65546442662988 -23.52136716190374),2.0,2.0,1923.0,20.0,5.0,1947.0
710,350.0,350,"Livros de Emplacamento L1. p,75",Cintia,8/10/2018,POINT(-46.655429949460654 -23.522323408289164),21.0,5.0,1947.0,,,
710,40.0,40,"Livros de Emplacamento L1. p,75",Cintia,8/10/2018,POINT(-46.655429949460654 -23.522323408289164),2.0,2.0,1923.0,20.0,5.0,1947.0
710,30.0,30,"Livros de Emplacamento L1. p,75",Cintia,8/10/2018,POINT(-46.655429949460654 -23.522323408289164),2.0,1.0,1923.0,2.0,1.0,1923.0
710,444.0,444,"Livros de Emplacamento L1. p,75",Cintia,8/10/2018,POINT(-46.655399220512265 -23.52317569536746),21.0,5.0,1947.0,,,
710,54.0,54,"Livros de Emplacamento L1. p,75",Cintia,8/10/2018,POINT(-46.655399220512265 -23.52317569536746),2.0,2.0,1923.0,20.0,5.0,1947.0
710,38.0,38,"Livros de Emplacamento L1. p,75",Cintia,8/10/2018,POINT(-46.655399220512265 -23.52317569536746),2.0,1.0,1923.0,2.0,1.0,1923.0
710,728.0,728,"Livros de Emplacamento L1. p,75",Cintia,8/10/2018,POINT(-46.65530793841006 -23.52570746297648),21.0,5.0,1947.0,,,
710,80.0,80,"Livros de Emplacamento L1. p,75",Cintia,8/10/2018,POINT(-46.65530793841006 -23.52570746297648),20.0,5.0,1947.0,20.0,5.0,1947.0
710,155.0,155,"Livros de Emplacamento L1. p,75",Cintia,8/10/2018,POINT(-46.65549286140862 -23.52057850509102),21.0,5.0,1947.0,,,
710,15.0,15,"Livros de Emplacamento L1. p,75",Cintia,8/10/2018,POINT(-46.65549286140862 -23.52057850509102),2.0,2.0,1923.0,20.0,5.0,1947.0
710,333.0,333,"Livros de Emplacamento L1. p,75",Cintia,8/10/2018,POINT(-46.655435345606165 -23.522173742734932),21.0,5.0,1947.0,,,
710,87.0,87,"Livros de Emplacamento L1. p,75",Cintia,8/10/2018,POINT(-46.655435345606165 -23.522173742734932),20.0,5.0,1947.0,20.0,5.0,1947.0
710,365.0,361,"Livros de Emplacamento L1. p,75",Cintia,8/10/2018,POINT(-46.65542468256414 -23.522469489039704),21.0,5.0,1947.0,,,
710,97.0,97,"Livros de Emplacamento L1. p,75",Cintia,8/10/2018,POINT(-46.65542468256414 -23.522469489039704),20.0,5.0,1947.0,20.0,5.0,1947.0
716,11.0,11,Livros de Emplacamento L1. p45,Cintia,8/10/2018,POINT(-46.652920770918286 -23.518805750927253),28.0,10.0,1935.0,,,
716,1.0,1,Livros de Emplacamento L1. p45,Cintia,8/10/2018,POINT(-46.652920770918286 -23.518805750927253),24.0,4.0,1912.0,27.0,10.0,1935.0
716,107.0,107,Livros de Emplacamento L1. p45,Cintia,8/10/2018,POINT(-46.65289646305157 -23.51966538428931),28.0,10.0,1935.0,,,
716,27.0,27,Livros de Emplacamento L1. p45,Cintia,8/10/2018,POINT(-46.65289646305157 -23.51966538428931),9.0,1.0,1930.0,27.0,10.0,1935.0
716,21.0,21,Livros de Emplacamento L1. p45,Cintia,8/10/2018,POINT(-46.65289646305157 -23.51966538428931),24.0,4.0,1912.0,31.0,8.0,1930.0
716,223.0,223,Livros de Emplacamento L1. p45,Cintia,8/10/2018,POINT(-46.65286700972401 -23.520706983837503),28.0,10.0,1935.0,,,
716,49.0,49,Livros de Emplacamento L1. p45,Cintia,8/10/2018,POINT(-46.65286700972401 -23.520706983837503),9.0,1.0,1930.0,27.0,10.0,1935.0
716,41.0,41,Livros de Emplacamento L1. p45,Cintia,8/10/2018,POINT(-46.65286700972401 -23.520706983837503),24.0,4.0,1912.0,31.0,8.0,1930.0
716,497.0,497,Livros de Emplacamento L1. p45,Cintia,8/10/2018,POINT(-46.65279781214722 -23.523154115306138),28.0,10.0,1935.0,,,
716,111.0,111,Livros de Emplacamento L1. p45,Cintia,8/10/2018,POINT(-46.65279781214722 -23.523154115306138),9.0,1.0,1930.0,27.0,10.0,1935.0
716,81.0,81 tinta,Livros de Emplacamento L1. p45,Cintia,8/10/2018,POINT(-46.65279781214722 -23.523154115306138),31.0,8.0,1930.0,31.0,8.0,1930.0
716,979.0,979,Livros de Emplacamento L1. p45,Cintia,8/10/2018,POINT(-46.65267568983038 -23.527472898974963),28.0,10.0,1935.0,,,
716,193.0,193,Livros de Emplacamento L1. p45,Cintia,8/10/2018,POINT(-46.65267568983038 -23.527472898974963),9.0,1.0,1930.0,27.0,10.0,1935.0
716,123.0,123,Livros de Emplacamento L1. p45,Cintia,8/10/2018,POINT(-46.65267568983038 -23.527472898974963),31.0,8.0,1930.0,31.0,8.0,1930.0
716,10.0,10,Livros de Emplacamento L1. p45,Cintia,8/10/2018,POINT(-46.65292122716605 -23.518789615994493),28.0,10.0,1935.0,,,
716,2.0,2,Livros de Emplacamento L1. p45,Cintia,8/10/2018,POINT(-46.65292122716605 -23.518789615994493),24.0,4.0,1912.0,27.0,10.0,1935.0
716,162.0,162,Livros de Emplacamento L1. p45,Cintia,8/10/2018,POINT(-46.65288239541233 -23.52016287804942),28.0,10.0,1935.0,,,
716,30.0,30,Livros de Emplacamento L1. p45,Cintia,8/10/2018,POINT(-46.65288239541233 -23.52016287804942),9.0,1.0,1930.0,27.0,10.0,1935.0
716,20.0,20,Livros de Emplacamento L1. p45,Cintia,8/10/2018,POINT(-46.65288239541233 -23.52016287804942),24.0,4.0,1912.0,31.0,8.0,1930.0
716,256.0,256,Livros de Emplacamento L1. p45,Cintia,8/10/2018,POINT(-46.65285882261144 -23.520996516242032),28.0,10.0,1935.0,,,
716,46.0,46,Livros de Emplacamento L1. p45,Cintia,8/10/2018,POINT(-46.65285882261144 -23.520996516242032),9.0,1.0,1930.0,27.0,10.0,1935.0
716,36.0,36,Livros de Emplacamento L1. p45,Cintia,8/10/2018,POINT(-46.65285882261144 -23.520996516242032),24.0,4.0,1912.0,31.0,8.0,1930.0
716,584.0,584,Livros de Emplacamento L1. p45,Cintia,8/10/2018,POINT(-46.65277568413091 -23.52393665954501),28.0,10.0,1935.0,,,
716,106.0,106,Livros de Emplacamento L1. p45,Cintia,8/10/2018,POINT(-46.65277568413091 -23.52393665954501),9.0,1.0,1930.0,27.0,10.0,1935.0
716,64.0,64,Livros de Emplacamento L1. p45,Cintia,8/10/2018,POINT(-46.65277568413091 -23.52393665954501),31.0,8.0,1930.0,31.0,8.0,1930.0
716,888.0,888,Livros de Emplacamento L1. p45,Cintia,8/10/2018,POINT(-46.65269840082994 -23.526669737877565),28.0,10.0,1935.0,,,
716,166.0,166,Livros de Emplacamento L1. p45,Cintia,8/10/2018,POINT(-46.65269840082994 -23.526669737877565),9.0,1.0,1930.0,27.0,10.0,1935.0
716,88.0,88 tinta,Livros de Emplacamento L1. p45,Cintia,8/10/2018,POINT(-46.65269840082994 -23.526669737877565),31.0,8.0,1930.0,31.0,8.0,1930.0
703,64.0,64,"Livros de Emplacamento L2. p,67",Cintia,8/10/2018,POINT(-46.65509689111892 -23.51968241458398),22.0,11.0,1935.0,,,
703,2.0,2,"Livros de Emplacamento L2. p,67",Cintia,8/10/2018,POINT(-46.65509689111892 -23.51968241458398),21.0,11.0,1935.0,21.0,11.0,1935.0
703,270.0,270,"Livros de Emplacamento L2. p,67",Cintia,8/10/2018,POINT(-46.65306558878056 -23.519657508304096),22.0,11.0,1935.0,,,
703,28.0,28,"Livros de Emplacamento L2. p,67",Cintia,8/10/2018,POINT(-46.65306558878056 -23.519657508304096),26.0,12.0,1925.0,21.0,11.0,1935.0
703,10.0,10,"Livros de Emplacamento L2. p,67",Cintia,8/10/2018,POINT(-46.65306558878056 -23.519657508304096),25.0,12.0,1925.0,25.0,12.0,1925.0
703,336.0,336,"Livros de Emplacamento L2. p,67",Cintia,8/10/2018,POINT(-46.65243417190911 -23.519649766352035),22.0,11.0,1935.0,,,
703,40.0,40,"Livros de Emplacamento L2. p,67",Cintia,8/10/2018,POINT(-46.65243417190911 -23.519649766352035),21.0,11.0,1935.0,21.0,11.0,1935.0
703,105.0,105,"Livros de Emplacamento L2. p,67",Cintia,8/10/2018,POINT(-46.654693567473906 -23.519677469337083),22.0,11.0,1935.0,,,
703,1.0,1,"Livros de Emplacamento L2. p,67",Cintia,8/10/2018,POINT(-46.654693567473906 -23.519677469337083),21.0,11.0,1935.0,21.0,11.0,1935.0
703,211.0,211,"Livros de Emplacamento L2. p,67",Cintia,8/10/2018,POINT(-46.65365001648947 -23.519664674110885),22.0,11.0,1935.0,,,
703,21.0,21,"Livros de Emplacamento L2. p,67",Cintia,8/10/2018,POINT(-46.65365001648947 -23.519664674110885),21.0,11.0,1935.0,21.0,11.0,1935.0
703,307.0,307,"Livros de Emplacamento L2. p,67",Cintia,8/10/2018,POINT(-46.65270925429807 -23.519653139202468),22.0,11.0,1935.0,,,
703,39.0,39,"Livros de Emplacamento L2. p,67",Cintia,8/10/2018,POINT(-46.65270925429807 -23.519653139202468),21.0,11.0,1935.0,21.0,11.0,1935.0
714,15.0,15,"Livros de Emplacamento L2. p,34",Cintia,8/10/2018,POINT(-46.65161987892155 -23.525528708925947),25.0,5.0,1942.0,,,
714,1.0,1,"Livros de Emplacamento L2. p,34",Cintia,8/10/2018,POINT(-46.65161987892155 -23.525528708925947),24.0,4.0,1912.0,24.0,5.0,1942.0
714,79.0,79,"Livros de Emplacamento L2. p,34",Cintia,8/10/2018,POINT(-46.65159825520038 -23.526098655183247),25.0,5.0,1942.0,,,
714,31.0,31,"Livros de Emplacamento L2. p,34",Cintia,8/10/2018,POINT(-46.65159825520038 -23.526098655183247),24.0,4.0,1912.0,24.0,5.0,1942.0
714,271.0,271,"Livros de Emplacamento L2. p,34",Cintia,8/10/2018,POINT(-46.65153297604215 -23.527819247658112),25.0,5.0,1942.0,,,
714,57.0,57,"Livros de Emplacamento L2. p,34",Cintia,8/10/2018,POINT(-46.65153297604215 -23.527819247658112),24.0,4.0,1912.0,24.0,5.0,1942.0
714,110.0,110,"Livros de Emplacamento L2. p,34",Cintia,8/10/2018,POINT(-46.651587681336736 -23.5263773553185),25.0,5.0,1942.0,,,
714,2.1,2A,"Livros de Emplacamento L2. p,34",Cintia,8/10/2018,POINT(-46.651587681336736 -23.5263773553185),24.0,5.0,1942.0,24.0,5.0,1942.0
714,258.0,258,"Livros de Emplacamento L2. p,34",Cintia,8/10/2018,POINT(-46.651537701981205 -23.52769468393207),25.0,5.0,1942.0,,,
714,36.0,36,"Livros de Emplacamento L2. p,34",Cintia,8/10/2018,POINT(-46.651537701981205 -23.52769468393207),24.0,5.0,1942.0,24.0,5.0,1942.0
695,202.0,202,"Livros de Emplacamento L24. p,278",Cintia,8/10/2018,POINT(-46.644445283002526 -23.519236470575297),4.0,11.0,1938.0,,,
695,3.0,3,"Livros de Emplacamento L24. p,278",Cintia,8/10/2018,POINT(-46.644445283002526 -23.519236470575297),30.0,9.0,1916.0,4.0,10.0,1938.0
695,15.0,15,"Livros de Emplacamento L24. p,278",Cintia,8/10/2018,POINT(-46.644445283002526 -23.519236470575297),24.0,4.0,1909.0,29.0,9.0,1916.0
695,200.0,200,"Livros de Emplacamento L24. p,278",Cintia,8/10/2018,POINT(-46.64446381530929 -23.51924463149622),4.0,11.0,1938.0,,,
695,5.0,5,"Livros de Emplacamento L24. p,278",Cintia,8/10/2018,POINT(-46.64446381530929 -23.51924463149622),30.0,9.0,1916.0,4.0,10.0,1938.0
695,17.0,17,"Livros de Emplacamento L24. p,278",Cintia,8/10/2018,POINT(-46.64446381530929 -23.51924463149622),24.0,4.0,1909.0,29.0,9.0,1916.0
695,190.0,190,"Livros de Emplacamento L24. p,278",Cintia,8/10/2018,POINT(-46.644556476843114 -23.51928543610085),4.0,11.0,1938.0,,,
695,7.0,7,"Livros de Emplacamento L24. p,278",Cintia,8/10/2018,POINT(-46.644556476843114 -23.51928543610085),4.0,10.0,1938.0,4.0,10.0,1938.0
695,217.0,217,"Livros de Emplacamento L24. p,278",Cintia,8/10/2018,POINT(-46.644398570627935 -23.51921590022752),4.0,11.0,1938.0,,,
695,4.0,4,"Livros de Emplacamento L24. p,278",Cintia,8/10/2018,POINT(-46.644398570627935 -23.51921590022752),30.0,9.0,1916.0,4.0,10.0,1938.0
695,10.0,10,"Livros de Emplacamento L24. p,278",Cintia,8/10/2018,POINT(-46.644398570627935 -23.51921590022752),24.0,4.0,1909.0,29.0,9.0,1916.0
695,2.0,2,"Livros de Emplacamento L24. p,278",Cintia,8/10/2018,POINT(-46.644398570627935 -23.51921590022752),23.0,4.0,1909.0,23.0,4.0,1909.0
695,185.0,185,"Livros de Emplacamento L24. p,278",Cintia,8/10/2018,POINT(-46.64458824651186 -23.51929942625101),4.0,11.0,1938.0,,,
695,10.0,10,"Livros de Emplacamento L24. p,278",Cintia,8/10/2018,POINT(-46.64458824651186 -23.51929942625101),30.0,9.0,1916.0,4.0,10.0,1938.0
695,20.0,20,"Livros de Emplacamento L24. p,278",Cintia,8/10/2018,POINT(-46.64458824651186 -23.51929942625101),24.0,4.0,1909.0,29.0,9.0,1916.0
695,8.0,8,"Livros de Emplacamento L24. p,278",Cintia,8/10/2018,POINT(-46.64458824651186 -23.51929942625101),23.0,4.0,1909.0,23.0,4.0,1909.0
695,65.0,65,"Livros de Emplacamento L24. p,278",Cintia,8/10/2018,POINT(-46.645655177887065 -23.519769262127177),4.0,11.0,1938.0,,,
695,20.0,20,"Livros de Emplacamento L24. p,278",Cintia,8/10/2018,POINT(-46.645655177887065 -23.519769262127177),30.0,9.0,1916.0,4.0,10.0,1938.0
695,96.0,96 tinta,"Livros de Emplacamento L24. p,278",Cintia,8/10/2018,POINT(-46.645655177887065 -23.519769262127177),29.0,9.0,1916.0,29.0,9.0,1916.0
713,36.0,36,"Livros de Emplacamento L2. p,71",Cintia,8/10/2018,POINT(-46.65425385471742 -23.518844942540348),20.0,5.0,1942.0,,,
713,2.0,2,"Livros de Emplacamento L2. p,71",Cintia,8/10/2018,POINT(-46.65425385471742 -23.518844942540348),27.0,8.0,1930.0,19.0,5.0,1942.0
713,524.0,524,"Livros de Emplacamento L2. p,71",Cintia,8/10/2018,POINT(-46.65411228455161 -23.523226033196224),20.0,5.0,1942.0,,,
713,76.0,76,"Livros de Emplacamento L2. p,71",Cintia,8/10/2018,POINT(-46.65411228455161 -23.523226033196224),27.0,8.0,1930.0,19.0,5.0,1942.0
713,30.0,30,"Livros de Emplacamento L2. p,71",Cintia,8/10/2018,POINT(-46.65411228455161 -23.523226033196224),26.0,8.0,1930.0,26.0,8.0,1930.0
713,802.0,802,"Livros de Emplacamento L2. p,71",Cintia,8/10/2018,POINT(-46.65403205759594 -23.52570877074057),20.0,5.0,1942.0,,,
713,122.0,122,"Livros de Emplacamento L2. p,71",Cintia,8/10/2018,POINT(-46.65403205759594 -23.52570877074057),27.0,8.0,1930.0,19.0,5.0,1942.0
713,64.0,64,"Livros de Emplacamento L2. p,71",Cintia,8/10/2018,POINT(-46.65403205759594 -23.52570877074057),10.0,11.0,1907.0,26.0,8.0,1930.0
713,970.0,970,"Livros de Emplacamento L2. p,71",Cintia,8/10/2018,POINT(-46.65398313942695 -23.527222613236024),20.0,5.0,1942.0,,,
713,162.0,162,"Livros de Emplacamento L2. p,71",Cintia,8/10/2018,POINT(-46.65398313942695 -23.527222613236024),27.0,8.0,1930.0,19.0,5.0,1942.0
713,90.0,90,"Livros de Emplacamento L2. p,71",Cintia,8/10/2018,POINT(-46.65398313942695 -23.527222613236024),10.0,11.0,1907.0,26.0,8.0,1930.0
713,157.0,157,"Livros de Emplacamento L2. p,71",Cintia,8/10/2018,POINT(-46.65421904143196 -23.51992228930147),20.0,5.0,1942.0,,,
713,13.0,13,"Livros de Emplacamento L2. p,71",Cintia,8/10/2018,POINT(-46.65421904143196 -23.51992228930147),27.0,8.0,1930.0,19.0,5.0,1942.0
713,9.0,9,"Livros de Emplacamento L2. p,71",Cintia,8/10/2018,POINT(-46.65421904143196 -23.51992228930147),26.0,8.0,1930.0,26.0,8.0,1930.0
713,597.0,597,"Livros de Emplacamento L2. p,71",Cintia,8/10/2018,POINT(-46.654091460298496 -23.523870469403583),20.0,5.0,1942.0,,,
713,77.0,77,"Livros de Emplacamento L2. p,71",Cintia,8/10/2018,POINT(-46.654091460298496 -23.523870469403583),27.0,8.0,1930.0,19.0,5.0,1942.0
713,45.0,45,"Livros de Emplacamento L2. p,71",Cintia,8/10/2018,POINT(-46.654091460298496 -23.523870469403583),10.0,11.0,1907.0,26.0,8.0,1930.0
713,721.0,721,"Livros de Emplacamento L2. p,71",Cintia,8/10/2018,POINT(-46.65405525679865 -23.524990838331536),20.0,5.0,1942.0,,,
713,105.0,105,"Livros de Emplacamento L2. p,71",Cintia,8/10/2018,POINT(-46.65405525679865 -23.524990838331536),27.0,8.0,1930.0,19.0,5.0,1942.0
713,69.0,69,"Livros de Emplacamento L2. p,71",Cintia,8/10/2018,POINT(-46.65405525679865 -23.524990838331536),10.0,11.0,1907.0,26.0,8.0,1930.0
713,959.0,959,"Livros de Emplacamento L2. p,71",Cintia,8/10/2018,POINT(-46.65398649911174 -23.52711864299951),20.0,5.0,1942.0,,,
713,145.0,145,"Livros de Emplacamento L2. p,71",Cintia,8/10/2018,POINT(-46.65398649911174 -23.52711864299951),27.0,8.0,1930.0,19.0,5.0,1942.0
713,103.0,103,"Livros de Emplacamento L2. p,71",Cintia,8/10/2018,POINT(-46.65398649911174 -23.52711864299951),26.0,8.0,1930.0,26.0,8.0,1930.0
697,18.0,18,"Livros de Emplacamento L1. p,16",Cintia,8/10/2018,POINT(-46.64140934976307 -23.52443011771869),5.0,12.0,1937.0,,,
697,2.0,2,"Livros de Emplacamento L1. p,16",Cintia,8/10/2018,POINT(-46.64140934976307 -23.52443011771869),24.0,4.0,1909.0,5.0,11.0,1937.0
697,128.0,128,"Livros de Emplacamento L1. p,16",Cintia,8/10/2018,POINT(-46.6414079947012 -23.525418246163884),5.0,12.0,1937.0,,,
697,32.0,32,"Livros de Emplacamento L1. p,16",Cintia,8/10/2018,POINT(-46.6414079947012 -23.525418246163884),9.0,4.0,1930.0,5.0,11.0,1937.0
697,30.0,30,"Livros de Emplacamento L1. p,16",Cintia,8/10/2018,POINT(-46.6414079947012 -23.525418246163884),24.0,4.0,1909.0,9.0,3.0,1930.0
697,226.0,226,"Livros de Emplacamento L1. p,16",Cintia,8/10/2018,POINT(-46.641407113436834 -23.526060875404816),5.0,12.0,1937.0,,,
697,60.0,60,"Livros de Emplacamento L1. p,16",Cintia,8/10/2018,POINT(-46.641407113436834 -23.526060875404816),9.0,4.0,1930.0,5.0,11.0,1937.0
697,58.0,58,"Livros de Emplacamento L1. p,16",Cintia,8/10/2018,POINT(-46.641407113436834 -23.526060875404816),24.0,4.0,1909.0,9.0,3.0,1930.0
697,79.0,79,"Livros de Emplacamento L1. p,16",Cintia,8/10/2018,POINT(-46.641408604602006 -23.52497349869672),5.0,12.0,1937.0,,,
697,3.0,3,"Livros de Emplacamento L1. p,16",Cintia,8/10/2018,POINT(-46.641408604602006 -23.52497349869672),9.0,4.0,1930.0,5.0,11.0,1937.0
697,7.0,7,"Livros de Emplacamento L1. p,16",Cintia,8/10/2018,POINT(-46.641408604602006 -23.52497349869672),24.0,4.0,1909.0,9.0,3.0,1930.0
697,137.0,137,"Livros de Emplacamento L1. p,16",Cintia,8/10/2018,POINT(-46.64140789018191 -23.525494462967735),5.0,12.0,1937.0,,,
697,27.0,27,"Livros de Emplacamento L1. p,16",Cintia,8/10/2018,POINT(-46.64140789018191 -23.525494462967735),9.0,4.0,1930.0,5.0,11.0,1937.0
697,31.0,31,"Livros de Emplacamento L1. p,16",Cintia,8/10/2018,POINT(-46.64140789018191 -23.525494462967735),24.0,4.0,1909.0,9.0,3.0,1930.0
697,225.0,225,"Livros de Emplacamento L1. p,16",Cintia,8/10/2018,POINT(-46.641407113436834 -23.526060875404816),5.0,12.0,1937.0,,,
697,57.0,57,"Livros de Emplacamento L1. p,16",Cintia,8/10/2018,POINT(-46.641407113436834 -23.526060875404816),9.0,4.0,1930.0,5.0,11.0,1937.0
697,61.0,61,"Livros de Emplacamento L1. p,16",Cintia,8/10/2018,POINT(-46.641407113436834 -23.526060875404816),24.0,4.0,1909.0,9.0,3.0,1930.0
697,249.0,249,"Livros de Emplacamento L1. p,16",Cintia,8/10/2018,POINT(-46.641407113436834 -23.526060875404816),5.0,12.0,1937.0,,,
697,61.1,61A,"Livros de Emplacamento L1. p,16",Cintia,8/10/2018,POINT(-46.641407113436834 -23.526060875404816),9.0,4.0,1930.0,5.0,11.0,1937.0
697,67.1,67B,"Livros de Emplacamento L1. p,16",Cintia,8/10/2018,POINT(-46.641407113436834 -23.526060875404816),9.0,3.0,1930.0,9.0,3.0,1930.0
213,40.0,40,"Livro de Emplacamentos L8. p,26",Cintia,8/10/2018,POINT(-46.63095393613239 -23.528958496013463),4.0,2.0,1937.0,,,
213,2.0,2,"Livro de Emplacamentos L8. p,26",Cintia,8/10/2018,POINT(-46.63095393613239 -23.528958496013463),26.0,7.0,1907.0,4.0,1.0,1937.0
213,322.0,322,"Livro de Emplacamentos L8. p,26",Cintia,8/10/2018,POINT(-46.6283393949772 -23.529732265904702),4.0,2.0,1937.0,,,
213,58.0,58,"Livro de Emplacamentos L8. p,26",Cintia,8/10/2018,POINT(-46.6283393949772 -23.529732265904702),26.0,7.0,1907.0,4.0,1.0,1937.0
213,400.0,400,"Livro de Emplacamentos L8. p,26",Cintia,8/10/2018,POINT(-46.62761826312649 -23.529955114416435),4.0,2.0,1937.0,,,
213,78.0,78,"Livro de Emplacamentos L8. p,26",Cintia,8/10/2018,POINT(-46.62761826312649 -23.529955114416435),26.0,7.0,1907.0,4.0,1.0,1937.0
213,450.0,450,"Livro de Emplacamentos L8. p,26",Cintia,8/10/2018,POINT(-46.62714586143793 -23.53010109883403),4.0,2.0,1937.0,,,
213,88.0,88,"Livro de Emplacamentos L8. p,26",Cintia,8/10/2018,POINT(-46.62714586143793 -23.53010109883403),4.0,1.0,1937.0,4.0,1.0,1937.0
213,63.0,63,"Livro de Emplacamentos L8. p,26",Cintia,8/10/2018,POINT(-46.630745901406996 -23.52901888627832),4.0,2.0,1937.0,,,
213,1.0,1,"Livro de Emplacamentos L8. p,26",Cintia,8/10/2018,POINT(-46.630745901406996 -23.52901888627832),26.0,7.0,1907.0,4.0,1.0,1937.0
213,219.0,219,"Livro de Emplacamentos L8. p,26",Cintia,8/10/2018,POINT(-46.62928312809121 -23.529443513790863),4.0,2.0,1937.0,,,
213,49.0,49,"Livro de Emplacamentos L8. p,26",Cintia,8/10/2018,POINT(-46.62928312809121 -23.529443513790863),26.0,7.0,1907.0,4.0,1.0,1937.0
213,33.0,33,"Livro de Emplacamentos L8. p,26",Cintia,8/10/2018,POINT(-46.62928312809121 -23.529443513790863),25.0,7.0,1907.0,25.0,7.0,1907.0
213,369.0,369,"Livro de Emplacamentos L8. p,26",Cintia,8/10/2018,POINT(-46.62789390811962 -23.52986993293898),4.0,2.0,1937.0,,,
213,85.0,85,"Livro de Emplacamentos L8. p,26",Cintia,8/10/2018,POINT(-46.62789390811962 -23.52986993293898),23.0,3.0,1912.0,4.0,1.0,1937.0
213,81.0,81,"Livro de Emplacamentos L8. p,26",Cintia,8/10/2018,POINT(-46.62789390811962 -23.52986993293898),26.0,7.0,1907.0,22.0,3.0,1912.0
213,53.0,53,"Livro de Emplacamentos L8. p,26",Cintia,8/10/2018,POINT(-46.62789390811962 -23.52986993293898),25.0,7.0,1907.0,25.0,7.0,1907.0
711,33.0,33,"Livro de Emplacamentos L4. p,67",Cintia,8/10/2018,POINT(-46.65495641327996 -23.52661521801796),29.0,5.0,1942.0,,,
711,1.0,1,"Livro de Emplacamentos L4. p,67",Cintia,8/10/2018,POINT(-46.65495641327996 -23.52661521801796),28.0,5.0,1942.0,28.0,5.0,1942.0
711,231.0,231,"Livro de Emplacamentos L4. p,67",Cintia,8/10/2018,POINT(-46.65300598133824 -23.526616399126347),29.0,5.0,1942.0,,,
711,11.0,11,"Livro de Emplacamentos L4. p,67",Cintia,8/10/2018,POINT(-46.65300598133824 -23.526616399126347),28.0,5.0,1942.0,28.0,5.0,1942.0
711,521.0,521,"Livro de Emplacamentos L4. p,67",Cintia,8/10/2018,POINT(-46.65019124441345 -23.526944626448845),29.0,5.0,1942.0,,,
711,59.0,59,"Livro de Emplacamentos L4. p,67",Cintia,8/10/2018,POINT(-46.65019124441345 -23.526944626448845),12.0,12.0,1907.0,28.0,5.0,1942.0
711,35.0,35,"Livro de Emplacamentos L4. p,67",Cintia,8/10/2018,POINT(-46.65019124441345 -23.526944626448845),11.0,12.0,1907.0,11.0,12.0,1907.0
711,565.0,565,"Livro de Emplacamentos L4. p,67",Cintia,8/10/2018,POINT(-46.64976162091344 -23.52694487551638),29.0,5.0,1942.0,,,
711,63.0,63,"Livro de Emplacamentos L4. p,67",Cintia,8/10/2018,POINT(-46.64976162091344 -23.52694487551638),12.0,12.0,1907.0,28.0,5.0,1942.0
711,621.0,621,"Livro de Emplacamentos L4. p,67",Cintia,8/10/2018,POINT(-46.64921651774827 -23.52694519153146),29.0,5.0,1942.0,,,
711,73.0,73,"Livro de Emplacamentos L4. p,67",Cintia,8/10/2018,POINT(-46.64921651774827 -23.52694519153146),28.0,5.0,1942.0,28.0,5.0,1942.0
711,236.0,236,"Livro de Emplacamentos L4. p,67",Cintia,8/10/2018,POINT(-46.652971728895714 -23.52661641986834),29.0,5.0,1942.0,,,
711,2.0,2,"Livro de Emplacamentos L4. p,67",Cintia,8/10/2018,POINT(-46.652971728895714 -23.52661641986834),12.0,12.0,1907.0,28.0,5.0,1942.0
711,410.0,410,"Livro de Emplacamentos L4. p,67",Cintia,8/10/2018,POINT(-46.651282956981355 -23.5268086636217),29.0,5.0,1942.0,,,
711,44.0,44,"Livro de Emplacamentos L4. p,67",Cintia,8/10/2018,POINT(-46.651282956981355 -23.5268086636217),12.0,12.0,1907.0,28.0,5.0,1942.0
711,42.0,42,"Livro de Emplacamentos L4. p,67",Cintia,8/10/2018,POINT(-46.651282956981355 -23.5268086636217),11.0,12.0,1907.0,11.0,12.0,1907.0
711,660.0,660,"Livro de Emplacamentos L4. p,67",Cintia,8/10/2018,POINT(-46.64883778359223 -23.526945411096694),29.0,5.0,1942.0,,,
711,82.0,82,"Livro de Emplacamentos L4. p,67",Cintia,8/10/2018,POINT(-46.64883778359223 -23.526945411096694),12.0,12.0,1907.0,28.0,5.0,1942.0
711,86.0,86,"Livro de Emplacamentos L4. p,67",Cintia,8/10/2018,POINT(-46.64883778359223 -23.526945411096694),11.0,12.0,1907.0,11.0,12.0,1907.0
711,718.0,718,"Livro de Emplacamentos L4. p,67",Cintia,8/10/2018,POINT(-46.6482613639077 -23.52694574526704),29.0,5.0,1942.0,,,
711,100.0,100,"Livro de Emplacamentos L4. p,67",Cintia,8/10/2018,POINT(-46.6482613639077 -23.52694574526704),28.0,5.0,1942.0,28.0,5.0,1942.0
693,127.0,127,Livros de Emplacamento L4. p. 73,Cintia,8/10/2018,POINT(-46.642953290311176 -23.522219608590678),15.0,4.0,1937.0,,,
693,5.0,5,Livros de Emplacamento L4. p. 73,Cintia,8/10/2018,POINT(-46.642953290311176 -23.522219608590678),15.0,6.0,1928.0,14.0,4.0,1937.0
693,3.0,3,Livros de Emplacamento L4. p. 73,Cintia,8/10/2018,POINT(-46.642953290311176 -23.522219608590678),10.0,12.0,1908.0,14.0,6.0,1928.0
693,367.0,367,Livros de Emplacamento L4. p. 73,Cintia,8/10/2018,POINT(-46.64246193203971 -23.52433225563422),15.0,4.0,1937.0,,,
693,45.0,45,Livros de Emplacamento L4. p. 73,Cintia,8/10/2018,POINT(-46.64246193203971 -23.52433225563422),15.0,6.0,1928.0,14.0,4.0,1937.0
693,41.0,41,Livros de Emplacamento L4. p. 73,Cintia,8/10/2018,POINT(-46.64246193203971 -23.52433225563422),10.0,12.0,1908.0,14.0,6.0,1928.0
693,35.0,35,Livros de Emplacamento L4. p. 73,Cintia,8/10/2018,POINT(-46.64246193203971 -23.52433225563422),12.0,9.0,1908.0,12.0,9.0,1908.0
693,581.0,581,Livros de Emplacamento L4. p. 73,Cintia,8/10/2018,POINT(-46.64202625695965 -23.526205486885782),15.0,4.0,1937.0,,,
693,95.0,95,Livros de Emplacamento L4. p. 73,Cintia,8/10/2018,POINT(-46.64202625695965 -23.526205486885782),15.0,6.0,1928.0,14.0,4.0,1937.0
693,83.0,83,Livros de Emplacamento L4. p. 73,Cintia,8/10/2018,POINT(-46.64202625695965 -23.526205486885782),10.0,12.0,1908.0,14.0,6.0,1928.0
693,75.0,75,Livros de Emplacamento L4. p. 73,Cintia,8/10/2018,POINT(-46.64202625695965 -23.526205486885782),12.0,9.0,1908.0,12.0,9.0,1908.0
693,78.0,78,Livros de Emplacamento L4. p. 73,Cintia,8/10/2018,POINT(-46.64304915514621 -23.52180742755686),15.0,4.0,1937.0,,,
693,14.0,14,Livros de Emplacamento L4. p. 73,Cintia,8/10/2018,POINT(-46.64304915514621 -23.52180742755686),15.0,6.0,1928.0,14.0,4.0,1937.0
693,20.0,20,Livros de Emplacamento L4. p. 73,Cintia,8/10/2018,POINT(-46.64304915514621 -23.52180742755686),10.0,12.0,1908.0,14.0,6.0,1928.0
693,234.0,234,Livros de Emplacamento L4. p. 73,Cintia,8/10/2018,POINT(-46.6427315773842 -23.523172886853995),15.0,4.0,1937.0,,,
693,54.0,54,Livros de Emplacamento L4. p. 73,Cintia,8/10/2018,POINT(-46.6427315773842 -23.523172886853995),15.0,6.0,1928.0,14.0,4.0,1937.0
693,62.0,62,Livros de Emplacamento L4. p. 73,Cintia,8/10/2018,POINT(-46.6427315773842 -23.523172886853995),10.0,12.0,1908.0,14.0,6.0,1928.0
693,486.0,486,Livros de Emplacamento L4. p. 73,Cintia,8/10/2018,POINT(-46.64221778266198 -23.52538200179907),15.0,4.0,1937.0,,,
693,102.0,102,Livros de Emplacamento L4. p. 73,Cintia,8/10/2018,POINT(-46.64221778266198 -23.52538200179907),15.0,6.0,1928.0,14.0,4.0,1937.0
693,110.0,110,Livros de Emplacamento L4. p. 73,Cintia,8/10/2018,POINT(-46.64221778266198 -23.52538200179907),2.0,9.0,1915.0,14.0,6.0,1928.0
693,98.0,98,Livros de Emplacamento L4. p. 73,Cintia,8/10/2018,POINT(-46.64221778266198 -23.52538200179907),10.0,12.0,1908.0,2.0,8.0,1915.0
693,108.0,108,Livros de Emplacamento L4. p. 73,Cintia,8/10/2018,POINT(-46.64221778266198 -23.52538200179907),12.0,9.0,1908.0,12.0,9.0,1908.0
693,586.0,586,Livros de Emplacamento L4. p. 73,Cintia,8/10/2018,POINT(-46.642015242702016 -23.526252843855623),15.0,4.0,1937.0,,,
693,132.0,132,Livros de Emplacamento L4. p. 73,Cintia,8/10/2018,POINT(-46.642015242702016 -23.526252843855623),15.0,6.0,1928.0,14.0,4.0,1937.0
693,136.0,136,Livros de Emplacamento L4. p. 73,Cintia,8/10/2018,POINT(-46.642015242702016 -23.526252843855623),14.0,6.0,1928.0,14.0,6.0,1928.0
693,556.0,556,Livros de Emplacamento L4. p. 73,Cintia,8/10/2018,POINT(-46.642075617151306 -23.52599325750241),15.0,4.0,1937.0,,,
693,122.0,122,Livros de Emplacamento L4. p. 73,Cintia,8/10/2018,POINT(-46.642075617151306 -23.52599325750241),15.0,6.0,1928.0,14.0,4.0,1937.0
693,124.0,124,Livros de Emplacamento L4. p. 73,Cintia,8/10/2018,POINT(-46.642075617151306 -23.52599325750241),2.0,9.0,1915.0,14.0,6.0,1928.0
693,112.0,112,Livros de Emplacamento L4. p. 73,Cintia,8/10/2018,POINT(-46.642075617151306 -23.52599325750241),2.0,8.0,1915.0,2.0,8.0,1915.0
706,35.0,35,"Livros de Emplacamento L17. p,168",Cintia,8/10/2018,POINT(-46.655701123927 -23.522015658781573),7.0,7.0,1939.0,,,
706,3.0,3,"Livros de Emplacamento L17. p,168",Cintia,8/10/2018,POINT(-46.655701123927 -23.522015658781573),7.0,6.0,1939.0,7.0,6.0,1939.0
706,113.0,113,"Livros de Emplacamento L17. p,168",Cintia,8/10/2018,POINT(-46.65495361788735 -23.52199506044089),7.0,7.0,1939.0,,,
706,21.0,21,"Livros de Emplacamento L17. p,168",Cintia,8/10/2018,POINT(-46.65495361788735 -23.52199506044089),20.0,1.0,1935.0,7.0,6.0,1939.0
706,387.0,387,"Livros de Emplacamento L17. p,168",Cintia,8/10/2018,POINT(-46.65225711704272 -23.521920755431832),7.0,7.0,1939.0,,,
706,65.0,65,"Livros de Emplacamento L17. p,168",Cintia,8/10/2018,POINT(-46.65225711704272 -23.521920755431832),20.0,1.0,1935.0,7.0,6.0,1939.0
706,425.0,425,"Livros de Emplacamento L17. p,168",Cintia,8/10/2018,POINT(-46.65189314813336 -23.521910725873283),7.0,7.0,1939.0,,,
706,75.0,75,"Livros de Emplacamento L17. p,168",Cintia,8/10/2018,POINT(-46.65189314813336 -23.521910725873283),20.0,1.0,1935.0,7.0,6.0,1939.0
706,228.0,228,"Livros de Emplacamento L17. p,168",Cintia,8/10/2018,POINT(-46.653812790606935 -23.52196362370629),7.0,7.0,1939.0,,,
706,40.0,40,"Livros de Emplacamento L17. p,168",Cintia,8/10/2018,POINT(-46.653812790606935 -23.52196362370629),20.0,1.0,1935.0,7.0,6.0,1939.0
706,10.0,10,"Livros de Emplacamento L17. p,168",Cintia,8/10/2018,POINT(-46.653812790606935 -23.52196362370629),19.0,1.0,1935.0,19.0,1.0,1935.0
706,270.0,270,"Livros de Emplacamento L17. p,168",Cintia,8/10/2018,POINT(-46.653399901145235 -23.521952246088794),7.0,7.0,1939.0,,,
706,46.0,46,"Livros de Emplacamento L17. p,168",Cintia,8/10/2018,POINT(-46.653399901145235 -23.521952246088794),20.0,1.0,1935.0,7.0,6.0,1939.0
706,16.0,16,"Livros de Emplacamento L17. p,168",Cintia,8/10/2018,POINT(-46.653399901145235 -23.521952246088794),19.0,1.0,1935.0,19.0,1.0,1935.0
733,25.0,25,"Livro de Emplacamento L25. p,37",Cintia,8/10/2018,POINT(-46.631219948349944 -23.526594189369117),20.0,7.0,1938.0,,,
733,1.0,1,"Livro de Emplacamento L25. p,37",Cintia,8/10/2018,POINT(-46.631219948349944 -23.526594189369117),19.0,7.0,1938.0,19.0,7.0,1938.0
733,75.0,75,"Livro de Emplacamento L25. p,37",Cintia,8/10/2018,POINT(-46.631624462105655 -23.526830539643477),20.0,7.0,1938.0,,,
733,11.0,11,"Livro de Emplacamento L25. p,37",Cintia,8/10/2018,POINT(-46.631624462105655 -23.526830539643477),19.0,7.0,1938.0,19.0,7.0,1938.0
733,109.0,109,"Livro de Emplacamento L25. p,37",Cintia,8/10/2018,POINT(-46.63191092388776 -23.52699791422552),20.0,7.0,1938.0,,,
733,23.0,23,"Livro de Emplacamento L25. p,37",Cintia,8/10/2018,POINT(-46.63191092388776 -23.52699791422552),19.0,7.0,1938.0,19.0,7.0,1938.0
733,42.0,42,"Livro de Emplacamento L25. p,37",Cintia,8/10/2018,POINT(-46.6313503833977 -23.52667040027391),20.0,7.0,1938.0,,,
733,1.0,1B,"Livro de Emplacamento L25. p,37",Cintia,8/10/2018,POINT(-46.6313503833977 -23.52667040027391),19.0,7.0,1938.0,19.0,7.0,1938.0
733,74.0,74,"Livro de Emplacamento L25. p,37",Cintia,8/10/2018,POINT(-46.63161373010806 -23.526824269125992),20.0,7.0,1938.0,,,
733,4.0,4,"Livro de Emplacamento L25. p,37",Cintia,8/10/2018,POINT(-46.63161373010806 -23.526824269125992),19.0,7.0,1938.0,19.0,7.0,1938.0
733,122.0,122,"Livro de Emplacamento L25. p,37",Cintia,8/10/2018,POINT(-46.63202072047859 -23.52706206644285),20.0,7.0,1938.0,,,
733,10.0,10,"Livro de Emplacamento L25. p,37",Cintia,8/10/2018,POINT(-46.63202072047859 -23.52706206644285),19.0,7.0,1938.0,19.0,7.0,1938.0
708,15.0,15,"Livro de Emplacamento L24. p,328",Cintia,8/10/2018,POINT(-46.65495957852097 -23.5232339708036),19.0,5.0,1938.0,,,
708,1.0,1,"Livro de Emplacamento L24. p,328",Cintia,8/10/2018,POINT(-46.65495957852097 -23.5232339708036),18.0,5.0,1938.0,18.0,5.0,1938.0
708,397.0,397,"Livro de Emplacamento L24. p,328",Cintia,8/10/2018,POINT(-46.65279326988309 -23.52319230960497),19.0,5.0,1938.0,,,
708,21.0,21,"Livro de Emplacamento L24. p,328",Cintia,8/10/2018,POINT(-46.65279326988309 -23.52319230960497),18.0,5.0,1938.0,18.0,5.0,1938.0
708,445.0,445,"Livro de Emplacamento L24. p,328",Cintia,8/10/2018,POINT(-46.65279326988309 -23.52319230960497),19.0,5.0,1938.0,,,
708,43.0,43 tra,"Livro de Emplacamento L24. p,328",Cintia,8/10/2018,POINT(-46.65279326988309 -23.52319230960497),18.0,5.0,1938.0,18.0,5.0,1938.0
708,66.0,66,"Livro de Emplacamento L24. p,328",Cintia,8/10/2018,POINT(-46.65446127105083 -23.523224387641655),19.0,5.0,1938.0,,,
708,2.0,2,"Livro de Emplacamento L24. p,328",Cintia,8/10/2018,POINT(-46.65446127105083 -23.523224387641655),18.0,5.0,1938.0,18.0,5.0,1938.0
708,294.0,294,"Livro de Emplacamento L24. p,328",Cintia,8/10/2018,POINT(-46.65279326988309 -23.52319230960497),19.0,5.0,1938.0,,,
708,50.0,50,"Livro de Emplacamento L24. p,328",Cintia,8/10/2018,POINT(-46.65279326988309 -23.52319230960497),18.0,5.0,1938.0,18.0,5.0,1938.0
708,466.0,466,"Livro de Emplacamento L24. p,328",Cintia,8/10/2018,POINT(-46.65279326988309 -23.52319230960497),19.0,5.0,1938.0,,,
708,90.0,90,"Livro de Emplacamento L24. p,328",Cintia,8/10/2018,POINT(-46.65279326988309 -23.52319230960497),18.0,5.0,1938.0,18.0,5.0,1938.0
731,20.0,20,"Livros de Emplacamento L7. p,111",Cintia,8/10/2018,POINT(-46.64389275540376 -23.524704414356712),22.0,6.0,1936.0,,,
731,2.0,2,"Livros de Emplacamento L7. p,111",Cintia,8/10/2018,POINT(-46.64389275540376 -23.524704414356712),19.0,4.0,1909.0,21.0,6.0,1936.0
731,28.0,28,"Livros de Emplacamento L7. p,111",Cintia,8/10/2018,POINT(-46.64396189213682 -23.524738152466163),22.0,6.0,1936.0,,,
731,6.0,6,"Livros de Emplacamento L7. p,111",Cintia,8/10/2018,POINT(-46.64396189213682 -23.524738152466163),19.0,4.0,1909.0,21.0,6.0,1936.0
731,44.0,44,"Livros de Emplacamento L7. p,111",Cintia,8/10/2018,POINT(-46.644097572975454 -23.524804363505957),22.0,6.0,1936.0,,,
731,8.0,8,"Livros de Emplacamento L7. p,111",Cintia,8/10/2018,POINT(-46.644097572975454 -23.524804363505957),21.0,6.0,1936.0,21.0,6.0,1936.0
731,15.0,15,"Livros de Emplacamento L7. p,111",Cintia,8/10/2018,POINT(-46.64384176706314 -23.524679532500993),22.0,6.0,1936.0,,,
731,1.0,1,"Livros de Emplacamento L7. p,111",Cintia,8/10/2018,POINT(-46.64384176706314 -23.524679532500993),19.0,4.0,1909.0,21.0,6.0,1936.0
731,37.0,37,"Livros de Emplacamento L7. p,111",Cintia,8/10/2018,POINT(-46.64403967096151 -23.524776107839294),22.0,6.0,1936.0,,,
731,11.0,11,"Livros de Emplacamento L7. p,111",Cintia,8/10/2018,POINT(-46.64403967096151 -23.524776107839294),19.0,4.0,1909.0,21.0,6.0,1936.0
731,55.0,55,"Livros de Emplacamento L7. p,111",Cintia,8/10/2018,POINT(-46.644209920166674 -23.524859187933814),22.0,6.0,1936.0,,,
731,21.0,21,"Livros de Emplacamento L7. p,111",Cintia,8/10/2018,POINT(-46.644209920166674 -23.524859187933814),19.0,4.0,1909.0,21.0,6.0,1936.0
731,73.0,73,"Livros de Emplacamento L7. p,111",Cintia,8/10/2018,POINT(-46.644347329423624 -23.524926242426346),22.0,6.0,1936.0,,,
731,27.0,27,"Livros de Emplacamento L7. p,111",Cintia,8/10/2018,POINT(-46.644347329423624 -23.524926242426346),21.0,6.0,1936.0,21.0,6.0,1936.0
726,39.0,39,"Livros de Emplacamento L14. p,60",Cintia,8/10/2018,POINT(-46.6340896285929 -23.52515488907058),26.0,5.0,1937.0,,,
726,1.0,1 sob,"Livros de Emplacamento L14. p,60",Cintia,8/10/2018,POINT(-46.6340896285929 -23.52515488907058),20.0,8.0,1928.0,25.0,5.0,1937.0
726,175.0,175,"Livros de Emplacamento L14. p,60",Cintia,8/10/2018,POINT(-46.63281158512211 -23.52554268428433),26.0,5.0,1937.0,,,
726,25.0,25,"Livros de Emplacamento L14. p,60",Cintia,8/10/2018,POINT(-46.63281158512211 -23.52554268428433),20.0,8.0,1928.0,25.0,5.0,1937.0
726,35.0,35,"Livros de Emplacamento L14. p,60",Cintia,8/10/2018,POINT(-46.63281158512211 -23.52554268428433),19.0,8.0,1928.0,19.0,8.0,1928.0
726,323.0,323,"Livros de Emplacamento L14. p,60",Cintia,8/10/2018,POINT(-46.631448958410715 -23.525956144490408),26.0,5.0,1937.0,,,
726,65.0,65,"Livros de Emplacamento L14. p,60",Cintia,8/10/2018,POINT(-46.631448958410715 -23.525956144490408),20.0,8.0,1928.0,25.0,5.0,1937.0
726,75.0,75,"Livros de Emplacamento L14. p,60",Cintia,8/10/2018,POINT(-46.631448958410715 -23.525956144490408),19.0,8.0,1928.0,19.0,8.0,1928.0
726,76.0,76,"Livros de Emplacamento L14. p,60",Cintia,8/10/2018,POINT(-46.63372991744876 -23.525264035796198),26.0,5.0,1937.0,,,
726,2.0,2,"Livros de Emplacamento L14. p,60",Cintia,8/10/2018,POINT(-46.63372991744876 -23.525264035796198),20.0,8.0,1928.0,25.0,5.0,1937.0
726,204.0,204,"Livros de Emplacamento L14. p,60",Cintia,8/10/2018,POINT(-46.63254668156635 -23.525623063655907),26.0,5.0,1937.0,,,
726,28.0,28,"Livros de Emplacamento L14. p,60",Cintia,8/10/2018,POINT(-46.63254668156635 -23.525623063655907),20.0,8.0,1928.0,25.0,5.0,1937.0
726,34.0,34,"Livros de Emplacamento L14. p,60",Cintia,8/10/2018,POINT(-46.63254668156635 -23.525623063655907),19.0,8.0,1928.0,19.0,8.0,1928.0
726,320.0,320,"Livros de Emplacamento L14. p,60",Cintia,8/10/2018,POINT(-46.63146290070312 -23.525951913997165),26.0,5.0,1937.0,,,
726,58.0,58,"Livros de Emplacamento L14. p,60",Cintia,8/10/2018,POINT(-46.63146290070312 -23.525951913997165),20.0,8.0,1928.0,25.0,5.0,1937.0
726,64.0,64,"Livros de Emplacamento L14. p,60",Cintia,8/10/2018,POINT(-46.63146290070312 -23.525951913997165),19.0,8.0,1928.0,19.0,8.0,1928.0
725,61.0,61,"Livro de Emplacamento L25. p,125",Cintia,8/10/2018,POINT(-46.631463298471054 -23.527470651083803),9.0,5.0,1938.0,,,
725,1.0,1,"Livro de Emplacamento L25. p,125",Cintia,8/10/2018,POINT(-46.631463298471054 -23.527470651083803),9.0,4.0,1938.0,9.0,4.0,1938.0
725,161.0,161,"Livro de Emplacamento L25. p,125",Cintia,8/10/2018,POINT(-46.63229843576902 -23.52722433060361),9.0,5.0,1938.0,,,
725,11.0,11,"Livro de Emplacamento L25. p,125",Cintia,8/10/2018,POINT(-46.63229843576902 -23.52722433060361),9.0,4.0,1938.0,9.0,4.0,1938.0
725,417.0,417,"Livro de Emplacamento L25. p,125",Cintia,8/10/2018,POINT(-46.63229843576902 -23.52722433060361),9.0,5.0,1938.0,,,
725,99.0,99,"Livro de Emplacamento L25. p,125",Cintia,8/10/2018,POINT(-46.63229843576902 -23.52722433060361),9.0,4.0,1938.0,9.0,4.0,1938.0
725,52.0,52,"Livro de Emplacamento L25. p,125",Cintia,8/10/2018,POINT(-46.631373822221384 -23.52749704175374),9.0,5.0,1938.0,,,
725,2.0,2,"Livro de Emplacamento L25. p,125",Cintia,8/10/2018,POINT(-46.631373822221384 -23.52749704175374),9.0,4.0,1938.0,9.0,4.0,1938.0
725,122.0,122,"Livro de Emplacamento L25. p,125",Cintia,8/10/2018,POINT(-46.632027185252795 -23.527304334882633),9.0,5.0,1938.0,,,
725,22.0,22,"Livro de Emplacamento L25. p,125",Cintia,8/10/2018,POINT(-46.632027185252795 -23.527304334882633),9.0,4.0,1938.0,9.0,4.0,1938.0
725,334.0,334,"Livro de Emplacamento L25. p,125",Cintia,8/10/2018,POINT(-46.63229843576902 -23.52722433060361),9.0,5.0,1938.0,,,
725,50.0,50,"Livro de Emplacamento L25. p,125",Cintia,8/10/2018,POINT(-46.63229843576902 -23.52722433060361),9.0,4.0,1938.0,9.0,4.0,1938.0
729,10.0,10,"Livros de Emplacamento L8. p,142",Cintia,8/10/2018,POINT(-46.65516950085756 -23.527225493982886),25.0,7.0,1941.0,,,
729,2.0,2,"Livros de Emplacamento L8. p,142",Cintia,8/10/2018,POINT(-46.65516950085756 -23.527225493982886),23.0,4.0,1909.0,24.0,7.0,1941.0
729,50.0,50,"Livros de Emplacamento L8. p,142",Cintia,8/10/2018,POINT(-46.65480479627716 -23.527331989406466),25.0,7.0,1941.0,,,
729,14.0,14,"Livros de Emplacamento L8. p,142",Cintia,8/10/2018,POINT(-46.65480479627716 -23.527331989406466),23.0,4.0,1909.0,24.0,7.0,1941.0
729,100.0,100,"Livros de Emplacamento L8. p,142",Cintia,8/10/2018,POINT(-46.654335356022386 -23.527469068131175),25.0,7.0,1941.0,,,
729,28.0,28,"Livros de Emplacamento L8. p,142",Cintia,8/10/2018,POINT(-46.654335356022386 -23.527469068131175),23.0,4.0,1909.0,24.0,7.0,1941.0
729,238.0,238,"Livros de Emplacamento L8. p,142",Cintia,8/10/2018,POINT(-46.65304038262701 -23.527821200168454),25.0,7.0,1941.0,,,
729,56.0,56,"Livros de Emplacamento L8. p,142",Cintia,8/10/2018,POINT(-46.65304038262701 -23.527821200168454),24.0,7.0,1941.0,24.0,7.0,1941.0
707,132.0,132,"Livros de Emplacamento L9. p,63",Cintia,8/10/2018,POINT(-46.655038343427236 -23.520754380660517),20.0,5.0,1938.0,,,
707,2.0,2,"Livros de Emplacamento L9. p,63",Cintia,8/10/2018,POINT(-46.655038343427236 -23.520754380660517),6.0,5.0,1926.0,19.0,5.0,1938.0
707,174.0,174,"Livros de Emplacamento L9. p,63",Cintia,8/10/2018,POINT(-46.65462537848338 -23.520742006339947),20.0,5.0,1938.0,,,
707,10.0,10,"Livros de Emplacamento L9. p,63",Cintia,8/10/2018,POINT(-46.65462537848338 -23.520742006339947),6.0,5.0,1926.0,19.0,5.0,1938.0
707,226.0,226,"Livros de Emplacamento L9. p,63",Cintia,8/10/2018,POINT(-46.65410183287921 -23.520726318516477),20.0,5.0,1938.0,,,
707,16.0,16,"Livros de Emplacamento L9. p,63",Cintia,8/10/2018,POINT(-46.65410183287921 -23.520726318516477),6.0,5.0,1926.0,19.0,5.0,1938.0
707,6.0,6,"Livros de Emplacamento L9. p,63",Cintia,8/10/2018,POINT(-46.65410183287921 -23.520726318516477),6.0,4.0,1926.0,6.0,4.0,1926.0
707,149.0,149,"Livros de Emplacamento L9. p,63",Cintia,8/10/2018,POINT(-46.65486317583257 -23.520749131837338),20.0,5.0,1938.0,,,
707,1.0,1,"Livros de Emplacamento L9. p,63",Cintia,8/10/2018,POINT(-46.65486317583257 -23.520749131837338),6.0,5.0,1926.0,19.0,5.0,1938.0
707,221.0,221,"Livros de Emplacamento L9. p,63",Cintia,8/10/2018,POINT(-46.65415271955476 -23.520727843314273),20.0,5.0,1938.0,,,
707,15.0,15,"Livros de Emplacamento L9. p,63",Cintia,8/10/2018,POINT(-46.65415271955476 -23.520727843314273),6.0,5.0,1926.0,19.0,5.0,1938.0
707,9.0,9,"Livros de Emplacamento L9. p,63",Cintia,8/10/2018,POINT(-46.65415271955476 -23.520727843314273),6.0,4.0,1926.0,6.0,4.0,1926.0
707,325.0,325,"Livros de Emplacamento L9. p,63",Cintia,8/10/2018,POINT(-46.65313400745394 -23.52069731803533),20.0,5.0,1938.0,,,
707,27.0,27,"Livros de Emplacamento L9. p,63",Cintia,8/10/2018,POINT(-46.65313400745394 -23.52069731803533),6.0,5.0,1926.0,19.0,5.0,1938.0
707,19.0,19,"Livros de Emplacamento L9. p,63",Cintia,8/10/2018,POINT(-46.65313400745394 -23.52069731803533),6.0,4.0,1926.0,6.0,4.0,1926.0
177,1082.0,1082,"Livros de Emplacamento L2. p,1",Cintia,8/10/2018,POINT(-46.65267432517287 -23.533280295643525),21.0,1.0,1936.0,,,
177,220.0,220,"Livros de Emplacamento L2. p,1",Cintia,8/10/2018,POINT(-46.65267432517287 -23.533280295643525),8.0,6.0,1929.0,20.0,1.0,1936.0
177,208.0,208,"Livros de Emplacamento L2. p,1",Cintia,8/10/2018,POINT(-46.65267432517287 -23.533280295643525),26.0,7.0,1911.0,8.0,5.0,1929.0
177,811.0,811,"Livros de Emplacamento L2. p,1",Cintia,8/10/2018,POINT(-46.654297462373016 -23.5313209240428),21.0,1.0,1936.0,,,
177,173.0,173,"Livros de Emplacamento L2. p,1",Cintia,8/10/2018,POINT(-46.654297462373016 -23.5313209240428),8.0,6.0,1929.0,20.0,1.0,1936.0
177,179.0,179,"Livros de Emplacamento L2. p,1",Cintia,8/10/2018,POINT(-46.654297462373016 -23.5313209240428),4.0,3.0,1908.0,8.0,5.0,1929.0
177,149.0,149,"Livros de Emplacamento L2. p,1",Cintia,8/10/2018,POINT(-46.654297462373016 -23.5313209240428),4.0,2.0,1908.0,4.0,2.0,1908.0
177,1153.0,1153,"Livros de Emplacamento L2. p,1",Cintia,8/10/2018,POINT(-46.65252263763295 -23.533468543801167),21.0,1.0,1936.0,,,
177,265.0,265,"Livros de Emplacamento L2. p,1",Cintia,8/10/2018,POINT(-46.65252263763295 -23.533468543801167),8.0,6.0,1929.0,20.0,1.0,1936.0
177,253.0,253,"Livros de Emplacamento L2. p,1",Cintia,8/10/2018,POINT(-46.65252263763295 -23.533468543801167),4.0,3.0,1908.0,8.0,5.0,1929.0
177,215.0,215,"Livros de Emplacamento L2. p,1",Cintia,8/10/2018,POINT(-46.65252263763295 -23.533468543801167),4.0,2.0,1908.0,4.0,2.0,1908.0
172,701.0,701,"Livros de Emplacamento L2. p,2 a 6",Cintia,8/10/2018,POINT(-46.65603092221246 -23.531605122549628),3.0,1.0,1936.0,,,
172,155.0,155,"Livros de Emplacamento L2. p,2 a 6",Cintia,8/10/2018,POINT(-46.65603092221246 -23.531605122549628),14.0,8.0,1929.0,29.0,2.0,1936.0
172,163.0,163,"Livros de Emplacamento L2. p,2 a 6",Cintia,8/10/2018,POINT(-46.65603092221246 -23.531605122549628),22.0,12.0,1916.0,13.0,8.0,1929.0
172,151.0,151,"Livros de Emplacamento L2. p,2 a 6",Cintia,8/10/2018,POINT(-46.65603092221246 -23.531605122549628),20.0,4.0,1908.0,21.0,12.0,1916.0
172,139.0,139,"Livros de Emplacamento L2. p,2 a 6",Cintia,8/10/2018,POINT(-46.65603092221246 -23.531605122549628),19.0,4.0,1908.0,19.0,4.0,1908.0
172,1001.0,1001,"Livros de Emplacamento L2. p,2 a 6",Cintia,8/10/2018,POINT(-46.65384197222299 -23.533374902672218),3.0,1.0,1936.0,,,
172,231.0,231,"Livros de Emplacamento L2. p,2 a 6",Cintia,8/10/2018,POINT(-46.65384197222299 -23.533374902672218),14.0,8.0,1929.0,29.0,2.0,1936.0
172,239.0,239,"Livros de Emplacamento L2. p,2 a 6",Cintia,8/10/2018,POINT(-46.65384197222299 -23.533374902672218),22.0,12.0,1916.0,13.0,8.0,1929.0
172,217.0,217,"Livros de Emplacamento L2. p,2 a 6",Cintia,8/10/2018,POINT(-46.65384197222299 -23.533374902672218),20.0,4.0,1908.0,21.0,12.0,1916.0
172,147.0,147,"Livros de Emplacamento L2. p,2 a 6",Cintia,8/10/2018,POINT(-46.65384197222299 -23.533374902672218),19.0,4.0,1908.0,19.0,4.0,1908.0
172,498.0,498,"Livros de Emplacamento L2. p,2 a 6",Cintia,8/10/2018,POINT(-46.6574428443569 -23.530327473804448),3.0,1.0,1936.0,,,
172,106.0,106,"Livros de Emplacamento L2. p,2 a 6",Cintia,8/10/2018,POINT(-46.6574428443569 -23.530327473804448),14.0,8.0,1929.0,29.0,2.0,1936.0
172,100.0,100,"Livros de Emplacamento L2. p,2 a 6",Cintia,8/10/2018,POINT(-46.6574428443569 -23.530327473804448),20.0,4.0,1908.0,13.0,8.0,1929.0
172,74.0,74,"Livros de Emplacamento L2. p,2 a 6",Cintia,8/10/2018,POINT(-46.6574428443569 -23.530327473804448),19.0,4.0,1908.0,19.0,4.0,1908.0
172,840.0,840,"Livros de Emplacamento L2. p,2 a 6",Cintia,8/10/2018,POINT(-46.655049566424935 -23.532493151677468),3.0,1.0,1936.0,,,
172,180.0,180,"Livros de Emplacamento L2. p,2 a 6",Cintia,8/10/2018,POINT(-46.655049566424935 -23.532493151677468),14.0,8.0,1929.0,29.0,2.0,1936.0
172,168.0,168,"Livros de Emplacamento L2. p,2 a 6",Cintia,8/10/2018,POINT(-46.655049566424935 -23.532493151677468),20.0,4.0,1908.0,13.0,8.0,1929.0
172,138.0,138,"Livros de Emplacamento L2. p,2 a 6",Cintia,8/10/2018,POINT(-46.655049566424935 -23.532493151677468),19.0,4.0,1908.0,19.0,4.0,1908.0
172,1046.0,1046,"Livros de Emplacamento L2. p,2 a 6",Cintia,8/10/2018,POINT(-46.653459310846955 -23.53359063087979),3.0,1.0,1936.0,,,
172,234.0,234,"Livros de Emplacamento L2. p,2 a 6",Cintia,8/10/2018,POINT(-46.653459310846955 -23.53359063087979),14.0,8.0,1929.0,29.0,2.0,1936.0
172,220.0,220,"Livros de Emplacamento L2. p,2 a 6",Cintia,8/10/2018,POINT(-46.653459310846955 -23.53359063087979),20.0,4.0,1908.0,13.0,8.0,1929.0
172,192.0,192,"Livros de Emplacamento L2. p,2 a 6",Cintia,8/10/2018,POINT(-46.653459310846955 -23.53359063087979),19.0,4.0,1908.0,19.0,4.0,1908.0
172,1208.0,1208,"Livros de Emplacamento L2. p,2 a 6",Cintia,8/10/2018,POINT(-46.65271857151967 -23.53399608882366),3.0,1.0,1936.0,,,
172,268.0,268,"Livros de Emplacamento L2. p,2 a 6",Cintia,8/10/2018,POINT(-46.65271857151967 -23.53399608882366),29.0,2.0,1936.0,29.0,2.0,1936.0
197,279.0,279,"Livros de Emplacamento L2. p,74",Cintia,8/10/2018,POINT(-46.63842362113787 -23.53005470791567),23.0,3.0,1937.0,,,
197,63.0,63,"Livros de Emplacamento L2. p,74",Cintia,8/10/2018,POINT(-46.63842362113787 -23.53005470791567),25.0,9.0,1930.0,22.0,3.0,1937.0
197,69.0,69,"Livros de Emplacamento L2. p,74",Cintia,8/10/2018,POINT(-46.63842362113787 -23.53005470791567),2.0,8.0,1911.0,24.0,9.0,1930.0
197,63.0,63,"Livros de Emplacamento L2. p,74",Cintia,8/10/2018,POINT(-46.63842362113787 -23.53005470791567),18.0,7.0,1909.0,2.0,7.0,1911.0
194,999.0,999,"Livros de Emplacamento L5. p,19",Cintia,8/10/2018,POINT(-46.643800704836806 -23.524471484309217),20.0,5.0,1937.0,,,
194,215.0,215,"Livros de Emplacamento L5. p,19",Cintia,8/10/2018,POINT(-46.643800704836806 -23.524471484309217),2.0,11.0,1915.0,19.0,5.0,1937.0
194,177.0,177,"Livros de Emplacamento L5. p,19",Cintia,8/10/2018,POINT(-46.643800704836806 -23.524471484309217),24.0,5.0,1908.0,2.0,10.0,1915.0
194,1201.0,1201,"Livros de Emplacamento L5. p,19",Cintia,8/10/2018,POINT(-46.64291410987249 -23.526098548220816),20.0,5.0,1937.0,,,
194,261.0,261,"Livros de Emplacamento L5. p,19",Cintia,8/10/2018,POINT(-46.64291410987249 -23.526098548220816),2.0,11.0,1915.0,19.0,5.0,1937.0
194,221.0,221,"Livros de Emplacamento L5. p,19",Cintia,8/10/2018,POINT(-46.64291410987249 -23.526098548220816),24.0,5.0,1908.0,2.0,10.0,1915.0
202,428.0,428,"livros de emplacamento 17-11-1908 - L4. p,73. 26-2-1911 - L4. p,82; 24-3-1937 - L22. p. 84 a 86""",Cintia,8/10/2018,POINT(-46.634482312504275 -23.528700293664066),24.0,3.0,1937.0,,,
202,94.0,94,"livros de emplacamento 17-11-1908 - L4. p,73. 26-2-1911 - L4. p,82; 24-3-1937 - L22. p. 84 a 86""",Cintia,8/10/2018,POINT(-46.634482312504275 -23.528700293664066),2.0,2.0,1911.0,23.0,3.0,1937.0
202,90.0,90,"livros de emplacamento 17-11-1908 - L4. p,73. 26-2-1911 - L4. p,82; 24-3-1937 - L22. p. 84 a 86""",Cintia,8/10/2018,POINT(-46.634482312504275 -23.528700293664066),17.0,11.0,1908.0,2.0,1.0,1911.0
202,472.0,472,"livros de emplacamento 17-11-1908 - L4. p,73. 26-2-1911 - L4. p,82; 24-3-1937 - L22. p. 84 a 86""",Cintia,8/10/2018,POINT(-46.63407545579414 -23.528826230192248),24.0,3.0,1937.0,,,
202,100.0,100,"livros de emplacamento 17-11-1908 - L4. p,73. 26-2-1911 - L4. p,82; 24-3-1937 - L22. p. 84 a 86""",Cintia,8/10/2018,POINT(-46.63407545579414 -23.528826230192248),2.0,2.0,1911.0,23.0,3.0,1937.0
202,484.0,484,"livros de emplacamento 17-11-1908 - L4. p,73. 26-2-1911 - L4. p,82; 24-3-1937 - L22. p. 84 a 86""",Cintia,8/10/2018,POINT(-46.633957754650204 -23.528862662855296),24.0,3.0,1937.0,,,
202,104.0,104,"livros de emplacamento 17-11-1908 - L4. p,73. 26-2-1911 - L4. p,82; 24-3-1937 - L22. p. 84 a 86""",Cintia,8/10/2018,POINT(-46.633957754650204 -23.528862662855296),23.0,3.0,1937.0,23.0,3.0,1937.0
202,449.0,,"livros de emplacamento 17-11-1908 - L4. p,73. 26-2-1911 - L4. p,82; 24-3-1937 - L22. p. 84 a 86""",Cintia,8/10/2018,POINT(-46.6342802743202 -23.528762831621112),24.0,3.0,1937.0,,,
202,85.0,85,"livros de emplacamento 17-11-1908 - L4. p,73. 26-2-1911 - L4. p,82; 24-3-1937 - L22. p. 84 a 86""",Cintia,8/10/2018,POINT(-46.6342802743202 -23.528762831621112),17.0,11.0,1908.0,23.0,3.0,1937.0
202,473.0,473,"livros de emplacamento 17-11-1908 - L4. p,73. 26-2-1911 - L4. p,82; 24-3-1937 - L22. p. 84 a 86""",Cintia,8/10/2018,POINT(-46.63406062730357 -23.52883082013405),24.0,3.0,1937.0,,,
202,93.0,93,"livros de emplacamento 17-11-1908 - L4. p,73. 26-2-1911 - L4. p,82; 24-3-1937 - L22. p. 84 a 86""",Cintia,8/10/2018,POINT(-46.63406062730357 -23.52883082013405),2.0,2.0,1911.0,23.0,3.0,1937.0
202,283.0,283,"livros de emplacamento 17-11-1908 - L4. p,73. 26-2-1911 - L4. p,82; 24-3-1937 - L22. p. 84 a 86""",Cintia,8/10/2018,POINT(-46.635816397333265 -23.528275967011922),24.0,3.0,1937.0,,,
202,51.0,51,"livros de emplacamento 17-11-1908 - L4. p,73. 26-2-1911 - L4. p,82; 24-3-1937 - L22. p. 84 a 86""",Cintia,8/10/2018,POINT(-46.635816397333265 -23.528275967011922),17.0,11.0,1908.0,23.0,3.0,1937.0
205,711.0,711,"Livros de emplacamento 16-10-1908 - L7. p,96",Cintia,8/10/2018,POINT(-46.637239457815085 -23.53376252744853),5.0,11.0,1937.0,,,
205,145.0,145,"Livros de emplacamento 16-10-1908 - L7. p,96",Cintia,8/10/2018,POINT(-46.637239457815085 -23.53376252744853),2.0,9.0,1911.0,5.0,10.0,1937.0
205,51.0,51,"Livros de emplacamento 16-10-1908 - L7. p,96",Cintia,8/10/2018,POINT(-46.637239457815085 -23.53376252744853),16.0,10.0,1908.0,2.0,8.0,1911.0
205,47.0,47,"Livros de emplacamento 16-10-1908 - L7. p,96",Cintia,8/10/2018,POINT(-46.637239457815085 -23.53376252744853),15.0,10.0,1908.0,15.0,10.0,1908.0
205,845.0,845,"Livros de emplacamento 16-10-1908 - L7. p,96",Cintia,8/10/2018,POINT(-46.6372768537313 -23.533793523483084),5.0,11.0,1937.0,,,
205,161.0,161,"Livros de emplacamento 16-10-1908 - L7. p,96",Cintia,8/10/2018,POINT(-46.6372768537313 -23.533793523483084),15.0,10.0,1908.0,15.0,10.0,1908.0
205,712.0,712,"Livros de emplacamento 16-10-1908 - L7. p,96",Cintia,8/10/2018,POINT(-46.63724433080649 -23.53376656648341),5.0,11.0,1937.0,,,
205,70.0,70,"Livros de emplacamento 16-10-1908 - L7. p,96",Cintia,8/10/2018,POINT(-46.63724433080649 -23.53376656648341),2.0,9.0,1911.0,5.0,10.0,1937.0
205,36.0,36,"Livros de emplacamento 16-10-1908 - L7. p,96",Cintia,8/10/2018,POINT(-46.63724433080649 -23.53376656648341),16.0,10.0,1908.0,2.0,8.0,1911.0
205,874.0,874,"Livros de emplacamento 16-10-1908 - L7. p,96",Cintia,8/10/2018,POINT(-46.6372768537313 -23.533793523483084),5.0,11.0,1937.0,,,
205,72.0,72,"Livros de emplacamento 16-10-1908 - L7. p,96",Cintia,8/10/2018,POINT(-46.6372768537313 -23.533793523483084),5.0,10.0,1937.0,5.0,10.0,1937.0
522,195.0,195,"Livro de Emplacamento. n,19. p,158",Cintia,8/10/2018,POINT(-46.640219921224606 -23.52909708969106),8.0,8.0,1934.0,,,
522,43.0,43,"Livro de Emplacamento. n,19. p,158",Cintia,8/10/2018,POINT(-46.640219921224606 -23.52909708969106),5.0,12.0,1909.0,8.0,7.0,1934.0
522,35.0,35,"Livro de Emplacamento. n,19. p,158",Cintia,8/10/2018,POINT(-46.640219921224606 -23.52909708969106),5.0,11.0,1909.0,5.0,11.0,1909.0
522,429.0,429,"Livro de Emplacamento. n,19. p,158",Cintia,8/10/2018,POINT(-46.6390651687391 -23.528590362624577),8.0,8.0,1934.0,,,
522,95.0,95,"Livro de Emplacamento. n,19. p,158",Cintia,8/10/2018,POINT(-46.6390651687391 -23.528590362624577),2.0,6.0,1911.0,8.0,7.0,1934.0
522,97.0,97,"Livro de Emplacamento. n,19. p,158",Cintia,8/10/2018,POINT(-46.6390651687391 -23.528590362624577),5.0,12.0,1909.0,2.0,5.0,1911.0
522,81.0,81,"Livro de Emplacamento. n,19. p,158",Cintia,8/10/2018,POINT(-46.6390651687391 -23.528590362624577),5.0,11.0,1909.0,5.0,11.0,1909.0
522,467.0,467,"Livro de Emplacamento. n,19. p,158",Cintia,8/10/2018,POINT(-46.6390651687391 -23.528590362624577),8.0,8.0,1934.0,,,
522,111.0,111,"Livro de Emplacamento. n,19. p,158",Cintia,8/10/2018,POINT(-46.6390651687391 -23.528590362624577),27.0,1.0,1915.0,8.0,7.0,1934.0
522,262.0,262,"Livro de Emplacamento. n,19. p,158",Cintia,8/10/2018,POINT(-46.639639285442485 -23.528842257090815),8.0,8.0,1934.0,,,
522,44.0,44,"Livro de Emplacamento. n,19. p,158",Cintia,8/10/2018,POINT(-46.639639285442485 -23.528842257090815),5.0,12.0,1909.0,8.0,7.0,1934.0
522,438.0,438,"Livro de Emplacamento. n,19. p,158",Cintia,8/10/2018,POINT(-46.6390651687391 -23.528590362624577),8.0,8.0,1934.0,,,
522,96.0,96,"Livro de Emplacamento. n,19. p,158",Cintia,8/10/2018,POINT(-46.6390651687391 -23.528590362624577),2.0,6.0,1911.0,8.0,7.0,1934.0
522,88.0,88,"Livro de Emplacamento. n,19. p,158",Cintia,8/10/2018,POINT(-46.6390651687391 -23.528590362624577),5.0,12.0,1909.0,2.0,5.0,1911.0
522,80.0,80 tinta,"Livro de Emplacamento. n,19. p,158",Cintia,8/10/2018,POINT(-46.6390651687391 -23.528590362624577),5.0,11.0,1909.0,5.0,11.0,1909.0
522,466.0,466,"Livro de Emplacamento. n,19. p,158",Cintia,8/10/2018,POINT(-46.6390651687391 -23.528590362624577),8.0,8.0,1934.0,,,
522,108.0,108,"Livro de Emplacamento. n,19. p,158",Cintia,8/10/2018,POINT(-46.6390651687391 -23.528590362624577),2.0,6.0,1911.0,8.0,7.0,1934.0
522,100.0,100,"Livro de Emplacamento. n,19. p,158",Cintia,8/10/2018,POINT(-46.6390651687391 -23.528590362624577),2.0,5.0,1911.0,2.0,5.0,1911.0
690,61.0,61,Livro de Emplacamento  L1,Cintia,8/10/2018,POINT(-46.648073697201994 -23.52591576838368),16.0,3.0,1937.0,,,
690,7.0,7,Livro de Emplacamento  L1,Cintia,8/10/2018,POINT(-46.648073697201994 -23.52591576838368),3.0,9.0,1928.0,15.0,3.0,1937.0
690,76.0,76,Livro de Emplacamento  L1,Cintia,8/10/2018,POINT(-46.648073697201994 -23.52591576838368),29.0,9.0,1916.0,3.0,8.0,1928.0
690,102.0,102,Livro de Emplacamento  L1,Cintia,8/10/2018,POINT(-46.648073697201994 -23.52591576838368),2.0,9.0,1915.0,28.0,9.0,1916.0
690,46.0,46 tinta,Livro de Emplacamento  L1,Cintia,8/10/2018,POINT(-46.648073697201994 -23.52591576838368),2.0,8.0,1915.0,2.0,8.0,1915.0
690,259.0,259,Livro de Emplacamento  L1,Cintia,8/10/2018,POINT(-46.64634372023475 -23.525134041597806),16.0,3.0,1937.0,,,
690,41.0,41,Livro de Emplacamento  L1,Cintia,8/10/2018,POINT(-46.64634372023475 -23.525134041597806),3.0,9.0,1928.0,15.0,3.0,1937.0
690,60.0,60,Livro de Emplacamento  L1,Cintia,8/10/2018,POINT(-46.64634372023475 -23.525134041597806),29.0,9.0,1916.0,3.0,8.0,1928.0
690,74.0,74,Livro de Emplacamento  L1,Cintia,8/10/2018,POINT(-46.64634372023475 -23.525134041597806),2.0,9.0,1915.0,28.0,9.0,1916.0
690,38.0,38,Livro de Emplacamento  L1,Cintia,8/10/2018,POINT(-46.64634372023475 -23.525134041597806),25.0,7.0,1908.0,2.0,8.0,1915.0
690,679.0,679,Livro de Emplacamento  L1,Cintia,8/10/2018,POINT(-46.643265766290504 -23.523743202823955),16.0,3.0,1937.0,,,
690,103.0,103,Livro de Emplacamento  L1,Cintia,8/10/2018,POINT(-46.643265766290504 -23.523743202823955),3.0,9.0,1928.0,15.0,3.0,1937.0
690,36.0,36,Livro de Emplacamento  L1,Cintia,8/10/2018,POINT(-46.643265766290504 -23.523743202823955),29.0,9.0,1916.0,3.0,8.0,1928.0
690,52.0,52,Livro de Emplacamento  L1,Cintia,8/10/2018,POINT(-46.643265766290504 -23.523743202823955),28.0,9.0,1616.0,28.0,9.0,1616.0
690,845.0,845,Livro de Emplacamento  L1,Cintia,8/10/2018,POINT(-46.641196819216994 -23.522808305205928),16.0,3.0,1937.0,,,
690,145.0,145,Livro de Emplacamento  L1,Cintia,8/10/2018,POINT(-46.641196819216994 -23.522808305205928),3.0,9.0,1928.0,15.0,3.0,1937.0
690,6.0,6,Livro de Emplacamento  L1,Cintia,8/10/2018,POINT(-46.641196819216994 -23.522808305205928),2.0,9.0,1915.0,3.0,8.0,1928.0
690,24.0,24,Livro de Emplacamento  L1,Cintia,8/10/2018,POINT(-46.648388078803144 -23.52605782837827),16.0,3.0,1937.0,,,
690,6.0,6,Livro de Emplacamento  L1,Cintia,8/10/2018,POINT(-46.648388078803144 -23.52605782837827),3.0,9.0,1928.0,15.0,3.0,1937.0
690,113.0,113,Livro de Emplacamento  L1,Cintia,8/10/2018,POINT(-46.648388078803144 -23.52605782837827),24.0,11.0,1921.0,3.0,8.0,1928.0
690,75.0,75,Livro de Emplacamento  L1,Cintia,8/10/2018,POINT(-46.648388078803144 -23.52605782837827),29.0,9.0,1916.0,23.0,11.0,1921.0
690,256.0,256,Livro de Emplacamento  L1,Cintia,8/10/2018,POINT(-46.6463612834527 -23.52514197791035),16.0,3.0,1937.0,,,
690,62.0,62,Livro de Emplacamento  L1,Cintia,8/10/2018,POINT(-46.6463612834527 -23.52514197791035),3.0,9.0,1928.0,15.0,3.0,1937.0
690,63.0,63,Livro de Emplacamento  L1,Cintia,8/10/2018,POINT(-46.6463612834527 -23.52514197791035),24.0,11.0,1921.0,3.0,8.0,1928.0
690,27.0,27,Livro de Emplacamento  L1,Cintia,8/10/2018,POINT(-46.6463612834527 -23.52514197791035),29.0,9.0,1916.0,23.0,11.0,1921.0
690,592.0,592,Livro de Emplacamento  L1,Cintia,8/10/2018,POINT(-46.6434185662866 -23.523812248743113),16.0,3.0,1937.0,,,
690,104.0,104,Livro de Emplacamento  L1,Cintia,8/10/2018,POINT(-46.6434185662866 -23.523812248743113),3.0,9.0,1928.0,15.0,3.0,1937.0
690,47.0,47,Livro de Emplacamento  L1,Cintia,8/10/2018,POINT(-46.6434185662866 -23.523812248743113),24.0,11.0,1921.0,3.0,8.0,1928.0
690,15.0,15,Livro de Emplacamento  L1,Cintia,8/10/2018,POINT(-46.6434185662866 -23.523812248743113),29.0,9.0,1916.0,23.0,11.0,1921.0
690,852.0,852,Livro de Emplacamento  L1,Cintia,8/10/2018,POINT(-46.64112832266702 -23.522777353586992),16.0,3.0,1937.0,,,
690,170.0,170,Livro de Emplacamento  L1,Cintia,8/10/2018,POINT(-46.64112832266702 -23.522777353586992),3.0,9.0,1928.0,15.0,3.0,1937.0
690,5.0,5,Livro de Emplacamento  L1,Cintia,8/10/2018,POINT(-46.64112832266702 -23.522777353586992),29.0,9.0,1916.0,3.0,8.0,1928.0
696,47.0,47,Livros de Emplacamento L8. p. 98,Cintia,8/10/2018,POINT(-46.64469745612223 -23.52764646692992),16.0,3.0,1937.0,,,
696,82.0,82,Livros de Emplacamento L8. p. 98,Cintia,8/10/2018,POINT(-46.64469745612223 -23.52764646692992),22.0,7.0,1908.0,15.0,3.0,1937.0
696,74.0,74,Livros de Emplacamento L8. p. 98,Cintia,8/10/2018,POINT(-46.64469745612223 -23.52764646692992),21.0,7.0,1908.0,21.0,7.0,1908.0
696,201.0,201,Livros de Emplacamento L8. p. 98,Cintia,8/10/2018,POINT(-46.64334092261252 -23.527032921483617),16.0,3.0,1937.0,,,
696,40.0,40,Livros de Emplacamento L8. p. 98,Cintia,8/10/2018,POINT(-46.64334092261252 -23.527032921483617),22.0,7.0,1908.0,15.0,3.0,1937.0
696,30.0,30,Livros de Emplacamento L8. p. 98,Cintia,8/10/2018,POINT(-46.64334092261252 -23.527032921483617),21.0,7.0,1908.0,21.0,7.0,1908.0
696,311.0,311,Livros de Emplacamento L8. p. 98,Cintia,8/10/2018,POINT(-46.64218984466351 -23.526512301367045),16.0,3.0,1937.0,,,
696,18.0,18,Livros de Emplacamento L8. p. 98,Cintia,8/10/2018,POINT(-46.64218984466351 -23.526512301367045),28.0,1.0,1915.0,15.0,3.0,1937.0
696,12.0,12,Livros de Emplacamento L8. p. 98,Cintia,8/10/2018,POINT(-46.64218984466351 -23.526512301367045),22.0,7.0,1908.0,27.0,1.0,1915.0
696,4.0,4,Livros de Emplacamento L8. p. 98,Cintia,8/10/2018,POINT(-46.64218984466351 -23.526512301367045),21.0,7.0,1908.0,21.0,7.0,1908.0
696,411.0,411,Livros de Emplacamento L8. p. 98,Cintia,8/10/2018,POINT(-46.64156542716899 -23.52622988408239),16.0,3.0,1937.0,,,
696,2.0,2,Livros de Emplacamento L8. p. 98,Cintia,8/10/2018,POINT(-46.64156542716899 -23.52622988408239),15.0,3.0,1937.0,15.0,3.0,1937.0
696,100.0,100,Livros de Emplacamento L8. p. 98,Cintia,8/10/2018,POINT(-46.64423035202697 -23.527435200795658),16.0,3.0,1937.0,,,
696,73.0,73,Livros de Emplacamento L8. p. 98,Cintia,8/10/2018,POINT(-46.64423035202697 -23.527435200795658),18.0,1.0,1917.0,15.0,3.0,1937.0
696,63.0,63,Livros de Emplacamento L8. p. 98,Cintia,8/10/2018,POINT(-46.64423035202697 -23.527435200795658),22.0,7.0,1908.0,17.0,1.0,1917.0
696,244.0,244,Livros de Emplacamento L8. p. 98,Cintia,8/10/2018,POINT(-46.64296864416067 -23.52686454396308),16.0,3.0,1937.0,,,
696,51.0,51,Livros de Emplacamento L8. p. 98,Cintia,8/10/2018,POINT(-46.64296864416067 -23.52686454396308),22.0,7.0,1908.0,15.0,3.0,1937.0
696,39.0,39,Livros de Emplacamento L8. p. 98,Cintia,8/10/2018,POINT(-46.64296864416067 -23.52686454396308),21.0,7.0,1908.0,21.0,7.0,1908.0
696,372.0,372,Livros de Emplacamento L8. p. 98,Cintia,8/10/2018,POINT(-46.64184566269859 -23.526356631583905),16.0,3.0,1937.0,,,
696,7.0,7,Livros de Emplacamento L8. p. 98,Cintia,8/10/2018,POINT(-46.64184566269859 -23.526356631583905),22.0,7.0,1908.0,15.0,3.0,1937.0
696,1.1,1A,Livros de Emplacamento L8. p. 98,Cintia,8/10/2018,POINT(-46.64184566269859 -23.526356631583905),21.0,7.0,1908.0,21.0,7.0,1908.0
696,426.0,426,Livros de Emplacamento L8. p. 98,Cintia,8/10/2018,POINT(-46.64156542716899 -23.52622988408239),16.0,3.0,1937.0,,,
696,1.0,1,Livros de Emplacamento L8. p. 98,Cintia,8/10/2018,POINT(-46.64156542716899 -23.52622988408239),28.0,1.0,1915.0,15.0,3.0,1937.0
689,29.0,29,Livros de Emplacamento L8. p. 98,Cintia,8/10/2018,POINT(-46.64781189249773 -23.52727161352588),17.0,3.0,1937.0,,,
689,134.0,134,Livros de Emplacamento L8. p. 98,Cintia,8/10/2018,POINT(-46.64781189249773 -23.52727161352588),23.0,7.0,1908.0,16.0,3.0,1937.0
689,357.0,357,Livros de Emplacamento L8. p. 98,Cintia,8/10/2018,POINT(-46.644966393198494 -23.525911080002217),17.0,3.0,1937.0,,,
689,70.0,70,Livros de Emplacamento L8. p. 98,Cintia,8/10/2018,POINT(-46.644966393198494 -23.525911080002217),23.0,6.0,1908.0,16.0,3.0,1937.0
689,553.0,553,Livros de Emplacamento L8. p. 98,Cintia,8/10/2018,POINT(-46.64326499642409 -23.525097582227236),17.0,3.0,1937.0,,,
689,20.0,20,Livros de Emplacamento L8. p. 98,Cintia,8/10/2018,POINT(-46.64326499642409 -23.525097582227236),23.0,6.0,1908.0,16.0,3.0,1937.0
689,687.0,687,Livros de Emplacamento L8. p. 98,Cintia,8/10/2018,POINT(-46.64211047718431 -23.52454556587993),17.0,3.0,1937.0,,,
689,4.0,4,Livros de Emplacamento L8. p. 98,Cintia,8/10/2018,POINT(-46.64211047718431 -23.52454556587993),23.0,6.0,1908.0,16.0,3.0,1937.0
689,10.0,10,Livros de Emplacamento L8. p. 98,Cintia,8/10/2018,POINT(-46.64796987934107 -23.527347152604985),17.0,3.0,1937.0,,,
689,211.0,211,Livros de Emplacamento L8. p. 98,Cintia,8/10/2018,POINT(-46.64796987934107 -23.527347152604985),16.0,6.0,1914.0,16.0,3.0,1937.0
689,155.0,155,Livros de Emplacamento L8. p. 98,Cintia,8/10/2018,POINT(-46.64796987934107 -23.527347152604985),23.0,6.0,1908.0,15.0,6.0,1914.0
689,149.0,149,Livros de Emplacamento L8. p. 98,Cintia,8/10/2018,POINT(-46.64796987934107 -23.527347152604985),22.0,6.0,1908.0,22.0,6.0,1908.0
689,400.0,400,Livros de Emplacamento L8. p. 98,Cintia,8/10/2018,POINT(-46.64459486369878 -23.525733438651354),17.0,3.0,1937.0,,,
689,101.0,101,Livros de Emplacamento L8. p. 98,Cintia,8/10/2018,POINT(-46.64459486369878 -23.525733438651354),16.0,6.0,1914.0,16.0,3.0,1937.0
689,53.0,53,Livros de Emplacamento L8. p. 98,Cintia,8/10/2018,POINT(-46.64459486369878 -23.525733438651354),23.0,6.0,1908.0,15.0,6.0,1914.0
689,580.0,580,Livros de Emplacamento L8. p. 98,Cintia,8/10/2018,POINT(-46.64303235645698 -23.524986348858004),17.0,3.0,1937.0,,,
689,49.0,49,Livros de Emplacamento L8. p. 98,Cintia,8/10/2018,POINT(-46.64303235645698 -23.524986348858004),16.0,6.0,1914.0,16.0,3.0,1937.0
689,17.0,17,Livros de Emplacamento L8. p. 98,Cintia,8/10/2018,POINT(-46.64303235645698 -23.524986348858004),23.0,6.0,1908.0,15.0,6.0,1914.0
689,806.0,806,Livros de Emplacamento L8. p. 98,Cintia,8/10/2018,POINT(-46.641067937630204 -23.524047090967812),17.0,3.0,1937.0,,,
689,3.0,3,Livros de Emplacamento L8. p. 98,Cintia,8/10/2018,POINT(-46.641067937630204 -23.524047090967812),16.0,6.0,1914.0,16.0,3.0,1937.0
694,9.0,9,"Livro de Emplacamento L22. p,76",Cintia,8/10/2018,POINT(-46.641062319415376 -23.52468785567484),29.0,3.0,1937.0,,,
694,45.0,45,"Livro de Emplacamento L22. p,76",Cintia,8/10/2018,POINT(-46.64074234957734 -23.5245460564445),29.0,3.0,1937.0,,,
694,14.0,14,"Livro de Emplacamento L22. p,76",Cintia,8/10/2018,POINT(-46.64074234957734 -23.5245460564445),28.0,3.0,1937.0,28.0,3.0,1937.0
694,78.0,79,"Livro de Emplacamento L22. p,76",Cintia,8/10/2018,POINT(-46.640448823527564 -23.524415976158814),29.0,3.0,1937.0,,,
694,2.0,2,"Livro de Emplacamento L22. p,76",Cintia,8/10/2018,POINT(-46.640448823527564 -23.524415976158814),28.0,3.0,1937.0,28.0,3.0,1937.0
694,8.0,8,"Livro de Emplacamento L22. p,76",Cintia,8/10/2018,POINT(-46.64106760817303 -23.524690199463773),29.0,3.0,1937.0,,,
694,38.0,38,"Livro de Emplacamento L22. p,76",Cintia,8/10/2018,POINT(-46.64081639218448 -23.524578869489538),29.0,3.0,1937.0,,,
694,13.0,13,"Livro de Emplacamento L22. p,76",Cintia,8/10/2018,POINT(-46.64081639218448 -23.524578869489538),28.0,3.0,1937.0,28.0,3.0,1937.0
694,80.0,80,"Livro de Emplacamento L22. p,76",Cintia,8/10/2018,POINT(-46.640447060608345 -23.524415194895838),29.0,3.0,1937.0,,,
694,1.0,1,"Livro de Emplacamento L22. p,76",Cintia,8/10/2018,POINT(-46.640447060608345 -23.524415194895838),28.0,3.0,1937.0,28.0,3.0,1937.0
702,39.0,39,Livros de Emplacamento 28/09/1928 L14,Cintia,8/10/2018,POINT(-46.64720476005171 -23.525909059472262),20.0,5.0,1937.0,,,
702,161.0,161,Livros de Emplacamento 28/09/1928 L14,Cintia,8/10/2018,POINT(-46.64673081437511 -23.526754754869938),20.0,5.0,1937.0,,,
702,19.0,19,Livros de Emplacamento 28/09/1928 L14,Cintia,8/10/2018,POINT(-46.64673081437511 -23.526754754869938),28.0,9.0,1928.0,19.0,5.0,1937.0
702,17.0,17,Livros de Emplacamento 28/09/1928 L14,Cintia,8/10/2018,POINT(-46.64673081437511 -23.526754754869938),27.0,9.0,1928.0,27.0,9.0,1928.0
702,245.0,245,Livros de Emplacamento 28/09/1928 L14,Cintia,8/10/2018,POINT(-46.64673081437511 -23.526754754869938),20.0,5.0,1937.0,,,
702,39.0,39,Livros de Emplacamento 28/09/1928 L14,Cintia,8/10/2018,POINT(-46.64673081437511 -23.526754754869938),28.0,9.0,1928.0,19.0,5.0,1937.0
702,21.0,21,Livros de Emplacamento 28/09/1928 L14,Cintia,8/10/2018,POINT(-46.64673081437511 -23.526754754869938),27.0,9.0,1928.0,27.0,9.0,1928.0
702,397.0,397,Livros de Emplacamento 28/09/1928 L14,Cintia,8/10/2018,POINT(-46.64673081437511 -23.526754754869938),20.0,5.0,1937.0,,,
702,12.0,12,Livros de Emplacamento 28/09/1928 L14,Cintia,8/10/2018,POINT(-46.64732367877331 -23.525696864234444),20.0,5.0,1937.0,,,
702,2.0,2,Livros de Emplacamento 28/09/1928 L14,Cintia,8/10/2018,POINT(-46.64732367877331 -23.525696864234444),28.0,9.0,1928.0,19.0,5.0,1937.0
702,176.0,176,Livros de Emplacamento 28/09/1928 L14,Cintia,8/10/2018,POINT(-46.64673081437511 -23.526754754869938),20.0,5.0,1937.0,,,
702,22.0,22,Livros de Emplacamento 28/09/1928 L14,Cintia,8/10/2018,POINT(-46.64673081437511 -23.526754754869938),28.0,9.0,1928.0,19.0,5.0,1937.0
702,20.0,20,Livros de Emplacamento 28/09/1928 L14,Cintia,8/10/2018,POINT(-46.64673081437511 -23.526754754869938),27.0,9.0,1928.0,27.0,9.0,1928.0
702,340.0,340,Livros de Emplacamento 28/09/1928 L14,Cintia,8/10/2018,POINT(-46.64673081437511 -23.526754754869938),20.0,5.0,1937.0,,,
702,52.0,52,Livros de Emplacamento 28/09/1928 L14,Cintia,8/10/2018,POINT(-46.64673081437511 -23.526754754869938),28.0,9.0,1928.0,19.0,5.0,1937.0
702,24.0,24,Livros de Emplacamento 28/09/1928 L14,Cintia,8/10/2018,POINT(-46.64673081437511 -23.526754754869938),27.0,9.0,1928.0,27.0,9.0,1928.0
515,47.0,47,"Livro de Emplacamento. n,20. p,46",Cintia,8/10/2018,,25.0,9.0,1935.0,,,
515,1.0,1,"Livro de Emplacamento. n,20. p,46",Cintia,8/10/2018,,2.0,5.0,1908.0,24.0,9.0,1935.0
515,639.0,639,"Livro de Emplacamento. n,20. p,46",Cintia,8/10/2018,,25.0,9.0,1935.0,,,
515,43.0,43,"Livro de Emplacamento. n,20. p,46",Cintia,8/10/2018,,2.0,5.0,1908.0,24.0,9.0,1935.0
515,49.0,49,"Livro de Emplacamento. n,20. p,46",Cintia,8/10/2018,,1.0,5.0,1908.0,1.0,5.0,1908.0
515,1071.0,1071,"Livro de Emplacamento. n,20. p,46",Cintia,8/10/2018,,25.0,9.0,1935.0,,,
515,97.0,97,"Livro de Emplacamento. n,20. p,46",Cintia,8/10/2018,,2.0,5.0,1908.0,24.0,9.0,1935.0
515,105.0,105,"Livro de Emplacamento. n,20. p,46",Cintia,8/10/2018,,1.0,5.0,1908.0,1.0,5.0,1908.0
515,222.0,222,"Livro de Emplacamento. n,20. p,46",Cintia,8/10/2018,,25.0,9.0,1935.0,,,
515,8.0,8,"Livro de Emplacamento. n,20. p,46",Cintia,8/10/2018,,2.0,5.0,1908.0,24.0,9.0,1935.0
515,10.0,10,"Livro de Emplacamento. n,20. p,46",Cintia,8/10/2018,,1.0,5.0,1908.0,1.0,5.0,1908.0
515,710.0,710,"Livro de Emplacamento. n,20. p,46",Cintia,8/10/2018,,25.0,9.0,1935.0,,,
515,34.0,34,"Livro de Emplacamento. n,20. p,46",Cintia,8/10/2018,,2.0,5.0,1908.0,24.0,9.0,1935.0
515,1084.0,1084,"Livro de Emplacamento. n,20. p,46",Cintia,8/10/2018,,25.0,9.0,1935.0,,,
515,118.0,118,"Livro de Emplacamento. n,20. p,46",Cintia,8/10/2018,,12.0,4.0,1911.0,24.0,9.0,1935.0
515,90.0,90,"Livro de Emplacamento. n,20. p,46",Cintia,8/10/2018,,2.0,5.0,1908.0,11.0,4.0,1911.0
715,101.0,101,"Livros de Emplacamento L2. p,30",Cintia,8/10/2018,POINT(-46.659391172867146 -23.524433877603506),18.0,9.0,1941.0,,,
715,15.0,15,"Livros de Emplacamento L2. p,30",Cintia,8/10/2018,POINT(-46.659391172867146 -23.524433877603506),23.0,3.0,1928.0,17.0,9.0,1941.0
715,199.0,199,"Livros de Emplacamento L2. p,30",Cintia,8/10/2018,POINT(-46.65848718041134 -23.52472511360516),18.0,9.0,1941.0,,,
715,19.0,19,"Livros de Emplacamento L2. p,30",Cintia,8/10/2018,POINT(-46.65848718041134 -23.52472511360516),23.0,3.0,1928.0,17.0,9.0,1941.0
715,41.0,41,"Livros de Emplacamento L2. p,30",Cintia,8/10/2018,POINT(-46.65848718041134 -23.52472511360516),27.0,4.0,1912.0,22.0,3.0,1928.0
715,405.0,405,"Livros de Emplacamento L2. p,30",Cintia,8/10/2018,POINT(-46.65658369680954 -23.525338352078393),18.0,9.0,1941.0,,,
715,67.0,67,"Livros de Emplacamento L2. p,30",Cintia,8/10/2018,POINT(-46.65658369680954 -23.525338352078393),23.0,3.0,1928.0,17.0,9.0,1941.0
715,91.0,91,"Livros de Emplacamento L2. p,30",Cintia,8/10/2018,POINT(-46.65658369680954 -23.525338352078393),27.0,4.0,1912.0,22.0,3.0,1928.0
715,1081.0,1081,"Livros de Emplacamento L2. p,30",Cintia,8/10/2018,POINT(-46.65010275853866 -23.526173461551622),18.0,9.0,1941.0,,,
715,197.0,197,"Livros de Emplacamento L2. p,30",Cintia,8/10/2018,POINT(-46.65010275853866 -23.526173461551622),23.0,3.0,1928.0,17.0,9.0,1941.0
715,217.0,217,"Livros de Emplacamento L2. p,30",Cintia,8/10/2018,POINT(-46.65010275853866 -23.526173461551622),22.0,3.0,1928.0,22.0,3.0,1928.0
715,26.0,26,"Livros de Emplacamento L2. p,30",Cintia,8/10/2018,POINT(-46.66009767774029 -23.524206265466827),18.0,9.0,1941.0,,,
715,4.0,4,"Livros de Emplacamento L2. p,30",Cintia,8/10/2018,POINT(-46.66009767774029 -23.524206265466827),23.0,3.0,1928.0,17.0,9.0,1941.0
715,2.0,2A,"Livros de Emplacamento L2. p,30",Cintia,8/10/2018,POINT(-46.66009767774029 -23.524206265466827),22.0,3.0,1928.0,22.0,3.0,1928.0
715,210.0,210,"Livros de Emplacamento L2. p,30",Cintia,8/10/2018,POINT(-46.6583796284884 -23.52475976322177),18.0,9.0,1941.0,,,
715,40.0,40A,"Livros de Emplacamento L2. p,30",Cintia,8/10/2018,POINT(-46.6583796284884 -23.52475976322177),23.0,3.0,1928.0,17.0,9.0,1941.0
715,42.0,42,"Livros de Emplacamento L2. p,30",Cintia,8/10/2018,POINT(-46.6583796284884 -23.52475976322177),27.0,4.0,1912.0,22.0,3.0,1928.0
715,386.0,386,"Livros de Emplacamento L2. p,30",Cintia,8/10/2018,POINT(-46.65675058772446 -23.525284585431933),18.0,9.0,1941.0,,,
715,84.0,84,"Livros de Emplacamento L2. p,30",Cintia,8/10/2018,POINT(-46.65675058772446 -23.525284585431933),23.0,3.0,1928.0,17.0,9.0,1941.0
715,90.0,90,"Livros de Emplacamento L2. p,30",Cintia,8/10/2018,POINT(-46.65675058772446 -23.525284585431933),27.0,4.0,1912.0,22.0,3.0,1928.0
715,804.0,804,"Livros de Emplacamento L2. p,30",Cintia,8/10/2018,POINT(-46.652757961662815 -23.525748897521606),18.0,9.0,1941.0,,,
715,154.0,154,"Livros de Emplacamento L2. p,30",Cintia,8/10/2018,POINT(-46.652757961662815 -23.525748897521606),23.0,3.0,1928.0,17.0,9.0,1941.0
715,142.0,142,"Livros de Emplacamento L2. p,30",Cintia,8/10/2018,POINT(-46.652757961662815 -23.525748897521606),22.0,3.0,1928.0,22.0,3.0,1928.0
715,1300.0,1300,"Livros de Emplacamento L2. p,30",Cintia,8/10/2018,POINT(-46.64859739664188 -23.526152413595362),18.0,9.0,1941.0,,,
715,262.0,262,"Livros de Emplacamento L2. p,30",Cintia,8/10/2018,POINT(-46.64859739664188 -23.526152413595362),1.0,7.0,1929.0,17.0,9.0,1941.0
715,232.0,232,"Livros de Emplacamento L2. p,30",Cintia,8/10/2018,POINT(-46.64859739664188 -23.526152413595362),23.0,3.0,1928.0,1.0,6.0,1929.0
98,1562.0,1562,Livro de emplacamento 20. p. 385,Cintia,8/10/2018,POINT(-46.65604280949745 -23.554249368319876),21.0,2.0,1936.0,,,
98,292.0,292,Livro de emplacamento 24. p. 82,Cintia,8/10/2018,POINT(-46.65604280949745 -23.554249368319876),27.0,6.0,1927.0,20.0,2.0,1936.0
98,2950.0,2950,Livro de emplacamento 20. p. 387,Cintia,8/10/2018,POINT(-46.648849118179484 -23.550847999773854),21.0,2.0,1936.0,,,
98,528.0,528,Livro de emplacamento 20. p. 24,Cintia,8/10/2018,POINT(-46.648849118179484 -23.550847999773854),27.0,6.0,1927.0,20.0,2.0,1936.0
98,66.0,66,Livro de emplacamento 17. p. 199,Cintia,8/10/2018,POINT(-46.64674310009493 -23.550160714110763),21.0,2.0,1936.0,,,
98,8.0,8,Livro de emplacamento 24. p. 85,Cintia,8/10/2018,POINT(-46.64674310009493 -23.550160714110763),27.0,6.0,1927.0,20.0,2.0,1936.0
98,159.0,159,Livro de emplacamento 20. p. 378,Cintia,8/10/2018,POINT(-46.64760692824538 -23.550440334988846),21.0,2.0,1936.0,,,
98,25.0,25,Livro de emplacamento 17. p. 199,Cintia,8/10/2018,POINT(-46.64760692824538 -23.550440334988846),27.0,6.0,1927.0,20.0,2.0,1936.0
98,855.0,855,Livro de emplacamento 17. p. 197,Cintia,8/10/2018,POINT(-46.65388963801322 -23.552717515978387),21.0,2.0,1936.0,,,
98,191.0,191,Livro de emplacamento 24. p. 88,Cintia,8/10/2018,POINT(-46.65388963801322 -23.552717515978387),27.0,6.0,1927.0,20.0,2.0,1936.0
98,2291.0,2291,Livro de emplacamento 17. p. 198,Cintia,8/10/2018,POINT(-46.65604280949745 -23.554249368319876),21.0,2.0,1936.0,,,
98,595.0,595,Livro de emplacamento 17. p. 198,Cintia,8/10/2018,POINT(-46.65604280949745 -23.554249368319876),27.0,6.0,1927.0,20.0,2.0,1936.0
11730,340.0,340,Livro de emplacamento 24. p. 80,Cintia,8/10/2018,,3.0,10.0,1937.0,,,
1730,60.0,60,Livro de emplacamento 17. p. 199,Cintia,8/10/2018,POINT(-46.67408459856406 -23.555493919800085),20.0,9.0,1927.0,10.0,2.0,1937.0
1730,22.0,22,Livro de emplacamento 09. p. 97,Cintia,8/10/2018,POINT(-46.67408459856406 -23.555493919800085),1.0,9.0,1911.0,19.0,9.0,1927.0
1730,1406.0,1406,Livro de emplacamento 24. p. 82,Cintia,8/10/2018,POINT(-46.68283581670519 -23.56071864960894),3.0,10.0,1937.0,,,
1730,240.0,240,Livro de emplacamento 17. p. 199,Cintia,8/10/2018,POINT(-46.68283581670519 -23.56071864960894),20.0,9.0,1927.0,10.0,2.0,1937.0
1730,2666.0,2666,Livro de emplacamento 24. p. 83,Cintia,8/10/2018,POINT(-46.69315607759756 -23.566900861366538),3.0,10.0,1937.0,,,
1730,400.0,400,Livro de emplacamento 17. p. 199,Cintia,8/10/2018,POINT(-46.69315607759756 -23.566900861366538),20.0,9.0,1927.0,10.0,2.0,1937.0
1730,567.0,567,Livro de emplacamento 24. p. 85,Cintia,8/10/2018,POINT(-46.67594724449383 -23.55659895019258),3.0,10.0,1937.0,,,
1730,93.0,93,Livro de emplacamento 17. p. 197,Cintia,8/10/2018,POINT(-46.67594724449383 -23.55659895019258),1.0,9.0,1911.0,10.0,2.0,1937.0
1730,1405.0,1405,Livro de emplacamento 24. p. 7,Cintia,8/10/2018,POINT(-46.68281885617494 -23.560707933562828),3.0,10.0,1937.0,,,
1730,241.0,241,Livro de emplacamento 17. p. 197,Cintia,8/10/2018,POINT(-46.68281885617494 -23.560707933562828),20.0,9.0,1927.0,10.0,2.0,1937.0
1730,2675.0,2675,Livro de emplacamento 24. p. 88,Cintia,8/10/2018,POINT(-46.69322000578529 -23.56693914910048),3.0,10.0,1937.0,,,
1730,347.0,347,Livro de emplacamento 17. p. 198,Cintia,8/10/2018,POINT(-46.69322000578529 -23.56693914910048),20.0,9.0,1927.0,10.0,2.0,1937.0
1578,386.0,386,,Cintia,8/10/2018,POINT(-46.690504974456836 -23.56123537709435),3.0,8.0,1938.0,,,
1578,54.0,54,,Cintia,8/10/2018,POINT(-46.690504974456836 -23.56123537709435),3.0,6.0,1929.0,3.0,7.0,1938.0
1578,76.0,76,p. 49,Cintia,8/10/2018,POINT(-46.690504974456836 -23.56123537709435),3.0,5.0,1929.0,3.0,5.0,1929.0
1578,394.0,394,,Cintia,8/10/2018,POINT(-46.690540333333324 -23.561184765315918),3.0,8.0,1938.0,,,
1578,56.0,56,,Cintia,8/10/2018,POINT(-46.690540333333324 -23.561184765315918),3.0,6.0,1929.0,3.0,7.0,1938.0
1578,78.0,78,p. 49,Cintia,8/10/2018,POINT(-46.690540333333324 -23.561184765315918),3.0,5.0,1929.0,3.0,5.0,1929.0
1578,280.0,280,,Cintia,8/10/2018,POINT(-46.6899466208549 -23.56203458995375),3.0,8.0,1938.0,,,
1578,28.0,28,,Cintia,8/10/2018,POINT(-46.6899466208549 -23.56203458995375),3.0,6.0,1929.0,3.0,7.0,1938.0
1578,50.0,50,p. 49,Cintia,8/10/2018,POINT(-46.6899466208549 -23.56203458995375),3.0,5.0,1929.0,3.0,5.0,1929.0
1578,291.0,291,,Cintia,8/10/2018,POINT(-46.690002561763976 -23.561954517587875),3.0,8.0,1938.0,,,
1578,31.0,31,,Cintia,8/10/2018,POINT(-46.690002561763976 -23.561954517587875),3.0,6.0,1929.0,3.0,7.0,1938.0
1578,27.0,27,p. 49,Cintia,8/10/2018,POINT(-46.690002561763976 -23.561954517587875),3.0,5.0,1929.0,3.0,5.0,1929.0
1578,301.0,301,,Cintia,8/10/2018,POINT(-46.69005428071765 -23.561880488419426),3.0,8.0,1938.0,,,
1578,33.0,33,,Cintia,8/10/2018,POINT(-46.69005428071765 -23.561880488419426),3.0,6.0,1929.0,3.0,7.0,1938.0
1578,29.0,29,p. 49,Cintia,8/10/2018,POINT(-46.69005428071765 -23.561880488419426),3.0,5.0,1929.0,3.0,5.0,1929.0
1578,285.0,285,,Cintia,8/10/2018,POINT(-46.68996561965421 -23.56200739556534),3.0,8.0,1938.0,,,
1578,29.0,29,,Cintia,8/10/2018,POINT(-46.68996561965421 -23.56200739556534),3.0,6.0,1929.0,3.0,7.0,1938.0
1578,25.0,25,,Cintia,8/10/2018,POINT(-46.68996561965421 -23.56200739556534),3.0,5.0,1929.0,3.0,5.0,1929.0
1741,181.0,181,Livro de Emplacamento n. 24. p. 307,Cintia,8/10/2018,POINT(-46.69345171339266 -23.562688045349685),4.0,30.0,1938.0,,,
1741,23.0,23,Livro de Emplacamento n. 11. p. 44,Cintia,8/10/2018,POINT(-46.69345171339266 -23.562688045349685),24.0,10.0,1927.0,4.0,29.0,1938.0
1741,20.0,20,Livro de Emplacamento n. 11. p. 44,Cintia,8/10/2018,POINT(-46.69345171339266 -23.562688045349685),23.0,10.0,1927.0,23.0,10.0,1927.0
1741,217.0,217,Livro de Emplacamento n. 24. p. 307,Cintia,8/10/2018,POINT(-46.69327089137035 -23.562956791144504),4.0,30.0,1938.0,,,
1741,33.0,33,Livro de Emplacamento n. 11. p. 44,Cintia,8/10/2018,POINT(-46.69327089137035 -23.562956791144504),24.0,10.0,1927.0,4.0,29.0,1938.0
1741,12.0,12,Livro de Emplacamento n. 11. p. 44,Cintia,8/10/2018,POINT(-46.69327089137035 -23.562956791144504),23.0,10.0,1927.0,23.0,10.0,1927.0
1741,193.0,193,Livro de Emplacamento n. 24. p. 307,Cintia,8/10/2018,POINT(-46.69339109691927 -23.56277813626954),4.0,30.0,1938.0,,,
1741,27.0,27,Livro de Emplacamento n. 11. p. 44,Cintia,8/10/2018,POINT(-46.69339109691927 -23.56277813626954),24.0,10.0,1927.0,4.0,29.0,1938.0
1741,16.0,16,Livro de Emplacamento n. 11. p. 44,Cintia,8/10/2018,POINT(-46.69339109691927 -23.56277813626954),23.0,10.0,1927.0,23.0,10.0,1927.0
1741,106.0,106,Livro de Emplacamento n. 24. p. 305,Cintia,8/10/2018,POINT(-46.69383698758794 -23.562115433570956),4.0,30.0,1938.0,,,
1741,10.0,10,Livro de Emplacamento n. 11. p. 44,Cintia,8/10/2018,POINT(-46.69383698758794 -23.562115433570956),24.0,10.0,1927.0,4.0,29.0,1938.0
1741,53.0,53,Livro de Emplacamento n. 11. p. 44,Cintia,8/10/2018,POINT(-46.69383698758794 -23.562115433570956),23.0,10.0,1927.0,23.0,10.0,1927.0
1741,116.0,116,Livro de Emplacamento n. 24. p. 305,Cintia,8/10/2018,POINT(-46.69378561769524 -23.562191781808117),4.0,30.0,1938.0,,,
1741,12.0,12,Livro de Emplacamento n. 11. p. 44,Cintia,8/10/2018,POINT(-46.69378561769524 -23.562191781808117),24.0,10.0,1927.0,4.0,29.0,1938.0
1741,51.0,51,Livro de Emplacamento n. 11. p. 44,Cintia,8/10/2018,POINT(-46.69378561769524 -23.562191781808117),23.0,10.0,1927.0,23.0,10.0,1927.0
1741,192.0,192,Livro de Emplacamento n. 24. p. 305,Cintia,8/10/2018,POINT(-46.69339212431713 -23.562776609304798),4.0,30.0,1938.0,,,
1741,32.0,32,Livro de Emplacamento n. 11. p. 44,Cintia,8/10/2018,POINT(-46.69339212431713 -23.562776609304798),24.0,10.0,1927.0,4.0,29.0,1938.0
1741,33.0,33,Livro de Emplacamento n. 11. p. 44,Cintia,8/10/2018,POINT(-46.69339212431713 -23.562776609304798),23.0,10.0,1927.0,23.0,10.0,1927.0
1743,37.0,37,"Livro de Emplacamento n. 20. p,192",Cintia,8/10/2018,POINT(-46.69061269186556 -23.567926295649176),21.0,11.0,1935.0,,,
1743,1.0,1,"Livro de Emplacamento n. 1. p,92",Cintia,8/10/2018,POINT(-46.69061269186556 -23.567926295649176),4.0,6.0,1926.0,20.0,11.0,1935.0
1743,67.0,67,"Livro de Emplacamento n. 20. p,192",Cintia,8/10/2018,POINT(-46.69035650296008 -23.56777703530035),21.0,11.0,1935.0,,,
1743,5.0,5,"Livro de Emplacamento n. 1. p,92",Cintia,8/10/2018,POINT(-46.69035650296008 -23.56777703530035),4.0,6.0,1926.0,20.0,11.0,1935.0
1743,73.0,73,"Livro de Emplacamento n. 20. p,192",Cintia,8/10/2018,POINT(-46.690308570842284 -23.567749109170567),21.0,11.0,1935.0,,,
1743,7.0,7,"Livro de Emplacamento n. 1. p,92",Cintia,8/10/2018,POINT(-46.690308570842284 -23.567749109170567),4.0,6.0,1926.0,20.0,11.0,1935.0
1743,32.0,32,"Livro de Emplacamento n. 20. p,195",Cintia,8/10/2018,POINT(-46.69065235982512 -23.567949406928996),21.0,11.0,1935.0,,,
1743,2.0,2,"Livro de Emplacamento n. 1. p,92",Cintia,8/10/2018,POINT(-46.69065235982512 -23.567949406928996),4.0,6.0,1926.0,20.0,11.0,1935.0
1743,152.0,152,"Livro de Emplacamento n. 20. p,195",Cintia,8/10/2018,POINT(-46.68965735517286 -23.567369698993545),21.0,11.0,1935.0,,,
1743,14.0,14,"Livro de Emplacamento n. 1. p,92",Cintia,8/10/2018,POINT(-46.68965735517286 -23.567369698993545),4.0,6.0,1926.0,20.0,11.0,1935.0
1743,196.0,196,"Livro de Emplacamento n. 20. p,195",Cintia,8/10/2018,POINT(-46.689295385041895 -23.5671588085652),21.0,11.0,1935.0,,,
1743,26.0,26,"Livro de Emplacamento n. 1. p,92",Cintia,8/10/2018,POINT(-46.689295385041895 -23.5671588085652),4.0,6.0,1926.0,20.0,11.0,1935.0
1744,1157.0,1157,,Cintia,8/10/2018,POINT(-46.68327514283702 -23.565922956201774),3.0,12.0,1942.0,,,
1744,159.0,159,,Cintia,8/10/2018,POINT(-46.68327514283702 -23.565922956201774),9.0,28.0,1927.0,3.0,12.0,1942.0
1744,1427.0,1427,,Cintia,8/10/2018,POINT(-46.68324113166521 -23.565909338458873),3.0,12.0,1942.0,,,
1744,189.0,189,"Livro de emplacamento n,12. p. 18-19",Cintia,8/10/2018,POINT(-46.68324113166521 -23.565909338458873),9.0,28.0,1927.0,3.0,12.0,1942.0
1744,1559.0,1559,,Cintia,8/10/2018,POINT(-46.68324113166521 -23.565909338458873),3.0,12.0,1942.0,,,
1744,215.0,215,"Livro de emplacamento n,12. p. 18-19",Cintia,8/10/2018,POINT(-46.68324113166521 -23.565909338458873),9.0,28.0,1927.0,3.0,12.0,1942.0
1744,456.0,456,,Cintia,8/10/2018,POINT(-46.68965228831287 -23.56816333298517),3.0,12.0,1942.0,,,
1744,52.0,52,"Livro de emplacamento n,12. p. 18-19",Cintia,8/10/2018,POINT(-46.68965228831287 -23.56816333298517),9.0,28.0,1927.0,3.0,12.0,1942.0
1744,1022.0,1022,,Cintia,8/10/2018,POINT(-46.684485915111495 -23.566407737662363),3.0,12.0,1942.0,,,
1744,132.0,132,"Livro de emplacamento n,12. p. 18-19",Cintia,8/10/2018,POINT(-46.684485915111495 -23.566407737662363),9.0,28.0,1927.0,3.0,12.0,1942.0
1744,1574.0,1574,,Cintia,8/10/2018,POINT(-46.68324113166521 -23.565909338458873),3.0,12.0,1942.0,,,
1744,222.0,222,"Livro de emplacamento n,12. p. 18-19",Cintia,8/10/2018,POINT(-46.68324113166521 -23.565909338458873),9.0,28.0,1927.0,3.0,12.0,1942.0
1745,360.0,360,"Livro de Emplacamento n. 24. p,195",Cintia,8/10/2018,POINT(-46.684915111404045 -23.563490842874035),2.0,12.0,1938.0,,,
1745,54.0,54,"Livro de Emplacamento n. 14. p,3",Cintia,8/10/2018,POINT(-46.684915111404045 -23.563490842874035),9.0,7.0,1928.0,2.0,11.0,1938.0
1745,13.0,13,"Livro de Emplacamento n. 14. p,3",Cintia,8/10/2018,POINT(-46.684915111404045 -23.563490842874035),9.0,6.0,1928.0,9.0,6.0,1928.0
1745,386.0,386,"Livro de Emplacamento n. 24. p,195",Cintia,8/10/2018,POINT(-46.684789074403895 -23.56367779075434),2.0,12.0,1938.0,,,
1745,60.0,60,"Livro de Emplacamento n. 14. p,3",Cintia,8/10/2018,POINT(-46.684789074403895 -23.56367779075434),9.0,7.0,1928.0,2.0,11.0,1938.0
1745,9.0,9,"Livro de Emplacamento n. 14. p,3",Cintia,8/10/2018,POINT(-46.684789074403895 -23.56367779075434),9.0,6.0,1928.0,9.0,6.0,1928.0
1745,512.0,512,"Livro de Emplacamento n. 24. p,195",Cintia,8/10/2018,POINT(-46.68414602848477 -23.564631606470183),2.0,12.0,1938.0,,,
1745,72.0,72,"Livro de Emplacamento n. 14. p,3",Cintia,8/10/2018,POINT(-46.68414602848477 -23.564631606470183),9.0,7.0,1928.0,2.0,11.0,1938.0
1745,10.0,10,"Livro de Emplacamento n. 14. p,3",Cintia,8/10/2018,POINT(-46.68414602848477 -23.564631606470183),9.0,6.0,1928.0,9.0,6.0,1928.0
1745,261.0,261,"Livro de Emplacamento n. 24. p,195",Cintia,8/10/2018,POINT(-46.68543314919649 -23.562722448933354),2.0,12.0,1938.0,,,
1745,35.0,35,"Livro de Emplacamento n. 14. p,3",Cintia,8/10/2018,POINT(-46.68543314919649 -23.562722448933354),9.0,7.0,1928.0,2.0,11.0,1938.0
1745,33.0,33,"Livro de Emplacamento n. 14. p,3",Cintia,8/10/2018,POINT(-46.68543314919649 -23.562722448933354),9.0,6.0,1928.0,9.0,6.0,1928.0
1745,271.0,271,"Livro de Emplacamento n. 24. p,195",Cintia,8/10/2018,POINT(-46.68537656115561 -23.56280638471635),2.0,12.0,1938.0,,,
1745,37.0,37,"Livro de Emplacamento n. 14. p,3",Cintia,8/10/2018,POINT(-46.68537656115561 -23.56280638471635),9.0,7.0,1928.0,2.0,11.0,1938.0
1745,35.0,35,"Livro de Emplacamento n. 14. p,3",Cintia,8/10/2018,POINT(-46.68537656115561 -23.56280638471635),9.0,6.0,1928.0,9.0,6.0,1928.0
1745,279.0,279,"Livro de Emplacamento n. 24. p,195",Cintia,8/10/2018,POINT(-46.68534312276781 -23.56285598313357),2.0,12.0,1938.0,,,
1745,39.0,39,"Livro de Emplacamento n. 14. p,3",Cintia,8/10/2018,POINT(-46.68534312276781 -23.56285598313357),9.0,7.0,1928.0,2.0,11.0,1938.0
1745,37.0,37,"Livro de Emplacamento n. 14. p,3",Cintia,8/10/2018,POINT(-46.68534312276781 -23.56285598313357),9.0,6.0,1928.0,9.0,6.0,1928.0
1752,442.0,442,,Cintia,8/10/2018,POINT(-46.69117949669128 -23.564083617127483),5.0,6.0,1938.0,5.0,6.0,1938.0
1752,44.0,44,L. 11. p. 184,Cintia,8/10/2018,POINT(-46.69117949669128 -23.564083617127483),26.0,10.0,1927.0,5.0,6.0,1938.0
1752,18.0,18,L. 11. p. 184,Cintia,8/10/2018,POINT(-46.69117949669128 -23.564083617127483),25.0,10.0,1927.0,25.0,10.0,1927.0
1752,458.0,458,,Cintia,8/10/2018,POINT(-46.69112083150715 -23.564172146404257),5.0,6.0,1938.0,5.0,6.0,1938.0
1752,48.0,48,L. 11. p. 184,Cintia,8/10/2018,POINT(-46.69112083150715 -23.564172146404257),26.0,10.0,1927.0,5.0,6.0,1938.0
1752,22.0,22,L. 11. p. 184,Cintia,8/10/2018,POINT(-46.69112083150715 -23.564172146404257),25.0,10.0,1927.0,25.0,10.0,1927.0
1752,454.0,454,,Cintia,8/10/2018,POINT(-46.691127973355655 -23.564161368927085),5.0,6.0,1938.0,5.0,6.0,1938.0
1752,46.0,46,L. 11. p. 184,Cintia,8/10/2018,POINT(-46.691127973355655 -23.564161368927085),26.0,10.0,1927.0,5.0,6.0,1938.0
1752,10.0,10,L. 11. p. 184,Cintia,8/10/2018,POINT(-46.691127973355655 -23.564161368927085),25.0,10.0,1927.0,25.0,10.0,1927.0
1765,231.0,231,,Cintia,8/10/2018,POINT(-46.69496290575406 -23.568372490606134),18.0,12.0,1938.0,,,
1765,39.0,39,,Cintia,8/10/2018,POINT(-46.69496290575406 -23.568372490606134),9.0,14.0,1911.0,17.0,12.0,1938.0
1765,27.0,27,"Livro de Emplacamento. n. _ p,71",Cintia,8/10/2018,POINT(-46.69496290575406 -23.568372490606134),9.0,13.0,1911.0,9.0,13.0,1911.0
1765,243.0,243,,Cintia,8/10/2018,POINT(-46.69495417649456 -23.568258471503054),18.0,12.0,1938.0,,,
1765,41.0,41,,Cintia,8/10/2018,POINT(-46.69495417649456 -23.568258471503054),9.0,14.0,1911.0,17.0,12.0,1938.0
1765,29.0,29,"Livro de Emplacamento. n. _ p,71",Cintia,8/10/2018,POINT(-46.69495417649456 -23.568258471503054),9.0,13.0,1911.0,9.0,13.0,1911.0
1765,105.0,105,,Cintia,8/10/2018,POINT(-46.69505399056835 -23.569562214525998),18.0,12.0,1938.0,,,
1765,17.0,17,,Cintia,8/10/2018,POINT(-46.69505399056835 -23.569562214525998),2.0,3.0,1928.0,17.0,12.0,1938.0
1765,11.0,11,"Livro de Emplacamento. n. _ p,71",Cintia,8/10/2018,POINT(-46.69505399056835 -23.569562214525998),9.0,14.0,1911.0,2.0,2.0,1928.0
1765,119.0,119,,Cintia,8/10/2018,POINT(-46.69504418803924 -23.569434176680733),18.0,12.0,1938.0,,,
1765,19.0,19,,Cintia,8/10/2018,POINT(-46.69504418803924 -23.569434176680733),2.0,3.0,1928.0,17.0,12.0,1938.0
1765,13.0,13,"Livro de Emplacamento. n. _ p,71",Cintia,8/10/2018,POINT(-46.69504418803924 -23.569434176680733),9.0,14.0,1911.0,2.0,2.0,1928.0
1765,2850.0,2850,,Cintia,8/10/2018,POINT(-46.68344205237749 -23.55875577993799),18.0,12.0,1938.0,,,
1765,366.0,366,,Cintia,8/10/2018,POINT(-46.68344205237749 -23.55875577993799),2.0,3.0,1928.0,17.0,12.0,1938.0
1765,218.0,218,,Cintia,8/10/2018,POINT(-46.68344205237749 -23.55875577993799),7.0,1.0,1921.0,2.0,2.0,1928.0
1765,38.0,38,p. 26,Cintia,8/10/2018,POINT(-46.68344205237749 -23.55875577993799),6.0,30.0,1921.0,6.0,30.0,1921.0
1765,2888.0,2888,,Cintia,8/10/2018,POINT(-46.68344205237749 -23.55875577993799),18.0,12.0,1938.0,,,
1765,372.0,372,,Cintia,8/10/2018,POINT(-46.68344205237749 -23.55875577993799),2.0,3.0,1928.0,17.0,12.0,1938.0
1765,224.0,224,,Cintia,8/10/2018,POINT(-46.68344205237749 -23.55875577993799),7.0,1.0,1921.0,2.0,2.0,1928.0
1765,46.0,46,p. 26,Cintia,8/10/2018,POINT(-46.68344205237749 -23.55875577993799),6.0,30.0,1921.0,6.0,30.0,1921.0
1765,2910.0,2910,,Cintia,8/10/2018,POINT(-46.68344205237749 -23.55875577993799),18.0,12.0,1938.0,,,
1765,378.0,378,,Cintia,8/10/2018,POINT(-46.68344205237749 -23.55875577993799),2.0,3.0,1928.0,17.0,12.0,1938.0
1765,230.0,230,,Cintia,8/10/2018,POINT(-46.68344205237749 -23.55875577993799),7.0,1.0,1921.0,2.0,2.0,1928.0
1765,52.0,52,p. 26,Cintia,8/10/2018,POINT(-46.68344205237749 -23.55875577993799),6.0,30.0,1921.0,6.0,30.0,1921.0
1765,2922.0,2922,,Cintia,8/10/2018,POINT(-46.68344205237749 -23.55875577993799),18.0,12.0,1938.0,,,
1765,380.0,380,,Cintia,8/10/2018,POINT(-46.68344205237749 -23.55875577993799),2.0,3.0,1928.0,17.0,12.0,1938.0
1765,232.0,232,,Cintia,8/10/2018,POINT(-46.68344205237749 -23.55875577993799),7.0,1.0,1921.0,2.0,2.0,1928.0
1765,54.0,54,p. 26,Cintia,8/10/2018,POINT(-46.68344205237749 -23.55875577993799),6.0,30.0,1921.0,6.0,30.0,1921.0
1766,253.0,253,Livro de Emplacamento n. 25. p. 311,Cintia,8/10/2018,POINT(-46.69544855622342 -23.565206492979044),6.0,9.0,1939.0,,,
1766,102.0,102,Livro de Emplacamento n. 13. p. 134,Cintia,8/10/2018,POINT(-46.69544855622342 -23.565206492979044),13.0,11.0,1928.0,6.0,8.0,1939.0
1766,82.0,82,Livro de Emplacamento n. 13. p. 134,Cintia,8/10/2018,POINT(-46.69544855622342 -23.565206492979044),3.0,30.0,1926.0,12.0,11.0,1928.0
1766,72.0,72,Livro de Emplacamento n. 9. p. 161,Cintia,8/10/2018,POINT(-46.69544855622342 -23.565206492979044),3.0,29.0,1926.0,3.0,29.0,1926.0
1766,249.0,249,Livro de Emplacamento n. 25. p. 311,Cintia,8/10/2018,POINT(-46.695450434144504 -23.56525757952155),6.0,9.0,1939.0,,,
1766,104.0,104,Livro de Emplacamento n. 13. p. 134,Cintia,8/10/2018,POINT(-46.695450434144504 -23.56525757952155),13.0,11.0,1928.0,6.0,8.0,1939.0
1766,84.0,84,Livro de Emplacamento n. 13. p. 134,Cintia,8/10/2018,POINT(-46.695450434144504 -23.56525757952155),3.0,30.0,1926.0,12.0,11.0,1928.0
1766,74.0,74,Livro de Emplacamento n. 9. p. 161,Cintia,8/10/2018,POINT(-46.695450434144504 -23.56525757952155),3.0,29.0,1926.0,3.0,29.0,1926.0
1766,125.0,125,Livro de Emplacamento n. 25. p. 311,Cintia,8/10/2018,POINT(-46.69549132011064 -23.566369832139944),6.0,9.0,1939.0,,,
1766,138.0,138,Livro de Emplacamento n. 13. p. 134,Cintia,8/10/2018,POINT(-46.69549132011064 -23.566369832139944),11.0,13.0,1928.0,6.0,8.0,1939.0
1766,106.0,106,Livro de Emplacamento n. 13. p. 134,Cintia,8/10/2018,POINT(-46.69549132011064 -23.566369832139944),3.0,30.0,1926.0,12.0,11.0,1928.0
1766,100.0,100,Livro de Emplacamento n. 9. p. 161,Cintia,8/10/2018,POINT(-46.69549132011064 -23.566369832139944),3.0,29.0,1926.0,3.0,29.0,1926.0
1766,492.0,492,Livro de Emplacamento n. 25. p. 311,Cintia,8/10/2018,POINT(-46.69536991415962 -23.563067131979757),6.0,9.0,1939.0,,,
1766,51.0,51,Livro de Emplacamento n. 13. p. 134,Cintia,8/10/2018,POINT(-46.69536991415962 -23.563067131979757),3.0,30.0,1926.0,6.0,8.0,1939.0
1766,29.0,29,Livro de Emplacamento n. 9. p. 161,Cintia,8/10/2018,POINT(-46.69536991415962 -23.563067131979757),3.0,29.0,1926.0,3.0,29.0,1926.0
1766,54.0,54,Livro de Emplacamento n. 25. p. 314,Cintia,8/10/2018,POINT(-46.6955140528396 -23.566988248180795),6.0,9.0,1939.0,,,
1766,52.0,52,Livro de Emplacamento n. 13. p. 134,Cintia,8/10/2018,POINT(-46.6955140528396 -23.566988248180795),11.0,13.0,1928.0,6.0,8.0,1939.0
1766,44.0,44,Livro de Emplacamento n. 13. p. 134,Cintia,8/10/2018,POINT(-46.6955140528396 -23.566988248180795),12.0,11.0,1928.0,12.0,11.0,1928.0
1766,24.0,24,Livro de Emplacamento n. 25. p. 314,Cintia,8/10/2018,POINT(-46.695524595554474 -23.56727504982293),6.0,9.0,1939.0,,,
1766,30.0,30,Livro de Emplacamento n. 13. p. 134,Cintia,8/10/2018,POINT(-46.695524595554474 -23.56727504982293),11.0,13.0,1928.0,6.0,8.0,1939.0
1766,22.0,22,Livro de Emplacamento n. 13. p. 134,Cintia,8/10/2018,POINT(-46.695524595554474 -23.56727504982293),12.0,11.0,1928.0,12.0,11.0,1928.0
2001,191.0,191,"Livro de Emplacamento. n. _ p,249",Cintia,8/10/2018,POINT(-46.642111945452186 -23.553560630895458),18.0,8.0,1936.0,,,
2001,31.0,31,"Livro de Emplacamento. n. _ p,44",Cintia,8/10/2018,POINT(-46.642111945452186 -23.553560630895458),6.0,8.0,1930.0,17.0,8.0,1936.0
2001,29.0,29,"Livro de Emplacamento. n. _ p,10",Cintia,8/10/2018,POINT(-46.642111945452186 -23.553560630895458),23.0,9.0,1908.0,5.0,8.0,1930.0
2001,131.0,131,"Livro de Emplacamento. n. _ p,249",Cintia,8/10/2018,POINT(-46.642069039809655 -23.554108725172156),18.0,8.0,1936.0,,,
2001,13.0,13,,Cintia,8/10/2018,POINT(-46.642069039809655 -23.554108725172156),23.0,9.0,1908.0,17.0,8.0,1936.0
2001,11.0,11a,"Livro de Emplacamento. n. _ p,10",Cintia,8/10/2018,POINT(-46.642069039809655 -23.554108725172156),21.0,9.0,1908.0,22.0,9.0,1908.0
2001,275.0,275,"Livro de Emplacamento. n. _ p,249",Cintia,8/10/2018,POINT(-46.64217112775993 -23.552818244966126),18.0,8.0,1936.0,,,
2001,55.0,55,,Cintia,8/10/2018,POINT(-46.64217112775993 -23.552818244966126),6.0,8.0,1930.0,17.0,8.0,1936.0
2001,49.0,49,"Livro de Emplacamento. n. _ p,44",Cintia,8/10/2018,POINT(-46.64217112775993 -23.552818244966126),5.0,8.0,1930.0,6.0,8.0,1930.0
2001,14.0,14,"Livro de Emplacamento. n. _ p,250",Cintia,8/10/2018,POINT(-46.64202709597805 -23.555153286120756),18.0,8.0,1936.0,,,
2001,6.0,6,"Livro de Emplacamento. n. _ p,10",Cintia,8/10/2018,POINT(-46.64202709597805 -23.555153286120756),21.0,9.0,1908.0,17.0,8.0,1936.0
2001,56.0,56,"Livro de Emplacamento. n. _ p,250",Cintia,8/10/2018,POINT(-46.6420383258648 -23.55477210222216),18.0,8.0,1936.0,,,
2001,2.0,2,"Livro de Emplacamento. n. _ p,10",Cintia,8/10/2018,POINT(-46.6420383258648 -23.55477210222216),21.0,9.0,1908.0,17.0,8.0,1936.0
2001,254.0,254,"Livro de Emplacamento. n. _ p,250",Cintia,8/10/2018,POINT(-46.642155222238685 -23.553007795473555),18.0,8.0,1936.0,,,
2001,38.0,38,"Livro de Emplacamento. n. _ p,44",Cintia,8/10/2018,POINT(-46.642155222238685 -23.553007795473555),6.0,8.0,1930.0,17.0,8.0,1936.0
2001,36.0,36,,Cintia,8/10/2018,POINT(-46.642155222238685 -23.553007795473555),23.0,9.0,1908.0,5.0,8.0,1930.0
2001,32.0,32,"Livro de Emplacamento. n. _ p,10",Cintia,8/10/2018,POINT(-46.642155222238685 -23.553007795473555),21.0,9.0,1908.0,22.0,9.0,1908.0
2001,468.0,468,"Livro de Emplacamento. n. _ p,250",Cintia,8/10/2018,POINT(-46.64236551327398 -23.551082277764923),18.0,8.0,1936.0,,,
2001,84.0,84,,Cintia,8/10/2018,POINT(-46.64236551327398 -23.551082277764923),6.0,8.0,1930.0,17.0,8.0,1936.0
2001,76.0,76,"Livro de Emplacamento. n. _ p,44",Cintia,8/10/2018,POINT(-46.64236551327398 -23.551082277764923),4.0,8.0,1930.0,5.0,8.0,1930.0
416,67.0,67,"Livro de Emplacamento. n. _ p,399",Cintia,8/10/2018,POINT(-46.63987576905261 -23.553917012844742),31.0,3.0,1936.0,,,
416,5.0,5,"Livro de Emplacamento. n,1 p,28",Cintia,8/10/2018,POINT(-46.63987576905261 -23.553917012844742),25.0,3.0,1911.0,30.0,3.0,1936.0
416,143.0,143,"Livro de Emplacamento. n. _ p,399",Cintia,8/10/2018,POINT(-46.639189890878846 -23.554034262641654),31.0,3.0,1936.0,,,
416,17.0,17,,Cintia,8/10/2018,POINT(-46.639189890878846 -23.554034262641654),27.0,3.0,1911.0,30.0,3.0,1936.0
416,15.0,15,"Livro de Emplacamento. n,1 p,28",Cintia,8/10/2018,POINT(-46.639189890878846 -23.554034262641654),25.0,3.0,1911.0,26.0,3.0,1911.0
416,185.0,185,"Livro de Emplacamento. n. _ p,399",Cintia,8/10/2018,POINT(-46.63884323001208 -23.55421101856004),31.0,3.0,1936.0,,,
416,29.0,29,"Livro de Emplacamento. n,1 p,42",Cintia,8/10/2018,POINT(-46.63884323001208 -23.55421101856004),23.0,1.0,1912.0,30.0,3.0,1936.0
416,26.0,26,"Livro de Emplacamento. n. _ p,399",Cintia,8/10/2018,POINT(-46.6402684185705 -23.55399129595914),31.0,3.0,1936.0,,,
416,4.0,4,"Livro de Emplacamento. n,1 p,28",Cintia,8/10/2018,POINT(-46.6402684185705 -23.55399129595914),25.0,3.0,1911.0,30.0,3.0,1936.0
416,54.0,54,"Livro de Emplacamento. n. _ p,399",Cintia,8/10/2018,POINT(-46.639996535531516 -23.553944700438564),31.0,3.0,1936.0,,,
416,14.0,14,"Livro de Emplacamento. n,1 p,28",Cintia,8/10/2018,POINT(-46.639996535531516 -23.553944700438564),25.0,3.0,1911.0,30.0,3.0,1936.0
416,122.0,122,"Livro de Emplacamento. n. _ p,399",Cintia,8/10/2018,POINT(-46.63937184471688 -23.55394148776907),31.0,3.0,1936.0,,,
416,30.0,30,"Livro de Emplacamento. n,1 p,28",Cintia,8/10/2018,POINT(-46.63937184471688 -23.55394148776907),25.0,3.0,1911.0,30.0,3.0,1936.0
2002,197.0,197,"Livro de Emplacamento. n,29 p,303",Cintia,8/10/2018,POINT(-46.6490648519762 -23.562422676803916),28.0,4.0,1942.0,,,
2002,5.0,5,,Cintia,8/10/2018,POINT(-46.6490648519762 -23.562422676803916),30.0,5.0,1928.0,27.0,4.0,1942.0
2002,7.0,7,"Livro de Emplacamento. n,13 p,26",Cintia,8/10/2018,POINT(-46.6490648519762 -23.562422676803916),12.0,11.0,1924.0,29.0,5.0,1928.0
2002,23.0,23,"Livro de Emplacamento. n,1 p,82",Cintia,8/10/2018,POINT(-46.6490648519762 -23.562422676803916),10.0,11.0,1924.0,11.0,11.0,1924.0
2002,249.0,249,"Livro de Emplacamento. n,29 p,303",Cintia,8/10/2018,POINT(-46.64901557203165 -23.561945483807172),28.0,4.0,1942.0,,,
2002,21.0,21,"Livro de Emplacamento. n,13 p,26",Cintia,8/10/2018,POINT(-46.64901557203165 -23.561945483807172),30.0,5.0,1928.0,27.0,4.0,1942.0
2002,25.0,25,,Cintia,8/10/2018,POINT(-46.64901557203165 -23.561945483807172),12.0,11.0,1924.0,29.0,5.0,1928.0
2002,37.0,37,"Livro de Emplacamento. n,1 p,82",Cintia,8/10/2018,POINT(-46.64901557203165 -23.561945483807172),10.0,11.0,1924.0,11.0,11.0,1924.0
2002,815.0,815,"Livro de Emplacamento. n,29 p,303",Cintia,8/10/2018,POINT(-46.64831759094556 -23.557991362250682),28.0,4.0,1942.0,,,
2002,155.0,155,,Cintia,8/10/2018,POINT(-46.64831759094556 -23.557991362250682),30.0,5.0,1928.0,27.0,4.0,1942.0
2002,185.0,185,"Livro de Emplacamento. n,13 p,26",Cintia,8/10/2018,POINT(-46.64831759094556 -23.557991362250682),28.0,5.0,1928.0,29.0,5.0,1928.0
2002,186.0,186,"Livro de Emplacamento. n,29 p,301",Cintia,8/10/2018,POINT(-46.64907444922086 -23.562511108963857),28.0,4.0,1942.0,,,
2002,18.0,18,,Cintia,8/10/2018,POINT(-46.64907444922086 -23.562511108963857),30.0,5.0,1928.0,27.0,4.0,1942.0
2002,30.0,30,"Livro de Emplacamento. n,13 p,25",Cintia,8/10/2018,POINT(-46.64907444922086 -23.562511108963857),28.0,5.0,1928.0,29.0,5.0,1928.0
2002,328.0,328,"Livro de Emplacamento. n,29 p,301",Cintia,8/10/2018,POINT(-46.64898116233996 -23.561238303144346),28.0,4.0,1942.0,,,
2002,48.0,48,,Cintia,8/10/2018,POINT(-46.64898116233996 -23.561238303144346),30.0,5.0,1928.0,27.0,4.0,1942.0
2002,64.0,64,"Livro de Emplacamento. n,13 p,25",Cintia,8/10/2018,POINT(-46.64898116233996 -23.561238303144346),28.0,5.0,1928.0,29.0,5.0,1928.0
2002,482.0,482,"Livro de Emplacamento. n,29 p,301",Cintia,8/10/2018,POINT(-46.6487455046994 -23.55987359264283),28.0,4.0,1942.0,,,
2002,82.0,82,,Cintia,8/10/2018,POINT(-46.6487455046994 -23.55987359264283),30.0,5.0,1928.0,27.0,4.0,1942.0
2002,100.0,100,"Livro de Emplacamento. n,13 p,25",Cintia,8/10/2018,POINT(-46.6487455046994 -23.55987359264283),28.0,5.0,1928.0,29.0,5.0,1928.0
2002,776.0,776,"Livro de Emplacamento. n,29 p,302",Cintia,8/10/2018,POINT(-46.64831759094556 -23.557991362250682),28.0,4.0,1942.0,,,
2002,154.0,154,,Cintia,8/10/2018,POINT(-46.64831759094556 -23.557991362250682),30.0,5.0,1928.0,27.0,4.0,1942.0
2002,178.0,178,"Livro de Emplacamento. n,13 p,25",Cintia,8/10/2018,POINT(-46.64831759094556 -23.557991362250682),28.0,5.0,1928.0,29.0,5.0,1928.0
2003,183.0,183,"Livro de Emplacamento. n,21 p,28",Cintia,8/10/2018,POINT(-46.64426860389764 -23.563255334563014),14.0,4.0,1936.0,,,
2003,9.0,9,,Cintia,8/10/2018,POINT(-46.64426860389764 -23.563255334563014),20.0,12.0,1928.0,13.0,4.0,1936.0
2003,5.0,5,"Livro de Emplacamento. n,13 p,35",Cintia,8/10/2018,POINT(-46.64426860389764 -23.563255334563014),18.0,12.0,1928.0,19.0,12.0,1928.0
2003,209.0,209,"Livro de Emplacamento. n,21 p,28",Cintia,8/10/2018,POINT(-46.64419794377572 -23.563040091525156),14.0,4.0,1936.0,,,
2003,17.0,17,,Cintia,8/10/2018,POINT(-46.64419794377572 -23.563040091525156),20.0,12.0,1928.0,13.0,4.0,1936.0
2003,13.0,13,"Livro de Emplacamento. n,13 p,35",Cintia,8/10/2018,POINT(-46.64419794377572 -23.563040091525156),18.0,12.0,1928.0,19.0,12.0,1928.0
2003,301.0,301,"Livro de Emplacamento. n,21 p,28",Cintia,8/10/2018,POINT(-46.64395600047294 -23.562246751622506),14.0,4.0,1936.0,,,
2003,25.0,25,,Cintia,8/10/2018,POINT(-46.64395600047294 -23.562246751622506),20.0,12.0,1928.0,13.0,4.0,1936.0
2003,21.0,21,"Livro de Emplacamento. n,13 p,35",Cintia,8/10/2018,POINT(-46.64395600047294 -23.562246751622506),18.0,12.0,1928.0,19.0,12.0,1928.0
2003,84.0,84,"Livro de Emplacamento. n,21 p,29",Cintia,8/10/2018,POINT(-46.64454176056885 -23.564115469776777),14.0,4.0,1936.0,,,
2003,12.0,12,,Cintia,8/10/2018,POINT(-46.64454176056885 -23.564115469776777),20.0,12.0,1928.0,13.0,4.0,1936.0
2003,10.0,10a,"Livro de Emplacamento. n,13 p,35",Cintia,8/10/2018,POINT(-46.64454176056885 -23.564115469776777),18.0,12.0,1928.0,19.0,12.0,1928.0
2003,210.0,210,"Livro de Emplacamento. n,21 p,29",Cintia,8/10/2018,POINT(-46.644195410145855 -23.563032373647307),14.0,4.0,1936.0,,,
2003,22.0,22,,Cintia,8/10/2018,POINT(-46.644195410145855 -23.563032373647307),20.0,12.0,1928.0,13.0,4.0,1936.0
2003,16.0,16,"Livro de Emplacamento. n,13 p,35",Cintia,8/10/2018,POINT(-46.644195410145855 -23.563032373647307),18.0,12.0,1928.0,19.0,12.0,1928.0
2003,286.0,286,"Livro de Emplacamento. n,21 p,29",Cintia,8/10/2018,POINT(-46.644065651997074 -23.562613394799772),14.0,4.0,1936.0,,,
2003,30.0,30,,Cintia,8/10/2018,POINT(-46.644065651997074 -23.562613394799772),20.0,12.0,1928.0,13.0,4.0,1936.0
2003,18.0,18,"Livro de Emplacamento. n,13 p,35",Cintia,8/10/2018,POINT(-46.644065651997074 -23.562613394799772),18.0,12.0,1928.0,19.0,12.0,1928.0
60,125.0,125,"Livro de Emplacamento. n,21 p,229",Cintia,8/10/2018,POINT(-46.638355328764135 -23.55057662949704),10.0,8.0,1936.0,,,
60,19.0,19,"Livro de Emplacamento. n,1 p,3",Cintia,8/10/2018,POINT(-46.638355328764135 -23.55057662949704),1.0,7.0,1908.0,9.0,8.0,1936.0
60,283.0,283,"Livro de Emplacamento. n,21 p,229",Cintia,8/10/2018,POINT(-46.637886590840544 -23.551924151478346),10.0,8.0,1936.0,,,
60,67.0,67,,Cintia,8/10/2018,POINT(-46.637886590840544 -23.551924151478346),3.0,7.0,1908.0,9.0,8.0,1936.0
60,61.0,61,"Livro de Emplacamento. n,1 p,3",Cintia,8/10/2018,POINT(-46.637886590840544 -23.551924151478346),1.0,7.0,1908.0,2.0,7.0,1908.0
60,483.0,483,"Livro de Emplacamento. n,21 p,330",Cintia,8/10/2018,POINT(-46.637321696259065 -23.55364678990425),10.0,8.0,1936.0,,,
60,117.0,117,,Cintia,8/10/2018,POINT(-46.637321696259065 -23.55364678990425),27.0,1.0,1912.0,9.0,8.0,1936.0
60,115.0,115,"Livro de Emplacamento. n,1 p,44",Cintia,8/10/2018,POINT(-46.637321696259065 -23.55364678990425),3.0,7.0,1908.0,26.0,1.0,1912.0
60,95.0,95,"Livro de Emplacamento. n,1 p,3",Cintia,8/10/2018,POINT(-46.637321696259065 -23.55364678990425),1.0,7.0,1908.0,2.0,7.0,1908.0
60,138.0,138,"Livro de Emplacamento. n,21 p,331",Cintia,8/10/2018,POINT(-46.638315821702136 -23.550690203909912),10.0,8.0,1936.0,,,
60,14.0,14,,Cintia,8/10/2018,POINT(-46.638315821702136 -23.550690203909912),3.0,7.0,1908.0,9.0,8.0,1936.0
60,14.0,14a,"Livro de Emplacamento. n,1 p,3",Cintia,8/10/2018,POINT(-46.638315821702136 -23.550690203909912),1.0,7.0,1908.0,2.0,7.0,1908.0
60,210.0,210,"Livro de Emplacamento. n,21 p,331",Cintia,8/10/2018,POINT(-46.63810135479413 -23.551306750722652),10.0,8.0,1936.0,,,
60,34.0,34,,Cintia,8/10/2018,POINT(-46.63810135479413 -23.551306750722652),3.0,7.0,1908.0,9.0,8.0,1936.0
60,30.0,30,"Livro de Emplacamento. n,1 p,3",Cintia,8/10/2018,POINT(-46.63810135479413 -23.551306750722652),1.0,7.0,1908.0,2.0,7.0,1908.0
60,290.0,290,"Livro de Emplacamento. n,21 p,331",Cintia,8/10/2018,POINT(-46.637880055837805 -23.55194293822333),10.0,8.0,1936.0,,,
60,60.0,60,,Cintia,8/10/2018,POINT(-46.637880055837805 -23.55194293822333),3.0,7.0,1908.0,9.0,8.0,1936.0
60,54.0,54,"Livro de Emplacamento. n,1 p,3",Cintia,8/10/2018,POINT(-46.637880055837805 -23.55194293822333),1.0,7.0,1908.0,2.0,7.0,1908.0
60,462.0,462,"Livro de Emplacamento. n,21 p,331",Cintia,8/10/2018,POINT(-46.63737707443715 -23.55346706896742),10.0,8.0,1936.0,,,
60,84.0,84,,Cintia,8/10/2018,POINT(-46.63737707443715 -23.55346706896742),27.0,1.0,1912.0,9.0,8.0,1936.0
60,100.0,100,"Livro de Emplacamento. n,1 p,44",Cintia,8/10/2018,POINT(-46.63737707443715 -23.55346706896742),25.0,1.0,1912.0,26.0,1.0,1912.0
97,37.0,37,,Cintia,8/10/2018,POINT(-46.649775142731436 -23.55427672509584),9.0,5.0,1941.0,,,
97,3.0,3,"Livro de Emplacamento. n,29 p,86",Cintia,8/10/2018,POINT(-46.649775142731436 -23.55427672509584),7.0,5.0,1941.0,8.0,5.0,1941.0
97,109.0,109,,Cintia,8/10/2018,POINT(-46.649299083554865 -23.553817303381262),9.0,5.0,1941.0,,,
97,11.0,11,"Livro de Emplacamento. n,29 p,86",Cintia,8/10/2018,POINT(-46.649299083554865 -23.553817303381262),7.0,5.0,1941.0,8.0,5.0,1941.0
97,749.0,749,"Livro de Emplacamento. n,44 p,215",Cintia,8/10/2018,POINT(-46.645119885419746 -23.550268557099354),6.0,10.0,1965.0,,,
97,683.0,683,,Cintia,8/10/2018,POINT(-46.645119885419746 -23.550268557099354),9.0,5.0,1941.0,5.0,10.0,1965.0
97,43.0,43,"Livro de Emplacamento. n,29 p,86",Cintia,8/10/2018,POINT(-46.645119885419746 -23.550268557099354),7.0,5.0,1941.0,8.0,5.0,1941.0
97,216.0,216,,Cintia,8/10/2018,POINT(-46.64920361089118 -23.552843690550148),9.0,5.0,1941.0,,,
97,18.0,18,"Livro de Emplacamento. n,29 p,86",Cintia,8/10/2018,POINT(-46.64920361089118 -23.552843690550148),7.0,5.0,1941.0,8.0,5.0,1941.0
97,682.0,682,"Livro de Emplacamento. n,44 p,215",Cintia,8/10/2018,POINT(-46.64563868141654 -23.55057798475531),6.0,10.0,1965.0,,,
97,646.0,646,,Cintia,8/10/2018,POINT(-46.64563868141654 -23.55057798475531),9.0,5.0,1941.0,5.0,10.0,1965.0
97,94.0,94,"Livro de Emplacamento. n,29 p,86",Cintia,8/10/2018,POINT(-46.64563868141654 -23.55057798475531),7.0,5.0,1941.0,8.0,5.0,1941.0
97,814.0,814,"Livro de Emplacamento. n,44 p,215",Cintia,8/10/2018,POINT(-46.64533676569468 -23.549826527140105),6.0,10.0,1965.0,,,
97,742.0,742,,Cintia,8/10/2018,POINT(-46.64533676569468 -23.549826527140105),9.0,5.0,1941.0,5.0,10.0,1965.0
97,56.0,56,"Livro de Emplacamento. n,29 p,86",Cintia,8/10/2018,POINT(-46.64533676569468 -23.549826527140105),7.0,5.0,1941.0,8.0,5.0,1941.0
114,117.0,117,"Livro de Emplacamento. n,27 p,92",Cintia,8/10/2018,POINT(-46.65102108872928 -23.55590709085851),11.0,5.0,1940.0,,,
114,17.0,17,"Livro de Emplacamento. n,11 p,41",Cintia,8/10/2018,POINT(-46.65102108872928 -23.55590709085851),19.0,11.0,1927.0,10.0,5.0,1940.0
114,19.0,19,,Cintia,8/10/2018,POINT(-46.65102108872928 -23.55590709085851),5.0,12.0,1914.0,28.0,11.0,1927.0
114,40.0,40,"Livro de Emplacamento. n,2 p,36",Cintia,8/10/2018,POINT(-46.65102108872928 -23.55590709085851),3.0,12.0,1914.0,4.0,12.0,1914.0
114,201.0,201,"Livro de Emplacamento. n,27 p,92",Cintia,8/10/2018,POINT(-46.651814787458726 -23.556124797721335),11.0,5.0,1940.0,,,
114,43.0,43,"Livro de Emplacamento. n,11 p,41",Cintia,8/10/2018,POINT(-46.651814787458726 -23.556124797721335),19.0,11.0,1927.0,10.0,5.0,1940.0
114,45.0,45,,Cintia,8/10/2018,POINT(-46.651814787458726 -23.556124797721335),5.0,12.0,1914.0,28.0,11.0,1927.0
114,16.0,16,"Livro de Emplacamento. n,2 p,36",Cintia,8/10/2018,POINT(-46.651814787458726 -23.556124797721335),3.0,12.0,1914.0,4.0,12.0,1914.0
114,411.0,411,"Livro de Emplacamento. n,27 p,92",Cintia,8/10/2018,POINT(-46.65378172647088 -23.55667076168736),11.0,5.0,1940.0,,,
114,93.0,93,"Livro de Emplacamento. n,11 p,41",Cintia,8/10/2018,POINT(-46.65378172647088 -23.55667076168736),19.0,11.0,1927.0,10.0,5.0,1940.0
114,81.0,81,,Cintia,8/10/2018,POINT(-46.65378172647088 -23.55667076168736),5.0,12.0,1914.0,28.0,11.0,1927.0
114,10.0,10,"Livro de Emplacamento. n,2 p,36",Cintia,8/10/2018,POINT(-46.65378172647088 -23.55667076168736),3.0,12.0,1914.0,4.0,12.0,1914.0
114,110.0,110,"Livro de Emplacamento. n,27 p,93",Cintia,8/10/2018,POINT(-46.65095520892842 -23.555900216795674),11.0,5.0,1940.0,,,
114,24.0,24,"Livro de Emplacamento. n,11 p,41",Cintia,8/10/2018,POINT(-46.65095520892842 -23.555900216795674),19.0,11.0,1927.0,10.0,5.0,1940.0
114,18.0,18,,Cintia,8/10/2018,POINT(-46.65095520892842 -23.555900216795674),5.0,12.0,1914.0,28.0,11.0,1927.0
114,51.0,51,"Livro de Emplacamento. n,2 p,36",Cintia,8/10/2018,POINT(-46.65095520892842 -23.555900216795674),3.0,12.0,1914.0,4.0,12.0,1914.0
114,292.0,292,"Livro de Emplacamento. n,27 p,93",Cintia,8/10/2018,POINT(-46.65265774355159 -23.5563756564084),11.0,5.0,1940.0,,,
114,72.0,72,"Livro de Emplacamento. n,11 p,41",Cintia,8/10/2018,POINT(-46.65265774355159 -23.5563756564084),19.0,11.0,1927.0,10.0,5.0,1940.0
114,62.0,62,,Cintia,8/10/2018,POINT(-46.65265774355159 -23.5563756564084),5.0,12.0,1914.0,28.0,11.0,1927.0
114,29.0,29,"Livro de Emplacamento. n,2 p,36",Cintia,8/10/2018,POINT(-46.65265774355159 -23.5563756564084),3.0,12.0,1914.0,4.0,12.0,1914.0
114,496.0,496,"Livro de Emplacamento. n,27 p,93",Cintia,8/10/2018,POINT(-46.65458066822743 -23.556880526378528),11.0,5.0,1940.0,,,
114,116.0,116,"Livro de Emplacamento. n,11 p,41",Cintia,8/10/2018,POINT(-46.65458066822743 -23.556880526378528),19.0,11.0,1927.0,10.0,5.0,1940.0
114,106.0,106,,Cintia,8/10/2018,POINT(-46.65458066822743 -23.556880526378528),5.0,12.0,1914.0,28.0,11.0,1927.0
114,9.0,9,"Livro de Emplacamento. n,2 p,36",Cintia,8/10/2018,POINT(-46.65458066822743 -23.556880526378528),3.0,12.0,1914.0,4.0,12.0,1914.0
2004,43.0,43,"Livro de Emplacamento. n,19 p,330",Cintia,8/10/2018,POINT(-46.64055435589823 -23.558558298815207),23.0,7.0,1935.0,,,
2004,7.0,7,,Cintia,8/10/2018,POINT(-46.64055435589823 -23.558558298815207),9.0,7.0,1917.0,22.0,7.0,1935.0
2004,5.0,5a,"Livro de Emplacamento. n,2 p,46",Cintia,8/10/2018,POINT(-46.64055435589823 -23.558558298815207),7.0,7.0,1917.0,8.0,7.0,1917.0
2004,81.0,81,"Livro de Emplacamento. n,19 p,330",Cintia,8/10/2018,POINT(-46.640309815081885 -23.558293298458015),23.0,7.0,1935.0,,,
2004,19.0,19,,Cintia,8/10/2018,POINT(-46.640309815081885 -23.558293298458015),9.0,7.0,1917.0,22.0,7.0,1935.0
2004,15.0,15,"Livro de Emplacamento. n,2 p,46",Cintia,8/10/2018,POINT(-46.640309815081885 -23.558293298458015),25.0,4.0,1911.0,8.0,7.0,1917.0
2004,145.0,145,"Livro de Emplacamento. n,19 p,330",Cintia,8/10/2018,POINT(-46.63991744049077 -23.55785534655095),23.0,7.0,1935.0,,,
2004,33.0,33,,Cintia,8/10/2018,POINT(-46.63991744049077 -23.55785534655095),9.0,7.0,1917.0,22.0,7.0,1935.0
2004,29.0,29,"Livro de Emplacamento. n,2 p,46",Cintia,8/10/2018,POINT(-46.63991744049077 -23.55785534655095),7.0,7.0,1917.0,8.0,7.0,1917.0
2004,72.0,72,"Livro de Emplacamento. n,19 p,330",Cintia,8/10/2018,POINT(-46.64036391427273 -23.5583536816845),23.0,7.0,1935.0,,,
2004,10.0,10,"Livro de Emplacamento. n,2 p,27",Cintia,8/10/2018,POINT(-46.64036391427273 -23.5583536816845),25.0,4.0,1911.0,22.0,7.0,1935.0
2004,96.0,96,"Livro de Emplacamento. n,19 p,330",Cintia,8/10/2018,POINT(-46.64021467512556 -23.5581871072666),23.0,7.0,1935.0,,,
2004,18.0,18,"Livro de Emplacamento. n,2 p,27",Cintia,8/10/2018,POINT(-46.64021467512556 -23.5581871072666),25.0,4.0,1911.0,22.0,7.0,1935.0
2004,118.0,118,"Livro de Emplacamento. n,19 p,330",Cintia,8/10/2018,POINT(-46.640077250744206 -23.55803371999012),23.0,7.0,1935.0,,,
2004,24.0,24,"Livro de Emplacamento. n,2 p,27",Cintia,8/10/2018,POINT(-46.640077250744206 -23.55803371999012),25.0,4.0,1911.0,22.0,7.0,1935.0
2005,107.0,107,,Cintia,8/10/2018,POINT(-46.64469672719596 -23.56948684878893),5.0,3.0,1934.0,,,
2005,5.0,5,"Livro de Emplacamento. n,19 p,131",Cintia,8/10/2018,POINT(-46.64469672719596 -23.56948684878893),3.0,3.0,1934.0,4.0,3.0,1934.0
2005,189.0,189,,Cintia,8/10/2018,POINT(-46.645284303601386 -23.568995166298645),5.0,3.0,1934.0,,,
2005,15.0,15,"Livro de Emplacamento. n,19 p,131",Cintia,8/10/2018,POINT(-46.645284303601386 -23.568995166298645),3.0,3.0,1934.0,4.0,3.0,1934.0
2005,291.0,291,,Cintia,8/10/2018,POINT(-46.64603232763116 -23.568369226520996),5.0,3.0,1935.0,,,
2005,33.0,33,"Livro de Emplacamento. n,19 p,131",Cintia,8/10/2018,POINT(-46.64603232763116 -23.568369226520996),3.0,3.0,1934.0,4.0,3.0,1934.0
2005,48.0,48,,Cintia,8/10/2018,POINT(-46.6442716767047 -23.569834881905933),5.0,3.0,1934.0,,,
2005,2.0,2,"Livro de Emplacamento. n,19 p,131",Cintia,8/10/2018,POINT(-46.6442716767047 -23.569834881905933),3.0,3.0,1934.0,4.0,3.0,1934.0
2005,158.0,158,,Cintia,8/10/2018,POINT(-46.64507109937063 -23.56917357507433),5.0,3.0,1934.0,,,
2005,8.0,8,"Livro de Emplacamento. n,19 p,131",Cintia,8/10/2018,POINT(-46.64507109937063 -23.56917357507433),3.0,3.0,1934.0,4.0,3.0,1934.0
2005,224.0,224,,Cintia,8/10/2018,POINT(-46.64554593048794 -23.568776237563732),5.0,3.0,1934.0,,,
2005,14.0,14,"Livro de Emplacamento. n,19 p,131",Cintia,8/10/2018,POINT(-46.64554593048794 -23.568776237563732),3.0,3.0,1934.0,4.0,3.0,1934.0
2005,212.0,212,"Livro de Emplacamento. n,22 p,355",Cintia,8/10/2018,POINT(-46.64546137152184 -23.568846996298497),21.0,7.0,1937.0,,,
2005,395.0,395,"Livro de Emplacamento. n,20 p,100",Cintia,8/10/2018,POINT(-46.64546137152184 -23.568846996298497),15.0,10.0,1935.0,20.0,7.0,1937.0
2005,55.0,55,"Livro de Emplacamento. n,13 p,89",Cintia,8/10/2018,POINT(-46.64546137152184 -23.568846996298497),2.0,6.0,1928.0,14.0,10.0,1935.0
2005,39.0,39,,Cintia,8/10/2018,POINT(-46.64546137152184 -23.568846996298497),29.0,1.0,1910.0,1.0,6.0,1928.0
2005,8.0,8,"Livro de Emplacamento. n,2 p,98",Cintia,8/10/2018,POINT(-46.64546137152184 -23.568846996298497),27.0,1.0,1910.0,28.0,1.0,1910.0
2005,238.0,238,"Livro de Emplacamento. n,22 p,355",Cintia,8/10/2018,POINT(-46.645641330347125 -23.568696407196306),21.0,7.0,1937.0,,,
2005,369.0,369,"Livro de Emplacamento. n,20 p,100",Cintia,8/10/2018,POINT(-46.645641330347125 -23.568696407196306),15.0,10.0,1935.0,20.0,7.0,1937.0
2005,49.0,49,"Livro de Emplacamento. n,13 p,89",Cintia,8/10/2018,POINT(-46.645641330347125 -23.568696407196306),2.0,6.0,1928.0,14.0,10.0,1935.0
2005,31.0,31,"Livro de Emplacamento. n,2 p,98",Cintia,8/10/2018,POINT(-46.645641330347125 -23.568696407196306),29.0,1.0,1910.0,1.0,6.0,1928.0
2005,324.0,324,"Livro de Emplacamento. n,22 p,355",Cintia,8/10/2018,POINT(-46.64626649356476 -23.568173282413856),21.0,7.0,1937.0,,,
2005,283.0,283,"Livro de Emplacamento. n,20 p,100",Cintia,8/10/2018,POINT(-46.64626649356476 -23.568173282413856),15.0,10.0,1935.0,20.0,7.0,1937.0
2005,29.0,29,,Cintia,8/10/2018,POINT(-46.64626649356476 -23.568173282413856),2.0,6.0,1928.0,14.0,10.0,1935.0
2005,11.0,11a,"Livro de Emplacamento. n,13 p,89",Cintia,8/10/2018,POINT(-46.64626649356476 -23.568173282413856),30.0,6.0,1928.0,1.0,6.0,1928.0
2005,511.0,511,"Livro de Emplacamento. n,22 p,355",Cintia,8/10/2018,POINT(-46.6476098597882 -23.56704015149887),21.0,7.0,1937.0,,,
2005,98.0,98,"Livro de Emplacamento. n,20 p,100",Cintia,8/10/2018,POINT(-46.6476098597882 -23.56704015149887),15.0,10.0,1935.0,20.0,7.0,1937.0
2005,10.0,10,"Livro de Emplacamento. n,13 p,89",Cintia,8/10/2018,POINT(-46.6476098597882 -23.56704015149887),2.0,6.0,1928.0,14.0,10.0,1935.0
2005,16.0,16,,Cintia,8/10/2018,POINT(-46.6476098597882 -23.56704015149887),29.0,1.0,1910.0,1.0,6.0,1928.0
2005,105.0,105,"Livro de Emplacamento. n,2 p,98",Cintia,8/10/2018,POINT(-46.6476098597882 -23.56704015149887),27.0,1.0,1910.0,28.0,1.0,1910.0
2005,465.0,465,"Livro de Emplacamento. n,22 p,355",Cintia,8/10/2018,POINT(-46.64728916268834 -23.567317538859523),21.0,7.0,1937.0,,,
2005,142.0,142,"Livro de Emplacamento. n,20 p,100",Cintia,8/10/2018,POINT(-46.64728916268834 -23.567317538859523),15.0,10.0,1935.0,20.0,7.0,1937.0
2005,18.0,18,"Livro de Emplacamento. n,13 p,89",Cintia,8/10/2018,POINT(-46.64728916268834 -23.567317538859523),2.0,6.0,1928.0,14.0,10.0,1935.0
2005,24.0,24,"Livro de Emplacamento. n,2 p,98",Cintia,8/10/2018,POINT(-46.64728916268834 -23.567317538859523),29.0,1.0,1910.0,1.0,6.0,1928.0
2005,309.0,309,"Livro de Emplacamento. n,22 p,355",Cintia,8/10/2018,POINT(-46.64615302426978 -23.568268230638612),21.0,7.0,1937.0,,,
2005,300.0,300,"Livro de Emplacamento. n,20 p,100",Cintia,8/10/2018,POINT(-46.64615302426978 -23.568268230638612),15.0,10.0,1935.0,20.0,7.0,1937.0
2005,40.0,40,,Cintia,8/10/2018,POINT(-46.64615302426978 -23.568268230638612),2.0,6.0,1928.0,14.0,10.0,1935.0
2005,46.0,46,"Livro de Emplacamento. n,13 p,89",Cintia,8/10/2018,POINT(-46.64615302426978 -23.568268230638612),30.0,6.0,1928.0,1.0,6.0,1928.0
2005,49.0,49,"Livro de Emplacamento. n,22 p,355",Cintia,8/10/2018,POINT(-46.644272416090885 -23.569834297616058),21.0,7.0,1937.0,,,
2005,560.0,560,"Livro de Emplacamento. n,20 p,100",Cintia,8/10/2018,POINT(-46.644272416090885 -23.569834297616058),15.0,10.0,1935.0,20.0,7.0,1937.0
2005,54.0,54,"Livro de Emplacamento. n,13 p,89",Cintia,8/10/2018,POINT(-46.644272416090885 -23.569834297616058),2.0,6.0,1928.0,14.0,10.0,1935.0
2005,62.0,62,"Livro de Emplacamento. n,2 p,98",Cintia,8/10/2018,POINT(-46.644272416090885 -23.569834297616058),29.0,1.0,1910.0,1.0,6.0,1928.0
425,221.0,221,"Livro de Emplacamento. n,19 p,333",Cintia,8/10/2018,POINT(-46.63888440077662 -23.557755430471868),23.0,7.0,1935.0,,,
425,51.0,51,"Livro de Emplacamento. n,3 p,84",Cintia,8/10/2018,POINT(-46.63888440077662 -23.557755430471868),11.0,10.0,1923.0,22.0,7.0,1935.0
425,43.0,43,"Livro de Emplacamento. n,3 p,38",Cintia,8/10/2018,POINT(-46.63888440077662 -23.557755430471868),8.0,2.0,1913.0,10.0,10.0,1923.0
425,11.0,11,"Livro de Emplacamento. n,3 p,4",Cintia,8/10/2018,POINT(-46.63888440077662 -23.557755430471868),23.0,4.0,1911.0,7.0,2.0,1913.0
425,155.0,155,"Livro de Emplacamento. n,19 p,333",Cintia,8/10/2018,POINT(-46.639153788016756 -23.55830211139325),23.0,7.0,1935.0,,,
425,37.0,37,,Cintia,8/10/2018,POINT(-46.639153788016756 -23.55830211139325),21.0,1.0,1914.0,22.0,7.0,1935.0
425,29.0,29,"Livro de Emplacamento. n,3 p,41",Cintia,8/10/2018,POINT(-46.639153788016756 -23.55830211139325),19.0,1.0,1914.0,20.0,1.0,1914.0
425,367.0,367,,Cintia,8/10/2018,POINT(-46.63833196628535 -23.55653464604439),23.0,7.0,1935.0,,,
425,75.0,75,"Livro de Emplacamento. n,19 p,333",Cintia,8/10/2018,POINT(-46.63833196628535 -23.55653464604439),21.0,7.0,1935.0,22.0,7.0,1935.0
425,190.0,190,"Livro de Emplacamento. n,19 p,334",Cintia,8/10/2018,POINT(-46.63900682399549 -23.55802664582019),23.0,7.0,1935.0,,,
425,32.0,32,"Livro de Emplacamento. n,3 p,41",Cintia,8/10/2018,POINT(-46.63900682399549 -23.55802664582019),21.0,1.0,1914.0,22.0,7.0,1935.0
425,28.0,28,"Livro de Emplacamento. n,3 p,38",Cintia,8/10/2018,POINT(-46.63900682399549 -23.55802664582019),8.0,2.0,1913.0,20.0,1.0,1914.0
425,8.0,8,"Livro de Emplacamento. n,3 p,4",Cintia,8/10/2018,POINT(-46.63900682399549 -23.55802664582019),23.0,4.0,1911.0,7.0,2.0,1913.0
425,222.0,222,"Livro de Emplacamento. n,19 p,334",Cintia,8/10/2018,POINT(-46.63888251005745 -23.55775124571445),23.0,7.0,1935.0,,,
425,40.0,40,"Livro de Emplacamento. n,3 p,41",Cintia,8/10/2018,POINT(-46.63888251005745 -23.55775124571445),21.0,1.0,1914.0,22.0,7.0,1935.0
425,36.0,36,,Cintia,8/10/2018,POINT(-46.63888251005745 -23.55775124571445),8.0,2.0,1913.0,20.0,1.0,1914.0
425,16.0,16,"Livro de Emplacamento. n,3 p,38",Cintia,8/10/2018,POINT(-46.63888251005745 -23.55775124571445),6.0,2.0,1913.0,7.0,2.0,1913.0
425,340.0,340,"Livro de Emplacamento. n,19 p,334",Cintia,8/10/2018,POINT(-46.63843968325755 -23.556771184766987),23.0,7.0,1935.0,,,
425,44.0,44,"Livro de Emplacamento. n,3 p,41",Cintia,8/10/2018,POINT(-46.63843968325755 -23.556771184766987),21.0,1.0,1914.0,22.0,7.0,1935.0
505,151.0,151,"Livro de Emplacamento. n,20 p,361",Cintia,8/10/2018,POINT(-46.646834722351144 -23.557863107919584),18.0,8.0,1936.0,,,
505,17.0,17,,Cintia,8/10/2018,POINT(-46.646834722351144 -23.557863107919584),5.0,7.0,1908.0,17.0,8.0,1936.0
505,15.0,15,"Livro de Emplacamento. n,2 p,77",Cintia,8/10/2018,POINT(-46.646834722351144 -23.557863107919584),3.0,7.0,1908.0,4.0,7.0,1908.0
505,315.0,315,"Livro de Emplacamento. n,20 p,361",Cintia,8/10/2018,POINT(-46.645236489246585 -23.557735167914572),18.0,8.0,1936.0,,,
505,55.0,55,,Cintia,8/10/2018,POINT(-46.645236489246585 -23.557735167914572),5.0,7.0,1908.0,17.0,8.0,1936.0
505,43.0,43,"Livro de Emplacamento. n,2 p,77",Cintia,8/10/2018,POINT(-46.645236489246585 -23.557735167914572),3.0,7.0,1908.0,4.0,7.0,1908.0
505,501.0,501,"Livro de Emplacamento. n,20 p,361",Cintia,8/10/2018,POINT(-46.6434386632605 -23.55759590359552),18.0,8.0,1936.0,,,
505,97.0,97,"Livro de Emplacamento. n,3 p,75",Cintia,8/10/2018,POINT(-46.6434386632605 -23.55759590359552),17.0,10.0,1922.0,17.0,8.0,1936.0
505,108.0,108,"Livro de Emplacamento. n,20 p,362",Cintia,8/10/2018,POINT(-46.6472582683218 -23.557905991759814),18.0,8.0,1936.0,,,
505,8.0,8,,Cintia,8/10/2018,POINT(-46.6472582683218 -23.557905991759814),5.0,7.0,1908.0,17.0,8.0,1936.0
505,10.0,10,"Livro de Emplacamento. n,2 p,77",Cintia,8/10/2018,POINT(-46.6472582683218 -23.557905991759814),3.0,7.0,1908.0,4.0,7.0,1908.0
505,268.0,268,"Livro de Emplacamento. n,20 p,363",Cintia,8/10/2018,POINT(-46.645694630448176 -23.55775717156444),18.0,8.0,1936.0,,,
505,38.0,38,"Livro de Emplacamento. n,3 p,75",Cintia,8/10/2018,POINT(-46.645694630448176 -23.55775717156444),19.0,10.0,1922.0,17.0,8.0,1936.0
505,42.0,42,,Cintia,8/10/2018,POINT(-46.645694630448176 -23.55775717156444),4.0,7.0,1908.0,18.0,10.0,1922.0
505,40.0,40,"Livro de Emplacamento. n,2 p,77",Cintia,8/10/2018,POINT(-46.645694630448176 -23.55775717156444),2.0,7.0,1908.0,3.0,7.0,1908.0
505,384.0,384,"Livro de Emplacamento. n,20 p,363",Cintia,8/10/2018,POINT(-46.64456385645113 -23.55769142530777),18.0,8.0,1936.0,,,
505,62.0,62,"Livro de Emplacamento. n,3 p,75",Cintia,8/10/2018,POINT(-46.64456385645113 -23.55769142530777),19.0,10.0,1922.0,17.0,8.0,1936.0
505,72.0,72,"Livro de Emplacamento. n,2 p,77",Cintia,8/10/2018,POINT(-46.64456385645113 -23.55769142530777),4.0,7.0,1908.0,18.0,10.0,1922.0
505,530.0,530,"Livro de Emplacamento. n,20 p,363",Cintia,8/10/2018,POINT(-46.64315402867852 -23.557561181324992),18.0,8.0,1936.0,,,
505,96.0,96,"Livro de Emplacamento. n,3 p,75",Cintia,8/10/2018,POINT(-46.64315402867852 -23.557561181324992),19.0,10.0,1922.0,17.0,8.0,1936.0
505,108.0,108,"Livro de Emplacamento. n,3 p,20",Cintia,8/10/2018,POINT(-46.64315402867852 -23.557561181324992),28.0,7.0,1911.0,18.0,10.0,1922.0
2006,42.0,42,,Cintia,8/10/2018,POINT(-46.644070416729754 -23.56395650662199),21.0,7.0,1936.0,,,
2006,3.0,3,"Livro de Emplacamento. n,21 p,295",Cintia,8/10/2018,POINT(-46.644070416729754 -23.56395650662199),19.0,7.0,1936.0,20.0,7.0,1936.0
2006,48.0,48,,Cintia,8/10/2018,POINT(-46.644004232137476 -23.563972896655727),21.0,7.0,1936.0,,,
2006,1.0,1,"Livro de Emplacamento. n,21 p,295",Cintia,8/10/2018,POINT(-46.644004232137476 -23.563972896655727),19.0,7.0,1936.0,20.0,7.0,1936.0
2006,60.0,60,,Cintia,8/10/2018,POINT(-46.643889827342264 -23.56400122799975),21.0,7.0,1936.0,,,
2006,15.0,15,"Livro de Emplacamento. n,21 p,295",Cintia,8/10/2018,POINT(-46.643889827342264 -23.56400122799975),19.0,7.0,1936.0,20.0,7.0,1936.0
2006,63.0,63,,Cintia,8/10/2018,POINT(-46.64386618998788 -23.564007081583227),21.0,7.0,1936.0,,,
2006,2.0,2,"Livro de Emplacamento. n,21 p,295",Cintia,8/10/2018,POINT(-46.64386618998788 -23.564007081583227),19.0,7.0,1936.0,20.0,7.0,1936.0
2007,73.0,73,,Cintia,8/10/2018,POINT(-46.64707279538431 -23.5617377556087),18.0,1.0,1938.0,,,
2007,3.0,3,"Livro de Emplacamento. n,21 p,295",Cintia,8/10/2018,POINT(-46.64707279538431 -23.5617377556087),16.0,1.0,1938.0,17.0,1.0,1938.0
2008,51.0,51,"Livro de Emplacamento. n,24 p,185",Cintia,8/10/2018,POINT(-46.647147235154826 -23.56275181410853),18.0,1.0,1938.0,,,
2008,5.0,5,,Cintia,8/10/2018,POINT(-46.647147235154826 -23.56275181410853),26.0,9.0,1926.0,17.0,1.0,1938.0
2008,1.0,1,"Livro de Emplacamento. n,2 p,68",Cintia,8/10/2018,POINT(-46.647147235154826 -23.56275181410853),24.0,9.0,1926.0,25.0,9.0,1926.0
2008,67.0,67,"Livro de Emplacamento. n,24 p,185",Cintia,8/10/2018,POINT(-46.64698401027751 -23.562736843191196),18.0,1.0,1938.0,,,
2008,7.0,7,,Cintia,8/10/2018,POINT(-46.64698401027751 -23.562736843191196),26.0,9.0,1926.0,17.0,1.0,1938.0
2008,3.0,3,"Livro de Emplacamento. n,2 p,68",Cintia,8/10/2018,POINT(-46.64698401027751 -23.562736843191196),24.0,9.0,1926.0,25.0,9.0,1926.0
2008,52.0,52,,Cintia,8/10/2018,POINT(-46.64712683204516 -23.562749942743864),18.0,1.0,1938.0,,,
2008,2.0,2,"Livro de Emplacamento. n,24 p,185",Cintia,8/10/2018,POINT(-46.64712683204516 -23.562749942743864),16.0,1.0,1938.0,17.0,1.0,1938.0
2008,64.0,64,,Cintia,8/10/2018,POINT(-46.64701607230698 -23.5627397839071),18.0,1.0,1938.0,,,
2008,8.0,8,"Livro de Emplacamento. n,24 p,185",Cintia,8/10/2018,POINT(-46.64701607230698 -23.5627397839071),16.0,1.0,1938.0,17.0,1.0,1938.0
2008,80.0,80,,Cintia,8/10/2018,POINT(-46.646864506349466 -23.562725882341002),18.0,1.0,1938.0,,,
2008,14.0,14,"Livro de Emplacamento. n,24 p,185",Cintia,8/10/2018,POINT(-46.646864506349466 -23.562725882341002),16.0,1.0,1938.0,17.0,1.0,1938.0
2009,479.0,479,,Cintia,8/10/2018,POINT(-46.64770057386599 -23.554522348037587),16.0,1.0,1936.0,,,
2009,4.0,4,"Livro de Emplacamento. n,19 p,223",Cintia,8/10/2018,POINT(-46.64770057386599 -23.554522348037587),14.0,1.0,1936.0,15.0,1.0,1936.0
2009,323.0,323,,Cintia,8/10/2018,POINT(-46.64759322048911 -23.55500994055752),16.0,1.0,1936.0,,,
2009,20.0,20,"Livro de Emplacamento. n,19 p,223",Cintia,8/10/2018,POINT(-46.64759322048911 -23.55500994055752),14.0,1.0,1936.0,15.0,1.0,1936.0
2009,105.0,105,,Cintia,8/10/2018,POINT(-46.64735938801083 -23.55696403522255),16.0,1.0,1936.0,,,
2009,38.0,38,"Livro de Emplacamento. n,19 p,223",Cintia,8/10/2018,POINT(-46.64735938801083 -23.55696403522255),14.0,1.0,1936.0,15.0,1.0,1936.0
2009,124.0,124,,Cintia,8/10/2018,POINT(-46.64738037371645 -23.556785617689705),16.0,1.0,1936.0,,,
2009,35.0,35,"Livro de Emplacamento. n,19 p,223",Cintia,8/10/2018,POINT(-46.64738037371645 -23.556785617689705),14.0,1.0,1936.0,15.0,1.0,1936.0
2009,296.0,296,,Cintia,8/10/2018,POINT(-46.64756389120633 -23.555247064754344),16.0,1.0,1936.0,,,
2009,11.0,11,"Livro de Emplacamento. n,19 p,223",Cintia,8/10/2018,POINT(-46.64756389120633 -23.555247064754344),14.0,1.0,1936.0,15.0,1.0,1936.0
2009,498.0,498,,Cintia,8/10/2018,POINT(-46.64770057386599 -23.554522348037587),16.0,1.0,1936.0,,,
2009,3.0,3,"Livro de Emplacamento. n,19 p,223",Cintia,8/10/2018,POINT(-46.64770057386599 -23.554522348037587),14.0,1.0,1936.0,15.0,1.0,1936.0
2010,490.0,490,"Livro de Emplacamento. n,24 p,190",Cintia,8/10/2018,POINT(-46.64707146114096 -23.559527001732253),18.0,1.0,1938.0,,,
2010,7.0,7,"Livro de Emplacamento. n,11 p,137",Cintia,8/10/2018,POINT(-46.64707146114096 -23.559527001732253),20.0,10.0,1927.0,17.0,1.0,1938.0
2010,3.0,3,,Cintia,8/10/2018,POINT(-46.64707146114096 -23.559527001732253),8.0,11.0,1919.0,19.0,10.0,1927.0
2010,93.0,93,"Livro de Emplacamento. n,5 p,32",Cintia,8/10/2018,POINT(-46.64707146114096 -23.559527001732253),6.0,11.0,1919.0,7.0,11.0,1919.0
2010,358.0,358,"Livro de Emplacamento. n,24 p,190",Cintia,8/10/2018,POINT(-46.646923724196895 -23.560657972826718),18.0,1.0,1938.0,,,
2010,19.0,19,"Livro de Emplacamento. n,11 p,137",Cintia,8/10/2018,POINT(-46.646923724196895 -23.560657972826718),20.0,10.0,1927.0,17.0,1.0,1938.0
2010,15.0,15,,Cintia,8/10/2018,POINT(-46.646923724196895 -23.560657972826718),8.0,11.0,1919.0,19.0,10.0,1927.0
2010,103.0,103,"Livro de Emplacamento. n,5 p,32",Cintia,8/10/2018,POINT(-46.646923724196895 -23.560657972826718),6.0,11.0,1919.0,7.0,11.0,1919.0
2010,200.0,200,"Livro de Emplacamento. n,24 p,190",Cintia,8/10/2018,POINT(-46.64678679337338 -23.56207394011753),18.0,1.0,1938.0,,,
2010,23.0,23,"Livro de Emplacamento. n,11 p,137",Cintia,8/10/2018,POINT(-46.64678679337338 -23.56207394011753),18.0,10.0,1927.0,19.0,10.0,1927.0
2010,23.0,23,"Livro de Emplacamento. n,24 p,189",Cintia,8/10/2018,POINT(-46.64622342720465 -23.563497451242082),18.0,1.0,1938.0,,,
2010,88.0,88,"Livro de Emplacamento. n,11 p,137",Cintia,8/10/2018,POINT(-46.64622342720465 -23.563497451242082),20.0,10.0,1927.0,17.0,1.0,1938.0
2010,44.0,44,"Livro de Emplacamento. n,5 p,34",Cintia,8/10/2018,POINT(-46.64622342720465 -23.563497451242082),18.0,2.0,1924.0,19.0,10.0,1927.0
2010,22.0,22,,Cintia,8/10/2018,POINT(-46.64622342720465 -23.563497451242082),8.0,11.0,1919.0,17.0,2.0,1924.0
2010,1.0,1,"Livro de Emplacamento. n,5 p,32",Cintia,8/10/2018,POINT(-46.64622342720465 -23.563497451242082),6.0,11.0,1919.0,7.0,11.0,1919.0
2010,95.0,95,"Livro de Emplacamento. n,24 p,189",Cintia,8/10/2018,POINT(-46.646649477220386 -23.563008211903554),18.0,1.0,1938.0,,,
2010,68.0,68,"Livro de Emplacamento. n,11 p,137",Cintia,8/10/2018,POINT(-46.646649477220386 -23.563008211903554),20.0,10.0,1928.0,17.0,1.0,1938.0
2010,20.0,20,"Livro de Emplacamento. n,5 p,34",Cintia,8/10/2018,POINT(-46.646649477220386 -23.563008211903554),18.0,2.0,1924.0,19.0,10.0,1927.0
2010,15.0,15,"Livro de Emplacamento. n,5 p,32",Cintia,8/10/2018,POINT(-46.646649477220386 -23.563008211903554),6.0,11.0,1919.0,7.0,11.0,1919.0
2010,197.0,197,"Livro de Emplacamento. n,24 p,189",Cintia,8/10/2018,POINT(-46.646783699950234 -23.562100889301664),18.0,1.0,1938.0,,,
2010,58.0,58,"Livro de Emplacamento. n,11 p,137",Cintia,8/10/2018,POINT(-46.646783699950234 -23.562100889301664),18.0,10.0,1927.0,19.0,10.0,1927.0
2010,303.0,303,"Livro de Emplacamento. n,24 p,189",Cintia,8/10/2018,POINT(-46.64689201260908 -23.56115130221066),18.0,1.0,1938.0,,,
2010,40.0,40,"Livro de Emplacamento. n,11 p,137",Cintia,8/10/2018,POINT(-46.64689201260908 -23.56115130221066),20.0,10.0,1927.0,17.0,1.0,1938.0
2010,4.0,4,"Livro de Emplacamento. n,5 p,34",Cintia,8/10/2018,POINT(-46.64689201260908 -23.56115130221066),16.0,2.0,1924.0,19.0,10.0,1927.0
401,253.0,253,"Livro de Emplacamento. n,21 p,104",Cintia,8/10/2018,,2.0,4.0,1936.0,,,
401,67.0,67,"Livro de Emplacamento. n,6 p,46",Cintia,8/10/2018,,29.0,9.0,1921.0,1.0,4.0,1936.0
401,61.0,61,,Cintia,8/10/2018,,2.0,6.0,1917.0,28.0,9.0,1921.0
401,51.0,51,"Livro de Emplacamento. n,9 p,26",Cintia,8/10/2018,,31.0,5.0,1917.0,1.0,6.0,1917.0
401,349.0,349,"Livro de Emplacamento. n,21 p,104",Cintia,8/10/2018,,2.0,4.0,1936.0,,,
401,93.0,93,"Livro de Emplacamento. n,6 p,46",Cintia,8/10/2018,,29.0,9.0,1921.0,1.0,4.0,1936.0
401,89.0,89,,Cintia,8/10/2018,,2.0,6.0,1917.0,28.0,9.0,1921.0
401,67.0,67b,"Livro de Emplacamento. n,9 p,26",Cintia,8/10/2018,,31.0,5.0,1917.0,1.0,6.0,1917.0
401,107.0,107,"Livro de Emplacamento. n,21 p,104",Cintia,8/10/2018,,2.0,4.0,1936.0,,,
401,33.0,33,"Livro de Emplacamento. n,6 p,46",Cintia,8/10/2018,,28.0,9.0,1921.0,1.0,4.0,1936.0
401,35.0,35,"Livro de Emplacamento. n,21 p,104",Cintia,8/10/2018,,2.0,4.0,1936.0,,,
401,11.0,11,"Livro de Emplacamento. n,6 p,46",Cintia,8/10/2018,,28.0,9.0,1921.0,1.0,4.0,1936.0
401,150.0,150,"Livro de Emplacamento. n,21 p,105",Cintia,8/10/2018,,2.0,4.0,1936.0,,,
401,26.0,26,,Cintia,8/10/2018,,2.0,6.0,1917.0,1.0,4.0,1936.0
401,28.0,28,"Livro de Emplacamento. n,9 p,26",Cintia,8/10/2018,,31.0,5.0,1917.0,1.0,6.0,1917.0
401,332.0,332,"Livro de Emplacamento. n,21 p,105",Cintia,8/10/2018,,2.0,4.0,1936.0,,,
401,70.0,70,"Livro de Emplacamento. n,6 p,46",Cintia,8/10/2018,,29.0,9.0,1921.0,1.0,4.0,1936.0
401,52.0,52,,Cintia,8/10/2018,,2.0,6.0,1917.0,28.0,9.0,1921.0
401,66.0,66,"Livro de Emplacamento. n,9 p,26",Cintia,8/10/2018,,31.0,5.0,1917.0,1.0,6.0,1917.0
401,96.0,96,"Livro de Emplacamento. n,21 p,105",Cintia,8/10/2018,,2.0,4.0,1936.0,,,
401,18.0,18,"Livro de Emplacamento. n,6 p,46",Cintia,8/10/2018,,28.0,9.0,1921.0,1.0,4.0,1936.0
401,204.0,204,"Livro de Emplacamento. n,21 p,105",Cintia,8/10/2018,,2.0,4.0,1936.0,,,
401,40.0,40,"Livro de Emplacamento. n,6 p,46",Cintia,8/10/2018,,29.0,9.0,1921.0,1.0,4.0,1936.0
401,36.0,36,,Cintia,8/10/2018,,2.0,6.0,1917.0,28.0,9.0,1921.0
401,42.0,42,"Livro de Emplacamento. n,9 p,26",Cintia,8/10/2018,,31.0,5.0,1917.0,1.0,6.0,1917.0
2011,35.0,35,,Cintia,8/10/2018,POINT(-46.64459095446769 -23.552194600733248),24.0,1.0,1936.0,,,
2011,1.0,1,"Livro de Emplacamento. n,20 p,327",Cintia,8/10/2018,POINT(-46.64459095446769 -23.552194600733248),22.0,1.0,1936.0,23.0,1.0,1936.0
2011,67.0,67,,Cintia,8/10/2018,POINT(-46.6442648994778 -23.552116862006642),24.0,1.0,1936.0,,,
2011,5.0,5,"Livro de Emplacamento. n,20 p,327",Cintia,8/10/2018,POINT(-46.6442648994778 -23.552116862006642),22.0,1.0,1936.0,23.0,1.0,1936.0
2011,97.0,97,,Cintia,8/10/2018,POINT(-46.64400424505274 -23.55205471622229),24.0,1.0,1936.0,,,
2011,11.0,11,"Livro de Emplacamento. n,20 p,327",Cintia,8/10/2018,POINT(-46.64400424505274 -23.55205471622229),22.0,1.0,1936.0,23.0,1.0,1936.0
2011,52.0,52,,Cintia,8/10/2018,POINT(-46.64442697913847 -23.552155505385276),24.0,1.0,1936.0,,,
2011,4.0,4,"Livro de Emplacamento. n,20 p,327",Cintia,8/10/2018,POINT(-46.64442697913847 -23.552155505385276),22.0,1.0,1936.0,23.0,1.0,1936.0
2011,118.0,118,,Cintia,8/10/2018,POINT(-46.64381088686106 -23.552008615349536),24.0,1.0,1936.0,,,
2011,14.0,14,"Livro de Emplacamento. n,20 p,327",Cintia,8/10/2018,POINT(-46.64381088686106 -23.552008615349536),22.0,1.0,1936.0,23.0,1.0,1936.0
2011,126.0,126,,Cintia,8/10/2018,POINT(-46.643740747124866 -23.55199189248393),24.0,1.0,1936.0,,,
2011,20.0,20,"Livro de Emplacamento. n,20 p,327",Cintia,8/10/2018,POINT(-46.643740747124866 -23.55199189248393),22.0,1.0,1936.0,23.0,1.0,1936.0
2012,68.0,68,"Livro de Emplacamento. n,28 p,315",Cintia,8/10/2018,POINT(-46.65592577818367 -23.560644439543623),28.0,1.0,1942.0,,,
2012,4.0,4,,Cintia,8/10/2018,POINT(-46.65592577818367 -23.560644439543623),29.0,3.0,1928.0,27.0,1.0,1942.0
2012,13.0,13,"Livro de Emplacamento. n,13 p,117",Cintia,8/10/2018,POINT(-46.65592577818367 -23.560644439543623),27.0,3.0,1928.0,28.0,3.0,1928.0
2012,100.0,100,"Livro de Emplacamento. n,28 p,315",Cintia,8/10/2018,POINT(-46.65570880996678 -23.560840160981513),28.0,1.0,1942.0,,,
2012,6.0,6,,Cintia,8/10/2018,POINT(-46.65570880996678 -23.560840160981513),29.0,3.0,1928.0,27.0,1.0,1942.0
2012,15.0,15,"Livro de Emplacamento. n,13 p,117",Cintia,8/10/2018,POINT(-46.65570880996678 -23.560840160981513),27.0,3.0,1928.0,28.0,3.0,1928.0
2012,79.0,79,"Livro de Emplacamento. n,28 p,315",Cintia,8/10/2018,POINT(-46.65585252524871 -23.56071051912876),28.0,1.0,1942.0,,,
2012,7.0,7,,Cintia,8/10/2018,POINT(-46.65585252524871 -23.56071051912876),29.0,3.0,1928.0,27.0,1.0,1942.0
2012,4.0,4,"Livro de Emplacamento. n,13 p,117",Cintia,8/10/2018,POINT(-46.65585252524871 -23.56071051912876),27.0,3.0,1928.0,28.0,3.0,1928.0
2012,97.0,97,"Livro de Emplacamento. n,28 p,315",Cintia,8/10/2018,POINT(-46.655725553494776 -23.56082505707634),28.0,1.0,1942.0,,,
2012,9.0,9,,Cintia,8/10/2018,POINT(-46.655725553494776 -23.56082505707634),29.0,3.0,1928.0,27.0,1.0,1942.0
2012,2.0,2,"Livro de Emplacamento. n,13 p,117",Cintia,8/10/2018,POINT(-46.655725553494776 -23.56082505707634),27.0,3.0,1928.0,28.0,3.0,1928.0
2012,239.0,239,"Livro de Emplacamento. n,28 p,315",Cintia,8/10/2018,POINT(-46.654731406520284 -23.56172185144611),28.0,1.0,1942.0,,,
2012,15.0,15,"Livro de Emplacamento. n,13 p,117",Cintia,8/10/2018,POINT(-46.654731406520284 -23.56172185144611),26.0,1.0,1942.0,27.0,1.0,1942.0
2029,44.0,44,,Cintia,8/10/2018,POINT(-46.64699110683325 -23.565348510449386),2.0,6.0,1936.0,,,
2029,21.0,21,"Livro de Emplacamento. n,22 p,202",Cintia,8/10/2018,POINT(-46.64699110683325 -23.565348510449386),31.0,5.0,1936.0,1.0,6.0,1936.0
2029,100.0,100,,Cintia,8/10/2018,POINT(-46.6465418843047 -23.565639732903676),2.0,6.0,1936.0,,,
2029,13.0,13,"Livro de Emplacamento. n,22 p,202",Cintia,8/10/2018,POINT(-46.6465418843047 -23.565639732903676),31.0,5.0,1936.0,1.0,6.0,1936.0
2029,172.0,172,,Cintia,8/10/2018,POINT(-46.64596796655471 -23.566011792907553),2.0,6.0,1936.0,,,
2029,5.0,5,"Livro de Emplacamento. n,22 p,202",Cintia,8/10/2018,POINT(-46.64596796655471 -23.566011792907553),31.0,5.0,1936.0,1.0,6.0,1936.0
2029,87.0,87,,Cintia,8/10/2018,POINT(-46.646656188257694 -23.56556563181655),2.0,6.0,1936.0,,,
2029,20.0,20,"Livro de Emplacamento. n,22 p,202",Cintia,8/10/2018,POINT(-46.646656188257694 -23.56556563181655),31.0,5.0,1936.0,1.0,6.0,1936.0
2029,145.0,145,,Cintia,8/10/2018,POINT(-46.64618298587887 -23.565872399953452),2.0,6.0,1936.0,,,
2029,12.0,12,"Livro de Emplacamento. n,22 p,202",Cintia,8/10/2018,POINT(-46.64618298587887 -23.565872399953452),31.0,5.0,1936.0,1.0,6.0,1936.0
2029,193.0,193,,Cintia,8/10/2018,POINT(-46.64580250558779 -23.566119058117582),2.0,6.0,1936.0,,,
2029,4.0,4,"Livro de Emplacamento. n,22 p,202",Cintia,8/10/2018,POINT(-46.64580250558779 -23.566119058117582),31.0,5.0,1936.0,1.0,6.0,1936.0
2013,73.0,73,"Livro de Emplacamento. n,24 p,228",Cintia,8/10/2018,POINT(-46.645706023420594 -23.559856192827723),10.0,3.0,1938.0,,,
2013,3.0,3,,Cintia,8/10/2018,POINT(-46.645706023420594 -23.559856192827723),30.0,9.0,1921.0,9.0,3.0,1938.0
2013,1.0,1a,"Livro de Emplacamento. n,4 p,61",Cintia,8/10/2018,POINT(-46.645706023420594 -23.559856192827723),28.0,9.0,1921.0,29.0,9.0,1921.0
2013,209.0,209,"Livro de Emplacamento. n,24 p,228",Cintia,8/10/2018,POINT(-46.64438422276745 -23.55976012020326),10.0,3.0,1938.0,,,
2013,39.0,39,"Livro de Emplacamento. n,4 p,61",Cintia,8/10/2018,POINT(-46.64438422276745 -23.55976012020326),30.0,9.0,1921.0,9.0,3.0,1938.0
2013,23.0,23,"Livro de Emplacamento. n,4 p,44",Cintia,8/10/2018,POINT(-46.64438422276745 -23.55976012020326),24.0,4.0,1911.0,29.0,9.0,1921.0
2013,13.0,13,,Cintia,8/10/2018,POINT(-46.64438422276745 -23.55976012020326),4.0,5.0,1908.0,23.0,4.0,1911.0
2013,11.0,11,"Livro de Emplacamento. n,4 p,37",Cintia,8/10/2018,POINT(-46.64438422276745 -23.55976012020326),2.0,5.0,1908.0,3.0,5.0,1908.0
2013,275.0,275,"Livro de Emplacamento. n,24 p,228",Cintia,8/10/2018,POINT(-46.64373737316821 -23.559730528816104),10.0,3.0,1938.0,,,
2013,53.0,53,"Livro de Emplacamento. n,4 p,61",Cintia,8/10/2018,POINT(-46.64373737316821 -23.559730528816104),30.0,9.0,1921.0,9.0,3.0,1938.0
2013,37.0,37,"Livro de Emplacamento. n,4 p,44",Cintia,8/10/2018,POINT(-46.64373737316821 -23.559730528816104),24.0,4.0,1911.0,29.0,9.0,1921.0
2013,25.0,25,,Cintia,8/10/2018,POINT(-46.64373737316821 -23.559730528816104),4.0,5.0,1908.0,23.0,4.0,1911.0
2013,21.0,21,"Livro de Emplacamento. n,4 p,37",Cintia,8/10/2018,POINT(-46.64373737316821 -23.559730528816104),2.0,5.0,1908.0,3.0,5.0,1908.0
2013,305.0,305,"Livro de Emplacamento. n,24 p,228",Cintia,8/10/2018,POINT(-46.64349963352439 -23.559650022500584),10.0,3.0,1938.0,,,
2013,63.0,63,,Cintia,8/10/2018,POINT(-46.64349963352439 -23.559650022500584),8.0,3.0,1938.0,9.0,3.0,1938.0
2013,198.0,198,"Livro de Emplacamento. n,24 p,229",Cintia,8/10/2018,POINT(-46.64448849075159 -23.559767816673627),10.0,3.0,1938.0,,,
2013,18.0,18,"Livro de Emplacamento. n,4 p,61",Cintia,8/10/2018,POINT(-46.64448849075159 -23.559767816673627),30.0,9.0,1921.0,9.0,3.0,1938.0
2013,14.0,14,,Cintia,8/10/2018,POINT(-46.64448849075159 -23.559767816673627),4.0,5.0,1908.0,29.0,9.0,1921.0
2013,12.0,12,"Livro de Emplacamento. n,4 p,37",Cintia,8/10/2018,POINT(-46.64448849075159 -23.559767816673627),2.0,5.0,1908.0,3.0,5.0,1908.0
2013,214.0,214,"Livro de Emplacamento. n,24 p,229",Cintia,8/10/2018,POINT(-46.64433305421967 -23.55975634323169),10.0,3.0,1938.0,,,
2013,26.0,26,"Livro de Emplacamento. n,4 p,61",Cintia,8/10/2018,POINT(-46.64433305421967 -23.55975634323169),30.0,9.0,1921.0,9.0,3.0,1938.0
2013,22.0,22,,Cintia,8/10/2018,POINT(-46.64433305421967 -23.55975634323169),4.0,5.0,1908.0,29.0,9.0,1921.0
2013,310.0,310,"Livro de Emplacamento. n,24 p,229",Cintia,8/10/2018,POINT(-46.64347827817058 -23.559610945884152),10.0,3.0,1938.0,,,
2013,42.0,42,"Livro de Emplacamento. n,4 p,61",Cintia,8/10/2018,POINT(-46.64347827817058 -23.559610945884152),30.0,9.0,1921.0,9.0,3.0,1938.0
2013,44.0,44,"Livro de Emplacamento. n,4 p,44",Cintia,8/10/2018,POINT(-46.64347827817058 -23.559610945884152),24.0,4.0,1911.0,29.0,9.0,1921.0
2013,32.0,32,"Livro de Emplacamento. n,4 p,37",Cintia,8/10/2018,POINT(-46.64347827817058 -23.559610945884152),4.0,5.0,1908.0,23.0,4.0,1911.0
417,79.0,79,"Livro de Emplacamento. n,21 p,37",Cintia,8/10/2018,POINT(-46.63989337771007 -23.554425221884376),15.0,4.0,1936.0,,,
417,19.0,19,"Livro de Emplacamento. n,4 p,47",Cintia,8/10/2018,POINT(-46.63989337771007 -23.554425221884376),27.0,3.0,1911.0,14.0,4.0,1936.0
417,13.0,13,,Cintia,8/10/2018,POINT(-46.63989337771007 -23.554425221884376),3.0,6.0,1908.0,26.0,3.0,1911.0
417,11.0,11,"Livro de Emplacamento. n,4 p,36",Cintia,8/10/2018,POINT(-46.63989337771007 -23.554425221884376),1.0,6.0,1908.0,2.0,6.0,1908.0
417,151.0,151,"Livro de Emplacamento. n,21 p,37",Cintia,8/10/2018,POINT(-46.63957092633038 -23.553863179111058),15.0,4.0,1936.0,,,
417,37.0,37,"Livro de Emplacamento. n,4 p,47",Cintia,8/10/2018,POINT(-46.63957092633038 -23.553863179111058),27.0,3.0,1911.0,14.0,4.0,1936.0
417,25.0,25,"Livro de Emplacamento. n,4 p,36",Cintia,8/10/2018,POINT(-46.63957092633038 -23.553863179111058),3.0,6.0,1908.0,26.0,3.0,1911.0
417,287.0,287,"Livro de Emplacamento. n,21 p,37",Cintia,8/10/2018,POINT(-46.638985985441465 -23.55275716178885),15.0,4.0,1936.0,,,
417,63.0,63,"Livro de Emplacamento. n,4 p,47",Cintia,8/10/2018,POINT(-46.638985985441465 -23.55275716178885),27.0,3.0,1911.0,14.0,4.0,1936.0
417,47.0,47,"Livro de Emplacamento. n,4 p,36",Cintia,8/10/2018,POINT(-46.638985985441465 -23.55275716178885),3.0,6.0,1908.0,26.0,3.0,1911.0
417,32.0,32,"Livro de Emplacamento. n,21 p,38",Cintia,8/10/2018,POINT(-46.64010868852509 -23.55480007564146),15.0,4.0,1936.0,,,
417,8.0,8,"Livro de Emplacamento. n,4 p,36",Cintia,8/10/2018,POINT(-46.64010868852509 -23.55480007564146),2.0,6.0,1908.0,14.0,4.0,1936.0
417,82.0,82,"Livro de Emplacamento. n,21 p,38",Cintia,8/10/2018,POINT(-46.63964529231009 -23.55399330793594),15.0,4.0,1936.0,,,
417,24.0,24,"Livro de Emplacamento. n,4 p,36",Cintia,8/10/2018,POINT(-46.63964529231009 -23.55399330793594),2.0,6.0,1908.0,14.0,4.0,1936.0
417,280.0,280,"Livro de Emplacamento. n,21 p,38",Cintia,8/10/2018,POINT(-46.63901375837791 -23.55280967539737),15.0,4.0,1936.0,,,
417,74.0,74,"Livro de Emplacamento. n,4 p,36",Cintia,8/10/2018,POINT(-46.63901375837791 -23.55280967539737),2.0,6.0,1908.0,14.0,4.0,1936.0
423,165.0,165,"Livro de Emplacamento. n,20 p,260",Cintia,8/10/2018,POINT(-46.639717739660036 -23.552383742311875),17.0,12.0,1935.0,,,
423,15.0,15,"Livro de Emplacamento. n,4 p,71",Cintia,8/10/2018,POINT(-46.639717739660036 -23.552383742311875),3.0,7.0,1908.0,16.0,12.0,1935.0
423,225.0,225,"Livro de Emplacamento. n,20 p,260",Cintia,8/10/2018,POINT(-46.639717150771965 -23.552932508005764),17.0,12.0,1935.0,,,
423,31.0,31,,Cintia,8/10/2018,POINT(-46.639717150771965 -23.552932508005764),3.0,7.0,1908.0,16.0,12.0,1935.0
423,23.0,23,"Livro de Emplacamento. n,4 p,71",Cintia,8/10/2018,POINT(-46.639717150771965 -23.552932508005764),1.0,7.0,1908.0,2.0,7.0,1908.0
423,271.0,271,"Livro de Emplacamento. n,20 p,260",Cintia,8/10/2018,POINT(-46.63971671391708 -23.55333959889633),17.0,12.0,1935.0,,,
423,43.0,43,,Cintia,8/10/2018,POINT(-46.63971671391708 -23.55333959889633),3.0,7.0,1908.0,16.0,12.0,1935.0
423,31.0,31,"Livro de Emplacamento. n,4 p,71",Cintia,8/10/2018,POINT(-46.63971671391708 -23.55333959889633),1.0,7.0,1908.0,2.0,7.0,1908.0
423,48.0,48,"Livro de Emplacamento. n,20 p,259",Cintia,8/10/2018,POINT(-46.63973648347278 -23.551324936533533),17.0,12.0,1935.0,,,
423,10.0,10,,Cintia,8/10/2018,POINT(-46.63973648347278 -23.551324936533533),3.0,7.0,1908.0,16.0,12.0,1935.0
423,4.0,4,"Livro de Emplacamento. n,4 p,71",Cintia,8/10/2018,POINT(-46.63973648347278 -23.551324936533533),1.0,7.0,1908.0,2.0,7.0,1935.0
423,136.0,136,"Livro de Emplacamento. n,20 p,259",Cintia,8/10/2018,POINT(-46.63972207918627 -23.552121951778037),17.0,12.0,1935.0,,,
423,40.0,40,,Cintia,8/10/2018,POINT(-46.63972207918627 -23.552121951778037),3.0,7.0,1908.0,16.0,12.0,1935.0
423,30.0,30,"Livro de Emplacamento. n,4 p,71",Cintia,8/10/2018,POINT(-46.63972207918627 -23.552121951778037),1.0,7.0,1908.0,2.0,7.0,1908.0
423,256.0,256,"Livro de Emplacamento. n,20 p,259",Cintia,8/10/2018,POINT(-46.63971685921463 -23.553204200824798),17.0,12.0,1935.0,,,
423,76.0,76,"Livro de Emplacamento. n,4 p,71",Cintia,8/10/2018,POINT(-46.63971685921463 -23.553204200824798),3.0,7.0,1908.0,16.0,12.0,1935.0
393,89.0,89,"Livro de Emplacamento. n,25 p,243",Cintia,8/10/2018,POINT(-46.65462312519288 -23.55520498046194),15.0,6.0,1939.0,,,
393,9.0,9,,Cintia,8/10/2018,POINT(-46.65462312519288 -23.55520498046194),22.0,10.0,1927.0,14.0,6.0,1939.0
393,5.0,5,"Livro de Emplacamento. n,11 p,136",Cintia,8/10/2018,POINT(-46.65462312519288 -23.55520498046194),20.0,10.0,1927.0,21.0,10.0,1927.0
393,169.0,169,"Livro de Emplacamento. n,25 p,243",Cintia,8/10/2018,POINT(-46.653899159129956 -23.55497899989215),15.0,6.0,1939.0,,,
393,23.0,23,"Livro de Emplacamento. n,11 p,136",Cintia,8/10/2018,POINT(-46.653899159129956 -23.55497899989215),22.0,10.0,1927.0,14.0,6.0,1939.0
393,13.0,13,"Livro de Emplacamento. n,5 p,23",Cintia,8/10/2018,POINT(-46.653899159129956 -23.55497899989215),17.0,8.0,1911.0,21.0,10.0,1927.0
393,303.0,303,"Livro de Emplacamento. n,25 p,243",Cintia,8/10/2018,POINT(-46.652794179144166 -23.554917094789687),15.0,6.0,1939.0,,,
393,47.0,47,"Livro de Emplacamento. n,11 p,136",Cintia,8/10/2018,POINT(-46.652794179144166 -23.554917094789687),22.0,10.0,1927.0,14.0,6.0,1939.0
393,37.0,37,"Livro de Emplacamento. n,5 p,23",Cintia,8/10/2018,POINT(-46.652794179144166 -23.554917094789687),17.0,8.0,1911.0,21.0,10.0,1927.0
393,118.0,118,"Livro de Emplacamento. n,25 p,242",Cintia,8/10/2018,POINT(-46.654350011482876 -23.555119810149105),15.0,10.0,1939.0,,,
393,12.0,12,,Cintia,8/10/2018,POINT(-46.654350011482876 -23.555119810149105),22.0,10.0,1927.0,14.0,6.0,1939.0
393,8.0,8,"Livro de Emplacamento. n,11 p,136",Cintia,8/10/2018,POINT(-46.654350011482876 -23.555119810149105),20.0,10.0,1927.0,21.0,10.0,1927.0
393,208.0,208,"Livro de Emplacamento. n,25 p,242",Cintia,8/10/2018,POINT(-46.653530779768424 -23.554863947609025),15.0,6.0,1939.0,,,
393,26.0,26,"Livro de Emplacamento. n,11 p,136",Cintia,8/10/2018,POINT(-46.653530779768424 -23.554863947609025),22.0,10.0,1927.0,14.0,6.0,1939.0
393,22.0,22,"Livro de Emplacamento. n,5 p,23",Cintia,8/10/2018,POINT(-46.653530779768424 -23.554863947609025),17.0,8.0,1911.0,21.0,10.0,1927.0
393,292.0,292,"Livro de Emplacamento. n,25 p,242",Cintia,8/10/2018,POINT(-46.65284187017168 -23.55482611457773),15.0,10.0,1939.0,,,
393,40.0,40,"Livro de Emplacamento. n,11 p,136",Cintia,8/10/2018,POINT(-46.65284187017168 -23.55482611457773),20.0,10.0,1927.0,14.0,10.0,1939.0
392,94.0,94,"Livro de Emplacamento. n,21 p,8",Cintia,8/10/2018,POINT(-46.65466177097127 -23.555785782224),31.0,3.0,1936.0,,,
392,24.0,24,"Livro de Emplacamento. n,11 p,126",Cintia,8/10/2018,POINT(-46.65466177097127 -23.555785782224),27.0,10.0,1927.0,30.0,3.0,1936.0
392,85.0,85,,Cintia,8/10/2018,POINT(-46.65466177097127 -23.555785782224),28.0,9.0,1925.0,26.0,10.0,1927.0
392,91.0,91,"Livro de Emplacamento. n,5 p,13",Cintia,8/10/2018,POINT(-46.65466177097127 -23.555785782224),26.0,9.0,1925.0,27.0,9.0,1925.0
392,216.0,216,"Livro de Emplacamento. n,21 p,8",Cintia,8/10/2018,POINT(-46.653531721443905 -23.55546499141291),31.0,3.0,1936.0,,,
392,50.0,50,,Cintia,8/10/2018,POINT(-46.653531721443905 -23.55546499141291),27.0,10.0,1927.0,30.0,3.0,1936.0
392,53.0,53,"Livro de Emplacamento. n,11 p,126",Cintia,8/10/2018,POINT(-46.653531721443905 -23.55546499141291),25.0,10.0,1927.0,26.0,10.0,1927.0
392,342.0,342,"Livro de Emplacamento. n,21 p,8",Cintia,8/10/2018,POINT(-46.65234650600824 -23.555121302118565),31.0,3.0,1936.0,,,
392,66.0,66,,Cintia,8/10/2018,POINT(-46.65234650600824 -23.555121302118565),27.0,10.0,1927.0,30.0,3.0,1936.0
392,9.0,9,"Livro de Emplacamento. n,11 p,126",Cintia,8/10/2018,POINT(-46.65234650600824 -23.555121302118565),25.0,10.0,1927.0,26.0,10.0,1927.0
392,39.0,39,"Livro de Emplacamento. n,21 p,9",Cintia,8/10/2018,POINT(-46.65518691769841 -23.555929937938018),31.0,3.0,1936.0,,,
392,7.0,7,"Livro de Emplacamento. n,11 p,126",Cintia,8/10/2018,POINT(-46.65518691769841 -23.555929937938018),27.0,10.0,1927.0,30.0,3.0,1936.0
392,122.0,122,,Cintia,8/10/2018,POINT(-46.65518691769841 -23.555929937938018),28.0,9.0,1925.0,26.0,10.0,1927.0
392,116.0,116,"Livro de Emplacamento. n,5 p,13",Cintia,8/10/2018,POINT(-46.65518691769841 -23.555929937938018),26.0,9.0,1925.0,27.0,9.0,1925.0
392,151.0,151,"Livro de Emplacamento. n,21 p,9",Cintia,8/10/2018,POINT(-46.65414461975732 -23.555641933613845),31.0,3.0,1936.0,,,
392,41.0,41,"Livro de Emplacamento. n,11 p,126",Cintia,8/10/2018,POINT(-46.65414461975732 -23.555641933613845),27.0,10.0,1927.0,30.0,3.0,1936.0
392,86.0,86,,Cintia,8/10/2018,POINT(-46.65414461975732 -23.555641933613845),28.0,9.0,1925.0,26.0,10.0,1927.0
392,84.0,84a,"Livro de Emplacamento. n,5 p,13",Cintia,8/10/2018,POINT(-46.65414461975732 -23.555641933613845),26.0,9.0,1925.0,27.0,9.0,1925.0
392,273.0,273,"Livro de Emplacamento. n,21 p,9",Cintia,8/10/2018,POINT(-46.65300578175315 -23.55531289553131),31.0,3.0,1936.0,,,
392,77.0,77,,Cintia,8/10/2018,POINT(-46.65300578175315 -23.55531289553131),27.0,10.0,1927.0,30.0,3.0,1936.0
392,38.0,38,"Livro de Emplacamento. n,11 p,126",Cintia,8/10/2018,POINT(-46.65300578175315 -23.55531289553131),25.0,10.0,1927.0,26.0,10.0,1927.0
392,381.0,381,"Livro de Emplacamento. n,21 p,9",Cintia,8/10/2018,POINT(-46.6519907212224 -23.555017906806587),31.0,3.0,1936.0,,,
392,105.0,105,,Cintia,8/10/2018,POINT(-46.6519907212224 -23.555017906806587),27.0,10.0,1927.0,30.0,3.0,1936.0
392,8.0,8,"Livro de Emplacamento. n,11 p,126",Cintia,8/10/2018,POINT(-46.6519907212224 -23.555017906806587),25.0,10.0,1927.0,26.0,10.0,1927.0
396,107.0,107,"Livro de Emplacamento. n,27 p,317",Cintia,8/10/2018,POINT(-46.641968602345436 -23.556563759815344),7.0,10.0,1940.0,,,
396,17.0,17,,Cintia,8/10/2018,POINT(-46.641968602345436 -23.556563759815344),24.0,4.0,1911.0,6.0,10.0,1940.0
396,61.0,61,"Livro de Emplacamento. n,5 p,6",Cintia,8/10/2018,POINT(-46.641968602345436 -23.556563759815344),22.0,4.0,1911.0,23.0,4.0,1911.0
396,239.0,239,"Livro de Emplacamento. n,27 p,317",Cintia,8/10/2018,POINT(-46.64215840664819 -23.557771495771238),7.0,10.0,1940.0,,,
396,39.0,39,"Livro de Emplacamento. n,5 p,15",Cintia,8/10/2018,POINT(-46.64215840664819 -23.557771495771238),19.0,6.0,1926.0,6.0,10.0,1940.0
396,409.0,409,"Livro de Emplacamento. n,27 p,317",Cintia,8/10/2018,POINT(-46.64093945768033 -23.558757328373748),7.0,10.0,1940.0,,,
396,47.0,47,,Cintia,8/10/2018,POINT(-46.64093945768033 -23.558757328373748),21.0,6.0,1926.0,6.0,10.0,1940.0
396,43.0,43,"Livro de Emplacamento. n,5 p,15",Cintia,8/10/2018,POINT(-46.64093945768033 -23.558757328373748),19.0,6.0,1926.0,20.0,6.0,1926.0
396,170.0,170,"Livro de Emplacamento. n,27 p,318",Cintia,8/10/2018,POINT(-46.642045506614934 -23.55715858931575),7.0,10.0,1940.0,,,
396,60.0,60,"Livro de Emplacamento. n,17 p,50",Cintia,8/10/2018,POINT(-46.642045506614934 -23.55715858931575),9.0,6.0,1930.0,6.0,10.0,1940.0
396,32.0,32,"Livro de Emplacamento. n,5 p,6",Cintia,8/10/2018,POINT(-46.642045506614934 -23.55715858931575),23.0,4.0,1911.0,8.0,6.0,1930.0
396,84.0,84,"Livro de Emplacamento. n,27 p,318",Cintia,8/10/2018,POINT(-46.64193409961044 -23.55634999282684),7.0,10.0,1940.0,,,
396,36.0,36,,Cintia,8/10/2018,POINT(-46.64193409961044 -23.55634999282684),9.0,6.0,1930.0,6.0,10.0,1940.0
396,26.0,26a,"Livro de Emplacamento. n,17 p,50",Cintia,8/10/2018,POINT(-46.64193409961044 -23.55634999282684),7.0,6.0,1930.0,8.0,6.0,1930.0
396,390.0,390,"Livro de Emplacamento. n,27 p,318",Cintia,8/10/2018,POINT(-46.641069016793374 -23.558654477203397),7.0,10.0,1940.0,,,
396,74.0,74,,Cintia,8/10/2018,POINT(-46.641069016793374 -23.558654477203397),9.0,6.0,1930.0,6.0,10.0,1940.0
396,48.0,48,"Livro de Emplacamento. n,17 p,50",Cintia,8/10/2018,POINT(-46.641069016793374 -23.558654477203397),7.0,6.0,1930.0,8.0,6.0,1930.0
412,50.0,50,,Cintia,8/10/2018,POINT(-46.641650803078065 -23.55157780677189),13.0,3.0,1941.0,,,
412,4.0,4c,"Livro de Emplacamento. n,29 p,58",Cintia,8/10/2018,POINT(-46.641650803078065 -23.55157780677189),11.0,3.0,1941.0,12.0,3.0,1941.0
412,204.0,204,,Cintia,8/10/2018,POINT(-46.641572114905415 -23.55296307315277),13.0,3.0,1941.0,,,
412,50.0,50,"Livro de Emplacamento. n,29 p,58",Cintia,8/10/2018,POINT(-46.641572114905415 -23.55296307315277),11.0,3.0,1941.0,12.0,3.0,1941.0
412,350.0,350,,Cintia,8/10/2018,POINT(-46.641549860059236 -23.553354858718407),13.0,3.0,1941.0,,,
412,96.0,96,"Livro de Emplacamento. n,29 p,58",Cintia,8/10/2018,POINT(-46.641549860059236 -23.553354858718407),11.0,3.0,1941.0,12.0,3.0,1941.0
412,57.0,57,,Cintia,8/10/2018,POINT(-46.64164724252726 -23.55164048850858),13.0,3.0,1941.0,,,
412,5.0,5,"Livro de Emplacamento. n,29 p,59",Cintia,8/10/2018,POINT(-46.64164724252726 -23.55164048850858),11.0,3.0,1941.0,12.0,3.0,1941.0
412,143.0,143,,Cintia,8/10/2018,POINT(-46.641603447752445 -23.552411473869885),13.0,3.0,1941.0,,,
412,15.0,15,"Livro de Emplacamento. n,29 p,59",Cintia,8/10/2018,POINT(-46.641603447752445 -23.552411473869885),11.0,3.0,1941.0,12.0,3.0,1941.0
412,323.0,323,,Cintia,8/10/2018,POINT(-46.641549860059236 -23.553354858718407),13.0,3.0,1941.0,,,
412,55.0,55,"Livro de Emplacamento. n,29 p,59",Cintia,8/10/2018,POINT(-46.641549860059236 -23.553354858718407),11.0,3.0,1941.0,12.0,3.0,1941.0
490,55.0,55,"Livro de Emplacamento. n,22 p,267",Cintia,8/10/2018,POINT(-46.64558084846949 -23.554919324284196),26.0,5.0,1937.0,,,
490,11.0,11,,Cintia,8/10/2018,POINT(-46.64558084846949 -23.554919324284196),10.0,5.0,1909.0,25.0,5.0,1937.0
490,7.0,7,"Livro de Emplacamento. n,5 p,53",Cintia,8/10/2018,POINT(-46.64558084846949 -23.554919324284196),8.0,5.0,1909.0,9.0,5.0,1909.0
490,127.0,127,"Livro de Emplacamento. n,22 p,267",Cintia,8/10/2018,POINT(-46.645740876750985 -23.553400234362996),26.0,5.0,1937.0,,,
490,33.0,33,,Cintia,8/10/2018,POINT(-46.645740876750985 -23.553400234362996),10.0,5.0,1909.0,25.0,5.0,1937.0
490,27.0,27,"Livro de Emplacamento. n,5 p,53",Cintia,8/10/2018,POINT(-46.645740876750985 -23.553400234362996),8.0,5.0,1909.0,9.0,5.0,1909.0
490,187.0,187,"Livro de Emplacamento. n,22 p,267",Cintia,8/10/2018,POINT(-46.64570403691557 -23.55374559773454),26.0,5.0,1937.0,,,
490,55.0,55,,Cintia,8/10/2018,POINT(-46.64570403691557 -23.55374559773454),10.0,5.0,1909.0,25.0,5.0,1937.0
490,43.0,43,"Livro de Emplacamento. n,5 p,53",Cintia,8/10/2018,POINT(-46.64570403691557 -23.55374559773454),8.0,5.0,1909.0,9.0,5.0,1909.0
490,48.0,48,"Livro de Emplacamento. n,22 p,266",Cintia,8/10/2018,POINT(-46.64570194266136 -23.553765230794422),25.0,5.0,1937.0,,,
490,8.0,8,"Livro de Emplacamento. n,5 p,53",Cintia,8/10/2018,POINT(-46.64570194266136 -23.553765230794422),8.0,5.0,1909.0,25.0,5.0,1937.0
490,128.0,128,"Livro de Emplacamento. n,22 p,266",Cintia,8/10/2018,POINT(-46.64564663531155 -23.554283722057647),26.0,5.0,1937.0,,,
490,32.0,32,,Cintia,8/10/2018,POINT(-46.64564663531155 -23.554283722057647),10.0,5.0,1909.0,25.0,5.0,1937.0
490,30.0,30,"Livro de Emplacamento. n,5 p,53",Cintia,8/10/2018,POINT(-46.64564663531155 -23.554283722057647),8.0,5.0,1909.0,9.0,5.0,1909.0
490,222.0,222,"Livro de Emplacamento. n,22 p,266",Cintia,8/10/2018,POINT(-46.64573706901606 -23.55343593083551),26.0,5.0,1937.0,,,
490,58.0,58,,Cintia,8/10/2018,POINT(-46.64573706901606 -23.55343593083551),30.0,8.0,1911.0,25.0,5.0,1937.0
490,48.0,48,"Livro de Emplacamento. n,5 p,58",Cintia,8/10/2018,POINT(-46.64573706901606 -23.55343593083551),28.0,8.0,1911.0,29.0,8.0,1911.0
490,254.0,254,,Cintia,8/10/2018,POINT(-46.64576895879607 -23.553136972878224),26.0,5.0,1937.0,,,
490,66.0,66,"Livro de Emplacamento. n,22 p,266",Cintia,8/10/2018,POINT(-46.64576895879607 -23.553136972878224),24.0,5.0,1937.0,25.0,5.0,1937.0
2014,101.0,101,"Livro de Emplacamento. n,22 p,183",Cintia,8/10/2018,POINT(-46.64405562548688 -23.56580974428701),25.0,5.0,1937.0,,,
2014,13.0,13,"Livro de Emplacamento. n,1 p,71",Cintia,8/10/2018,POINT(-46.64405562548688 -23.56580974428701),8.0,8.0,1921.0,24.0,5.0,1937.0
2014,59.0,59,"Livro de Emplacamento. n,1 p,64",Cintia,8/10/2018,POINT(-46.64405562548688 -23.56580974428701),20.0,12.0,1917.0,7.0,8.0,1921.0
2014,35.0,35,"Livro de Emplacamento. n,1 p,39",Cintia,8/10/2018,POINT(-46.64405562548688 -23.56580974428701),4.0,2.0,1911.0,19.0,12.0,1917.0
2014,269.0,269,"Livro de Emplacamento. n,22 p,183",Cintia,8/10/2018,POINT(-46.64358456644326 -23.564357114794706),25.0,5.0,1937.0,,,
2014,31.0,31,"Livro de Emplacamento. n,1 p,71",Cintia,8/10/2018,POINT(-46.64358456644326 -23.564357114794706),8.0,8.0,1921.0,24.0,5.0,1937.0
2014,73.0,73,,Cintia,8/10/2018,POINT(-46.64358456644326 -23.564357114794706),20.0,12.0,1917.0,7.0,8.0,1921.0
2014,55.0,55,"Livro de Emplacamento. n,1 p,64",Cintia,8/10/2018,POINT(-46.64358456644326 -23.564357114794706),18.0,12.0,1917.0,19.0,12.0,1917.0
2014,479.0,479,"Livro de Emplacamento. n,22 p,183",Cintia,8/10/2018,POINT(-46.643051052056 -23.562536309588864),25.0,5.0,1937.0,,,
2014,53.0,53,"Livro de Emplacamento. n,15 p,196",Cintia,8/10/2018,POINT(-46.643051052056 -23.562536309588864),9.0,9.0,1929.0,24.0,5.0,1937.0
2014,49.0,49,"Livro de Emplacamento. n,1 p,71",Cintia,8/10/2018,POINT(-46.643051052056 -23.562536309588864),8.0,8.0,1921.0,8.0,9.0,1929.0
2014,87.0,87,"Livro de Emplacamento. n,1 p,51",Cintia,8/10/2018,POINT(-46.643051052056 -23.562536309588864),30.0,7.0,1914.0,7.0,8.0,1921.0
2014,58.0,58,"Livro de Emplacamento. n,22 p,183",Cintia,8/10/2018,POINT(-46.644292672869206 -23.566100584453807),25.0,5.0,1937.0,,,
2014,6.0,6,"Livro de Emplacamento. n,1 p,71",Cintia,8/10/2018,POINT(-46.644292672869206 -23.566100584453807),8.0,8.0,1921.0,24.0,5.0,1937.0
2014,40.0,40,,Cintia,8/10/2018,POINT(-46.644292672869206 -23.566100584453807),20.0,12.0,1917.0,7.0,8.0,1921.0
2014,34.0,34,"Livro de Emplacamento. n,1 p,64",Cintia,8/10/2018,POINT(-46.644292672869206 -23.566100584453807),18.0,12.0,1917.0,19.0,12.0,1917.0
2014,154.0,154,"Livro de Emplacamento. n,22 p,183",Cintia,8/10/2018,POINT(-46.643875975664265 -23.565358063636822),25.0,5.0,1937.0,,,
2014,28.0,28,"Livro de Emplacamento. n,1 p,71",Cintia,8/10/2018,POINT(-46.643875975664265 -23.565358063636822),8.0,8.0,1921.0,24.0,5.0,1937.0
2014,62.0,62,,Cintia,8/10/2018,POINT(-46.643875975664265 -23.565358063636822),20.0,12.0,1917.0,7.0,8.0,1921.0
2014,52.0,52,"Livro de Emplacamento. n,1 p,39",Cintia,8/10/2018,POINT(-46.643875975664265 -23.565358063636822),3.0,2.0,1911.0,19.0,12.0,1917.0
2014,358.0,358,"Livro de Emplacamento. n,22 p,182",Cintia,8/10/2018,POINT(-46.643368316224404 -23.56357534645717),25.0,5.0,1937.0,,,
2014,50.0,50,"Livro de Emplacamento. n,1 p,71",Cintia,8/10/2018,POINT(-46.643368316224404 -23.56357534645717),8.0,8.0,1921.0,24.0,5.0,1937.0
2014,84.0,84,,Cintia,8/10/2018,POINT(-46.643368316224404 -23.56357534645717),20.0,12.0,1917.0,7.0,8.0,1921.0
2014,68.0,68,"Livro de Emplacamento. n,1 p,64",Cintia,8/10/2018,POINT(-46.643368316224404 -23.56357534645717),18.0,12.0,1917.0,19.0,12.0,1917.0
2014,618.0,618,"Livro de Emplacamento. n,22 p,182",Cintia,8/10/2018,POINT(-46.642714087915515 -23.561316637471883),25.0,5.0,1937.0,,,
2014,80.0,80,"Livro de Emplacamento. n,15 p,196",Cintia,8/10/2018,POINT(-46.642714087915515 -23.561316637471883),9.0,9.0,1929.0,24.0,5.0,1937.0
2014,78.0,78,"Livro de Emplacamento. n,1 p,71",Cintia,8/10/2018,POINT(-46.642714087915515 -23.561316637471883),8.0,8.0,1921.0,8.0,9.0,1929.0
2014,106.0,106,"Livro de Emplacamento. n,1 p,64",Cintia,8/10/2018,POINT(-46.642714087915515 -23.561316637471883),20.0,12.0,1917.0,7.0,8.0,1921.0
2014,84.0,84,"Livro de Emplacamento. n,1 p,39",Cintia,8/10/2018,POINT(-46.642714087915515 -23.561316637471883),2.0,2.0,1911.0,19.0,12.0,1917.0
2015,14.0,14,,Cintia,8/10/2018,POINT(-46.65431496325031 -23.563048894985805),26.0,2.0,1937.0,,,
2015,11.0,11,"Livro de Emplacamento. n,22 p,17",Cintia,8/10/2018,POINT(-46.65431496325031 -23.563048894985805),24.0,2.0,1937.0,25.0,2.0,1937.0
2015,190.0,190,,Cintia,8/10/2018,POINT(-46.65322890066829 -23.561839255108477),26.0,2.0,1937.0,,,
2015,1.0,1,"Livro de Emplacamento. n,22 p,17",Cintia,8/10/2018,POINT(-46.65322890066829 -23.561839255108477),24.0,2.0,1937.0,25.0,2.0,1937.0
2015,364.0,364,,Cintia,8/10/2018,POINT(-46.65213190383917 -23.560639492767603),26.0,2.0,1937.0,,,
2015,25.0,25,"Livro de Emplacamento. n,22 p,17",Cintia,8/10/2018,POINT(-46.65213190383917 -23.560639492767603),24.0,2.0,1937.0,25.0,2.0,1937.0
2015,129.0,129,,Cintia,8/10/2018,POINT(-46.65361482743604 -23.56226441969144),26.0,2.0,1937.0,,,
2015,36.0,36,"Livro de Emplacamento. n,22 p,17",Cintia,8/10/2018,POINT(-46.65361482743604 -23.56226441969144),24.0,2.0,1937.0,25.0,2.0,1937.0
2015,241.0,241,,Cintia,8/10/2018,POINT(-46.65291124952415 -23.561491846964948),26.0,2.0,1937.0,,,
2015,22.0,22,"Livro de Emplacamento. n,22 p,17",Cintia,8/10/2018,POINT(-46.65291124952415 -23.561491846964948),24.0,2.0,1937.0,25.0,2.0,1937.0
2015,307.0,307,,Cintia,8/10/2018,POINT(-46.652495472482016 -23.56103712066223),26.0,2.0,1937.0,,,
2015,8.0,8,"Livro de Emplacamento. n,22 p,17",Cintia,8/10/2018,POINT(-46.652495472482016 -23.56103712066223),24.0,2.0,1937.0,25.0,2.0,1937.0
112,50.0,50,"Livro de Emplacamento. n,24 p,200",Cintia,8/10/2018,POINT(-46.643061281053285 -23.55939271883171),19.0,1.0,1938.0,,,
112,8.0,8,,Cintia,8/10/2018,POINT(-46.643061281053285 -23.55939271883171),19.0,6.0,1908.0,18.0,1.0,1938.0
112,4.0,4,"Livro de Emplacamento. n,6 p,86",Cintia,8/10/2018,POINT(-46.643061281053285 -23.55939271883171),17.0,6.0,1908.0,18.0,6.0,1908.0
112,206.0,206,"Livro de Emplacamento. n,24 p,200",Cintia,8/10/2018,POINT(-46.64350910225295 -23.558191842314386),19.0,1.0,1938.0,,,
112,56.0,56,"Livro de Emplacamento. n,13 p,195",Cintia,8/10/2018,POINT(-46.64350910225295 -23.558191842314386),24.0,5.0,1928.0,18.0,1.0,1938.0
112,42.0,42,"Livro de Emplacamento. n,13 p,195",Cintia,8/10/2018,POINT(-46.64350910225295 -23.558191842314386),19.0,6.0,1908.0,23.0,5.0,1928.0
112,28.0,28,"Livro de Emplacamento. n,6 p,86",Cintia,8/10/2018,POINT(-46.64350910225295 -23.558191842314386),17.0,6.0,1908.0,18.0,6.0,1908.0
112,356.0,356,"Livro de Emplacamento. n,24 p,200",Cintia,8/10/2018,POINT(-46.64364336180079 -23.556831547947397),19.0,1.0,1938.0,,,
112,82.0,82,"Livro de Emplacamento. n,13 p,195",Cintia,8/10/2018,POINT(-46.64364336180079 -23.556831547947397),24.0,5.0,1928.0,18.0,1.0,1938.0
112,68.0,68,"Livro de Emplacamento. n,13 p,195",Cintia,8/10/2018,POINT(-46.64364336180079 -23.556831547947397),19.0,6.0,1908.0,23.0,5.0,1928.0
112,50.0,50,"Livro de Emplacamento. n,6 p,86",Cintia,8/10/2018,POINT(-46.64364336180079 -23.556831547947397),17.0,6.0,1908.0,18.0,6.0,1908.0
112,35.0,35,"Livro de Emplacamento. n,24 p,201",Cintia,8/10/2018,POINT(-46.64294525192583 -23.55947053390171),19.0,1.0,1938.0,,,
112,1.0,1,"Livro de Emplacamento. n,6 p,192",Cintia,8/10/2018,POINT(-46.64294525192583 -23.55947053390171),16.0,11.0,1921.0,18.0,1.0,1938.0
112,81.0,81,"Livro de Emplacamento. n,24 p,201",Cintia,8/10/2018,POINT(-46.64329752234192 -23.559239206189723),19.0,1.0,1938.0,,,
112,15.0,15,"Livro de Emplacamento. n,13 p,195",Cintia,8/10/2018,POINT(-46.64329752234192 -23.559239206189723),24.0,5.0,1928.0,18.0,1.0,1938.0
112,13.0,13,"Livro de Emplacamento. n,6 p,192",Cintia,8/10/2018,POINT(-46.64329752234192 -23.559239206189723),17.0,11.0,1921.0,23.0,5.0,1928.0
112,9.0,9,,Cintia,8/10/2018,POINT(-46.64329752234192 -23.559239206189723),19.0,6.0,1908.0,16.0,11.0,1921.0
112,1.0,1,"Livro de Emplacamento. n,6 p,86",Cintia,8/10/2018,POINT(-46.64329752234192 -23.559239206189723),17.0,6.0,1908.0,18.0,6.0,1908.0
112,157.0,157,"Livro de Emplacamento. n,24 p,201",Cintia,8/10/2018,POINT(-46.64347461468087 -23.558636843401633),19.0,1.0,1938.0,,,
112,37.0,37,"Livro de Emplacamento. n,13 p,195",Cintia,8/10/2018,POINT(-46.64347461468087 -23.558636843401633),24.0,5.0,1928.0,18.0,1.0,1938.0
112,35.0,35,"Livro de Emplacamento. n,6 p,192",Cintia,8/10/2018,POINT(-46.64347461468087 -23.558636843401633),17.0,11.0,1921.0,23.0,5.0,1928.0
112,31.0,31,"Livro de Emplacamento. n,6 p,86",Cintia,8/10/2018,POINT(-46.64347461468087 -23.558636843401633),19.0,6.0,1908.0,16.0,11.0,1911.0
112,289.0,289,"Livro de Emplacamento. n,24 p,201",Cintia,8/10/2018,POINT(-46.643573366766006 -23.557442624324036),19.0,1.0,1938.0,,,
112,57.0,57,"Livro de Emplacamento. n,13 p,195",Cintia,8/10/2018,POINT(-46.643573366766006 -23.557442624324036),24.0,5.0,1928.0,18.0,1.0,1938.0
112,53.0,53,"Livro de Emplacamento. n,6 p,192",Cintia,8/10/2018,POINT(-46.643573366766006 -23.557442624324036),17.0,11.0,1921.0,23.0,5.0,1928.0
112,47.0,47,"Livro de Emplacamento. n,6 p,122",Cintia,8/10/2018,POINT(-46.643573366766006 -23.557442624324036),25.0,8.0,1911.0,26.0,8.0,1911.0
112,446.0,446,"Livro de Emplacamento. n,24 p,201",Cintia,8/10/2018,POINT(-46.643737101463906 -23.55601317427485),19.0,1.0,1938.0,,,
112,112.0,112,"Livro de Emplacamento. n,13 p,195",Cintia,8/10/2018,POINT(-46.643737101463906 -23.55601317427485),24.0,5.0,1928.0,18.0,1.0,1938.0
112,94.0,94,"Livro de Emplacamento. n,6 p,192",Cintia,8/10/2018,POINT(-46.643737101463906 -23.55601317427485),16.0,11.0,1921.0,23.0,5.0,1928.0
418,36.0,36,"Livro de Emplacamento. n,20 p,299",Cintia,8/10/2018,POINT(-46.639411201722446 -23.551776931185625),14.0,1.0,1936.0,,,
418,2.0,2,"Livro de Emplacamento. n,6 p,79",Cintia,8/10/2018,POINT(-46.639411201722446 -23.551776931185625),29.0,6.0,1908.0,13.0,1.0,1936.0
418,136.0,136,"Livro de Emplacamento. n,20 p,299",Cintia,8/10/2018,POINT(-46.63854779680367 -23.552185520042045),14.0,1.0,1936.0,,,
418,22.0,22,"Livro de Emplacamento. n,11 p,173",Cintia,8/10/2018,POINT(-46.63854779680367 -23.552185520042045),22.0,1.0,1927.0,13.0,1.0,1936.0
418,18.0,18,,Cintia,8/10/2018,POINT(-46.63854779680367 -23.552185520042045),1.0,7.0,1908.0,21.0,1.0,1927.0
418,4.0,4,"Livro de Emplacamento. n,6 p,79",Cintia,8/10/2018,POINT(-46.63854779680367 -23.552185520042045),29.0,6.0,1908.0,30.0,6.0,1908.0
418,212.0,212,"Livro de Emplacamento. n,20 p,299",Cintia,8/10/2018,POINT(-46.6378852999608 -23.552489365481744),14.0,1.0,1936.0,,,
418,44.0,44,"Livro de Emplacamento. n,11 p,173",Cintia,8/10/2018,POINT(-46.6378852999608 -23.552489365481744),22.0,1.0,1927.0,13.0,1.0,1936.0
418,40.0,40,,Cintia,8/10/2018,POINT(-46.6378852999608 -23.552489365481744),1.0,7.0,1908.0,21.0,1.0,1927.0
418,26.0,26,"Livro de Emplacamento. n,6 p,79",Cintia,8/10/2018,POINT(-46.6378852999608 -23.552489365481744),29.0,6.0,1908.0,30.0,6.0,1908.0
418,45.0,45,"Livro de Emplacamento. n,20 p,298",Cintia,8/10/2018,POINT(-46.63933373898276 -23.551813588855204),14.0,1.0,1936.0,,,
418,7.0,7,"Livro de Emplacamento. n,11 p,173",Cintia,8/10/2018,POINT(-46.63933373898276 -23.551813588855204),22.0,1.0,1927.0,13.0,1.0,1936.0
418,9.0,9,,Cintia,8/10/2018,POINT(-46.63933373898276 -23.551813588855204),1.0,7.0,1908.0,21.0,1.0,1927.0
418,1.0,1,"Livro de Emplacamento. n,6 p,79",Cintia,8/10/2018,POINT(-46.63933373898276 -23.551813588855204),29.0,6.0,1908.0,30.0,6.0,1908.0
418,115.0,115,"Livro de Emplacamento. n,20 p,298",Cintia,8/10/2018,POINT(-46.638732314790346 -23.552098200649343),14.0,1.0,1936.0,,,
418,21.0,21,"Livro de Emplacamento. n,11 p,173",Cintia,8/10/2018,POINT(-46.638732314790346 -23.552098200649343),22.0,1.0,1927.0,13.0,1.0,1936.0
418,29.0,29,,Cintia,8/10/2018,POINT(-46.638732314790346 -23.552098200649343),1.0,7.0,1908.0,21.0,1.0,1927.0
418,19.0,19,"Livro de Emplacamento. n,6 p,79",Cintia,8/10/2018,POINT(-46.638732314790346 -23.552098200649343),29.0,6.0,1908.0,30.0,6.0,1908.0
418,187.0,187,"Livro de Emplacamento. n,20 p,298",Cintia,8/10/2018,POINT(-46.63808891717784 -23.552399834822232),14.0,1.0,1936.0,,,
418,37.0,37,"Livro de Emplacamento. n,11 p,173",Cintia,8/10/2018,POINT(-46.63808891717784 -23.552399834822232),22.0,1.0,1927.0,13.0,1.0,1936.0
418,27.0,27,,Cintia,8/10/2018,POINT(-46.63808891717784 -23.552399834822232),1.0,7.0,1908.0,21.0,1.0,1927.0
418,17.0,17,"Livro de Emplacamento. n,6 p,79",Cintia,8/10/2018,POINT(-46.63808891717784 -23.552399834822232),29.0,6.0,1908.0,30.0,6.0,1908.0
99,19.0,19,"Livro de Emplacamento. n,21 p,129",Cintia,8/10/2018,POINT(-46.64550455189999 -23.551752668641743),19.0,5.0,1936.0,,,
99,1.0,1,"Livro de Emplacamento. n,6 p,111",Cintia,8/10/2018,POINT(-46.64550455189999 -23.551752668641743),26.0,2.0,1909.0,18.0,5.0,1936.0
99,129.0,129,"Livro de Emplacamento. n,21 p,129",Cintia,8/10/2018,POINT(-46.645848872777506 -23.550824500642797),19.0,5.0,1936.0,,,
99,37.0,37,"Livro de Emplacamento. n,6 p,111",Cintia,8/10/2018,POINT(-46.645848872777506 -23.550824500642797),26.0,2.0,1909.0,18.0,5.0,1936.0
99,199.0,199,"Livro de Emplacamento. n,21 p,129",Cintia,8/10/2018,POINT(-46.64606887304568 -23.550231457286976),19.0,5.0,1936.0,,,
99,65.0,65,"Livro de Emplacamento. n,6 p,111",Cintia,8/10/2018,POINT(-46.64606887304568 -23.550231457286976),26.0,2.0,1909.0,18.0,5.0,1936.0
99,341.0,341,,Cintia,8/10/2018,POINT(-46.646405504604864 -23.549014426907895),19.0,5.0,1936.0,,,
99,75.0,75,"Livro de Emplacamento. n,21 p,129",Cintia,8/10/2018,POINT(-46.646405504604864 -23.549014426907895),17.0,5.0,1936.0,18.0,5.0,1936.0
99,489.0,489,,Cintia,8/10/2018,POINT(-46.64598754892266 -23.54774680457668),19.0,5.0,1936.0,,,
99,79.0,79,"Livro de Emplacamento. n,20 p,130",Cintia,8/10/2018,POINT(-46.64598754892266 -23.54774680457668),17.0,5.0,1936.0,18.0,5.0,1936.0
99,122.0,122,,Cintia,8/10/2018,POINT(-46.6458265265414 -23.550884738236878),19.0,5.0,1936.0,,,
99,4.0,4,"Livro de Emplacamento. n,20 p,130",Cintia,8/10/2018,POINT(-46.6458265265414 -23.550884738236878),17.0,5.0,1936.0,18.0,5.0,1936.0
99,352.0,352,,Cintia,8/10/2018,POINT(-46.6463754684677 -23.54892332998104),19.0,5.0,1936.0,,,
99,8.0,8,"Livro de Emplacamento. n,20 p,130",Cintia,8/10/2018,POINT(-46.6463754684677 -23.54892332998104),17.0,5.0,1936.0,18.0,5.0,1936.0
99,510.0,510,,Cintia,8/10/2018,POINT(-46.64592832672769 -23.547567188937883),19.0,5.0,1936.0,,,
99,32.0,32,"Livro de Emplacamento. n,20 p,130",Cintia,8/10/2018,POINT(-46.64592832672769 -23.547567188937883),17.0,5.0,1936.0,18.0,5.0,1936.0
2016,8.0,8,,Cintia,8/10/2018,POINT(-46.6423425789908 -23.56045481099329),30.0,3.0,1938.0,,,
2016,4.0,4,"Livro de Emplacamento. n,24 p,230",Cintia,8/10/2018,POINT(-46.6423425789908 -23.56045481099329),28.0,3.0,1938.0,29.0,3.0,1938.0
2016,44.0,44,,Cintia,8/10/2018,POINT(-46.642015413875775 -23.560543552125313),30.0,3.0,1938.0,,,
2016,16.0,16,"Livro de Emplacamento. n,24 p,230",Cintia,8/10/2018,POINT(-46.642015413875775 -23.560543552125313),28.0,3.0,1938.0,29.0,3.0,1938.0
2016,98.0,98,,Cintia,8/10/2018,POINT(-46.641496462314 -23.560684313920937),30.0,3.0,1938.0,,,
2016,22.0,22,"Livro de Emplacamento. n,24 p,230",Cintia,8/10/2018,POINT(-46.641496462314 -23.560684313920937),28.0,3.0,1938.0,29.0,3.0,1938.0
2016,158.0,158,,Cintia,8/10/2018,POINT(-46.64093357502344 -23.560813964541243),30.0,3.0,1938.0,,,
2016,24.0,24e,"Livro de Emplacamento. n,24 p,230",Cintia,8/10/2018,POINT(-46.64093357502344 -23.560813964541243),28.0,3.0,1938.0,29.0,3.0,1938.0
2016,230.0,230,,Cintia,8/10/2018,POINT(-46.64025654604346 -23.56096890987676),30.0,3.0,1938.0,,,
2016,34.0,34,"Livro de Emplacamento. n,24 p,230",Cintia,8/10/2018,POINT(-46.64025654604346 -23.56096890987676),28.0,3.0,1938.0,29.0,3.0,1938.0
2016,21.0,21,,Cintia,8/10/2018,POINT(-46.642217541748565 -23.56048872642593),30.0,3.0,1938.0,,,
2016,3.0,3,"Livro de Emplacamento. n,24 p,230",Cintia,8/10/2018,POINT(-46.642217541748565 -23.56048872642593),28.0,3.0,1938.0,29.0,3.0,1938.0
2016,47.0,47,,Cintia,8/10/2018,POINT(-46.641974048171576 -23.560554772268443),30.0,3.0,1938.0,,,
2016,15.0,15,"Livro de Emplacamento. n,24 p,230",Cintia,8/10/2018,POINT(-46.641974048171576 -23.560554772268443),28.0,3.0,1938.0,29.0,3.0,1938.0
2016,71.0,71,,Cintia,8/10/2018,POINT(-46.64176157887273 -23.560612403003606),30.0,3.0,1938.0,,,
2016,23.0,23,"Livro de Emplacamento. n,24 p,230",Cintia,8/10/2018,POINT(-46.64176157887273 -23.560612403003606),28.0,3.0,1938.0,29.0,3.0,1938.0
2016,85.0,85,,Cintia,8/10/2018,POINT(-46.64162337981552 -23.56064988848179),30.0,3.0,1938.0,,,
2016,27.0,27,"Livro de Emplacamento. n,24 p,230",Cintia,8/10/2018,POINT(-46.64162337981552 -23.56064988848179),28.0,3.0,1938.0,29.0,3.0,1938.0
2016,189.0,189,,Cintia,8/10/2018,POINT(-46.6406382650476 -23.56088154939306),30.0,3.0,1938.0,,,
2016,37.0,37,"Livro de Emplacamento. n,24 p,230",Cintia,8/10/2018,POINT(-46.6406382650476 -23.56088154939306),28.0,3.0,1938.0,29.0,3.0,1938.0
394,27.0,27,,Cintia,8/10/2018,POINT(-46.65112124721811 -23.552976354958144),16.0,5.0,1940.0,,,
394,3.0,3,"Livro de Emplacamento. n,7 p,120",Cintia,8/10/2018,POINT(-46.65112124721811 -23.552976354958144),17.0,8.0,1911.0,15.0,5.0,1940.0
394,229.0,229,"Livro de Emplacamento. n,27 p,95",Cintia,8/10/2018,POINT(-46.6500901782179 -23.554525369080128),16.0,5.0,1940.0,,,
394,45.0,45,"Livro de Emplacamento. n,15 p,135",Cintia,8/10/2018,POINT(-46.6500901782179 -23.554525369080128),26.0,6.0,1929.0,15.0,5.0,1940.0
394,37.0,37,"Livro de Emplacamento. n,7 p,120",Cintia,8/10/2018,POINT(-46.6500901782179 -23.554525369080128),16.0,8.0,1911.0,25.0,6.0,1929.0
394,325.0,325,"Livro de Emplacamento. n,27 p,95",Cintia,8/10/2018,POINT(-46.64961412105169 -23.554932597261164),16.0,5.0,1940.0,,,
394,77.0,77,"Livro de Emplacamento. n,15 p,135",Cintia,8/10/2018,POINT(-46.64961412105169 -23.554932597261164),26.0,6.0,1929.0,15.0,5.0,1940.0
394,67.0,67,"Livro de Emplacamento. n,7 p,120",Cintia,8/10/2018,POINT(-46.64961412105169 -23.554932597261164),16.0,8.0,1911.0,25.0,6.0,1929.0
394,463.0,463,"Livro de Emplacamento. n,27 p,95",Cintia,8/10/2018,POINT(-46.64827981778046 -23.555030161487426),16.0,5.0,1940.0,,,
394,121.0,121,"Livro de Emplacamento. n,15 p,135",Cintia,8/10/2018,POINT(-46.64827981778046 -23.555030161487426),26.0,6.0,1929.0,15.0,5.0,1940.0
394,105.0,105,"Livro de Emplacamento. n,15 p,135",Cintia,8/10/2018,POINT(-46.64827981778046 -23.555030161487426),24.0,6.0,1929.0,25.0,6.0,1929.0
394,54.0,54,"Livro de Emplacamento. n,27 p,94",Cintia,8/10/2018,POINT(-46.650954377046965 -23.55317604432129),16.0,5.0,1940.0,,,
394,6.0,6,"Livro de Emplacamento. n,15 p,135",Cintia,8/10/2018,POINT(-46.650954377046965 -23.55317604432129),26.0,6.0,1929.0,15.0,5.0,1940.0
394,4.0,4,"Livro de Emplacamento. n,7 p,120",Cintia,8/10/2018,POINT(-46.650954377046965 -23.55317604432129),16.0,8.0,1911.0,25.0,6.0,1929.0
394,322.0,322,"Livro de Emplacamento. n,27 p,94",Cintia,8/10/2018,POINT(-46.649647603648965 -23.554941935550666),16.0,5.0,1940.0,,,
394,42.0,42,"Livro de Emplacamento. n,15 p,135",Cintia,8/10/2018,POINT(-46.649647603648965 -23.554941935550666),26.0,6.0,1929.0,15.0,5.0,1940.0
394,46.0,46,"Livro de Emplacamento. n,7 p,120",Cintia,8/10/2018,POINT(-46.649647603648965 -23.554941935550666),16.0,8.0,1911.0,25.0,6.0,1929.0
394,444.0,444,"Livro de Emplacamento. n,27 p,94",Cintia,8/10/2018,POINT(-46.648569424008144 -23.554884683711535),16.0,5.0,1940.0,,,
394,78.0,78,"Livro de Emplacamento. n,7 p,120",Cintia,8/10/2018,POINT(-46.648569424008144 -23.554884683711535),16.0,8.0,1911.0,15.0,5.0,1940.0
394,492.0,492,"Livro de Emplacamento. n,27 p,94",Cintia,8/10/2018,POINT(-46.64816184698904 -23.555088316238564),16.0,5.0,1940.0,,,
394,94.0,94,"Livro de Emplacamento. n,7 p,120",Cintia,8/10/2018,POINT(-46.64816184698904 -23.555088316238564),16.0,8.0,1911.0,15.0,5.0,1940.0
2017,21.0,21,"Livro de Emplacamento. n,19 p,348",Cintia,8/10/2018,POINT(-46.644871193719496 -23.561642421997334),21.0,8.0,1935.0,,,
2017,1.0,1,"Livro de Emplacamento. n,7 p,112",Cintia,8/10/2018,POINT(-46.644871193719496 -23.561642421997334),20.0,4.0,1909.0,20.0,8.0,1935.0
2017,249.0,249,"Livro de Emplacamento. n,19 p,348",Cintia,8/10/2018,POINT(-46.642706718414196 -23.562168820369124),21.0,8.0,1935.0,,,
2017,31.0,31,,Cintia,8/10/2018,POINT(-46.642706718414196 -23.562168820369124),16.0,8.0,1927.0,20.0,8.0,1935.0
2017,25.0,25,"Livro de Emplacamento. n,7 p,112",Cintia,8/10/2018,POINT(-46.642706718414196 -23.562168820369124),20.0,4.0,1909.0,15.0,8.0,1927.0
2017,471.0,471,"Livro de Emplacamento. n,19 p,348",Cintia,8/10/2018,POINT(-46.640598678963805 -23.562667173439454),21.0,8.0,1935.0,,,
2017,71.0,71,"Livro de Emplacamento. n,11 p,188",Cintia,8/10/2018,POINT(-46.640598678963805 -23.562667173439454),16.0,8.0,1927.0,20.0,8.0,1935.0
2017,65.0,65,,Cintia,8/10/2018,POINT(-46.640598678963805 -23.562667173439454),22.0,6.0,1911.0,15.0,8.0,1927.0
2017,61.0,61,"Livro de Emplacamento. n,7 p,123",Cintia,8/10/2018,POINT(-46.640598678963805 -23.562667173439454),20.0,6.0,1911.0,21.0,6.0,1911.0
2017,539.0,539,"Livro de Emplacamento. n,19 p,348",Cintia,8/10/2018,POINT(-46.63995127240234 -23.5628172194455),21.0,8.0,1935.0,,,
2017,85.0,85,"Livro de Emplacamento. n,11 p,188",Cintia,8/10/2018,POINT(-46.63995127240234 -23.5628172194455),16.0,8.0,1927.0,20.0,8.0,1935.0
2017,77.0,77,"Livro de Emplacamento. n,7 p,123",Cintia,8/10/2018,POINT(-46.63995127240234 -23.5628172194455),22.0,6.0,1911.0,15.0,8.0,1927.0
2017,69.0,69,"Livro de Emplacamento. n,7 p,112",Cintia,8/10/2018,POINT(-46.63995127240234 -23.5628172194455),20.0,4.0,1909.0,21.0,6.0,1911.0
2017,22.0,22,"Livro de Emplacamento. n,19 p,349",Cintia,8/10/2018,POINT(-46.64486645952679 -23.561643573371448),21.0,9.0,1935.0,,,
2017,2.0,2,"Livro de Emplacamento. n,7 p,112",Cintia,8/10/2018,POINT(-46.64486645952679 -23.561643573371448),20.0,4.0,1909.0,20.0,8.0,1935.0
2017,180.0,180,"Livro de Emplacamento. n,19 p,349",Cintia,8/10/2018,POINT(-46.643368560082074 -23.56200786455049),21.0,8.0,1935.0,,,
2017,26.0,26,"Livro de Emplacamento. n,11 p,188",Cintia,8/10/2018,POINT(-46.643368560082074 -23.56200786455049),16.0,8.0,1927.0,20.0,8.0,1935.0
2017,18.0,18,"Livro de Emplacamento. n,7 p,119",Cintia,8/10/2018,POINT(-46.643368560082074 -23.56200786455049),21.0,6.0,1911.0,15.0,8.0,1927.0
2017,370.0,370,"Livro de Emplacamento. n,19 p,349",Cintia,8/10/2018,POINT(-46.641564093147096 -23.562443424483227),21.0,8.0,1935.0,,,
2017,58.0,58,,Cintia,8/10/2018,POINT(-46.641564093147096 -23.562443424483227),15.0,8.0,1927.0,20.0,8.0,1935.0
2017,48.0,48a,"Livro de Emplacamento. n,11 p,188",Cintia,8/10/2018,POINT(-46.641564093147096 -23.562443424483227),14.0,8.0,1927.0,15.0,8.0,1927.0
2017,480.0,480,"Livro de Emplacamento. n,19 p,349",Cintia,8/10/2018,POINT(-46.64051134552736 -23.562687414249655),21.0,8.0,1935.0,,,
2017,82.0,82,,Cintia,8/10/2018,POINT(-46.64051134552736 -23.562687414249655),16.0,8.0,1927.0,20.0,8.0,1935.0
2017,66.0,66,"Livro de Emplacamento. n,7 p,119",Cintia,8/10/2018,POINT(-46.64051134552736 -23.562687414249655),21.0,6.0,1911.0,15.0,8.0,1927.0
2017,624.0,624,"Livro de Emplacamento. n,19 p,349",Cintia,8/10/2018,POINT(-46.63915577870952 -23.56300158682536),21.0,8.0,1935.0,,,
2017,94.0,94,,Cintia,8/10/2018,POINT(-46.63915577870952 -23.56300158682536),16.0,8.0,1927.0,20.0,8.0,1935.0
2017,82.0,82,"Livro de Emplacamento. n,11 p,188",Cintia,8/10/2018,POINT(-46.63915577870952 -23.56300158682536),14.0,6.0,1927.0,15.0,6.0,1927.0
504,284.0,284,"Livro de Emplacamento. n,24 p,23",Cintia,8/10/2018,POINT(-46.65125728744556 -23.555653288156346),1.0,8.0,1937.0,,,
504,1.0,1,"Livro de Emplacamento. n,17 p,10",Cintia,8/10/2018,POINT(-46.65125728744556 -23.555653288156346),,,,31.0,7.0,1937.0
504,180.0,180,"Livro de Emplacamento. n,24 p,23",Cintia,8/10/2018,POINT(-46.65164716376575 -23.55476467355786),1.0,8.0,1937.0,,,
504,33.0,33,,Cintia,8/10/2018,POINT(-46.65164716376575 -23.55476467355786),27.0,6.0,1930.0,31.0,7.0,1937.0
504,31.0,31,"Livro de Emplacamento. n,17 p,10",Cintia,8/10/2018,POINT(-46.65164716376575 -23.55476467355786),25.0,6.0,1930.0,26.0,6.0,1930.0
504,114.0,114,"Livro de Emplacamento. n,24 p,23",Cintia,8/10/2018,POINT(-46.651883352884816 -23.55422634617469),1.0,8.0,1937.0,,,
504,51.0,51,,Cintia,8/10/2018,POINT(-46.651883352884816 -23.55422634617469),27.0,6.0,1930.0,31.0,7.0,1937.0
504,43.0,43,"Livro de Emplacamento. n,17 p,10",Cintia,8/10/2018,POINT(-46.651883352884816 -23.55422634617469),25.0,6.0,1930.0,26.0,6.0,1930.0
504,86.0,86,"Livro de Emplacamento. n,24 p,23",Cintia,8/10/2018,POINT(-46.65198447249221 -23.55399587216366),1.0,8.0,1937.0,,,
504,57.0,57,,Cintia,8/10/2018,POINT(-46.65198447249221 -23.55399587216366),27.0,6.0,1930.0,31.0,7.0,1937.0
504,49.0,49,"Livro de Emplacamento. n,17 p,10",Cintia,8/10/2018,POINT(-46.65198447249221 -23.55399587216366),25.0,6.0,1930.0,26.0,6.0,1930.0
504,281.0,281,"Livro de Emplacamento. n,24 p,22",Cintia,8/10/2018,POINT(-46.65127371481861 -23.555615846530007),1.0,8.0,1937.0,,,
504,2.0,2,"Livro de Emplacamento. n,17 p,10",Cintia,8/10/2018,POINT(-46.65127371481861 -23.555615846530007),26.0,6.0,1930.0,31.0,7.0,1937.0
504,201.0,201,"Livro de Emplacamento. n,24 p,22",Cintia,8/10/2018,POINT(-46.65157013763882 -23.55494023318359),1.0,8.0,1937.0,,,
504,24.0,24,,Cintia,8/10/2018,POINT(-46.65157013763882 -23.55494023318359),27.0,6.0,1930.0,31.0,7.0,1937.0
504,28.0,28,"Livro de Emplacamento. n,17 p,10",Cintia,8/10/2018,POINT(-46.65157013763882 -23.55494023318359),25.0,6.0,1930.0,26.0,6.0,1930.0
504,79.0,79,"Livro de Emplacamento. n,24 p,22",Cintia,8/10/2018,POINT(-46.652009296078134 -23.55393929370608),1.0,8.0,1937.0,,,
504,44.0,44,,Cintia,8/10/2018,POINT(-46.652009296078134 -23.55393929370608),27.0,6.0,1930.0,31.0,7.0,1937.0
504,44.0,44a,"Livro de Emplacamento. n,17 p,10",Cintia,8/10/2018,POINT(-46.652009296078134 -23.55393929370608),25.0,6.0,1930.0,26.0,6.0,1930.0
504,33.0,33,"Livro de Emplacamento. n,24 p,22",Cintia,8/10/2018,POINT(-46.65218014075777 -23.553549900792135),1.0,8.0,1937.0,,,
504,56.0,56,,Cintia,8/10/2018,POINT(-46.65218014075777 -23.553549900792135),27.0,6.0,1930.0,31.0,7.0,1937.0
504,58.0,58,"Livro de Emplacamento. n,17 p,10",Cintia,8/10/2018,POINT(-46.65218014075777 -23.553549900792135),25.0,6.0,1930.0,26.0,6.0,1930.0
491,16.0,16,"Livro de Emplacamento. n,20 p,391",Cintia,8/10/2018,POINT(-46.644544010106195 -23.554529152561052),3.0,3.0,1936.0,,,
491,2.0,2,"Livro de Emplacamento. n,8 p,25",Cintia,8/10/2018,POINT(-46.644544010106195 -23.554529152561052),18.0,3.0,1909.0,2.0,3.0,1936.0
491,78.0,78,"Livro de Emplacamento. n,20 p,391",Cintia,8/10/2018,POINT(-46.643949454044176 -23.554485289597718),3.0,3.0,1936.0,,,
491,22.0,22,,Cintia,8/10/2018,POINT(-46.643949454044176 -23.554485289597718),19.0,3.0,1909.0,2.0,3.0,1936.0
491,16.0,16,"Livro de Emplacamento. n,8 p,25",Cintia,8/10/2018,POINT(-46.643949454044176 -23.554485289597718),17.0,3.0,1909.0,18.0,3.0,1909.0
491,134.0,134,"Livro de Emplacamento. n,20 p,391",Cintia,8/10/2018,POINT(-46.64339785441357 -23.554444595715477),3.0,3.0,1936.0,,,
491,38.0,38,,Cintia,8/10/2018,POINT(-46.64339785441357 -23.554444595715477),19.0,3.0,1909.0,2.0,3.0,1936.0
491,32.0,32a,"Livro de Emplacamento. n,8 p,25",Cintia,8/10/2018,POINT(-46.64339785441357 -23.554444595715477),17.0,3.0,1909.0,18.0,3.0,1909.0
491,31.0,31,"Livro de Emplacamento. n,20 p,391",Cintia,8/10/2018,POINT(-46.644391710031194 -23.55451791672808),3.0,3.0,1936.0,,,
491,1.0,1,"Livro de Emplacamento. n,8 p,25",Cintia,8/10/2018,POINT(-46.644391710031194 -23.55451791672808),18.0,3.0,1909.0,2.0,3.0,1936.0
491,91.0,91,"Livro de Emplacamento. n,20 p,391",Cintia,8/10/2018,POINT(-46.64382253731501 -23.554475926403573),3.0,3.0,1936.0,,,
491,15.0,15,,Cintia,8/10/2018,POINT(-46.64382253731501 -23.554475926403573),25.0,7.0,1911.0,2.0,3.0,1936.0
491,9.0,9,"Livro de Emplacamento. n,8 p,24",Cintia,8/10/2018,POINT(-46.64382253731501 -23.554475926403573),23.0,7.0,1911.0,24.0,7.0,1911.0
491,137.0,137,"Livro de Emplacamento. n,20 p,391",Cintia,8/10/2018,POINT(-46.643361731959885 -23.554441930806373),3.0,3.0,1936.0,,,
491,29.0,29,"Livro de Emplacamento. n,8 p,24",Cintia,8/10/2018,POINT(-46.643361731959885 -23.554441930806373),25.0,7.0,1911.0,2.0,3.0,1936.0
491,35.0,35,"Livro de Emplacamento. n,8 p,24",Cintia,8/10/2018,POINT(-46.643361731959885 -23.554441930806373),18.0,3.0,1909.0,24.0,7.0,1911.0
491,7.0,7,"Livro de Emplacamento. n,8 p,25",Cintia,8/10/2018,POINT(-46.643361731959885 -23.554441930806373),17.0,3.0,1909.0,18.0,3.0,1909.0
489,42.0,42,"Livro de Emplacamento. n,20 p,354",Cintia,8/10/2018,,18.0,2.0,1936.0,,,
489,2.0,2,"Livro de Emplacamento. n,17 p,77",Cintia,8/10/2018,,2.0,8.0,1930.0,17.0,2.0,1936.0
489,6.0,6,"Livro de Emplacamento. n,8 p,28",Cintia,8/10/2018,,24.0,7.0,1908.0,1.0,8.0,1930.0
489,168.0,168,"Livro de Emplacamento. n,20 p,354",Cintia,8/10/2018,,18.0,2.0,1936.0,,,
489,38.0,38,"Livro de Emplacamento. n,17 p,77",Cintia,8/10/2018,,2.0,8.0,1930.0,17.0,2.0,1936.0
489,42.0,42,,Cintia,8/10/2018,,25.0,7.0,1908.0,1.0,8.0,1930.0
489,28.0,28,"Livro de Emplacamento. n,8 p,28",Cintia,8/10/2018,,23.0,7.0,1908.0,24.0,7.0,1908.0
489,294.0,294,"Livro de Emplacamento. n,20 p,354",Cintia,8/10/2018,,18.0,2.0,1936.0,,,
489,68.0,68,"Livro de Emplacamento. n,17 p,77",Cintia,8/10/2018,,2.0,8.0,1930.0,17.0,2.0,1936.0
489,72.0,72,,Cintia,8/10/2018,,25.0,7.0,1908.0,1.0,8.0,1930.0
489,54.0,54,"Livro de Emplacamento. n,8 p,28",Cintia,8/10/2018,,23.0,7.0,1908.0,24.0,7.0,1908.0
489,518.0,518,"Livro de Emplacamento. n,20 p,355",Cintia,8/10/2018,,18.0,2.0,1936.0,,,
489,128.0,128,"Livro de Emplacamento. n,17 p,77",Cintia,8/10/2018,,2.0,8.0,1930.0,17.0,2.0,1936.0
489,132.0,132,"Livro de Emplacamento. n,8 p,41",Cintia,8/10/2018,,24.0,8.0,1911.0,1.0,8.0,1930.0
489,130.0,130,,Cintia,8/10/2018,,25.0,7.0,1908.0,23.0,8.0,1911.0
489,106.0,106,"Livro de Emplacamento. n,8 p,28",Cintia,8/10/2018,,23.0,7.0,1908.0,24.0,7.0,1908.0
489,698.0,698,"Livro de Emplacamento. n,20 p,355",Cintia,8/10/2018,,18.0,2.0,1936.0,,,
489,178.0,178,"Livro de Emplacamento. n,8 p,41",Cintia,8/10/2018,,24.0,8.0,1911.0,17.0,2.0,1936.0
489,172.0,172,,Cintia,8/10/2018,,25.0,7.0,1908.0,23.0,8.0,1911.0
489,122.0,122,"Livro de Emplacamento. n,8 p,28",Cintia,8/10/2018,,23.0,7.0,1908.0,24.0,7.0,1908.0
489,37.0,37,"Livro de Emplacamento. n,20 p,352",Cintia,8/10/2018,,3.0,3.0,1936.0,,,
489,3.0,3,"Livro de Emplacamento. n,8 p,29",Cintia,8/10/2018,,25.0,7.0,1908.0,2.0,3.0,1936.0
489,171.0,171,"Livro de Emplacamento. n,20 p,352",Cintia,8/10/2018,,18.0,2.0,1936.0,,,
489,41.0,41,"Livro de Emplacamento. n,17 p,78",Cintia,8/10/2018,,2.0,8.0,1930.0,17.0,2.0,1936.0
489,39.0,39,,Cintia,8/10/2018,,25.0,7.0,1908.0,1.0,8.0,1930.0
489,29.0,29,"Livro de Emplacamento. n,8 p,29",Cintia,8/10/2018,,23.0,7.0,1908.0,24.0,7.0,1908.0
489,453.0,453,"Livro de Emplacamento. n,20 p,352",Cintia,8/10/2018,,18.0,2.0,1936.0,,,
489,111.0,111,"Livro de Emplacamento. n,17 p,78",Cintia,8/10/2018,,2.0,8.0,1930.0,17.0,2.0,1936.0
489,109.0,109,"Livro de Emplacamento. n,8 p,45",Cintia,8/10/2018,,24.0,8.0,1911.0,1.0,8.0,1930.0
489,99.0,99,,Cintia,8/10/2018,,25.0,7.0,1908.0,23.0,8.0,1911.0
489,75.0,75,"Livro de Emplacamento. n,8 p,29",Cintia,8/10/2018,,23.0,7.0,1908.0,24.0,7.0,1908.0
489,613.0,613,"Livro de Emplacamento. n,20 p,353",Cintia,8/10/2018,,18.0,2.0,1936.0,,,
489,145.0,145,"Livro de Emplacamento. n,17 p,78",Cintia,8/10/2018,,2.0,8.0,1930.0,17.0,2.0,1936.0
489,143.0,143,"Livro de Emplacamento. n,8 p,45",Cintia,8/10/2018,,24.0,8.0,1911.0,1.0,8.0,1930.0
489,133.0,133,,Cintia,8/10/2018,,25.0,7.0,1908.0,23.0,8.0,1911.0
489,103.0,103,"Livro de Emplacamento. n,8 p,29",Cintia,8/10/2018,,23.0,7.0,1908.0,24.0,7.0,1908.0
489,717.0,717,"Livro de Emplacamento. n,20 p,353",Cintia,8/10/2018,,18.0,2.0,1936.0,,,
489,161.0,161,,Cintia,8/10/2018,,2.0,8.0,1930.0,17.0,2.0,1936.0
489,159.0,159,"Livro de Emplacamento. n,17 p,78",Cintia,8/10/2018,,31.0,7.0,1930.0,1.0,8.0,1930.0
110,16.0,16,"Livro de Emplacamento. n,20 p,328",Cintia,8/10/2018,POINT(-46.64669415291636 -23.553003844371403),23.0,1.0,1936.0,,,
110,2.0,2,"Livro de Emplacamento. n,8 p,89",Cintia,8/10/2018,POINT(-46.64669415291636 -23.553003844371403),16.0,6.0,1908.0,22.0,1.0,1936.0
110,182.0,182,"Livro de Emplacamento. n,20 p,328",Cintia,8/10/2018,POINT(-46.645076637769016 -23.55286124376783),23.0,1.0,1936.0,,,
110,44.0,44,,Cintia,8/10/2018,POINT(-46.645076637769016 -23.55286124376783),17.0,6.0,1908.0,22.0,1.0,1936.0
110,34.0,34,"Livro de Emplacamento. n,8 p,89",Cintia,8/10/2018,POINT(-46.645076637769016 -23.55286124376783),15.0,6.0,1908.0,16.0,6.0,1908.0
110,318.0,318,"Livro de Emplacamento. n,20 p,328",Cintia,8/10/2018,POINT(-46.64374959781492 -23.552742146352024),23.0,1.0,1936.0,,,
110,76.0,76,,Cintia,8/10/2018,POINT(-46.64374959781492 -23.552742146352024),17.0,6.0,1908.0,22.0,1.0,1936.0
110,52.0,52,"Livro de Emplacamento. n,8 p,89",Cintia,8/10/2018,POINT(-46.64374959781492 -23.552742146352024),15.0,6.0,1908.0,16.0,6.0,1908.0
110,426.0,426,"Livro de Emplacamento. n,20 p,328",Cintia,8/10/2018,POINT(-46.64269721459778 -23.5526488568189),23.0,1.0,1936.0,,,
110,114.0,114,"Livro de Emplacamento. n,8 p,185",Cintia,8/10/2018,POINT(-46.64269721459778 -23.5526488568189),16.0,3.0,1912.0,22.0,1.0,1936.0
110,110.0,110,,Cintia,8/10/2018,POINT(-46.64269721459778 -23.5526488568189),17.0,6.0,1908.0,15.0,3.0,1912.0
110,84.0,84,"Livro de Emplacamento. n,8 p,89",Cintia,8/10/2018,POINT(-46.64269721459778 -23.5526488568189),15.0,6.0,1908.0,16.0,6.0,1908.0
110,9.0,9,"Livro de Emplacamento. n,20 p,329",Cintia,8/10/2018,POINT(-46.64675652147912 -23.552982625300405),23.0,1.0,1936.0,,,
110,1.0,1,"Livro de Emplacamento. n,8 p,89",Cintia,8/10/2018,POINT(-46.64675652147912 -23.552982625300405),17.0,6.0,1908.0,22.0,1.0,1936.0
110,199.0,199,"Livro de Emplacamento. n,20 p,329",Cintia,8/10/2018,POINT(-46.644907177911264 -23.552845222801395),23.0,1.0,1936.0,,,
110,33.0,33,,Cintia,8/10/2018,POINT(-46.644907177911264 -23.552845222801395),17.0,6.0,1908.0,22.0,1.0,1936.0
110,21.0,21a,"Livro de Emplacamento. n,8 p,89",Cintia,8/10/2018,POINT(-46.644907177911264 -23.552845222801395),15.0,6.0,1908.0,16.0,6.0,1908.0
110,351.0,351,"Livro de Emplacamento. n,20 p,329",Cintia,8/10/2018,POINT(-46.64343777893701 -23.552714523378665),23.0,1.0,1936.0,,,
110,55.0,55,,Cintia,8/10/2018,POINT(-46.64343777893701 -23.552714523378665),17.0,6.0,1908.0,22.0,1.0,1936.0
110,43.0,43,"Livro de Emplacamento. n,8 p,89",Cintia,8/10/2018,POINT(-46.64343777893701 -23.552714523378665),15.0,6.0,1908.0,16.0,6.0,1908.0
110,467.0,467,"Livro de Emplacamento. n,20 p,329",Cintia,8/10/2018,POINT(-46.6423015984375 -23.552613764584233),23.0,1.0,1936.0,,,
110,79.0,79,"Livro de Emplacamento. n,8 p,185",Cintia,8/10/2018,POINT(-46.6423015984375 -23.552613764584233),16.0,3.0,1912.0,22.0,1.0,1936.0
110,75.0,75,,Cintia,8/10/2018,POINT(-46.6423015984375 -23.552613764584233),17.0,6.0,1908.0,15.0,3.0,1912.0
110,53.0,53,"Livro de Emplacamento. n,8 p,89",Cintia,8/10/2018,POINT(-46.6423015984375 -23.552613764584233),15.0,6.0,1908.0,16.0,6.0,1908.0
113,36.0,36,"Livro de Emplacamento. n,24 p,49",Cintia,8/10/2018,POINT(-46.65472757568186 -23.554917290612238),26.0,10.0,1937.0,,,
113,4.0,4,"Livro de Emplacamento. n,9 p,38",Cintia,8/10/2018,POINT(-46.65472757568186 -23.554917290612238),3.0,6.0,1922.0,25.0,10.0,1937.0
113,86.0,86,"Livro de Emplacamento. n,24 p,49",Cintia,8/10/2018,POINT(-46.654497448915926 -23.555323156121677),26.0,10.0,1937.0,,,
113,10.0,10,"Livro de Emplacamento. n,9 p,38",Cintia,8/10/2018,POINT(-46.654497448915926 -23.555323156121677),1.0,6.0,1922.0,25.0,10.0,1937.0
113,110.0,110,"Livro de Emplacamento. n,24 p,49",Cintia,8/10/2018,POINT(-46.654389153967244 -23.55551415165553),26.0,10.0,1937.0,,,
113,16.0,16,,Cintia,8/10/2018,POINT(-46.654389153967244 -23.55551415165553),3.0,6.0,1922.0,25.0,10.0,1937.0
113,14.0,14,"Livro de Emplacamento. n,9 p,38",Cintia,8/10/2018,POINT(-46.654389153967244 -23.55551415165553),1.0,6.0,1922.0,2.0,6.0,1922.0
113,45.0,45,"Livro de Emplacamento. n,24 p,49",Cintia,8/10/2018,POINT(-46.65468335524449 -23.55499528045523),26.0,10.0,1937.0,,,
113,85.0,85,"Livro de Emplacamento. n,24 p,49",Cintia,8/10/2018,POINT(-46.6545015099765 -23.555315993789158),26.0,10.0,1937.0,,,
113,11.0,11,"Livro de Emplacamento. n,9 p,38",Cintia,8/10/2018,POINT(-46.6545015099765 -23.555315993789158),1.0,6.0,1922.0,25.0,10.0,1937.0
113,121.0,121,"Livro de Emplacamento. n,24 p,49",Cintia,8/10/2018,POINT(-46.65434628721673 -23.555589754054346),26.0,10.0,1937.0,,,
113,19.0,19,"Livro de Emplacamento. n,9 p,38",Cintia,8/10/2018,POINT(-46.65434628721673 -23.555589754054346),1.0,6.0,1922.0,25.0,10.0,1937.0
402,39.0,39,"Livro de Emplacamento. n,26 p,350",Cintia,8/10/2018,POINT(-46.648960441260975 -23.556551268424144),10.0,11.0,1939.0,,,
402,5.0,5,,Cintia,8/10/2018,POINT(-46.648960441260975 -23.556551268424144),2.0,6.0,1908.0,9.0,11.0,1939.0
402,3.0,3,"Livro de Emplacamento. n,8 p,112",Cintia,8/10/2018,POINT(-46.648960441260975 -23.556551268424144),31.0,5.0,1908.0,1.0,6.0,1908.0
402,63.0,63,"Livro de Emplacamento. n,26 p,350",Cintia,8/10/2018,POINT(-46.6487177603241 -23.556528111187927),10.0,11.0,1939.0,,,
402,13.0,13,,Cintia,8/10/2018,POINT(-46.6487177603241 -23.556528111187927),2.0,6.0,1908.0,9.0,11.0,1939.0
402,11.0,11,"Livro de Emplacamento. n,8 p,112",Cintia,8/10/2018,POINT(-46.6487177603241 -23.556528111187927),31.0,5.0,1908.0,1.0,6.0,1908.0
402,185.0,185,"Livro de Emplacamento. n,26 p,350",Cintia,8/10/2018,POINT(-46.64754096118075 -23.55646228973141),10.0,11.0,1939.0,,,
402,33.0,33,,Cintia,8/10/2018,POINT(-46.64754096118075 -23.55646228973141),15.0,8.0,1928.0,9.0,11.0,1939.0
402,43.0,43,"Livro de Emplacamento. n,14 p,70",Cintia,8/10/2018,POINT(-46.64754096118075 -23.55646228973141),13.0,8.0,1928.0,14.0,8.0,1928.0
402,267.0,267,"Livro de Emplacamento. n,26 p,350",Cintia,8/10/2018,POINT(-46.64672947585275 -23.556475408686946),10.0,11.0,1939.0,,,
402,55.0,55,,Cintia,8/10/2018,POINT(-46.64672947585275 -23.556475408686946),15.0,8.0,1928.0,9.0,11.0,1939.0
402,67.0,67,"Livro de Emplacamento. n,14 p,70",Cintia,8/10/2018,POINT(-46.64672947585275 -23.556475408686946),13.0,8.0,1928.0,14.0,8.0,1928.0
402,42.0,42,"Livro de Emplacamento. n,26 p,351",Cintia,8/10/2018,POINT(-46.64892438023823 -23.556547827389046),10.0,11.0,1939.0,,,
402,2.0,2,"Livro de Emplacamento. n,14 p,70",Cintia,8/10/2018,POINT(-46.64892438023823 -23.556547827389046),13.0,8.0,1928.0,9.0,11.0,1939.0
402,174.0,174,"Livro de Emplacamento. n,26 p,351",Cintia,8/10/2018,POINT(-46.647649632458716 -23.55646312406012),10.0,11.0,1939.0,,,
402,10.0,10,,Cintia,8/10/2018,POINT(-46.647649632458716 -23.55646312406012),15.0,8.0,1928.0,9.0,11.0,1939.0
402,22.0,22,"Livro de Emplacamento. n,14 p,70",Cintia,8/10/2018,POINT(-46.647649632458716 -23.55646312406012),13.0,8.0,1928.0,14.0,8.0,1928.0
402,222.0,222,"Livro de Emplacamento. n,26 p,351",Cintia,8/10/2018,POINT(-46.64716897793348 -23.556466460172288),10.0,11.0,1939.0,,,
402,20.0,20,,Cintia,8/10/2018,POINT(-46.64716897793348 -23.556466460172288),15.0,8.0,1928.0,9.0,11.0,1939.0
402,36.0,36,"Livro de Emplacamento. n,14 p,70",Cintia,8/10/2018,POINT(-46.64716897793348 -23.556466460172288),13.0,8.0,1928.0,14.0,8.0,1928.0
402,270.0,270,"Livro de Emplacamento. n,26 p,351",Cintia,8/10/2018,POINT(-46.64668934314604 -23.556476225811892),10.0,11.0,1939.0,,,
402,34.0,34,,Cintia,8/10/2018,POINT(-46.64668934314604 -23.556476225811892),15.0,8.0,1928.0,9.0,11.0,1939.0
402,50.0,50,"Livro de Emplacamento. n,14 p,70",Cintia,8/10/2018,POINT(-46.64668934314604 -23.556476225811892),13.0,8.0,1928.0,14.0,8.0,1928.0
2018,700.0,700,"Livro de Emplacamento. n,21 p,356",Cintia,8/10/2018,POINT(-46.648933202760304 -23.565914143674725),5.0,12.0,1936.0,,,
2018,3.0,3,"Livro de Emplacamento. n,12 p,30",Cintia,8/10/2018,POINT(-46.648933202760304 -23.565914143674725),19.0,10.0,1927.0,4.0,12.0,1936.0
2018,640.0,640,"Livro de Emplacamento. n,21 p,356",Cintia,8/10/2018,POINT(-46.649361855726504 -23.565571215759444),5.0,12.0,1936.0,,,
2018,11.0,11,,Cintia,8/10/2018,POINT(-46.649361855726504 -23.565571215759444),19.0,10.0,1927.0,4.0,12.0,1936.0
2018,7.0,7,"Livro de Emplacamento. n,12 p,30",Cintia,8/10/2018,POINT(-46.649361855726504 -23.565571215759444),17.0,10.0,1927.0,18.0,10.0,1927.0
2018,424.0,424,"Livro de Emplacamento. n,21 p,356",Cintia,8/10/2018,POINT(-46.650941648351235 -23.56427297600052),5.0,12.0,1936.0,,,
2018,39.0,39,,Cintia,8/10/2018,POINT(-46.650941648351235 -23.56427297600052),19.0,10.0,1927.0,4.0,12.0,1936.0
2018,5.0,5,"Livro de Emplacamento. n,12 p,30",Cintia,8/10/2018,POINT(-46.650941648351235 -23.56427297600052),17.0,10.0,1927.0,18.0,10.0,1927.0
2018,286.0,286,"Livro de Emplacamento. n,21 p,356",Cintia,8/10/2018,POINT(-46.65193880419444 -23.563440778100137),5.0,12.0,1936.0,,,
2018,51.0,51,"Livro de Emplacamento. n,12 p,30",Cintia,8/10/2018,POINT(-46.65193880419444 -23.563440778100137),19.0,10.0,1927.0,4.0,12.0,1936.0
2018,26.0,26,,Cintia,8/10/2018,POINT(-46.653824096372816 -23.56186361675754),5.0,12.0,1936.0,,,
2018,71.0,71,"Livro de Emplacamento. n,21 p,356",Cintia,8/10/2018,POINT(-46.653824096372816 -23.56186361675754),3.0,12.0,1936.0,4.0,12.0,1936.0
2018,37.0,37,"Livro de Emplacamento. n,21 p,357",Cintia,8/10/2018,POINT(-46.65374455738987 -23.56193023666518),5.0,12.0,1936.0,,,
2018,46.0,46,"Livro de Emplacamento. n,12 p,30",Cintia,8/10/2018,POINT(-46.65374455738987 -23.56193023666518),17.0,10.0,1927.0,4.0,12.0,1936.0
2018,139.0,139,"Livro de Emplacamento. n,21 p,357",Cintia,8/10/2018,POINT(-46.65300538622336 -23.562548979130188),5.0,12.0,1936.0,,,
2018,32.0,32,"Livro de Emplacamento. n,12 p,30",Cintia,8/10/2018,POINT(-46.65300538622336 -23.562548979130188),17.0,10.0,1927.0,4.0,12.0,1936.0
2018,269.0,269,"Livro de Emplacamento. n,21 p,357",Cintia,8/10/2018,POINT(-46.65206833675596 -23.563332489974517),5.0,12.0,1936.0,,,
2018,16.0,16,"Livro de Emplacamento. n,12 p,30",Cintia,8/10/2018,POINT(-46.65206833675596 -23.563332489974517),17.0,10.0,1927.0,4.0,12.0,1936.0
2018,601.0,601,"Livro de Emplacamento. n,21 p,357",Cintia,8/10/2018,POINT(-46.64965204347338 -23.565339061809926),5.0,12.0,1936.0,,,
61,8.0,8,"Livro de Emplacamento. n,27 p,108",Cintia,8/10/2018,POINT(-46.63998940073695 -23.55640867645277),30.0,9.0,1940.0,,,
61,2.0,2,"Livro de Emplacamento. n,8 p,117",Cintia,8/10/2018,POINT(-46.63998940073695 -23.55640867645277),5.0,7.0,1908.0,29.0,9.0,1940.0
61,130.0,130,"Livro de Emplacamento. n,27 p,108",Cintia,8/10/2018,POINT(-46.64019997537415 -23.555318484042704),30.0,9.0,1940.0,,,
61,20.0,20,"Livro de Emplacamento. n,8 p,117",Cintia,8/10/2018,POINT(-46.64019997537415 -23.555318484042704),5.0,7.0,1908.0,29.0,9.0,1940.0
61,228.0,228,"Livro de Emplacamento. n,27 p,108",Cintia,8/10/2018,POINT(-46.64041558621305 -23.554427802576896),30.0,9.0,1940.0,,,
61,40.0,40,"Livro de Emplacamento. n,8 p,117",Cintia,8/10/2018,POINT(-46.64041558621305 -23.554427802576896),5.0,7.0,1908.0,29.0,9.0,1940.0
61,296.0,296,"Livro de Emplacamento. n,27 p,108",Cintia,8/10/2018,POINT(-46.64056413070339 -23.553855675053686),30.0,9.0,1940.0,,,
61,58.0,58,"Livro de Emplacamento. n,8 p,117",Cintia,8/10/2018,POINT(-46.64056413070339 -23.553855675053686),5.0,7.0,1908.0,29.0,9.0,1940.0
61,468.0,468,"Livro de Emplacamento. n,27 p,109",Cintia,8/10/2018,POINT(-46.64059845029897 -23.552314955152006),30.0,9.0,1940.0,,,
61,98.0,98,"Livro de Emplacamento. n,8 p,117",Cintia,8/10/2018,POINT(-46.64059845029897 -23.552314955152006),5.0,7.0,1908.0,29.0,9.0,1940.0
61,608.0,608,"Livro de Emplacamento. n,27 p,109",Cintia,8/10/2018,POINT(-46.64012865506789 -23.551213161838028),30.0,9.0,1940.0,,,
61,124.0,124,"Livro de Emplacamento. n,8 p,195",Cintia,8/10/2018,POINT(-46.64012865506789 -23.551213161838028),25.0,1.0,1912.0,29.0,9.0,1940.0
61,122.0,122,,Cintia,8/10/2018,POINT(-46.64012865506789 -23.551213161838028),7.0,7.0,1908.0,24.0,1.0,1912.0
61,120.0,120,"Livro de Emplacamento. n,8 p,117",Cintia,8/10/2018,POINT(-46.64012865506789 -23.551213161838028),5.0,7.0,1908.0,6.0,7.0,1908.0
61,770.0,770,,Cintia,8/10/2018,POINT(-46.63904008440913 -23.550236519182192),30.0,9.0,1940.0,,,
61,148.0,148,"Livro de Emplacamento. n,27 p,109",Cintia,8/10/2018,POINT(-46.63904008440913 -23.550236519182192),28.0,9.0,1940.0,29.0,9.0,1940.0
61,11.0,11,"Livro de Emplacamento. n,27 p,110",Cintia,8/10/2018,POINT(-46.6399941912876 -23.556383668531765),30.0,9.0,1940.0,,,
61,1.0,1,"Livro de Emplacamento. n,8 p,117",Cintia,8/10/2018,POINT(-46.6399941912876 -23.556383668531765),5.0,7.0,1908.0,29.0,9.0,1940.0
61,151.0,151,"Livro de Emplacamento. n,27 p,110",Cintia,8/10/2018,POINT(-46.64023640510031 -23.555143079357194),30.0,9.0,1940.0,,,
61,19.0,19,"Livro de Emplacamento. n,8 p,117",Cintia,8/10/2018,POINT(-46.64023640510031 -23.555143079357194),7.0,7.0,1908.0,29.0,9.0,1940.0
61,255.0,255,"Livro de Emplacamento. n,27 p,110",Cintia,8/10/2018,POINT(-46.6404686051696 -23.55422359706092),30.0,9.0,1940.0,,,
61,47.0,47,"Livro de Emplacamento. n,8 p,195",Cintia,8/10/2018,POINT(-46.6404686051696 -23.55422359706092),25.0,1.0,1912.0,29.0,9.0,1940.0
61,43.0,43,,Cintia,8/10/2018,POINT(-46.6404686051696 -23.55422359706092),7.0,7.0,1908.0,24.0,1.0,1912.0
61,35.0,35,"Livro de Emplacamento. n,8 p,117",Cintia,8/10/2018,POINT(-46.6404686051696 -23.55422359706092),5.0,7.0,1908.0,6.0,7.0,1908.0
61,353.0,353,"Livro de Emplacamento. n,27 p,110",Cintia,8/10/2018,POINT(-46.640671346504696 -23.553353639980863),30.0,9.0,1940.0,,,
61,73.0,73,"Livro de Emplacamento. n,8 p,195",Cintia,8/10/2018,POINT(-46.640671346504696 -23.553353639980863),25.0,1.0,1912.0,29.0,9.0,1940.0
61,53.0,53,,Cintia,8/10/2018,POINT(-46.640671346504696 -23.553353639980863),7.0,7.0,1908.0,24.0,1.0,1912.0
61,41.0,41b,"Livro de Emplacamento. n,8 p,117",Cintia,8/10/2018,POINT(-46.640671346504696 -23.553353639980863),5.0,7.0,1908.0,6.0,7.0,1908.0
61,467.0,467,"Livro de Emplacamento. n,27 p,110",Cintia,8/10/2018,POINT(-46.64059921427666 -23.55232584093187),30.0,9.0,1940.0,,,
61,105.0,105,"Livro de Emplacamento. n,8 p,195",Cintia,8/10/2018,POINT(-46.64059921427666 -23.55232584093187),25.0,1.0,1912.0,29.0,9.0,1940.0
61,555.0,555,,Cintia,8/10/2018,POINT(-46.6404602791039 -23.551555253524793),30.0,9.0,1940.0,,,
61,115.0,115,"Livro de Emplacamento. n,27 p,111",Cintia,8/10/2018,POINT(-46.6404602791039 -23.551555253524793),28.0,9.0,1940.0,29.0,9.0,1940.0
405,39.0,39,"Livro de Emplacamento. n,20 p,344",Cintia,8/10/2018,POINT(-46.64254924049271 -23.55909143616208),7.0,2.0,1936.0,,,
405,1.0,1,"Livro de Emplacamento. n,6 p,75",Cintia,8/10/2018,POINT(-46.64254924049271 -23.55909143616208),10.0,4.0,1908.0,6.0,2.0,1936.0
405,253.0,253,"Livro de Emplacamento. n,20 p,344",Cintia,8/10/2018,POINT(-46.64275270616727 -23.55719698948836),7.0,2.0,1936.0,,,
405,27.0,27,"Livro de Emplacamento. n,6 p,75",Cintia,8/10/2018,POINT(-46.64275270616727 -23.55719698948836),9.0,4.0,1908.0,6.0,2.0,1936.0
405,469.0,469,"Livro de Emplacamento. n,20 p,344",Cintia,8/10/2018,POINT(-46.6429619449671 -23.55526074394672),7.0,2.0,1936.0,,,
405,59.0,59,"Livro de Emplacamento. n,7 p,28",Cintia,8/10/2018,POINT(-46.6429619449671 -23.55526074394672),6.0,5.0,1926.0,6.0,2.0,1936.0
405,45.0,45,,Cintia,8/10/2018,POINT(-46.6429619449671 -23.55526074394672),19.0,3.0,1912.0,5.0,5.0,1926.0
405,41.0,41,"Livro de Emplacamento. n,6 p,148",Cintia,8/10/2018,POINT(-46.6429619449671 -23.55526074394672),17.0,3.0,1912.0,18.0,3.0,1912.0
405,503.0,503,"Livro de Emplacamento. n,20 p,344",Cintia,8/10/2018,POINT(-46.64299716802676 -23.55495312471483),7.0,2.0,1936.0,,,
405,73.0,73,"Livro de Emplacamento. n,7 p,28",Cintia,8/10/2018,POINT(-46.64299716802676 -23.55495312471483),6.0,5.0,1926.0,6.0,2.0,1936.0
405,51.0,51,"Livro de Emplacamento. n,6 p,148",Cintia,8/10/2018,POINT(-46.64299716802676 -23.55495312471483),19.0,3.0,1912.0,5.0,5.0,1926.0
405,45.0,45,"Livro de Emplacamento. n,6 p,75",Cintia,8/10/2018,POINT(-46.64299716802676 -23.55495312471483),9.0,4.0,1908.0,18.0,3.0,1912.0
405,553.0,553,"Livro de Emplacamento. n,20 p,344",Cintia,8/10/2018,POINT(-46.643048340687265 -23.55450550778885),7.0,2.0,1936.0,,,
405,97.0,97,"Livro de Emplacamento. n,7 p,28",Cintia,8/10/2018,POINT(-46.643048340687265 -23.55450550778885),6.0,5.0,1926.0,6.0,2.0,1936.0
405,63.0,63,"Livro de Emplacamento. n,6 p,148",Cintia,8/10/2018,POINT(-46.643048340687265 -23.55450550778885),19.0,3.0,1912.0,5.0,5.0,1926.0
405,59.0,59,"Livro de Emplacamento. n,6 p,75",Cintia,8/10/2018,POINT(-46.643048340687265 -23.55450550778885),9.0,4.0,1908.0,18.0,3.0,1912.0
405,633.0,633,"Livro de Emplacamento. n,20 p,344",Cintia,8/10/2018,POINT(-46.64312093395614 -23.553802934557364),7.0,2.0,1936.0,,,
405,123.0,123,"Livro de Emplacamento. n,7 p,28",Cintia,8/10/2018,POINT(-46.64312093395614 -23.553802934557364),6.0,5.0,1926.0,6.0,2.0,1936.0
405,83.0,83,"Livro de Emplacamento. n,6 p,148",Cintia,8/10/2018,POINT(-46.64312093395614 -23.553802934557364),19.0,3.0,1912.0,5.0,5.0,1926.0
405,79.0,79,,Cintia,8/10/2018,POINT(-46.64312093395614 -23.553802934557364),11.0,4.0,1908.0,18.0,3.0,1912.0
405,83.0,83,"Livro de Emplacamento. n,6 p,75",Cintia,8/10/2018,POINT(-46.64312093395614 -23.553802934557364),9.0,4.0,1908.0,10.0,4.0,1908.0
405,671.0,671,"Livro de Emplacamento. n,20 p,345",Cintia,8/10/2018,POINT(-46.643156354265074 -23.553460128808684),7.0,2.0,1936.0,,,
405,133.0,133,"Livro de Emplacamento. n,7 p,28",Cintia,8/10/2018,POINT(-46.643156354265074 -23.553460128808684),6.0,5.0,1926.0,6.0,2.0,1936.0
405,93.0,93,"Livro de Emplacamento. n,6 p,148",Cintia,8/10/2018,POINT(-46.643156354265074 -23.553460128808684),19.0,3.0,1912.0,5.0,5.0,1926.0
405,789.0,789,"Livro de Emplacamento. n,20 p,345",Cintia,8/10/2018,POINT(-46.64326444634127 -23.55241295345129),7.0,2.0,1936.0,,,
405,163.0,163,"Livro de Emplacamento. n,7 p,28",Cintia,8/10/2018,POINT(-46.64326444634127 -23.55241295345129),6.0,5.0,1926.0,6.0,2.0,1936.0
405,123.0,123,,Cintia,8/10/2018,POINT(-46.64326444634127 -23.55241295345129),19.0,3.0,1912.0,5.0,5.0,1926.0
405,107.0,107,"Livro de Emplacamento. n,6 p,148",Cintia,8/10/2018,POINT(-46.64326444634127 -23.55241295345129),17.0,3.0,1912.0,18.0,3.0,1912.0
405,879.0,879,"Livro de Emplacamento. n,20 p,345",Cintia,8/10/2018,POINT(-46.64334835723394 -23.551597865661602),7.0,2.0,1936.0,,,
405,189.0,189,"Livro de Emplacamento. n,7 p,28",Cintia,8/10/2018,POINT(-46.64334835723394 -23.551597865661602),6.0,5.0,1926.0,6.0,2.0,1936.0
405,153.0,153,,Cintia,8/10/2018,POINT(-46.64334835723394 -23.551597865661602),19.0,3.0,1912.0,5.0,5.0,1926.0
405,127.0,127,"Livro de Emplacamento. n,6 p,148",Cintia,8/10/2018,POINT(-46.64334835723394 -23.551597865661602),17.0,3.0,1912.0,18.0,3.0,1912.0
405,18.0,18,"Livro de Emplacamento. n,20 p,346",Cintia,8/10/2018,POINT(-46.642528056730555 -23.55928864385896),7.0,2.0,1936.0,,,
405,2.0,2,"Livro de Emplacamento. n,6 p,75",Cintia,8/10/2018,POINT(-46.642528056730555 -23.55928864385896),9.0,4.0,1908.0,6.0,2.0,1936.0
405,138.0,138,"Livro de Emplacamento. n,20 p,346",Cintia,8/10/2018,POINT(-46.64264288997517 -23.558219617520237),7.0,2.0,1936.0,,,
405,20.0,20,,Cintia,8/10/2018,POINT(-46.64264288997517 -23.558219617520237),11.0,4.0,1908.0,6.0,2.0,1936.0
405,10.0,10b,"Livro de Emplacamento. n,6 p,75",Cintia,8/10/2018,POINT(-46.64264288997517 -23.558219617520237),9.0,4.0,1908.0,10.0,4.0,1908.0
405,226.0,226,"Livro de Emplacamento. n,20 p,346",Cintia,8/10/2018,POINT(-46.64272732962733 -23.55743346291918),7.0,2.0,1936.0,,,
405,46.0,46,,Cintia,8/10/2018,POINT(-46.64272732962733 -23.55743346291918),11.0,4.0,1908.0,6.0,2.0,1936.0
405,30.0,30,"Livro de Emplacamento. n,6 p,75",Cintia,8/10/2018,POINT(-46.64272732962733 -23.55743346291918),9.0,4.0,1908.0,10.0,4.0,1908.0
405,498.0,498,"Livro de Emplacamento. n,20 p,346",Cintia,8/10/2018,POINT(-46.6429904297042 -23.555011973611585),7.0,2.0,1936.0,,,
405,98.0,98,"Livro de Emplacamento. n,6 p,148",Cintia,8/10/2018,POINT(-46.6429904297042 -23.555011973611585),19.0,3.0,1912.0,6.0,2.0,1936.0
405,80.0,80,"Livro de Emplacamento. n,6 p,75",Cintia,8/10/2018,POINT(-46.6429904297042 -23.555011973611585),11.0,4.0,1908.0,18.0,3.0,1912.0
405,590.0,590,"Livro de Emplacamento. n,20 p,347",Cintia,8/10/2018,POINT(-46.64308237747402 -23.55417609289837),7.0,2.0,1936.0,,,
405,120.0,120,"Livro de Emplacamento. n,6 p,148",Cintia,8/10/2018,POINT(-46.64308237747402 -23.55417609289837),19.0,3.0,1912.0,6.0,2.0,1936.0
405,106.0,106,,Cintia,8/10/2018,POINT(-46.64308237747402 -23.55417609289837),11.0,4.0,1908.0,18.0,3.0,1912.0
405,98.0,98,"Livro de Emplacamento. n,6 p,75",Cintia,8/10/2018,POINT(-46.64308237747402 -23.55417609289837),9.0,4.0,1908.0,10.0,4.0,1908.0
405,694.0,694,"Livro de Emplacamento. n,20 p,347",Cintia,8/10/2018,POINT(-46.643176923871565 -23.553261051511928),7.0,2.0,1936.0,,,
405,148.0,148,"Livro de Emplacamento. n,6 p,148",Cintia,8/10/2018,POINT(-46.643176923871565 -23.553261051511928),19.0,3.0,1912.0,6.0,2.0,1936.0
405,134.0,134,,Cintia,8/10/2018,POINT(-46.643176923871565 -23.553261051511928),11.0,4.0,1908.0,18.0,3.0,1912.0
405,130.0,130,"Livro de Emplacamento. n,6 p,75",Cintia,8/10/2018,POINT(-46.643176923871565 -23.553261051511928),9.0,4.0,1908.0,10.0,4.0,1908.0
405,822.0,822,"Livro de Emplacamento. n,20 p,347",Cintia,8/10/2018,POINT(-46.64329569474085 -23.55210941583934),7.0,2.0,1936.0,,,
405,178.0,178,"Livro de Emplacamento. n,6 p,148",Cintia,8/10/2018,POINT(-46.64329569474085 -23.55210941583934),19.0,3.0,1912.0,6.0,2.0,1936.0
405,158.0,158,,Cintia,8/10/2018,POINT(-46.64329569474085 -23.55210941583934),11.0,4.0,1908.0,18.0,3.0,1912.0
405,148.0,148,"Livro de Emplacamento. n,6 p,75",Cintia,8/10/2018,POINT(-46.64329569474085 -23.55210941583934),9.0,4.0,1908.0,10.0,4.0,1908.0
405,906.0,906,"Livro de Emplacamento. n,20 p,347",Cintia,8/10/2018,POINT(-46.643372528589204 -23.5513630703705),7.0,2.0,1936.0,,,
405,202.0,202,"Livro de Emplacamento. n,6 p,148",Cintia,8/10/2018,POINT(-46.643372528589204 -23.5513630703705),19.0,3.0,1912.0,6.0,2.0,1936.0
405,178.0,178,,Cintia,8/10/2018,POINT(-46.643372528589204 -23.5513630703705),11.0,4.0,1908.0,18.0,3.0,1912.0
405,164.0,164,"Livro de Emplacamento. n,6 p,75",Cintia,8/10/2018,POINT(-46.643372528589204 -23.5513630703705),9.0,4.0,1908.0,10.0,4.0,1908.0
61,30.0,30,"Livro de Emplacamento. n,27 p,350",Cintia,8/10/2018,POINT(-46.640026356413344 -23.556215758205028),30.0,11.0,1940.0,,,
61,2.0,2,"Livro de Emplacamento. n,8 p,113",Cintia,8/10/2018,POINT(-46.640026356413344 -23.556215758205028),31.0,5.0,1908.0,29.0,11.0,1940.0
61,302.0,302,"Livro de Emplacamento. n,27 p,350",Cintia,8/10/2018,POINT(-46.64057829956247 -23.553801102889935),30.0,11.0,1940.0,,,
61,76.0,76,"Livro de Emplacamento. n,14 p,90",Cintia,8/10/2018,POINT(-46.64057829956247 -23.553801102889935),2.0,8.0,1928.0,29.0,11.0,1940.0
61,70.0,70,,Cintia,8/10/2018,POINT(-46.64057829956247 -23.553801102889935),2.0,6.0,1908.0,1.0,8.0,1928.0
61,54.0,54,"Livro de Emplacamento. n,8 p,113",Cintia,8/10/2018,POINT(-46.64057829956247 -23.553801102889935),31.0,5.0,1908.0,1.0,6.0,1908.0
61,774.0,774,"Livro de Emplacamento. n,27 p,351",Cintia,8/10/2018,POINT(-46.639030050266776 -23.55020071084761),30.0,11.0,1940.0,,,
61,166.0,166,"Livro de Emplacamento. n,14 p,90",Cintia,8/10/2018,POINT(-46.639030050266776 -23.55020071084761),2.0,8.0,1928.0,29.0,11.0,1940.0
61,162.0,162,"Livro de Emplacamento. n,8 p,187",Cintia,8/10/2018,POINT(-46.639030050266776 -23.55020071084761),1.0,3.0,1912.0,1.0,8.0,1928.0
61,148.0,148,,Cintia,8/10/2018,POINT(-46.639030050266776 -23.55020071084761),2.0,6.0,1908.0,29.0,2.0,1912.0
61,116.0,116,"Livro de Emplacamento. n,8 p,113",Cintia,8/10/2018,POINT(-46.639030050266776 -23.55020071084761),31.0,5.0,1908.0,1.0,6.0,1908.0
61,948.0,948,"Livro de Emplacamento. n,27 p,352",Cintia,8/10/2018,POINT(-46.63888700641968 -23.549508997052364),30.0,11.0,1940.0,,,
61,228.0,228,"Livro de Emplacamento. n,14 p,90",Cintia,8/10/2018,POINT(-46.63888700641968 -23.549508997052364),2.0,8.0,1928.0,29.0,11.0,1940.0
61,222.0,222,"Livro de Emplacamento. n,8 p,187",Cintia,8/10/2018,POINT(-46.63888700641968 -23.549508997052364),1.0,3.0,1912.0,1.0,8.0,1928.0
61,208.0,208,,Cintia,8/10/2018,POINT(-46.63888700641968 -23.549508997052364),2.0,6.0,1908.0,29.0,2.0,1912.0
61,172.0,172,"Livro de Emplacamento. n,8 p,113",Cintia,8/10/2018,POINT(-46.63888700641968 -23.549508997052364),31.0,5.0,1908.0,1.0,6.0,1908.0
61,1218.0,1218,"Livro de Emplacamento. n,27 p,352",Cintia,8/10/2018,POINT(-46.63888700641968 -23.549508997052364),30.0,11.0,1940.0,,,
61,308.0,308,"Livro de Emplacamento. n,14 p,90",Cintia,8/10/2018,POINT(-46.63888700641968 -23.549508997052364),2.0,8.0,1928.0,29.0,11.0,1940.0
61,288.0,288,"Livro de Emplacamento. n,8 p,187",Cintia,8/10/2018,POINT(-46.63888700641968 -23.549508997052364),1.0,3.0,1912.0,1.0,8.0,1928.0
61,270.0,270,,Cintia,8/10/2018,POINT(-46.63888700641968 -23.549508997052364),2.0,6.0,1908.0,29.0,2.0,1912.0
61,234.0,234,"Livro de Emplacamento. n,8 p,113",Cintia,8/10/2018,POINT(-46.63888700641968 -23.549508997052364),31.0,5.0,1908.0,1.0,6.0,1908.0
61,1320.0,1320,"Livro de Emplacamento. n,27 p,352",Cintia,8/10/2018,POINT(-46.63888700641968 -23.549508997052364),30.0,11.0,1940.0,,,
61,328.0,328,"Livro de Emplacamento. n,14 p,90",Cintia,8/10/2018,POINT(-46.63888700641968 -23.549508997052364),2.0,8.0,1928.0,29.0,11.0,1940.0
61,330.0,330,"Livro de Emplacamento. n,8 p,187",Cintia,8/10/2018,POINT(-46.63888700641968 -23.549508997052364),1.0,3.0,1912.0,1.0,8.0,1928.0
61,312.0,312,,Cintia,8/10/2018,POINT(-46.63888700641968 -23.549508997052364),2.0,6.0,1908.0,29.0,2.0,1912.0
61,268.0,268,"Livro de Emplacamento. n,8 p,113",Cintia,8/10/2018,POINT(-46.63888700641968 -23.549508997052364),31.0,5.0,1908.0,1.0,6.0,1908.0
61,59.0,59,"Livro de Emplacamento. n,27 p,347",Cintia,8/10/2018,POINT(-46.64007563064854 -23.55595853387471),30.0,11.0,1940.0,,,
61,1.0,1,"Livro de Emplacamento. n,8 p,113",Cintia,8/10/2018,POINT(-46.64007563064854 -23.55595853387471),31.0,5.0,1908.0,29.0,11.0,1940.0
61,315.0,315,"Livro de Emplacamento. n,27 p,349",Cintia,8/10/2018,POINT(-46.6406069800756 -23.553690638268144),30.0,11.0,1940.0,,,
61,73.0,73,,Cintia,8/10/2018,POINT(-46.6406069800756 -23.553690638268144),2.0,6.0,1908.0,29.0,11.0,1940.0
61,49.0,49,"Livro de Emplacamento. n,8 p,113",Cintia,8/10/2018,POINT(-46.6406069800756 -23.553690638268144),31.0,5.0,1908.0,1.0,6.0,1908.0
61,791.0,791,"Livro de Emplacamento. n,27 p,347",Cintia,8/10/2018,POINT(-46.639005551571366 -23.550047148868906),30.0,11.0,1940.0,,,
61,135.0,135,"Livro de Emplacamento. n,14 p,91",Cintia,8/10/2018,POINT(-46.639005551571366 -23.550047148868906),2.0,8.0,1928.0,29.0,11.0,1940.0
61,137.0,137,"Livro de Emplacamento. n,8 p,186",Cintia,8/10/2018,POINT(-46.639005551571366 -23.550047148868906),1.0,3.0,1912.0,1.0,8.0,1928.0
61,131.0,131,,Cintia,8/10/2018,POINT(-46.639005551571366 -23.550047148868906),2.0,6.0,1908.0,29.0,2.0,1912.0
61,91.0,91,"Livro de Emplacamento. n,8 p,113",Cintia,8/10/2018,POINT(-46.639005551571366 -23.550047148868906),31.0,5.0,1908.0,1.0,6.0,1908.0
61,1175.0,1175,"Livro de Emplacamento. n,27 p,349",Cintia,8/10/2018,POINT(-46.63888700641968 -23.549508997052364),30.0,11.0,1940.0,,,
61,207.0,207,"Livro de Emplacamento. n,14 p,91",Cintia,8/10/2018,POINT(-46.63888700641968 -23.549508997052364),2.0,8.0,1928.0,29.0,11.0,1940.0
61,209.0,209,"Livro de Emplacamento. n,8 p,186",Cintia,8/10/2018,POINT(-46.63888700641968 -23.549508997052364),1.0,3.0,1912.0,1.0,8.0,1928.0
61,201.0,201,,Cintia,8/10/2018,POINT(-46.63888700641968 -23.549508997052364),2.0,6.0,1908.0,29.0,2.0,1912.0
61,137.0,137,"Livro de Emplacamento. n,8 p,113",Cintia,8/10/2018,POINT(-46.63888700641968 -23.549508997052364),31.0,5.0,1908.0,1.0,6.0,1908.0
61,1295.0,1295,"Livro de Emplacamento. n,27 p,349",Cintia,8/10/2018,POINT(-46.63888700641968 -23.549508997052364),30.0,11.0,1940.0,,,
61,227.0,227,"Livro de Emplacamento. n,14 p,91",Cintia,8/10/2018,POINT(-46.63888700641968 -23.549508997052364),2.0,8.0,1928.0,29.0,11.0,1940.0
61,235.0,235,"Livro de Emplacamento. n,8 p,186",Cintia,8/10/2018,POINT(-46.63888700641968 -23.549508997052364),1.0,3.0,1912.0,1.0,8.0,1928.0
61,227.0,227,,Cintia,8/10/2018,POINT(-46.63888700641968 -23.549508997052364),2.0,6.0,1908.0,29.0,2.0,1912.0
61,151.0,151,"Livro de Emplacamento. n,8 p,113",Cintia,8/10/2018,POINT(-46.63888700641968 -23.549508997052364),31.0,5.0,1908.0,1.0,6.0,1908.0
61,1467.0,1467,"Livro de Emplacamento. n,27 p,349",Cintia,8/10/2018,POINT(-46.63888700641968 -23.549508997052364),30.0,11.0,1940.0,,,
61,253.0,253,,Cintia,8/10/2018,POINT(-46.63888700641968 -23.549508997052364),2.0,8.0,1928.0,29.0,11.0,1940.0
61,263.0,263,"Livro de Emplacamento. n,14 p,92",Cintia,8/10/2018,POINT(-46.63888700641968 -23.549508997052364),31.0,7.0,1928.0,1.0,8.0,1928.0
506,48.0,48,Livro de emplacamento ,Cintia,8/10/2018,POINT(-46.64691712073472 -23.55349236859911),9.0,4.0,1938.0,,,
506,2.0,2,Livro de emplacamento ,Cintia,8/10/2018,POINT(-46.64691712073472 -23.55349236859911),14.0,4.0,1908.0,8.0,4.0,1938.0
506,4.0,4,Livro de emplacamento ,Cintia,8/10/2018,POINT(-46.64691712073472 -23.55349236859911),12.0,4.0,1908.0,13.0,4.0,1908.0
506,242.0,242,Livro de emplacamento ,Cintia,8/10/2018,POINT(-46.64672031674742 -23.555231559268876),9.0,4.0,1938.0,,,
506,64.0,64,Livro de emplacamento ,Cintia,8/10/2018,POINT(-46.64672031674742 -23.555231559268876),22.0,6.0,1927.0,8.0,4.0,1938.0
506,54.0,54,Livro de emplacamento ,Cintia,8/10/2018,POINT(-46.64672031674742 -23.555231559268876),14.0,4.0,1908.0,21.0,6.0,1927.0
506,466.0,466,Livro de emplacamento ,Cintia,8/10/2018,POINT(-46.64654393771925 -23.557239375198314),9.0,4.0,1938.0,,,
506,122.0,122,Livro de emplacamento ,Cintia,8/10/2018,POINT(-46.64654393771925 -23.557239375198314),22.0,6.0,1927.0,8.0,4.0,1938.0
506,100.0,100,Livro de emplacamento ,Cintia,8/10/2018,POINT(-46.64654393771925 -23.557239375198314),7.0,12.0,1921.0,21.0,6.0,1927.0
506,86.0,86,Livro de emplacamento ,Cintia,8/10/2018,POINT(-46.64654393771925 -23.557239375198314),4.0,4.0,1911.0,6.0,12.0,1921.0
506,1096.0,1096,Livro de emplacamento ,Cintia,8/10/2018,POINT(-46.64595398137483 -23.562879674818266),9.0,4.0,1938.0,,,
506,266.0,266,Livro de emplacamento ,Cintia,8/10/2018,POINT(-46.64595398137483 -23.562879674818266),22.0,6.0,1927.0,8.0,4.0,1938.0
506,248.0,248,Livro de emplacamento ,Cintia,8/10/2018,POINT(-46.64595398137483 -23.562879674818266),7.0,12.0,1921.0,21.0,6.0,1927.0
506,168.0,168,Livro de emplacamento ,Cintia,8/10/2018,POINT(-46.64595398137483 -23.562879674818266),2.0,4.0,1911.0,6.0,12.0,1921.0
506,1540.0,1540,Livro de emplacamento ,Cintia,8/10/2018,POINT(-46.64457865420718 -23.566596857399784),9.0,4.0,1938.0,,,
506,308.0,308,Livro de emplacamento ,Cintia,8/10/2018,POINT(-46.64457865420718 -23.566596857399784),22.0,6.0,1927.0,8.0,4.0,1938.0
506,290.0,290,Livro de emplacamento ,Cintia,8/10/2018,POINT(-46.64457865420718 -23.566596857399784),7.0,12.0,1921.0,21.0,6.0,1927.0
506,268.0,268,Livro de emplacamento ,Cintia,8/10/2018,POINT(-46.64457865420718 -23.566596857399784),4.0,4.0,1911.0,6.0,12.0,1921.0
506,1854.0,1854,Livro de emplacamento ,Cintia,8/10/2018,POINT(-46.64398043885714 -23.569342119110544),9.0,4.0,1938.0,,,
506,328.0,328,Livro de emplacamento ,Cintia,8/10/2018,POINT(-46.64398043885714 -23.569342119110544),22.0,6.0,1927.0,8.0,4.0,1938.0
506,318.0,318,Livro de emplacamento ,Cintia,8/10/2018,POINT(-46.64398043885714 -23.569342119110544),6.0,12.0,1921.0,21.0,6.0,1927.0
506,302.0,302,Livro de emplacamento ,Cintia,8/10/2018,POINT(-46.64398043885714 -23.569342119110544),4.0,4.0,1911.0,6.0,12.0,1921.0
506,116.0,116,Livro de emplacamento ,Cintia,8/10/2018,POINT(-46.64398043885714 -23.569342119110544),2.0,4.0,1911.0,3.0,4.0,1911.0
506,66.0,66,Livro de emplacamento ,Cintia,8/10/2018,POINT(-46.64689951461966 -23.553647956864683),9.0,4.0,1938.0,,,
506,11.0,11,Livro de emplacamento ,Cintia,8/10/2018,POINT(-46.64689951461966 -23.553647956864683),22.0,6.0,1927.0,8.0,4.0,1938.0
506,9.0,9,Livro de emplacamento ,Cintia,8/10/2018,POINT(-46.64689951461966 -23.553647956864683),12.0,4.0,1908.0,21.0,6.0,1927.0
506,579.0,579,Livro de emplacamento ,Cintia,8/10/2018,POINT(-46.64645045118904 -23.558248913487102),9.0,4.0,1938.0,,,
506,149.0,149,Livro de emplacamento ,Cintia,8/10/2018,POINT(-46.64645045118904 -23.558248913487102),22.0,6.0,1927.0,8.0,4.0,1938.0
506,125.0,125,Livro de emplacamento ,Cintia,8/10/2018,POINT(-46.64645045118904 -23.558248913487102),7.0,12.0,1921.0,21.0,6.0,1927.0
506,115.0,115,Livro de emplacamento ,Cintia,8/10/2018,POINT(-46.64645045118904 -23.558248913487102),4.0,4.0,1911.0,6.0,12.0,1921.0
506,79.0,79,Livro de emplacamento ,Cintia,8/10/2018,POINT(-46.64645045118904 -23.558248913487102),13.0,4.0,1908.0,3.0,4.0,1911.0
506,55.0,55,Livro de emplacamento ,Cintia,8/10/2018,POINT(-46.64645045118904 -23.558248913487102),12.0,4.0,1908.0,13.0,4.0,1908.0
506,817.0,817,Livro de emplacamento ,Cintia,8/10/2018,POINT(-46.64619794043602 -23.560376555114928),9.0,4.0,1938.0,,,
506,217.0,217,Livro de emplacamento ,Cintia,8/10/2018,POINT(-46.64619794043602 -23.560376555114928),22.0,6.0,1927.0,8.0,4.0,1938.0
506,185.0,185,Livro de emplacamento ,Cintia,8/10/2018,POINT(-46.64619794043602 -23.560376555114928),7.0,12.0,1921.0,21.0,6.0,1927.0
506,175.0,175,Livro de emplacamento ,Cintia,8/10/2018,POINT(-46.64619794043602 -23.560376555114928),4.0,4.0,1911.0,6.0,12.0,1921.0
506,119.0,119,Livro de emplacamento ,Cintia,8/10/2018,POINT(-46.64619794043602 -23.560376555114928),13.0,4.0,1908.0,3.0,4.0,1911.0
506,103.0,103,Livro de emplacamento ,Cintia,8/10/2018,POINT(-46.64619794043602 -23.560376555114928),12.0,4.0,1908.0,13.0,4.0,1908.0
506,1029.0,1029,Livro de emplacamento ,Cintia,8/10/2018,POINT(-46.64602401090526 -23.562285296844696),9.0,4.0,1938.0,,,
506,283.0,283,Livro de emplacamento ,Cintia,8/10/2018,POINT(-46.64602401090526 -23.562285296844696),22.0,6.0,1927.0,8.0,4.0,1938.0
506,251.0,251,Livro de emplacamento ,Cintia,8/10/2018,POINT(-46.64602401090526 -23.562285296844696),7.0,12.0,1921.0,21.0,6.0,1927.0
506,253.0,253,Livro de emplacamento ,Cintia,8/10/2018,POINT(-46.64602401090526 -23.562285296844696),4.0,4.0,1911.0,6.0,12.0,1921.0
506,157.0,157,Livro de emplacamento ,Cintia,8/10/2018,POINT(-46.64602401090526 -23.562285296844696),13.0,4.0,1908.0,3.0,4.0,1911.0
506,129.0,129,Livro de emplacamento ,Cintia,8/10/2018,POINT(-46.64602401090526 -23.562285296844696),12.0,4.0,1908.0,13.0,4.0,1908.0
506,1685.0,1685,Livro de emplacamento ,Cintia,8/10/2018,POINT(-46.64414660369812 -23.567838582036824),9.0,4.0,1938.0,,,
506,355.0,355,Livro de emplacamento ,Cintia,8/10/2018,POINT(-46.64414660369812 -23.567838582036824),22.0,6.0,1927.0,8.0,4.0,1938.0
506,313.0,313,Livro de emplacamento ,Cintia,8/10/2018,POINT(-46.64414660369812 -23.567838582036824),6.0,12.0,1921.0,21.0,6.0,1927.0
506,307.0,307,Livro de emplacamento ,Cintia,8/10/2018,POINT(-46.64414660369812 -23.567838582036824),4.0,4.0,1911.0,6.0,12.0,1921.0
506,107.0,107,Livro de emplacamento ,Cintia,8/10/2018,POINT(-46.64414660369812 -23.567838582036824),2.0,4.0,1911.0,3.0,4.0,1911.0
506,1989.0,1989,Livro de emplacamento ,Cintia,8/10/2018,POINT(-46.643891368468275 -23.57054464444043),9.0,4.0,1938.0,,,
506,379.0,379,Livro de emplacamento ,Cintia,8/10/2018,POINT(-46.643891368468275 -23.57054464444043),22.0,6.0,1927.0,8.0,4.0,1938.0
506,331.0,331,Livro de emplacamento ,Cintia,8/10/2018,POINT(-46.643891368468275 -23.57054464444043),6.0,12.0,1921.0,21.0,6.0,1927.0
506,325.0,325,Livro de emplacamento ,Cintia,8/10/2018,POINT(-46.643891368468275 -23.57054464444043),4.0,4.0,1911.0,6.0,12.0,1921.0
506,93.0,93,Livro de emplacamento ,Cintia,8/10/2018,POINT(-46.643891368468275 -23.57054464444043),2.0,4.0,1911.0,3.0,4.0,1911.0
111,91.0,91,Livro de emplacamento ,Cintia,8/10/2018,POINT(-46.64490804865857 -23.552558756756895),22.0,1.0,1936.0,,,
111,15.0,15,Livro de emplacamento ,Cintia,8/10/2018,POINT(-46.64490804865857 -23.552558756756895),15.0,10.0,1930.0,21.0,1.0,1936.0
111,19.0,19,Livro de emplacamento ,Cintia,8/10/2018,POINT(-46.64490804865857 -23.552558756756895),7.0,3.0,1912.0,14.0,10.0,1930.0
111,11.0,11,Livro de emplacamento ,Cintia,8/10/2018,POINT(-46.64490804865857 -23.552558756756895),25.0,6.0,1908.0,6.0,3.0,1912.0
111,447.0,447,Livro de emplacamento ,Cintia,8/10/2018,POINT(-46.64455907507222 -23.55573927870669),22.0,1.0,1936.0,,,
111,105.0,105,Livro de emplacamento ,Cintia,8/10/2018,POINT(-46.64455907507222 -23.55573927870669),15.0,10.0,1930.0,21.0,1.0,1936.0
111,103.0,103,Livro de emplacamento ,Cintia,8/10/2018,POINT(-46.64455907507222 -23.55573927870669),7.0,3.0,1912.0,14.0,10.0,1930.0
111,89.0,89,Livro de emplacamento ,Cintia,8/10/2018,POINT(-46.64455907507222 -23.55573927870669),25.0,6.0,1908.0,6.0,3.0,1912.0
111,79.0,79,Livro de emplacamento ,Cintia,8/10/2018,POINT(-46.64455907507222 -23.55573927870669),23.0,6.0,1908.0,24.0,6.0,1908.0
111,703.0,703,Livro de emplacamento ,Cintia,8/10/2018,POINT(-46.644330393068635 -23.558023735621546),22.0,1.0,1936.0,,,
111,169.0,169,Livro de emplacamento ,Cintia,8/10/2018,POINT(-46.644330393068635 -23.558023735621546),15.0,10.0,1930.0,21.0,1.0,1936.0
111,179.0,179,Livro de emplacamento ,Cintia,8/10/2018,POINT(-46.644330393068635 -23.558023735621546),7.0,3.0,1912.0,14.0,10.0,1930.0
111,157.0,157,Livro de emplacamento ,Cintia,8/10/2018,POINT(-46.644330393068635 -23.558023735621546),25.0,6.0,1908.0,6.0,3.0,1912.0
111,145.0,145,Livro de emplacamento ,Cintia,8/10/2018,POINT(-46.644330393068635 -23.558023735621546),23.0,6.0,1908.0,24.0,6.0,1908.0
111,821.0,821,Livro de emplacamento ,Cintia,8/10/2018,POINT(-46.644211911123335 -23.559068959753134),22.0,1.0,1936.0,,,
111,203.0,203,Livro de emplacamento ,Cintia,8/10/2018,POINT(-46.644211911123335 -23.559068959753134),15.0,10.0,1930.0,21.0,1.0,1936.0
111,215.0,215,Livro de emplacamento ,Cintia,8/10/2018,POINT(-46.644211911123335 -23.559068959753134),7.0,3.0,1912.0,14.0,10.0,1930.0
111,185.0,185,Livro de emplacamento ,Cintia,8/10/2018,POINT(-46.644211911123335 -23.559068959753134),25.0,6.0,1908.0,6.0,3.0,1912.0
111,175.0,175,Livro de emplacamento ,Cintia,8/10/2018,POINT(-46.644211911123335 -23.559068959753134),23.0,6.0,1908.0,24.0,6.0,1908.0
111,957.0,957,Livro de emplacamento ,Cintia,8/10/2018,POINT(-46.64407749166238 -23.56027496445884),22.0,1.0,1936.0,,,
111,233.0,233,Livro de emplacamento ,Cintia,8/10/2018,POINT(-46.64407749166238 -23.56027496445884),15.0,10.0,1930.0,21.0,1.0,1936.0
111,255.0,255,Livro de emplacamento ,Cintia,8/10/2018,POINT(-46.64407749166238 -23.56027496445884),7.0,3.0,1912.0,14.0,10.0,1930.0
111,221.0,221,Livro de emplacamento ,Cintia,8/10/2018,POINT(-46.64407749166238 -23.56027496445884),25.0,6.0,1908.0,6.0,3.0,1912.0
111,46.0,46,Livro de emplacamento ,Cintia,8/10/2018,POINT(-46.64494234501241 -23.55216203599619),22.0,1.0,1936.0,,,
111,6.0,6,Livro de emplacamento ,Cintia,8/10/2018,POINT(-46.64494234501241 -23.55216203599619),23.0,6.0,1908.0,21.0,1.0,1936.0
111,292.0,292,Livro de emplacamento ,Raony,8/10/2018,POINT(-46.64473407587236 -23.55435215542938),22.0,1.0,1936.0,,,
111,74.0,74,Livro de emplacamento ,Raony,8/10/2018,POINT(-46.64473407587236 -23.55435215542938),15.0,10.0,1930.0,21.0,1.0,1936.0
111,72.0,72,Livro de emplacamento ,Raony,8/10/2018,POINT(-46.64473407587236 -23.55435215542938),25.0,6.0,1908.0,14.0,10.0,1930.0
111,70.0,70,Livro de emplacamento ,Raony,8/10/2018,POINT(-46.64473407587236 -23.55435215542938),23.0,6.0,1908.0,24.0,6.0,1908.0
111,584.0,584,Livro de emplacamento ,Raony,8/10/2018,POINT(-46.64443982841232 -23.556959506801697),22.0,1.0,1936.0,,,
111,148.0,148,Livro de emplacamento ,Raony,8/10/2018,POINT(-46.64443982841232 -23.556959506801697),7.0,3.0,1912.0,21.0,1.0,1936.0
111,140.0,140,Livro de emplacamento ,Raony,8/10/2018,POINT(-46.64443982841232 -23.556959506801697),25.0,6.0,1908.0,6.0,3.0,1912.0
111,126.0,126,Livro de emplacamento ,Raony,8/10/2018,POINT(-46.64443982841232 -23.556959506801697),23.0,6.0,1908.0,24.0,6.0,1908.0
111,788.0,788,Livro de emplacamento ,Raony,8/10/2018,POINT(-46.644244261142525 -23.558783574324714),22.0,1.0,1936.0,,,
111,200.0,200,Livro de emplacamento ,Raony,8/10/2018,POINT(-46.644244261142525 -23.558783574324714),15.0,10.0,1930.0,21.0,1.0,1936.0
111,202.0,202,Livro de emplacamento ,Raony,8/10/2018,POINT(-46.644244261142525 -23.558783574324714),7.0,3.0,1912.0,14.0,10.0,1930.0
111,190.0,190,Livro de emplacamento ,Raony,8/10/2018,POINT(-46.644244261142525 -23.558783574324714),25.0,6.0,1908.0,6.0,3.0,1912.0
111,174.0,174,Livro de emplacamento ,Raony,8/10/2018,POINT(-46.644244261142525 -23.558783574324714),23.0,6.0,1908.0,24.0,6.0,1908.0
111,1024.0,1024,Livro de emplacamento ,Raony,8/10/2018,POINT(-46.64401112051924 -23.560883478507517),22.0,1.0,1936.0,,,
111,270.0,270,Livro de emplacamento ,Raony,8/10/2018,POINT(-46.64401112051924 -23.560883478507517),15.0,10.0,1930.0,21.0,1.0,1936.0
111,276.0,276,Livro de emplacamento ,Raony,8/10/2018,POINT(-46.64401112051924 -23.560883478507517),7.0,3.0,1912.0,14.0,10.0,1930.0
111,260.0,260,Livro de emplacamento ,Raony,8/10/2018,POINT(-46.64401112051924 -23.560883478507517),25.0,6.0,1908.0,6.0,3.0,1912.0
111,220.0,220,Livro de emplacamento ,Raony,8/10/2018,POINT(-46.64401112051924 -23.560883478507517),23.0,6.0,1908.0,24.0,6.0,1908.0
2020,60.0,60,Livro de emplacamento ,Raony,8/10/2018,POINT(-46.641907344783355 -23.572519407174696),22.0,1.0,1936.0,,,
2020,4.0,4,Livro de emplacamento ,Raony,8/10/2018,POINT(-46.641907344783355 -23.572519407174696),10.0,8.0,1928.0,21.0,1.0,1936.0
2020,252.0,252,Livro de emplacamento ,Raony,8/10/2018,POINT(-46.64202245650129 -23.570808409373875),22.0,1.0,1936.0,,,
2020,24.0,24,Livro de emplacamento ,Raony,8/10/2018,POINT(-46.64202245650129 -23.570808409373875),3.0,11.0,1923.0,21.0,1.0,1936.0
2020,4.0,4,Livro de emplacamento ,Raony,8/10/2018,POINT(-46.64202245650129 -23.570808409373875),1.0,11.0,1923.0,2.0,11.0,1923.0
2020,652.0,652,Livro de emplacamento ,Raony,8/10/2018,POINT(-46.642180012100475 -23.56720704438552),22.0,1.0,1936.0,,,
2020,84.0,84,Livro de emplacamento ,Raony,8/10/2018,POINT(-46.642180012100475 -23.56720704438552),10.0,8.0,1928.0,21.0,1.0,1936.0
2020,74.0,74,Livro de emplacamento ,Raony,8/10/2018,POINT(-46.642180012100475 -23.56720704438552),8.0,8.0,1928.0,9.0,8.0,1928.0
2020,1124.0,1124,Livro de emplacamento ,Raony,8/10/2018,POINT(-46.64064203096375 -23.562310586000898),22.0,1.0,1936.0,,,
2020,160.0,160,Livro de emplacamento ,Raony,8/10/2018,POINT(-46.64064203096375 -23.562310586000898),3.0,11.0,1923.0,21.0,1.0,1936.0
2020,1310.0,1310,Livro de emplacamento ,Raony,8/10/2018,POINT(-46.640429558379125 -23.561567843039175),22.0,1.0,1936.0,,,
2020,186.0,186,Livro de emplacamento ,Raony,8/10/2018,POINT(-46.640429558379125 -23.561567843039175),3.0,11.0,1923.0,21.0,1.0,1936.0
2020,170.0,170,Livro de emplacamento ,Raony,8/10/2018,POINT(-46.640429558379125 -23.561567843039175),1.0,11.0,1923.0,2.0,11.0,1923.0
2020,217.0,217,Livro de emplacamento ,Raony,8/10/2018,POINT(-46.64200262120354 -23.571104809790757),22.0,1.0,1936.0,,,
2020,9.0,9,Livro de emplacamento ,Raony,8/10/2018,POINT(-46.64200262120354 -23.571104809790757),10.0,8.0,1928.0,21.0,1.0,1936.0
2020,1.0,1,Livro de emplacamento ,Raony,8/10/2018,POINT(-46.64200262120354 -23.571104809790757),8.0,8.0,1928.0,9.0,8.0,1928.0
2020,393.0,393,Livro de emplacamento ,Raony,8/10/2018,POINT(-46.642109624850505 -23.569528602698142),22.0,1.0,1936.0,,,
2020,51.0,51,Livro de emplacamento ,Raony,8/10/2018,POINT(-46.642109624850505 -23.569528602698142),10.0,8.0,1928.0,21.0,1.0,1936.0
2020,39.0,39,Livro de emplacamento ,Raony,8/10/2018,POINT(-46.642109624850505 -23.569528602698142),8.0,8.0,1928.0,9.0,8.0,1928.0
2020,769.0,769,Livro de emplacamento ,Raony,8/10/2018,POINT(-46.64189951644475 -23.566195806779938),22.0,1.0,1936.0,,,
2020,109.0,109,Livro de emplacamento ,Raony,8/10/2018,POINT(-46.64189951644475 -23.566195806779938),10.0,8.0,1928.0,21.0,1.0,1936.0
2020,97.0,97,Livro de emplacamento ,Raony,8/10/2018,POINT(-46.64189951644475 -23.566195806779938),8.0,8.0,1928.0,9.0,8.0,1928.0
2020,1041.0,1041,Livro de emplacamento ,Raony,8/10/2018,POINT(-46.6410837536788 -23.563888260616476),22.0,1.0,1936.0,,,
2020,157.0,157,Livro de emplacamento ,Raony,8/10/2018,POINT(-46.6410837536788 -23.563888260616476),10.0,8.0,1928.0,21.0,1.0,1936.0
2020,121.0,121,Livro de emplacamento ,Raony,8/10/2018,POINT(-46.6410837536788 -23.563888260616476),2.0,2.0,1926.0,9.0,8.0,1928.0
2020,115.0,115,Livro de emplacamento ,Raony,8/10/2018,POINT(-46.6410837536788 -23.563888260616476),1.0,2.0,1926.0,1.0,2.0,1926.0
2020,1293.0,1293,Livro de emplacamento ,Raony,8/10/2018,POINT(-46.640471446835356 -23.561714273017877),22.0,1.0,1936.0,,,
2020,191.0,191,Livro de emplacamento ,Raony,8/10/2018,POINT(-46.640471446835356 -23.561714273017877),10.0,8.0,1928.0,21.0,1.0,1936.0
2020,163.0,163,Livro de emplacamento ,Raony,8/10/2018,POINT(-46.640471446835356 -23.561714273017877),8.0,8.0,1928.0,9.0,8.0,1928.0
2021,60.0,60,Livro de emplacamento ,Raony,8/10/2018,POINT(-46.643442162014146 -23.567876636539452),20.0,4.0,1936.0,,,
2021,2.0,2,Livro de emplacamento ,Raony,8/10/2018,POINT(-46.643442162014146 -23.567876636539452),26.0,11.0,1908.0,19.0,4.0,1936.0
2021,438.0,438,Livro de emplacamento ,Raony,8/10/2018,POINT(-46.64250324472037 -23.564615658278143),20.0,4.0,1936.0,,,
2021,52.0,52,Livro de emplacamento ,Raony,8/10/2018,POINT(-46.64250324472037 -23.564615658278143),10.0,9.0,1917.0,19.0,4.0,1936.0
2021,44.0,44,Livro de emplacamento ,Raony,8/10/2018,POINT(-46.64250324472037 -23.564615658278143),26.0,11.0,1908.0,9.0,9.0,1917.0
2021,2.0,2,Livro de emplacamento ,Raony,8/10/2018,POINT(-46.64250324472037 -23.564615658278143),24.0,11.0,1908.0,25.0,11.0,1908.0
2021,528.0,528,Livro de emplacamento ,Raony,8/10/2018,POINT(-46.64227360362129 -23.563819608540776),20.0,4.0,1936.0,,,
2021,62.0,62,Livro de emplacamento ,Raony,8/10/2018,POINT(-46.64227360362129 -23.563819608540776),10.0,9.0,1917.0,19.0,4.0,1936.0
2021,58.0,58,Livro de emplacamento ,Raony,8/10/2018,POINT(-46.64227360362129 -23.563819608540776),26.0,11.0,1908.0,9.0,9.0,1917.0
2021,16.0,16,Livro de emplacamento ,Raony,8/10/2018,POINT(-46.64227360362129 -23.563819608540776),24.0,11.0,1908.0,25.0,11.0,1908.0
2021,1032.0,1032,Livro de emplacamento ,Raony,8/10/2018,POINT(-46.64098445772229 -23.55946701307197),20.0,4.0,1936.0,,,
2021,94.0,94,Livro de emplacamento ,Raony,8/10/2018,POINT(-46.64098445772229 -23.55946701307197),10.0,9.0,1917.0,19.0,4.0,1936.0
2021,92.0,92,Livro de emplacamento ,Raony,8/10/2018,POINT(-46.64098445772229 -23.55946701307197),8.0,9.0,1917.0,9.0,9.0,1917.0
2021,59.0,59,Livro de emplacamento ,Raony,8/10/2018,POINT(-46.64344560036504 -23.567888794955227),20.0,4.0,1936.0,,,
2021,5.0,5,Livro de emplacamento ,Raony,8/10/2018,POINT(-46.64344560036504 -23.567888794955227),26.0,11.0,1908.0,19.0,4.0,1936.0
2021,1.0,1,Livro de emplacamento ,Raony,8/10/2018,POINT(-46.64344560036504 -23.567888794955227),24.0,11.0,1908.0,25.0,11.0,1908.0
2021,429.0,429,Livro de emplacamento ,Raony,8/10/2018,POINT(-46.6425240074777 -23.564687632274005),20.0,4.0,1936.0,,,
2021,63.0,63,Livro de emplacamento ,Raony,8/10/2018,POINT(-46.6425240074777 -23.564687632274005),10.0,9.0,1917.0,19.0,4.0,1936.0
2021,37.0,37,Livro de emplacamento ,Raony,8/10/2018,POINT(-46.6425240074777 -23.564687632274005),26.0,11.0,1908.0,9.0,9.0,1917.0
2021,1.0,1,Livro de emplacamento ,Raony,8/10/2018,POINT(-46.6425240074777 -23.564687632274005),24.0,11.0,1908.0,25.0,11.0,1908.0
2021,689.0,689,Livro de emplacamento ,Raony,8/10/2018,POINT(-46.64186737899688 -23.56243484480104),20.0,4.0,1936.0,,,
2021,85.0,85,Livro de emplacamento ,Raony,8/10/2018,POINT(-46.64186737899688 -23.56243484480104),10.0,9.0,1917.0,19.0,4.0,1936.0
2021,71.0,71,Livro de emplacamento ,Raony,8/10/2018,POINT(-46.64186737899688 -23.56243484480104),8.0,9.0,1917.0,9.0,9.0,1917.0
2021,1009.0,1009,Livro de emplacamento ,Raony,8/10/2018,POINT(-46.64104202477332 -23.559669266516263),20.0,4.0,1936.0,,,
2021,103.0,103,Livro de emplacamento ,Raony,8/10/2018,POINT(-46.64104202477332 -23.559669266516263),18.0,4.0,1936.0,19.0,4.0,1936.0
